contractSymbol,lastTradeDate,strike,lastPrice,bid,ask,change,percentChange,volume,openInterest,impliedVolatility,inTheMoney,contractSize,currency,ticker,expiry,days_to_expiry,spot_price,moneyness,date_collected,day_of_week,month,volume_oi_ratio,bid_ask_spread,mid_price,last_mid_diff,delta,gamma,theta,vega
SPY250630C00345000,2025-06-03 19:58:00+00:00,345.0,252.03,268.41,270.54,0.0,0.0,12.0,0,3.583985415039063,True,REGULAR,USD,SPY,2025-06-30,0,614.9099731445312,0.5610577402668173,2025-06-29 12:49:52.353214,6,6,12.0,2.1299999999999955,269.475,-17.44500000000002,0.0,0.0,0.0,0.0
SPY250630C00350000,2025-06-27 19:45:05+00:00,350.0,263.21,263.41,265.55,12.999985,5.1956296,5.0,0,3.5107434106445314,True,REGULAR,USD,SPY,2025-06-30,0,614.9099731445312,0.5691890118648871,2025-06-29 12:49:52.353214,6,6,5.0,2.1399999999999864,264.48,-1.2700000000000387,0.0,0.0,0.0,0.0
SPY250630C00375000,2025-06-26 15:09:29+00:00,375.0,235.73,238.42,240.55,0.0,0.0,1.0,0,3.123049067382812,True,REGULAR,USD,SPY,2025-06-30,0,614.9099731445312,0.6098453698552362,2025-06-29 12:49:52.353214,6,6,1.0,2.130000000000024,239.485,-3.755000000000024,0.0,0.0,0.0,0.0
SPY250630C00380000,2025-05-23 15:41:23+00:00,380.0,200.19,214.11,216.1,0.0,0.0,20.0,0,1.0000000000000004e-05,True,REGULAR,USD,SPY,2025-06-30,0,614.9099731445312,0.617976641453306,2025-06-29 12:49:52.353214,6,6,20.0,1.9899999999999807,215.10500000000002,-14.91500000000002,0.0,0.0,0.0,0.0
SPY250630C00385000,2025-06-24 19:51:02+00:00,385.0,220.98,228.42,230.55,0.0,0.0,1.0,1,2.9746119384765626,True,REGULAR,USD,SPY,2025-06-30,0,614.9099731445312,0.6261079130513758,2025-06-29 12:49:52.353214,6,6,0.5,2.130000000000024,229.485,-8.505000000000024,0.0,0.0,0.0,0.0
SPY250630C00390000,2025-06-12 13:44:52+00:00,390.0,210.9,223.42,225.55,0.0,0.0,2.0,0,2.9003933740234373,True,REGULAR,USD,SPY,2025-06-30,0,614.9099731445312,0.6342391846494456,2025-06-29 12:49:52.353214,6,6,2.0,2.130000000000024,224.485,-13.585000000000008,0.0,0.0,0.0,0.0
SPY250630C00395000,2025-06-12 13:44:52+00:00,395.0,205.9,218.42,220.55,0.0,0.0,1.0,1,2.8281279296875,True,REGULAR,USD,SPY,2025-06-30,0,614.9099731445312,0.6423704562475154,2025-06-29 12:49:52.353214,6,6,0.5,2.130000000000024,219.485,-13.585000000000008,0.0,0.0,0.0,0.0
SPY250630C00400000,2025-06-26 18:49:08+00:00,400.0,211.3,213.42,215.55,0.0,0.0,18.0,15,2.75781560546875,True,REGULAR,USD,SPY,2025-06-30,0,614.9099731445312,0.6505017278455852,2025-06-29 12:49:52.353214,6,6,1.125,2.130000000000024,214.485,-3.1850000000000023,0.0,0.0,0.0,0.0
SPY250630C00405000,2025-06-10 17:13:04+00:00,405.0,197.79,208.42,210.55,0.0,0.0,4.0,5,2.686526721191407,True,REGULAR,USD,SPY,2025-06-30,0,614.9099731445312,0.658632999443655,2025-06-29 12:49:52.353214,6,6,0.6666666666666666,2.130000000000024,209.485,-11.695000000000022,0.0,0.0,0.0,0.0
SPY250630C00410000,2025-06-10 19:09:52+00:00,410.0,193.4,203.42,205.55,0.0,0.0,6.0,1,2.61719095703125,True,REGULAR,USD,SPY,2025-06-30,0,614.9099731445312,0.6667642710417249,2025-06-29 12:49:52.353214,6,6,3.0,2.130000000000024,204.485,-11.085000000000008,0.0,0.0,0.0,0.0
SPY250630C00415000,2025-06-10 16:24:37+00:00,415.0,187.04,198.42,200.55,0.0,0.0,2.0,0,2.547855192871093,True,REGULAR,USD,SPY,2025-06-30,0,614.9099731445312,0.6748955426397947,2025-06-29 12:49:52.353214,6,6,2.0,2.130000000000024,199.485,-12.445000000000022,0.0,0.0,0.0,0.0
SPY250630C00420000,2025-05-15 19:21:59+00:00,420.0,171.5,176.95,178.11,0.0,0.0,2.0,105,1.0000000000000004e-05,True,REGULAR,USD,SPY,2025-06-30,0,614.9099731445312,0.6830268142378645,2025-06-29 12:49:52.353214,6,6,0.018867924528301886,1.160000000000025,177.53,-6.030000000000001,0.0,0.0,0.0,0.0
SPY250630C00425000,2025-06-27 13:56:46+00:00,425.0,189.46,188.42,190.55,12.170013,6.864467,1.0,1,2.4111367846679688,True,REGULAR,USD,SPY,2025-06-30,0,614.9099731445312,0.6911580858359343,2025-06-29 12:49:52.353214,6,6,0.5,2.130000000000024,189.485,-0.025000000000005684,0.0,0.0,0.0,0.0
SPY250630C00430000,2025-06-10 16:34:18+00:00,430.0,172.31,183.42,185.55,0.0,0.0,2.0,2,2.343754140625,True,REGULAR,USD,SPY,2025-06-30,0,614.9099731445312,0.6992893574340041,2025-06-29 12:49:52.353214,6,6,0.6666666666666666,2.130000000000024,184.485,-12.175000000000011,0.0,0.0,0.0,0.0
SPY250630C00435000,2025-06-12 13:50:22+00:00,435.0,166.2,178.42,180.56,0.0,0.0,2.0,0,2.2832074169921874,True,REGULAR,USD,SPY,2025-06-30,0,614.9099731445312,0.7074206290320739,2025-06-29 12:49:52.353214,6,6,2.0,2.140000000000015,179.49,-13.29000000000002,0.0,0.0,0.0,0.0
SPY250630C00440000,2025-06-26 15:57:09+00:00,440.0,171.16,173.42,175.56,0.0,0.0,1.0,3,2.216801333007812,True,REGULAR,USD,SPY,2025-06-30,0,614.9099731445312,0.7155519006301437,2025-06-29 12:49:52.353214,6,6,0.25,2.140000000000015,174.49,-3.3300000000000125,0.0,0.0,0.0,0.0
SPY250630C00445000,2025-06-20 13:44:04+00:00,445.0,154.5,168.42,170.56,0.0,0.0,2.0,0,2.151371809082031,True,REGULAR,USD,SPY,2025-06-30,0,614.9099731445312,0.7236831722282135,2025-06-29 12:49:52.353214,6,6,2.0,2.140000000000015,169.49,-14.990000000000009,0.0,0.0,0.0,0.0
SPY250630C00450000,2025-06-26 16:36:00+00:00,450.0,161.03,163.43,165.56,0.0,0.0,6.0,0,2.086918845214843,True,REGULAR,USD,SPY,2025-06-30,0,614.9099731445312,0.7318144438262834,2025-06-29 12:49:52.353214,6,6,6.0,2.1299999999999955,164.495,-3.4650000000000034,0.0,0.0,0.0,0.0
SPY250630C00455000,2025-06-24 19:32:06+00:00,455.0,153.0,158.43,160.56,0.0,0.0,2.0,4,2.0224658813476566,True,REGULAR,USD,SPY,2025-06-30,0,614.9099731445312,0.7399457154243532,2025-06-29 12:49:52.353214,6,6,0.4,2.1299999999999955,159.495,-6.4950000000000045,0.0,0.0,0.0,0.0
SPY250630C00460000,2025-06-25 13:46:47+00:00,460.0,147.8,153.43,155.56,0.0,0.0,1.0,4,1.958984580078125,True,REGULAR,USD,SPY,2025-06-30,0,614.9099731445312,0.748076987022423,2025-06-29 12:49:52.353214,6,6,0.2,2.1299999999999955,154.495,-6.694999999999993,0.0,0.0,0.0,0.0
SPY250630C00465000,2025-06-10 14:50:08+00:00,465.0,136.94,148.43,150.56,0.0,0.0,1.0,0,1.8955083349609376,True,REGULAR,USD,SPY,2025-06-30,0,614.9099731445312,0.7562082586204929,2025-06-29 12:49:52.353214,6,6,1.0,2.1299999999999955,149.495,-12.555000000000007,0.0,0.0,0.0,0.0
SPY250630C00470000,2025-06-26 14:50:10+00:00,470.0,140.48,143.43,145.56,0.0,0.0,3.0,1,1.8320320898437497,True,REGULAR,USD,SPY,2025-06-30,0,614.9099731445312,0.7643395302185627,2025-06-29 12:49:52.353214,6,6,1.5,2.1299999999999955,144.495,-4.015000000000015,0.0,0.0,0.0,0.0
SPY250630C00475000,2025-06-25 18:23:31+00:00,475.0,131.76,138.42,140.56,0.0,0.0,1.0,1,1.7705089599609374,True,REGULAR,USD,SPY,2025-06-30,0,614.9099731445312,0.7724708018166325,2025-06-29 12:49:52.353214,6,6,0.5,2.140000000000015,139.49,-7.730000000000018,0.0,0.0,0.0,0.0
SPY250630C00480000,2025-06-18 14:44:57+00:00,480.0,121.0,133.42,135.56,0.0,0.0,2.0,0,1.7080092724609377,True,REGULAR,USD,SPY,2025-06-30,0,614.9099731445312,0.7806020734147023,2025-06-29 12:49:52.353214,6,6,2.0,2.140000000000015,134.49,-13.490000000000009,0.0,0.0,0.0,0.0
SPY250630C00485000,2025-06-26 14:31:29+00:00,485.0,125.5,128.43,130.56,0.0,0.0,200.0,3,1.646486142578125,True,REGULAR,USD,SPY,2025-06-30,0,614.9099731445312,0.7887333450127721,2025-06-29 12:49:52.353214,6,6,50.0,2.1299999999999955,129.495,-3.9950000000000045,0.0,0.0,0.0,0.0
SPY250630C00490000,2025-06-20 14:09:07+00:00,490.0,107.4,123.43,125.56,0.0,0.0,2.0,2,1.5859395703124997,True,REGULAR,USD,SPY,2025-06-30,0,614.9099731445312,0.796864616610842,2025-06-29 12:49:52.353214,6,6,0.6666666666666666,2.1299999999999955,124.495,-17.095,0.0,0.0,0.0,0.0
SPY250630C00491000,2025-06-11 15:34:27+00:00,491.0,113.67,122.43,124.56,0.0,0.0,2.0,0,1.5732443212890623,True,REGULAR,USD,SPY,2025-06-30,0,614.9099731445312,0.7984908709304559,2025-06-29 12:49:52.353214,6,6,2.0,2.1299999999999955,123.495,-9.825000000000003,0.0,0.0,0.0,0.0
SPY250630C00492000,2025-06-17 18:20:56+00:00,492.0,105.72,121.43,123.56,0.0,0.0,1.0,0,1.5615256298828122,True,REGULAR,USD,SPY,2025-06-30,0,614.9099731445312,0.8001171252500698,2025-06-29 12:49:52.353214,6,6,1.0,2.1299999999999955,122.495,-16.775000000000006,0.0,0.0,0.0,0.0
SPY250630C00493000,2025-06-11 18:37:33+00:00,493.0,109.13,120.43,122.56,0.0,0.0,1.0,0,1.5488303808593749,True,REGULAR,USD,SPY,2025-06-30,0,614.9099731445312,0.8017433795696838,2025-06-29 12:49:52.353214,6,6,1.0,2.1299999999999955,121.495,-12.365000000000009,0.0,0.0,0.0,0.0
SPY250630C00494000,2025-06-11 18:37:33+00:00,494.0,108.11,119.43,121.56,0.0,0.0,1.0,0,1.537111689453125,True,REGULAR,USD,SPY,2025-06-30,0,614.9099731445312,0.8033696338892978,2025-06-29 12:49:52.353214,6,6,1.0,2.1299999999999955,120.495,-12.385000000000005,0.0,0.0,0.0,0.0
SPY250630C00495000,2025-06-25 15:46:46+00:00,495.0,112.05,118.43,120.56,0.0,0.0,1.0,1,1.5249047192382812,True,REGULAR,USD,SPY,2025-06-30,0,614.9099731445312,0.8049958882089118,2025-06-29 12:49:52.353214,6,6,0.5,2.1299999999999955,119.495,-7.445000000000007,0.0,0.0,0.0,0.0
SPY250630C00496000,2025-06-11 18:37:33+00:00,496.0,106.14,117.43,119.56,0.0,0.0,1.0,0,1.5126977490234377,True,REGULAR,USD,SPY,2025-06-30,0,614.9099731445312,0.8066221425285257,2025-06-29 12:49:52.353214,6,6,1.0,2.1299999999999955,118.495,-12.355000000000004,0.0,0.0,0.0,0.0
SPY250630C00497000,2025-06-11 18:37:33+00:00,497.0,105.14,116.43,118.56,0.0,0.0,1.0,0,1.5009790576171875,True,REGULAR,USD,SPY,2025-06-30,0,614.9099731445312,0.8082483968481396,2025-06-29 12:49:52.353214,6,6,1.0,2.1299999999999955,117.495,-12.355000000000004,0.0,0.0,0.0,0.0
SPY250630C00498000,2025-06-11 18:37:33+00:00,498.0,104.13,115.43,117.56,0.0,0.0,3.0,0,1.4882838085937498,True,REGULAR,USD,SPY,2025-06-30,0,614.9099731445312,0.8098746511677536,2025-06-29 12:49:52.353214,6,6,3.0,2.1299999999999955,116.495,-12.365000000000009,0.0,0.0,0.0,0.0
SPY250630C00499000,2025-06-13 16:37:24+00:00,499.0,102.3,114.43,116.56,0.0,0.0,1.0,0,1.4765651171875,True,REGULAR,USD,SPY,2025-06-30,0,614.9099731445312,0.8115009054873676,2025-06-29 12:49:52.353214,6,6,1.0,2.1299999999999955,115.495,-13.195000000000007,0.0,0.0,0.0,0.0
SPY250630C00500000,2025-06-27 15:40:41+00:00,500.0,116.0,113.43,115.56,5.040001,4.542178,12.0,19,1.46484642578125,True,REGULAR,USD,SPY,2025-06-30,0,614.9099731445312,0.8131271598069816,2025-06-29 12:49:52.353214,6,6,0.6,2.1299999999999955,114.495,1.5049999999999955,0.0,0.0,0.0,0.0
SPY250630C00501000,2025-06-20 16:41:17+00:00,501.0,94.98,112.43,114.56,0.0,0.0,2.0,4,1.4521511767578126,True,REGULAR,USD,SPY,2025-06-30,0,614.9099731445312,0.8147534141265955,2025-06-29 12:49:52.353214,6,6,0.4,2.1299999999999955,113.495,-18.515,0.0,0.0,0.0,0.0
SPY250630C00502000,2025-06-17 14:15:08+00:00,502.0,99.7,111.43,113.56,0.0,0.0,2.0,0,1.4404324853515624,True,REGULAR,USD,SPY,2025-06-30,0,614.9099731445312,0.8163796684462095,2025-06-29 12:49:52.353214,6,6,2.0,2.1299999999999955,112.495,-12.795000000000002,0.0,0.0,0.0,0.0
SPY250630C00503000,2025-04-29 16:56:00+00:00,503.0,56.98,86.56,89.93,0.0,0.0,2.0,80,1.0000000000000004e-05,True,REGULAR,USD,SPY,2025-06-30,0,614.9099731445312,0.8180059227658234,2025-06-29 12:49:52.353214,6,6,0.024691358024691357,3.3700000000000045,88.245,-31.265000000000008,0.0,0.0,0.0,0.0
SPY250630C00504000,2025-04-28 18:01:40+00:00,504.0,53.72,85.15,86.36,0.0,0.0,2.0,167,1.0000000000000004e-05,True,REGULAR,USD,SPY,2025-06-30,0,614.9099731445312,0.8196321770854375,2025-06-29 12:49:52.353214,6,6,0.011904761904761904,1.2099999999999937,85.755,-32.035,0.0,0.0,0.0,0.0
SPY250630C00505000,2025-06-18 17:54:28+00:00,505.0,95.0,108.43,110.57,0.0,0.0,15.0,1,1.408206083984375,True,REGULAR,USD,SPY,2025-06-30,0,614.9099731445312,0.8212584314050514,2025-06-29 12:49:52.353214,6,6,7.5,2.1399999999999864,109.5,-14.5,0.0,0.0,0.0,0.0
SPY250630C00506000,2025-05-12 18:11:44+00:00,506.0,79.17,94.93,96.96,0.0,0.0,21.0,30,1.0000000000000004e-05,True,REGULAR,USD,SPY,2025-06-30,0,614.9099731445312,0.8228846857246653,2025-06-29 12:49:52.353214,6,6,0.6774193548387096,2.029999999999987,95.945,-16.77499999999999,0.0,0.0,0.0,0.0
SPY250630C00507000,2025-06-27 19:22:56+00:00,507.0,105.1,106.43,108.57,22.21,26.794546,4.0,0,1.3842804223632812,True,REGULAR,USD,SPY,2025-06-30,0,614.9099731445312,0.8245109400442793,2025-06-29 12:49:52.353214,6,6,4.0,2.1399999999999864,107.5,-2.4000000000000057,0.0,0.0,0.0,0.0
SPY250630C00508000,2025-06-27 19:22:56+00:00,508.0,104.16,105.43,107.57,15.910004,18.028332,4.0,0,1.3720734521484377,True,REGULAR,USD,SPY,2025-06-30,0,614.9099731445312,0.8261371943638932,2025-06-29 12:49:52.353214,6,6,4.0,2.1399999999999864,106.5,-2.3400000000000034,0.0,0.0,0.0,0.0
SPY250630C00509000,2025-06-17 14:03:56+00:00,509.0,91.7,104.43,106.57,0.0,0.0,2.0,0,1.3603547607421875,True,REGULAR,USD,SPY,2025-06-30,0,614.9099731445312,0.8277634486835073,2025-06-29 12:49:52.353214,6,6,2.0,2.1399999999999864,105.5,-13.799999999999997,0.0,0.0,0.0,0.0
SPY250630C00510000,2025-06-27 18:58:25+00:00,510.0,100.82,103.43,105.57,15.82,18.611765,22.0,9,1.3486360693359374,True,REGULAR,USD,SPY,2025-06-30,0,614.9099731445312,0.8293897030031212,2025-06-29 12:49:52.353214,6,6,2.2,2.1399999999999864,104.5,-3.680000000000007,0.0,0.0,0.0,0.0
SPY250630C00511000,2025-06-18 18:54:30+00:00,511.0,87.26,102.43,104.57,0.0,0.0,1.0,0,1.3364290991210934,True,REGULAR,USD,SPY,2025-06-30,0,614.9099731445312,0.8310159573227351,2025-06-29 12:49:52.353214,6,6,1.0,2.1399999999999864,103.5,-16.239999999999995,0.0,0.0,0.0,0.0
SPY250630C00512000,2025-06-18 18:54:30+00:00,512.0,86.24,101.43,103.57,0.0,0.0,1.0,0,1.32422212890625,True,REGULAR,USD,SPY,2025-06-30,0,614.9099731445312,0.8326422116423491,2025-06-29 12:49:52.353214,6,6,1.0,2.1399999999999864,102.5,-16.260000000000005,0.0,0.0,0.0,0.0
SPY250630C00513000,2025-06-16 15:18:51+00:00,513.0,91.27,100.43,102.57,0.0,0.0,1.0,0,1.3125034374999998,True,REGULAR,USD,SPY,2025-06-30,0,614.9099731445312,0.834268465961963,2025-06-29 12:49:52.353214,6,6,1.0,2.1399999999999864,101.5,-10.230000000000004,0.0,0.0,0.0,0.0
SPY250630C00514000,2025-06-18 18:57:01+00:00,514.0,83.65,99.43,101.57,0.0,0.0,1.0,0,1.3007847460937496,True,REGULAR,USD,SPY,2025-06-30,0,614.9099731445312,0.8358947202815771,2025-06-29 12:49:52.353214,6,6,1.0,2.1399999999999864,100.5,-16.849999999999994,0.0,0.0,0.0,0.0
SPY250630C00515000,2025-06-20 15:07:56+00:00,515.0,80.0,98.43,100.57,0.0,0.0,21.0,26,1.2890660546875,True,REGULAR,USD,SPY,2025-06-30,0,614.9099731445312,0.837520974601191,2025-06-29 12:49:52.353214,6,6,0.7777777777777778,2.1399999999999864,99.5,-19.5,0.0,0.0,0.0,0.0
SPY250630C00516000,2025-06-16 13:32:43+00:00,516.0,85.4,97.43,99.57,0.0,0.0,2.0,0,1.276859084472656,True,REGULAR,USD,SPY,2025-06-30,0,614.9099731445312,0.839147228920805,2025-06-29 12:49:52.353214,6,6,2.0,2.1399999999999864,98.5,-13.099999999999994,0.0,0.0,0.0,0.0
SPY250630C00517000,2025-05-02 14:13:55+00:00,517.0,56.04,72.71,75.27,0.0,0.0,1.0,88,1.0000000000000004e-05,True,REGULAR,USD,SPY,2025-06-30,0,614.9099731445312,0.8407734832404189,2025-06-29 12:49:52.353214,6,6,0.011235955056179775,2.5600000000000023,73.99,-17.949999999999996,0.0,0.0,0.0,0.0
SPY250630C00518000,2025-06-27 15:41:01+00:00,518.0,98.05,95.43,97.57,17.220001,21.303972,1.0,2,1.2529334228515625,True,REGULAR,USD,SPY,2025-06-30,0,614.9099731445312,0.842399737560033,2025-06-29 12:49:52.353214,6,6,0.3333333333333333,2.1399999999999864,96.5,1.5499999999999972,0.0,0.0,0.0,0.0
SPY250630C00519000,2025-06-13 14:02:29+00:00,519.0,79.49,94.43,96.57,0.0,0.0,2.0,0,1.241214731445312,True,REGULAR,USD,SPY,2025-06-30,0,614.9099731445312,0.8440259918796469,2025-06-29 12:49:52.353214,6,6,2.0,2.1399999999999864,95.5,-16.010000000000005,0.0,0.0,0.0,0.0
SPY250630C00520000,2025-06-27 14:18:35+00:00,520.0,95.0,93.43,95.57,3.5100021,3.8364873,1.0,159,1.2294960400390624,True,REGULAR,USD,SPY,2025-06-30,0,614.9099731445312,0.8456522461992608,2025-06-29 12:49:52.353214,6,6,0.00625,2.1399999999999864,94.5,0.5,0.0,0.0,0.0,0.0
SPY250630C00521000,2025-06-11 18:37:32+00:00,521.0,81.21,92.43,94.57,0.0,0.0,1.0,6,1.2177773486328125,True,REGULAR,USD,SPY,2025-06-30,0,614.9099731445312,0.8472785005188748,2025-06-29 12:49:52.353214,6,6,0.14285714285714285,2.1399999999999864,93.5,-12.290000000000006,0.0,0.0,0.0,0.0
SPY250630C00522000,2025-06-20 13:57:54+00:00,522.0,76.34,91.43,93.57,0.0,0.0,3.0,1,1.2060586572265624,True,REGULAR,USD,SPY,2025-06-30,0,614.9099731445312,0.8489047548384887,2025-06-29 12:49:52.353214,6,6,1.5,2.1399999999999864,92.5,-16.159999999999997,0.0,0.0,0.0,0.0
SPY250630C00523000,2025-06-18 19:00:57+00:00,523.0,73.86,90.43,92.57,0.0,0.0,3.0,0,1.1938516870117186,True,REGULAR,USD,SPY,2025-06-30,0,614.9099731445312,0.8505310091581028,2025-06-29 12:49:52.353214,6,6,3.0,2.1399999999999864,91.5,-17.64,0.0,0.0,0.0,0.0
SPY250630C00524000,2025-06-26 13:40:51+00:00,524.0,85.0,89.43,91.57,0.0,0.0,2.0,2,1.1821329956054685,True,REGULAR,USD,SPY,2025-06-30,0,614.9099731445312,0.8521572634777167,2025-06-29 12:49:52.353214,6,6,0.6666666666666666,2.1399999999999864,90.5,-5.5,0.0,0.0,0.0,0.0
SPY250630C00525000,2025-06-27 13:37:35+00:00,525.0,88.27,88.43,90.57,18.269997,26.099995,1.0,22,1.1704143041992188,True,REGULAR,USD,SPY,2025-06-30,0,614.9099731445312,0.8537835177973306,2025-06-29 12:49:52.353214,6,6,0.043478260869565216,2.1399999999999864,89.5,-1.230000000000004,0.0,0.0,0.0,0.0
SPY250630C00526000,2025-06-20 17:35:17+00:00,526.0,68.31,87.43,89.57,0.0,0.0,1.0,1,1.1586956127929686,True,REGULAR,USD,SPY,2025-06-30,0,614.9099731445312,0.8554097721169446,2025-06-29 12:49:52.353214,6,6,0.5,2.1399999999999864,88.5,-20.189999999999998,0.0,0.0,0.0,0.0
SPY250630C00527000,2025-06-18 19:03:47+00:00,527.0,70.5,86.44,88.57,0.0,0.0,4.0,0,1.1464886425781249,True,REGULAR,USD,SPY,2025-06-30,0,614.9099731445312,0.8570360264365585,2025-06-29 12:49:52.353214,6,6,4.0,2.1299999999999955,87.505,-17.004999999999995,0.0,0.0,0.0,0.0
SPY250630C00528000,2025-06-26 16:57:00+00:00,528.0,82.75,85.44,87.57,0.0,0.0,1.0,7,1.1347699511718752,True,REGULAR,USD,SPY,2025-06-30,0,614.9099731445312,0.8586622807561726,2025-06-29 12:49:52.353214,6,6,0.125,2.1299999999999955,86.505,-3.7549999999999955,0.0,0.0,0.0,0.0
SPY250630C00529000,2025-06-18 19:05:43+00:00,529.0,69.07,84.44,86.57,0.0,0.0,2.0,0,1.123051259765625,True,REGULAR,USD,SPY,2025-06-30,0,614.9099731445312,0.8602885350757865,2025-06-29 12:49:52.353214,6,6,2.0,2.1299999999999955,85.505,-16.435000000000002,0.0,0.0,0.0,0.0
SPY250630C00530000,2025-06-26 18:52:25+00:00,530.0,81.51,83.43,85.57,0.0,0.0,1.0,3,1.111332568359375,True,REGULAR,USD,SPY,2025-06-30,0,614.9099731445312,0.8619147893954004,2025-06-29 12:49:52.353214,6,6,0.25,2.1399999999999864,84.5,-2.989999999999995,0.0,0.0,0.0,0.0
SPY250630C00531000,2025-06-18 19:15:16+00:00,531.0,67.37,82.43,84.57,0.0,0.0,2.0,0,1.0996138769531252,True,REGULAR,USD,SPY,2025-06-30,0,614.9099731445312,0.8635410437150144,2025-06-29 12:49:52.353214,6,6,2.0,2.1399999999999864,83.5,-16.129999999999995,0.0,0.0,0.0,0.0
SPY250630C00532000,2025-06-20 14:01:52+00:00,532.0,66.08,81.43,83.57,0.0,0.0,29.0,18,1.087895185546875,True,REGULAR,USD,SPY,2025-06-30,0,614.9099731445312,0.8651672980346283,2025-06-29 12:49:52.353214,6,6,1.5263157894736843,2.1399999999999864,82.5,-16.42,0.0,0.0,0.0,0.0
SPY250630C00533000,2025-06-26 19:23:13+00:00,533.0,79.0,80.43,82.57,0.0,0.0,5.0,5,1.076176494140625,True,REGULAR,USD,SPY,2025-06-30,0,614.9099731445312,0.8667935523542424,2025-06-29 12:49:52.353214,6,6,0.8333333333333334,2.1399999999999864,81.5,-2.5,0.0,0.0,0.0,0.0
SPY250630C00534000,2025-06-18 18:53:04+00:00,534.0,64.78,79.43,81.57,0.0,0.0,7.0,0,1.0644578027343752,True,REGULAR,USD,SPY,2025-06-30,0,614.9099731445312,0.8684198066738563,2025-06-29 12:49:52.353214,6,6,7.0,2.1399999999999864,80.5,-15.719999999999999,0.0,0.0,0.0,0.0
SPY250630C00535000,2025-06-20 15:02:18+00:00,535.0,59.68,78.44,80.57,0.0,0.0,42.0,17,1.052739111328125,True,REGULAR,USD,SPY,2025-06-30,0,614.9099731445312,0.8700460609934703,2025-06-29 12:49:52.353214,6,6,2.3333333333333335,2.1299999999999955,79.505,-19.824999999999996,0.0,0.0,0.0,0.0
SPY250630C00536000,2025-06-20 13:31:16+00:00,536.0,62.41,77.44,79.57,0.0,0.0,5.0,5,1.041020419921875,True,REGULAR,USD,SPY,2025-06-30,0,614.9099731445312,0.8716723153130842,2025-06-29 12:49:52.353214,6,6,0.8333333333333334,2.1299999999999955,78.505,-16.095,0.0,0.0,0.0,0.0
SPY250630C00537000,2025-06-24 13:59:02+00:00,537.0,67.4,76.44,78.57,0.0,0.0,2.0,1,1.0293017285156252,True,REGULAR,USD,SPY,2025-06-30,0,614.9099731445312,0.8732985696326981,2025-06-29 12:49:52.353214,6,6,1.0,2.1299999999999955,77.505,-10.10499999999999,0.0,0.0,0.0,0.0
SPY250630C00538000,2025-06-18 19:08:25+00:00,538.0,59.83,75.44,77.57,0.0,0.0,9.0,1,1.017583037109375,True,REGULAR,USD,SPY,2025-06-30,0,614.9099731445312,0.8749248239523122,2025-06-29 12:49:52.353214,6,6,4.5,2.1299999999999955,76.505,-16.674999999999997,0.0,0.0,0.0,0.0
SPY250630C00539000,2025-06-18 19:12:29+00:00,539.0,58.47,74.44,76.57,0.0,0.0,5.0,0,1.0058643457031249,True,REGULAR,USD,SPY,2025-06-30,0,614.9099731445312,0.8765510782719261,2025-06-29 12:49:52.353214,6,6,5.0,2.1299999999999955,75.505,-17.034999999999997,0.0,0.0,0.0,0.0
SPY250630C00540000,2025-06-27 19:58:58+00:00,540.0,75.07,73.44,75.57,9.050003,13.7079735,32.0,101,0.99414068359375,True,REGULAR,USD,SPY,2025-06-30,0,614.9099731445312,0.8781773325915401,2025-06-29 12:49:52.353214,6,6,0.3137254901960784,2.1299999999999955,74.505,0.5649999999999977,0.0,0.0,0.0,0.0
SPY250630C00541000,2025-06-18 20:12:36+00:00,541.0,56.86,72.44,74.58,0.0,0.0,6.0,0,0.9853517089843752,True,REGULAR,USD,SPY,2025-06-30,0,614.9099731445312,0.879803586911154,2025-06-29 12:49:52.353214,6,6,6.0,2.1400000000000006,73.50999999999999,-16.64999999999999,0.0,0.0,0.0,0.0
SPY250630C00542000,2025-06-25 13:58:29+00:00,542.0,66.53,71.44,73.58,0.0,0.0,4.0,4,0.973633076171875,True,REGULAR,USD,SPY,2025-06-30,0,614.9099731445312,0.8814298412307681,2025-06-29 12:49:52.353214,6,6,0.8,2.1400000000000006,72.50999999999999,-5.97999999999999,0.0,0.0,0.0,0.0
SPY250630C00543000,2025-06-18 20:13:24+00:00,543.0,54.94,70.44,72.58,0.0,0.0,6.0,1,0.9619144433593748,True,REGULAR,USD,SPY,2025-06-30,0,614.9099731445312,0.883056095550382,2025-06-29 12:49:52.353214,6,6,3.0,2.1400000000000006,71.50999999999999,-16.569999999999993,0.0,0.0,0.0,0.0
SPY250630C00544000,2025-06-27 13:52:02+00:00,544.0,70.0,69.44,71.58,16.060001,29.773825,1.0,1,0.9497075341796876,True,REGULAR,USD,SPY,2025-06-30,0,614.9099731445312,0.8846823498699959,2025-06-29 12:49:52.353214,6,6,0.5,2.1400000000000006,70.50999999999999,-0.5099999999999909,0.0,0.0,0.0,0.0
SPY250630C00545000,2025-06-25 19:52:57+00:00,545.0,62.07,68.44,70.58,0.0,0.0,1.0,18,0.9379889013671876,True,REGULAR,USD,SPY,2025-06-30,0,614.9099731445312,0.8863086041896099,2025-06-29 12:49:52.353214,6,6,0.05263157894736842,2.1400000000000006,69.50999999999999,-7.439999999999991,0.0,0.0,0.0,0.0
SPY250630C00546000,2025-06-27 15:40:41+00:00,546.0,70.0,67.44,69.58,18.46,35.81684,32.0,33,0.9262702685546876,True,REGULAR,USD,SPY,2025-06-30,0,614.9099731445312,0.8879348585092238,2025-06-29 12:49:52.353214,6,6,0.9411764705882353,2.1400000000000006,68.50999999999999,1.490000000000009,0.0,0.0,0.0,0.0
SPY250630C00547000,2025-06-20 15:01:03+00:00,547.0,47.63,66.44,68.58,0.0,0.0,1.0,2,0.9145516357421876,True,REGULAR,USD,SPY,2025-06-30,0,614.9099731445312,0.8895611128288379,2025-06-29 12:49:52.353214,6,6,0.3333333333333333,2.1400000000000006,67.50999999999999,-19.87999999999999,0.0,0.0,0.0,0.0
SPY250630C00548000,2025-06-18 20:14:57+00:00,548.0,49.89,65.44,67.58,0.0,0.0,4.0,3,0.9028330029296876,True,REGULAR,USD,SPY,2025-06-30,0,614.9099731445312,0.8911873671484518,2025-06-29 12:49:52.353214,6,6,1.0,2.1400000000000006,66.50999999999999,-16.61999999999999,0.0,0.0,0.0,0.0
SPY250630C00549000,2025-06-27 14:15:25+00:00,549.0,66.26,64.44,66.58,7.9900017,13.712033,12.0,16,0.8911143701171874,True,REGULAR,USD,SPY,2025-06-30,0,614.9099731445312,0.8928136214680658,2025-06-29 12:49:52.353214,6,6,0.7058823529411765,2.1400000000000006,65.50999999999999,0.7500000000000142,0.0,0.0,0.0,0.0
SPY250630C00550000,2025-06-27 19:59:53+00:00,550.0,65.0,63.44,65.58,3.5,5.691057,94.0,74,0.8793957373046875,True,REGULAR,USD,SPY,2025-06-30,0,614.9099731445312,0.8944398757876797,2025-06-29 12:49:52.353214,6,6,1.2533333333333334,2.1400000000000006,64.50999999999999,0.4900000000000091,0.0,0.0,0.0,0.0
SPY250630C00551000,2025-06-18 19:05:19+00:00,551.0,46.92,62.44,64.58,0.0,0.0,12.0,0,0.8676771044921875,True,REGULAR,USD,SPY,2025-06-30,0,614.9099731445312,0.8960661301072936,2025-06-29 12:49:52.353214,6,6,12.0,2.1400000000000006,63.51,-16.589999999999996,0.0,0.0,0.0,0.0
SPY250630C00552000,2025-06-20 13:46:02+00:00,552.0,48.42,61.44,63.58,0.0,0.0,1.0,1,0.8559584716796875,True,REGULAR,USD,SPY,2025-06-30,0,614.9099731445312,0.8976923844269077,2025-06-29 12:49:52.353214,6,6,0.5,2.1400000000000006,62.51,-14.089999999999996,0.0,0.0,0.0,0.0
SPY250630C00553000,2025-06-26 15:16:51+00:00,553.0,57.72,60.44,62.58,0.0,0.0,2.0,2,0.8442398388671875,True,REGULAR,USD,SPY,2025-06-30,0,614.9099731445312,0.8993186387465216,2025-06-29 12:49:52.353214,6,6,0.6666666666666666,2.1400000000000006,61.51,-3.789999999999999,0.0,0.0,0.0,0.0
SPY250630C00554000,2025-06-23 16:02:41+00:00,554.0,42.22,59.44,61.58,0.0,0.0,3.0,4,0.8325212060546874,True,REGULAR,USD,SPY,2025-06-30,0,614.9099731445312,0.9009448930661356,2025-06-29 12:49:52.353214,6,6,0.6,2.1400000000000006,60.51,-18.29,0.0,0.0,0.0,0.0
SPY250630C00555000,2025-06-20 18:20:00+00:00,555.0,41.27,58.44,60.58,0.0,0.0,40.0,44,0.8208025732421874,True,REGULAR,USD,SPY,2025-06-30,0,614.9099731445312,0.9025711473857496,2025-06-29 12:49:52.353214,6,6,0.8888888888888888,2.1400000000000006,59.51,-18.239999999999995,0.0,0.0,0.0,0.0
SPY250630C00556000,2025-06-23 19:54:00+00:00,556.0,44.87,57.44,59.58,0.0,0.0,2.0,5,0.8090839404296875,True,REGULAR,USD,SPY,2025-06-30,0,614.9099731445312,0.9041974017053634,2025-06-29 12:49:52.353214,6,6,0.3333333333333333,2.1400000000000006,58.51,-13.64,0.0,0.0,0.0,0.0
SPY250630C00557000,2025-06-20 15:19:52+00:00,557.0,39.49,56.45,58.58,0.0,0.0,2.0,4,0.7973653076171875,True,REGULAR,USD,SPY,2025-06-30,0,614.9099731445312,0.9058236560249776,2025-06-29 12:49:52.353214,6,6,0.4,2.1299999999999955,57.515,-18.025,0.0,0.0,0.0,0.0
SPY250630C00558000,2025-06-26 15:47:12+00:00,558.0,52.73,55.44,57.58,0.0,0.0,1.0,4,0.7856466748046875,True,REGULAR,USD,SPY,2025-06-30,0,614.9099731445312,0.9074499103445914,2025-06-29 12:49:52.353214,6,6,0.2,2.1400000000000006,56.51,-3.780000000000001,0.0,0.0,0.0,0.0
SPY250630C00559000,2025-06-26 19:03:07+00:00,559.0,52.69,54.44,56.58,0.0,0.0,5.0,9,0.7739280419921876,True,REGULAR,USD,SPY,2025-06-30,0,614.9099731445312,0.9090761646642054,2025-06-29 12:49:52.353214,6,6,0.5,2.1400000000000006,55.51,-2.8200000000000003,0.0,0.0,0.0,0.0
SPY250630C00560000,2025-06-27 14:18:41+00:00,560.0,55.04,53.45,55.58,4.3100014,8.495962,43.0,104,0.7622094091796876,True,REGULAR,USD,SPY,2025-06-30,0,614.9099731445312,0.9107024189838192,2025-06-29 12:49:52.353214,6,6,0.4095238095238095,2.1299999999999955,54.515,0.5249999999999986,0.0,0.0,0.0,0.0
SPY250630C00561000,2025-06-24 13:44:14+00:00,561.0,44.68,52.45,54.58,0.0,0.0,1.0,116,0.7504907763671875,True,REGULAR,USD,SPY,2025-06-30,0,614.9099731445312,0.9123286733034331,2025-06-29 12:49:52.353214,6,6,0.008547008547008548,2.1299999999999955,53.515,-8.835,0.0,0.0,0.0,0.0
SPY250630C00562000,2025-06-27 19:55:23+00:00,562.0,52.66,51.45,53.58,7.970001,17.833971,8.0,184,0.7385280053710936,True,REGULAR,USD,SPY,2025-06-30,0,614.9099731445312,0.9139549276230472,2025-06-29 12:49:52.353214,6,6,0.043243243243243246,2.1299999999999955,52.515,0.14499999999999602,0.0,0.0,0.0,0.0
SPY250630C00563000,2025-06-23 17:39:10+00:00,563.0,36.62,50.45,52.58,0.0,0.0,4.0,422,0.726565234375,True,REGULAR,USD,SPY,2025-06-30,0,614.9099731445312,0.9155811819426612,2025-06-29 12:49:52.353214,6,6,0.009456264775413711,2.1299999999999955,51.515,-14.895000000000003,0.0,0.0,0.0,0.0
SPY250630C00564000,2025-06-26 15:13:10+00:00,564.0,46.73,49.45,51.59,0.0,0.0,1.0,1093,0.7172879833984375,True,REGULAR,USD,SPY,2025-06-30,0,614.9099731445312,0.9172074362622752,2025-06-29 12:49:52.353214,6,6,0.0009140767824497258,2.1400000000000006,50.52,-3.7900000000000063,0.0,0.0,0.0,0.0
SPY250630C00565000,2025-06-27 19:57:01+00:00,565.0,49.86,48.45,50.59,3.6599998,7.922077,17.0,1083,0.7050810742187501,True,REGULAR,USD,SPY,2025-06-30,0,614.9099731445312,0.9188336905818892,2025-06-29 12:49:52.353214,6,6,0.015682656826568265,2.1400000000000006,49.52,0.3399999999999963,0.0,0.0,0.0,0.0
SPY250630C00566000,2025-06-27 15:19:40+00:00,566.0,49.15,47.45,49.59,8.460003,20.791357,1.0,852,0.69336244140625,True,REGULAR,USD,SPY,2025-06-30,0,614.9099731445312,0.9204599449015032,2025-06-29 12:49:52.353214,6,6,0.0011723329425556857,2.1400000000000006,48.52,0.6299999999999955,0.0,0.0,0.0,0.0
SPY250630C00567000,2025-06-27 18:04:37+00:00,567.0,47.32,46.45,48.59,2.5900002,5.7902975,5.0,1070,0.6816438085937502,True,REGULAR,USD,SPY,2025-06-30,0,614.9099731445312,0.9220861992211172,2025-06-29 12:49:52.353214,6,6,0.004668534080298786,2.1400000000000006,47.52,-0.20000000000000284,0.0,0.0,0.0,0.0
SPY250630C00568000,2025-06-27 17:50:29+00:00,568.0,45.78,45.45,47.59,2.0699997,4.735758,4.0,1280,0.6699251757812501,True,REGULAR,USD,SPY,2025-06-30,0,614.9099731445312,0.9237124535407312,2025-06-29 12:49:52.353214,6,6,0.00312256049960968,2.1400000000000006,46.52,-0.740000000000002,0.0,0.0,0.0,0.0
SPY250630C00569000,2025-06-27 19:22:00+00:00,569.0,43.26,44.45,46.59,0.45999908,1.0747643,1.0,1192,0.6577182666015625,True,REGULAR,USD,SPY,2025-06-30,0,614.9099731445312,0.925338707860345,2025-06-29 12:49:52.353214,6,6,0.0008382229673093043,2.1400000000000006,45.52,-2.260000000000005,0.0,0.0,0.0,0.0
SPY250630C00570000,2025-06-27 20:01:30+00:00,570.0,44.58,43.92,45.59,2.880001,6.9064775,27.0,4135,0.6459996337890624,True,REGULAR,USD,SPY,2025-06-30,0,614.9099731445312,0.9269649621799588,2025-06-29 12:49:52.353214,6,6,0.006528046421663443,1.6700000000000017,44.755,-0.17500000000000426,0.0,0.0,0.0,0.0
SPY250630C00571000,2025-06-26 14:12:31+00:00,571.0,38.62,42.45,44.59,0.0,0.0,1.0,538,0.6340368627929689,True,REGULAR,USD,SPY,2025-06-30,0,614.9099731445312,0.928591216499573,2025-06-29 12:49:52.353214,6,6,0.0018552875695732839,2.1400000000000006,43.52,-4.900000000000006,0.0,0.0,0.0,0.0
SPY250630C00572000,2025-06-27 13:48:04+00:00,572.0,41.59,41.45,43.59,5.7700005,16.10832,2.0,1107,0.622074091796875,True,REGULAR,USD,SPY,2025-06-30,0,614.9099731445312,0.9302174708191868,2025-06-29 12:49:52.353214,6,6,0.0018050541516245488,2.1400000000000006,42.52,-0.9299999999999997,0.0,0.0,0.0,0.0
SPY250630C00573000,2025-06-27 19:41:47+00:00,573.0,40.1,40.46,42.59,1.2899971,3.323878,1.0,664,0.6103554589843752,True,REGULAR,USD,SPY,2025-06-30,0,614.9099731445312,0.9318437251388008,2025-06-29 12:49:52.353214,6,6,0.0015037593984962407,2.1300000000000026,41.525000000000006,-1.4250000000000043,0.0,0.0,0.0,0.0
SPY250630C00574000,2025-06-26 20:14:00+00:00,574.0,37.81,39.45,41.59,0.0,0.0,5.0,658,0.5981485498046876,True,REGULAR,USD,SPY,2025-06-30,0,614.9099731445312,0.9334699794584148,2025-06-29 12:49:52.353214,6,6,0.007587253414264037,2.1400000000000006,40.52,-2.710000000000001,0.0,0.0,0.0,0.0
SPY250630C00575000,2025-06-27 19:00:08+00:00,575.0,36.33,38.45,40.59,-0.48999786,-1.3307927,50.0,1568,0.5864299169921875,True,REGULAR,USD,SPY,2025-06-30,0,614.9099731445312,0.9350962337780288,2025-06-29 12:49:52.353214,6,6,0.03186743148502231,2.1400000000000006,39.52,-3.190000000000005,0.0,0.0,0.0,0.0
SPY250630C00576000,2025-06-27 15:39:28+00:00,576.0,39.84,37.46,39.59,8.620001,27.61051,68.0,1432,0.5742230078125,True,REGULAR,USD,SPY,2025-06-30,0,614.9099731445312,0.9367224880976428,2025-06-29 12:49:52.353214,6,6,0.04745289602233078,2.1300000000000026,38.525000000000006,1.3149999999999977,0.0,0.0,0.0,0.0
SPY250630C00577000,2025-06-23 18:46:38+00:00,577.0,22.57,36.46,38.59,0.0,0.0,11.0,934,0.5622602368164062,True,REGULAR,USD,SPY,2025-06-30,0,614.9099731445312,0.9383487424172569,2025-06-29 12:49:52.353214,6,6,0.011764705882352941,2.1300000000000026,37.525000000000006,-14.955000000000005,0.0,0.0,0.0,0.0
SPY250630C00578000,2025-06-27 18:30:07+00:00,578.0,34.43,35.46,37.59,5.1100006,17.42838,5.0,1088,0.5502974658203126,True,REGULAR,USD,SPY,2025-06-30,0,614.9099731445312,0.9399749967368708,2025-06-29 12:49:52.353214,6,6,0.004591368227731864,2.1300000000000026,36.525000000000006,-2.095000000000006,0.0,0.0,0.0,0.0
SPY250630C00579000,2025-06-27 18:27:46+00:00,579.0,34.12,34.46,36.6,3.4699993,11.321368,4.0,751,0.5400436621093752,True,REGULAR,USD,SPY,2025-06-30,0,614.9099731445312,0.9416012510564846,2025-06-29 12:49:52.353214,6,6,0.005319148936170213,2.1400000000000006,35.53,-1.4100000000000037,0.0,0.0,0.0,0.0
SPY250630C00580000,2025-06-27 19:59:50+00:00,580.0,35.0,34.02,35.6,3.0499992,9.546163,141.0,5344,0.5278367529296876,True,REGULAR,USD,SPY,2025-06-30,0,614.9099731445312,0.9432275053760986,2025-06-29 12:49:52.353214,6,6,0.02637979420018709,1.5799999999999983,34.81,0.18999999999999773,0.0,0.0,0.0,0.0
SPY250630C00581000,2025-06-27 18:42:25+00:00,581.0,30.27,32.46,34.6,-0.9699993,-3.1049914,2.0,805,0.51562984375,True,REGULAR,USD,SPY,2025-06-30,0,614.9099731445312,0.9448537596957126,2025-06-29 12:49:52.353214,6,6,0.0024813895781637717,2.1400000000000006,33.53,-3.2600000000000016,0.0,0.0,0.0,0.0
SPY250630C00582000,2025-06-27 19:56:57+00:00,582.0,32.82,31.46,33.6,3.92,13.564014,7.0,718,0.5034229345703125,True,REGULAR,USD,SPY,2025-06-30,0,614.9099731445312,0.9464800140153266,2025-06-29 12:49:52.353214,6,6,0.009735744089012517,2.1400000000000006,32.53,0.28999999999999915,0.0,0.0,0.0,0.0
SPY250630C00583000,2025-06-27 17:31:17+00:00,583.0,32.78,30.46,32.6,4.629999,16.4476,4.0,333,0.491216025390625,True,REGULAR,USD,SPY,2025-06-30,0,614.9099731445312,0.9481062683349404,2025-06-29 12:49:52.353214,6,6,0.011976047904191617,2.1400000000000006,31.53,1.25,0.0,0.0,0.0,0.0
SPY250630C00584000,2025-06-27 18:46:38+00:00,584.0,27.93,29.46,31.6,2.6399994,10.438906,11.0,753,0.4790091162109374,True,REGULAR,USD,SPY,2025-06-30,0,614.9099731445312,0.9497325226545544,2025-06-29 12:49:52.353214,6,6,0.014588859416445624,2.1400000000000006,30.53,-2.6000000000000014,0.0,0.0,0.0,0.0
SPY250630C00585000,2025-06-27 19:55:26+00:00,585.0,29.74,28.46,30.6,3.0900002,11.594748,2508.0,6555,0.46680220703125,True,REGULAR,USD,SPY,2025-06-30,0,614.9099731445312,0.9513587769741684,2025-06-29 12:49:52.353214,6,6,0.3825503355704698,2.1400000000000006,29.53,0.2099999999999973,0.0,0.0,0.0,0.0
SPY250630C00586000,2025-06-27 19:43:23+00:00,586.0,27.06,27.46,29.6,1.4099998,5.4970756,19.0,914,0.4543511596679687,True,REGULAR,USD,SPY,2025-06-30,0,614.9099731445312,0.9529850312937824,2025-06-29 12:49:52.353214,6,6,0.020765027322404372,2.1400000000000006,28.53,-1.4700000000000024,0.0,0.0,0.0,0.0
SPY250630C00587000,2025-06-27 19:34:08+00:00,587.0,25.75,26.46,28.6,0.62999916,2.5079584,3.0,18951,0.4419001123046875,True,REGULAR,USD,SPY,2025-06-30,0,614.9099731445312,0.9546112856133964,2025-06-29 12:49:52.353214,6,6,0.00015829463908822287,2.1400000000000006,27.53,-1.7800000000000011,0.0,0.0,0.0,0.0
SPY250630C00588000,2025-06-27 19:58:53+00:00,588.0,27.01,25.47,27.6,5.01,22.772728,29.0,2557,0.429693203125,True,REGULAR,USD,SPY,2025-06-30,0,614.9099731445312,0.9562375399330104,2025-06-29 12:49:52.353214,6,6,0.011336982017200938,2.1300000000000026,26.535,0.4750000000000014,0.0,0.0,0.0,0.0
SPY250630C00589000,2025-06-27 20:05:18+00:00,589.0,25.47,24.47,26.61,2.2999992,9.926626,23.0,2589,0.4184628466796875,True,REGULAR,USD,SPY,2025-06-30,0,614.9099731445312,0.9578637942526242,2025-06-29 12:49:52.353214,6,6,0.00888030888030888,2.1400000000000006,25.54,-0.07000000000000028,0.0,0.0,0.0,0.0
SPY250630C00590000,2025-06-27 20:11:55+00:00,590.0,24.62,23.47,25.61,2.7800007,12.728941,3846.0,24364,0.4060117993164062,True,REGULAR,USD,SPY,2025-06-30,0,614.9099731445312,0.9594900485722382,2025-06-29 12:49:52.353214,6,6,0.15784937410219577,2.1400000000000006,24.54,0.08000000000000185,0.0,0.0,0.0,0.0
SPY250630C00591000,2025-06-27 19:57:06+00:00,591.0,24.04,22.47,24.61,3.42,16.585838,54.0,834,0.3933166137695312,True,REGULAR,USD,SPY,2025-06-30,0,614.9099731445312,0.9611163028918522,2025-06-29 12:49:52.353214,6,6,0.06467065868263473,2.1400000000000006,23.54,0.5,0.0,0.0,0.0,0.0
SPY250630C00592000,2025-06-27 19:58:19+00:00,592.0,22.92,21.47,23.61,3.0300007,15.233789,19.0,1614,0.3808655664062499,True,REGULAR,USD,SPY,2025-06-30,0,614.9099731445312,0.9627425572114662,2025-06-29 12:49:52.353214,6,6,0.011764705882352941,2.1400000000000006,22.54,0.38000000000000256,0.0,0.0,0.0,0.0
SPY250630C00593000,2025-06-27 19:59:01+00:00,593.0,21.98,20.48,22.61,3.2799988,17.5401,18.0,1947,0.3679262426757813,True,REGULAR,USD,SPY,2025-06-30,0,614.9099731445312,0.96436881153108,2025-06-29 12:49:52.353214,6,6,0.009240246406570842,2.129999999999999,21.545,0.4349999999999987,0.0,0.0,0.0,0.0
SPY250630C00594000,2025-06-27 19:09:43+00:00,594.0,17.94,19.48,21.62,0.030000687,0.16750802,40.0,989,0.3564517480468749,True,REGULAR,USD,SPY,2025-06-30,0,614.9099731445312,0.965995065850694,2025-06-29 12:49:52.353214,6,6,0.04040404040404041,2.1400000000000006,20.55,-2.6099999999999994,0.0,0.0,0.0,0.0
SPY250630C00595000,2025-06-27 19:59:36+00:00,595.0,20.02,18.48,19.62,2.4799995,14.139107,854.0,6620,1.0000000000000004e-05,True,REGULAR,USD,SPY,2025-06-30,0,614.9099731445312,0.967621320170308,2025-06-29 12:49:52.353214,6,6,0.12898353723002567,1.1400000000000006,19.05,0.9699999999999989,0.0,0.0,0.0,0.0
SPY250630C00596000,2025-06-27 19:48:03+00:00,596.0,17.49,18.47,18.62,0.9899998,5.9999986,247.0,2586,1.0000000000000004e-05,True,REGULAR,USD,SPY,2025-06-30,0,614.9099731445312,0.969247574489922,2025-06-29 12:49:52.353214,6,6,0.09547738693467336,0.15000000000000213,18.545,-1.0550000000000033,0.0,0.0,0.0,0.0
SPY250630C00597000,2025-06-27 19:48:37+00:00,597.0,16.68,17.47,17.62,1.1500006,7.4050264,120.0,2966,1.0000000000000004e-05,True,REGULAR,USD,SPY,2025-06-30,0,614.9099731445312,0.970873828809536,2025-06-29 12:49:52.353214,6,6,0.04044489383215369,0.15000000000000213,17.545,-0.865000000000002,0.0,0.0,0.0,0.0
SPY250630C00598000,2025-06-27 19:57:54+00:00,598.0,16.98,16.48,16.63,2.62,18.245125,6098.0,3664,1.0000000000000004e-05,True,REGULAR,USD,SPY,2025-06-30,0,614.9099731445312,0.97250008312915,2025-06-29 12:49:52.353214,6,6,1.6638472032742155,0.14999999999999858,16.555,0.4250000000000007,0.0,0.0,0.0,0.0
SPY250630C00599000,2025-06-27 19:55:21+00:00,599.0,15.7,15.5,15.64,2.2399998,16.6419,267.0,3082,1.0000000000000004e-05,True,REGULAR,USD,SPY,2025-06-30,0,614.9099731445312,0.974126337448764,2025-06-29 12:49:52.353214,6,6,0.08660395718456049,0.14000000000000057,15.57,0.129999999999999,0.0,0.0,0.0,0.0
SPY250630C00600000,2025-06-27 20:03:45+00:00,600.0,14.65,14.49,14.64,2.4799995,20.377974,1388.0,19755,1.0000000000000004e-05,True,REGULAR,USD,SPY,2025-06-30,0,614.9099731445312,0.975752591768378,2025-06-29 12:49:52.353214,6,6,0.07025713707228184,0.15000000000000036,14.565000000000001,0.08499999999999908,0.0,0.0,0.0,0.0
SPY250630C00601000,2025-06-27 19:59:10+00:00,601.0,14.13,13.52,13.65,2.6000004,22.549873,306.0,4676,1.0000000000000004e-05,True,REGULAR,USD,SPY,2025-06-30,0,614.9099731445312,0.977378846087992,2025-06-29 12:49:52.353214,6,6,0.0654265554842848,0.13000000000000078,13.585,0.5449999999999999,0.0,0.0,0.0,0.0
SPY250630C00602000,2025-06-27 20:14:25+00:00,602.0,12.51,12.52,12.67,1.8500004,17.3546,650.0,1962,1.0000000000000004e-05,True,REGULAR,USD,SPY,2025-06-30,0,614.9099731445312,0.9790051004076058,2025-06-29 12:49:52.353214,6,6,0.33112582781456956,0.15000000000000036,12.594999999999999,-0.08499999999999908,0.0,0.0,0.0,0.0
SPY250630C00603000,2025-06-27 20:03:03+00:00,603.0,11.63,11.54,11.68,1.79,18.191055,597.0,2415,1.0000000000000004e-05,True,REGULAR,USD,SPY,2025-06-30,0,614.9099731445312,0.9806313547272196,2025-06-29 12:49:52.353214,6,6,0.24710264900662252,0.14000000000000057,11.61,0.02000000000000135,0.0,0.0,0.0,0.0
SPY250630C00604000,2025-06-27 20:09:38+00:00,604.0,10.72,10.56,10.7,2.46,29.782082,912.0,3136,1.0000000000000004e-05,True,REGULAR,USD,SPY,2025-06-30,0,614.9099731445312,0.9822576090468336,2025-06-29 12:49:52.353214,6,6,0.2907236212942302,0.1399999999999988,10.629999999999999,0.09000000000000163,0.0,0.0,0.0,0.0
SPY250630C00605000,2025-06-27 20:13:27+00:00,605.0,9.66,9.61,9.73,2.2999997,31.249996,2214.0,24856,1.0000000000000004e-05,True,REGULAR,USD,SPY,2025-06-30,0,614.9099731445312,0.9838838633664476,2025-06-29 12:49:52.353214,6,6,0.08906947741078972,0.120000000000001,9.67,-0.009999999999999787,0.0,0.0,0.0,0.0
SPY250630C00606000,2025-06-27 20:14:40+00:00,606.0,8.65,8.65,8.77,2.0799994,31.659046,1029.0,3396,1.0000000000000004e-05,True,REGULAR,USD,SPY,2025-06-30,0,614.9099731445312,0.9855101176860616,2025-06-29 12:49:52.353214,6,6,0.30291433617898145,0.11999999999999922,8.71,-0.0600000000000005,0.0,0.0,0.0,0.0
SPY250630C00607000,2025-06-27 20:14:40+00:00,607.0,7.7,7.69,7.82,2.06,36.524822,2590.0,5700,1.0000000000000004e-05,True,REGULAR,USD,SPY,2025-06-30,0,614.9099731445312,0.9871363720056756,2025-06-29 12:49:52.353214,6,6,0.45430626205928787,0.1299999999999999,7.755000000000001,-0.055000000000000604,0.0,0.0,0.0,0.0
SPY250630C00608000,2025-06-27 20:14:47+00:00,608.0,6.83,6.78,6.89,1.9499998,39.95901,3672.0,4573,1.0000000000000004e-05,True,REGULAR,USD,SPY,2025-06-30,0,614.9099731445312,0.9887626263252896,2025-06-29 12:49:52.353214,6,6,0.8027984258854395,0.10999999999999943,6.835,-0.004999999999999893,0.0,0.0,0.0,0.0
SPY250630C00609000,2025-06-27 20:14:44+00:00,609.0,5.92,5.89,5.98,1.8200002,44.39025,3227.0,3529,0.07813421875,True,REGULAR,USD,SPY,2025-06-30,0,614.9099731445312,0.9903888806449036,2025-06-29 12:49:52.353214,6,6,0.9141643059490085,0.09000000000000075,5.9350000000000005,-0.015000000000000568,0.0,0.0,0.0,0.0
SPY250630C00610000,2025-06-27 20:14:35+00:00,610.0,4.95,5.01,5.09,1.5299997,44.73683,12484.0,13697,0.0842376733398437,True,REGULAR,USD,SPY,2025-06-30,0,614.9099731445312,0.9920151349645177,2025-06-29 12:49:52.353214,6,6,0.9113739232004672,0.08000000000000007,5.05,-0.09999999999999964,0.0,0.0,0.0,0.0
SPY250630C00611000,2025-06-27 20:14:44+00:00,611.0,4.2,4.17,4.25,1.4199998,51.079132,18209.0,5059,0.0874114697265625,True,REGULAR,USD,SPY,2025-06-30,0,614.9099731445312,0.9936413892841316,2025-06-29 12:49:52.353214,6,6,3.598616600790514,0.08000000000000007,4.21,-0.009999999999999787,0.0,0.0,0.0,0.0
SPY250630C00612000,2025-06-27 20:14:43+00:00,612.0,3.37,3.39,3.45,1.1399999,51.121067,49135.0,6522,0.0876556079101562,True,REGULAR,USD,SPY,2025-06-30,0,614.9099731445312,0.9952676436037454,2025-06-29 12:49:52.353214,6,6,7.532577035106546,0.06000000000000005,3.42,-0.04999999999999982,0.0,0.0,0.0,0.0
SPY250630C00613000,2025-06-27 20:14:56+00:00,613.0,2.69,2.67,2.71,0.95000005,54.597706,74373.0,4817,0.0868011242675781,True,REGULAR,USD,SPY,2025-06-30,0,614.9099731445312,0.9968938979233594,2025-06-29 12:49:52.353214,6,6,15.436488169364882,0.040000000000000036,2.69,0.0,0.0,0.0,0.0,0.0
SPY250630C00614000,2025-06-27 20:14:59+00:00,614.0,2.05,2.02,2.05,0.74,56.488556,82109.0,5204,0.0855804333496093,True,REGULAR,USD,SPY,2025-06-30,0,614.9099731445312,0.9985201522429732,2025-06-29 12:49:52.353214,6,6,15.775024015369837,0.029999999999999805,2.035,0.01499999999999968,0.0,0.0,0.0,0.0
SPY250630C00615000,2025-06-27 20:14:54+00:00,615.0,1.47,1.47,1.48,0.5,51.54639,132324.0,17531,0.08399353515625,False,REGULAR,USD,SPY,2025-06-30,0,614.9099731445312,1.0001464065625874,2025-06-29 12:49:52.353214,6,6,7.547570157426421,0.010000000000000009,1.475,-0.0050000000000001155,0.0,0.0,0.0,0.0
SPY250630C00616000,2025-06-27 20:14:59+00:00,616.0,1.02,1.01,1.02,0.32,45.714287,103023.0,3312,0.0826507751464843,False,REGULAR,USD,SPY,2025-06-30,0,614.9099731445312,1.0017726608822013,2025-06-29 12:49:52.353214,6,6,31.09658919408391,0.010000000000000009,1.0150000000000001,0.004999999999999893,0.0,0.0,0.0,0.0
SPY250630C00617000,2025-06-27 20:14:57+00:00,617.0,0.67,0.66,0.67,0.17000002,34.000004,53867.0,3482,0.0817962915039062,False,REGULAR,USD,SPY,2025-06-30,0,614.9099731445312,1.0033989152018152,2025-06-29 12:49:52.353214,6,6,15.46569049669825,0.010000000000000009,0.665,0.0050000000000000044,0.0,0.0,0.0,0.0
SPY250630C00618000,2025-06-27 20:14:57+00:00,618.0,0.42,0.41,0.42,0.089999974,27.272718,56698.0,4002,0.0813080151367187,False,REGULAR,USD,SPY,2025-06-30,0,614.9099731445312,1.0050251695214292,2025-06-29 12:49:52.353214,6,6,14.163877092180865,0.010000000000000009,0.415,0.0050000000000000044,0.0,0.0,0.0,0.0
SPY250630C00619000,2025-06-27 20:14:58+00:00,619.0,0.26,0.25,0.26,0.029999986,13.043472,29228.0,2442,0.0819183605957031,False,REGULAR,USD,SPY,2025-06-30,0,614.9099731445312,1.0066514238410431,2025-06-29 12:49:52.353214,6,6,11.963978714695047,0.010000000000000009,0.255,0.0050000000000000044,0.0,0.0,0.0,0.0
SPY250630C00620000,2025-06-27 20:14:59+00:00,620.0,0.14,0.14,0.15,0.0,0.0,57034.0,22021,0.0820404296875,False,REGULAR,USD,SPY,2025-06-30,0,614.9099731445312,1.008277678160657,2025-06-29 12:49:52.353214,6,6,2.5898646807737715,0.009999999999999981,0.14500000000000002,-0.0050000000000000044,0.0,0.0,0.0,0.0
SPY250630C00621000,2025-06-27 20:14:51+00:00,621.0,0.08,0.08,0.09,-0.020000003,-20.000004,15271.0,1390,0.0835052587890625,False,REGULAR,USD,SPY,2025-06-30,0,614.9099731445312,1.009903932480271,2025-06-29 12:49:52.353214,6,6,10.9784327821711,0.009999999999999995,0.08499999999999999,-0.0049999999999999906,0.0,0.0,0.0,0.0
SPY250630C00622000,2025-06-27 20:14:59+00:00,622.0,0.05,0.04,0.05,-0.02,-28.571426,11923.0,1385,0.08399353515625,False,REGULAR,USD,SPY,2025-06-30,0,614.9099731445312,1.0115301867998852,2025-06-29 12:49:52.353214,6,6,8.602453102453103,0.010000000000000002,0.045,0.0050000000000000044,0.0,0.0,0.0,0.0
SPY250630C00623000,2025-06-27 20:14:54+00:00,623.0,0.03,0.02,0.03,-0.01,-25.0,7175.0,860,0.0864349169921875,False,REGULAR,USD,SPY,2025-06-30,0,614.9099731445312,1.013156441119499,2025-06-29 12:49:52.353214,6,6,8.333333333333334,0.009999999999999998,0.025,0.0049999999999999975,0.0,0.0,0.0,0.0
SPY250630C00624000,2025-06-27 20:14:51+00:00,624.0,0.02,0.01,0.02,-0.01,-33.333336,2100.0,625,0.0898528515625,False,REGULAR,USD,SPY,2025-06-30,0,614.9099731445312,1.014782695439113,2025-06-29 12:49:52.353214,6,6,3.3546325878594248,0.01,0.015,0.005000000000000001,0.0,0.0,0.0,0.0
SPY250630C00625000,2025-06-27 20:13:17+00:00,625.0,0.02,0.01,0.02,0.0,0.0,5477.0,10110,0.098641826171875,False,REGULAR,USD,SPY,2025-06-30,0,614.9099731445312,1.016408949758727,2025-06-29 12:49:52.353214,6,6,0.5416872712886954,0.01,0.015,0.005000000000000001,0.0,0.0,0.0,0.0
SPY250630C00626000,2025-06-27 20:09:41+00:00,626.0,0.02,0.01,0.02,0.0,0.0,3143.0,380,0.106454248046875,False,REGULAR,USD,SPY,2025-06-30,0,614.9099731445312,1.018035204078341,2025-06-29 12:49:52.353214,6,6,8.249343832020998,0.01,0.015,0.005000000000000001,0.0,0.0,0.0,0.0
SPY250630C00627000,2025-06-27 20:09:08+00:00,627.0,0.01,0.01,0.02,-0.01,-50.0,1104.0,345,0.11524322265625,False,REGULAR,USD,SPY,2025-06-30,0,614.9099731445312,1.0196614583979549,2025-06-29 12:49:52.353214,6,6,3.1907514450867054,0.01,0.015,-0.004999999999999999,0.0,0.0,0.0,0.0
SPY250630C00628000,2025-06-27 20:14:03+00:00,628.0,0.01,0.0,0.01,0.0,0.0,430.0,370,0.1132901171875,False,REGULAR,USD,SPY,2025-06-30,0,614.9099731445312,1.0212877127175688,2025-06-29 12:49:52.353214,6,6,1.1590296495956873,0.01,0.005,0.005,0.0,0.0,0.0,0.0
SPY250630C00629000,2025-06-27 19:43:43+00:00,629.0,0.01,0.0,0.01,-0.01,-50.0,56.0,904,0.1211025390625,False,REGULAR,USD,SPY,2025-06-30,0,614.9099731445312,1.0229139670371827,2025-06-29 12:49:52.353214,6,6,0.061878453038674036,0.01,0.005,0.005,0.0,0.0,0.0,0.0
SPY250630C00630000,2025-06-27 20:11:45+00:00,630.0,0.01,0.0,0.01,0.0,0.0,3265.0,15975,0.1289149609375,False,REGULAR,USD,SPY,2025-06-30,0,614.9099731445312,1.024540221356797,2025-06-29 12:49:52.353214,6,6,0.20436905358037055,0.01,0.005,0.005,0.0,0.0,0.0,0.0
SPY250630C00631000,2025-06-27 17:54:40+00:00,631.0,0.01,0.0,0.01,0.0,0.0,1381.0,1428,0.1367273828125,False,REGULAR,USD,SPY,2025-06-30,0,614.9099731445312,1.0261664756764106,2025-06-29 12:49:52.353214,6,6,0.966410076976907,0.01,0.005,0.005,0.0,0.0,0.0,0.0
SPY250630C00632000,2025-06-27 17:11:40+00:00,632.0,0.01,0.0,0.01,0.0,0.0,736.0,212,0.14258669921875,False,REGULAR,USD,SPY,2025-06-30,0,614.9099731445312,1.0277927299960248,2025-06-29 12:49:52.353214,6,6,3.455399061032864,0.01,0.005,0.005,0.0,0.0,0.0,0.0
SPY250630C00633000,2025-06-27 14:59:58+00:00,633.0,0.01,0.0,0.01,0.0,0.0,331.0,1464,0.15039912109375,False,REGULAR,USD,SPY,2025-06-30,0,614.9099731445312,1.0294189843156387,2025-06-29 12:49:52.353214,6,6,0.225938566552901,0.01,0.005,0.005,0.0,0.0,0.0,0.0
SPY250630C00634000,2025-06-27 20:09:38+00:00,634.0,0.01,0.0,0.01,0.0,0.0,106.0,1511,0.1562584375,False,REGULAR,USD,SPY,2025-06-30,0,614.9099731445312,1.0310452386352529,2025-06-29 12:49:52.353214,6,6,0.0701058201058201,0.01,0.005,0.005,0.0,0.0,0.0,0.0
SPY250630C00635000,2025-06-27 20:08:03+00:00,635.0,0.01,0.0,0.01,0.0,0.0,104.0,7712,0.164070859375,False,REGULAR,USD,SPY,2025-06-30,0,614.9099731445312,1.0326714929548666,2025-06-29 12:49:52.353214,6,6,0.01348372876960975,0.01,0.005,0.005,0.0,0.0,0.0,0.0
SPY250630C00636000,2025-06-27 18:20:16+00:00,636.0,0.01,0.0,0.01,0.0,0.0,1.0,0,0.17188328125,False,REGULAR,USD,SPY,2025-06-30,0,614.9099731445312,1.0342977472744803,2025-06-29 12:49:52.353214,6,6,1.0,0.01,0.005,0.005,0.0,0.0,0.0,0.0
SPY250630C00637000,2025-06-27 19:40:32+00:00,637.0,0.01,0.0,0.01,0.0,0.0,2.0,1167,0.179695703125,False,REGULAR,USD,SPY,2025-06-30,0,614.9099731445312,1.0359240015940945,2025-06-29 12:49:52.353214,6,6,0.0017123287671232876,0.01,0.005,0.005,0.0,0.0,0.0,0.0
SPY250630C00640000,2025-06-27 20:09:25+00:00,640.0,0.01,0.0,0.01,0.0,0.0,19.0,6511,0.1992267578125,False,REGULAR,USD,SPY,2025-06-30,0,614.9099731445312,1.0408027645529363,2025-06-29 12:49:52.353214,6,6,0.0029176904176904175,0.01,0.005,0.005,0.0,0.0,0.0,0.0
SPY250630C00645000,2025-06-24 15:35:17+00:00,645.0,0.01,0.0,0.01,0.0,0.0,53.0,4555,0.23438265625,False,REGULAR,USD,SPY,2025-06-30,0,614.9099731445312,1.0489340361510062,2025-06-29 12:49:52.353214,6,6,0.011633011413520631,0.01,0.005,0.005,0.0,0.0,0.0,0.0
SPY250630C00648000,2025-06-20 15:01:25+00:00,648.0,0.01,0.0,0.01,0.0,0.0,163.0,161,0.257819921875,False,REGULAR,USD,SPY,2025-06-30,0,614.9099731445312,1.053812799109848,2025-06-29 12:49:52.353214,6,6,1.0061728395061729,0.01,0.005,0.005,0.0,0.0,0.0,0.0
SPY250630C00650000,2025-06-24 15:48:38+00:00,650.0,0.01,0.0,0.01,0.0,0.0,73.0,9969,0.2695385546875,False,REGULAR,USD,SPY,2025-06-30,0,614.9099731445312,1.057065307749076,2025-06-29 12:49:52.353214,6,6,0.007321965897693079,0.01,0.005,0.005,0.0,0.0,0.0,0.0
SPY250630C00655000,2025-06-25 16:27:21+00:00,655.0,0.01,0.0,0.01,0.0,0.0,1.0,1806,0.304694453125,False,REGULAR,USD,SPY,2025-06-30,0,614.9099731445312,1.0651965793471458,2025-06-29 12:49:52.353214,6,6,0.0005534034311012728,0.01,0.005,0.005,0.0,0.0,0.0,0.0
SPY250630C00660000,2025-06-25 16:14:23+00:00,660.0,0.01,0.0,0.01,0.0,0.0,1.0,3747,0.335944140625,False,REGULAR,USD,SPY,2025-06-30,0,614.9099731445312,1.0733278509452158,2025-06-29 12:49:52.353214,6,6,0.00026680896478121667,0.01,0.005,0.005,0.0,0.0,0.0,0.0
SPY250630C00665000,2025-06-20 17:57:14+00:00,665.0,0.01,0.0,0.01,0.0,0.0,1.0,10630,0.367193828125,False,REGULAR,USD,SPY,2025-06-30,0,614.9099731445312,1.0814591225432857,2025-06-29 12:49:52.353214,6,6,9.406452826639074e-05,0.01,0.005,0.005,0.0,0.0,0.0,0.0
SPY250630C00670000,2025-06-17 17:56:55+00:00,670.0,0.01,0.0,0.01,0.0,0.0,1.0,3103,0.398443515625,False,REGULAR,USD,SPY,2025-06-30,0,614.9099731445312,1.0895903941413554,2025-06-29 12:49:52.353214,6,6,0.00032216494845360824,0.01,0.005,0.005,0.0,0.0,0.0,0.0
SPY250630C00675000,2025-06-17 14:35:08+00:00,675.0,0.02,0.0,0.01,0.0,0.0,1.0,7348,0.429693203125,False,REGULAR,USD,SPY,2025-06-30,0,614.9099731445312,1.097721665739425,2025-06-29 12:49:52.353214,6,6,0.00013607293509320997,0.01,0.005,0.015,0.0,0.0,0.0,0.0
SPY250630C00680000,2025-06-24 18:53:39+00:00,680.0,0.01,0.0,0.01,0.0,0.0,1.0,6304,0.460942890625,False,REGULAR,USD,SPY,2025-06-30,0,614.9099731445312,1.105852937337495,2025-06-29 12:49:52.353214,6,6,0.00015860428231562253,0.01,0.005,0.005,0.0,0.0,0.0,0.0
SPY250630C00685000,2025-06-10 18:44:01+00:00,685.0,0.01,0.0,0.01,0.0,0.0,19.0,620,0.492192578125,False,REGULAR,USD,SPY,2025-06-30,0,614.9099731445312,1.1139842089355647,2025-06-29 12:49:52.353214,6,6,0.030595813204508857,0.01,0.005,0.005,0.0,0.0,0.0,0.0
SPY250630C00690000,2025-06-02 13:30:00+00:00,690.0,0.02,0.0,0.01,0.0,0.0,1.0,1141,0.523442265625,False,REGULAR,USD,SPY,2025-06-30,0,614.9099731445312,1.1221154805336346,2025-06-29 12:49:52.353214,6,6,0.0008756567425569177,0.01,0.005,0.015,0.0,0.0,0.0,0.0
SPY250630C00695000,2025-06-06 16:22:50+00:00,695.0,0.01,0.0,0.01,0.0,0.0,14.0,2140,0.51562984375,False,REGULAR,USD,SPY,2025-06-30,0,614.9099731445312,1.1302467521317043,2025-06-29 12:49:52.353214,6,6,0.006539000467071462,0.01,0.005,0.005,0.0,0.0,0.0,0.0
SPY250630C00700000,2025-06-27 19:44:21+00:00,700.0,0.01,0.0,0.01,0.0,0.0,264.0,13994,0.5468795312500001,False,REGULAR,USD,SPY,2025-06-30,0,614.9099731445312,1.1383780237297745,2025-06-29 12:49:52.353214,6,6,0.018863879957127544,0.01,0.005,0.005,0.0,0.0,0.0,0.0
SPY250630C00705000,2025-06-06 15:20:00+00:00,705.0,0.01,0.0,0.01,0.0,0.0,102.0,1647,0.57812921875,False,REGULAR,USD,SPY,2025-06-30,0,614.9099731445312,1.146509295327844,2025-06-29 12:49:52.353214,6,6,0.061893203883495146,0.01,0.005,0.005,0.0,0.0,0.0,0.0
SPY250630C00710000,2025-06-04 16:05:44+00:00,710.0,0.01,0.0,0.01,0.0,0.0,202.0,2021,0.5937540625000001,False,REGULAR,USD,SPY,2025-06-30,0,614.9099731445312,1.154640566925914,2025-06-29 12:49:52.353214,6,6,0.09990108803165183,0.01,0.005,0.005,0.0,0.0,0.0,0.0
SPY250630C00715000,2025-06-24 19:11:40+00:00,715.0,0.01,0.0,0.01,0.0,0.0,80.0,932,0.6250037500000001,False,REGULAR,USD,SPY,2025-06-30,0,614.9099731445312,1.1627718385239836,2025-06-29 12:49:52.353214,6,6,0.0857449088960343,0.01,0.005,0.005,0.0,0.0,0.0,0.0
SPY250630C00720000,2025-06-04 18:03:58+00:00,720.0,0.01,0.0,0.01,0.0,0.0,6.0,2143,0.6562534375000001,False,REGULAR,USD,SPY,2025-06-30,0,614.9099731445312,1.1709031101220535,2025-06-29 12:49:52.353214,6,6,0.002798507462686567,0.01,0.005,0.005,0.0,0.0,0.0,0.0
SPY250630C00725000,2025-05-20 14:36:55+00:00,725.0,0.01,0.0,0.01,0.0,0.0,317.0,1063,0.6875031250000001,False,REGULAR,USD,SPY,2025-06-30,0,614.9099731445312,1.1790343817201232,2025-06-29 12:49:52.353214,6,6,0.29793233082706766,0.01,0.005,0.005,0.0,0.0,0.0,0.0
SPY250630C00730000,2025-05-27 19:16:56+00:00,730.0,0.01,0.0,0.0,0.0,0.0,1.0,0,0.500005,False,REGULAR,USD,SPY,2025-06-30,0,614.9099731445312,1.1871656533181931,2025-06-29 12:49:52.353214,6,6,1.0,0.0,0.0,0.01,0.0,0.0,0.0,0.0
SPY250630C00735000,2025-06-18 13:30:01+00:00,735.0,0.01,0.0,0.01,0.0,0.0,100.0,44685,0.73437765625,False,REGULAR,USD,SPY,2025-06-30,0,614.9099731445312,1.1952969249162628,2025-06-29 12:49:52.353214,6,6,0.0022378373539811126,0.01,0.005,0.005,0.0,0.0,0.0,0.0
SPY250701C00450000,2025-06-27 15:44:52+00:00,450.0,165.93,163.58,165.7,4.64,2.8768058,2.0,0,1.7568371533203124,True,REGULAR,USD,SPY,2025-07-01,1,614.9099731445312,0.7318144438262834,2025-06-29 12:49:52.498298,6,6,2.0,2.119999999999976,164.64,1.2900000000000205,0.99971217876577,1.8820758569851308e-05,-0.09169905386601859,0.00034253017796855023
SPY250701C00500000,2025-06-26 16:40:41+00:00,500.0,111.35,113.59,115.72,0.0,0.0,1.0,21,1.241703010253906,True,REGULAR,USD,SPY,2025-07-01,1,614.9099731445312,0.8131271598069816,2025-06-29 12:49:52.498298,6,6,0.045454545454545456,2.1299999999999955,114.655,-3.305000000000007,0.9993534210485846,5.639765585894816e-05,-0.1134681675533999,0.0007254525245574971
SPY250701C00530000,2025-06-27 15:44:52+00:00,530.0,85.98,83.61,85.73,4.600006,5.652502,2.0,1,0.9448247705078124,True,REGULAR,USD,SPY,2025-07-01,1,614.9099731445312,0.8619147893954004,2025-06-29 12:49:52.498298,6,6,1.0,2.1200000000000045,84.67,1.3100000000000023,0.9987863624528959,0.00013222311478571384,-0.13362697305457127,0.001294162655410724
SPY250701C00540000,2025-06-24 17:48:55+00:00,540.0,67.7,73.61,75.74,0.0,0.0,1.0,1,0.8479019116210937,True,REGULAR,USD,SPY,2025-07-01,1,614.9099731445312,0.8781773325915401,2025-06-29 12:49:52.498298,6,6,0.5,2.1299999999999955,74.675,-6.974999999999994,0.9984231376556538,0.00018714257439175565,-0.14351690448899196,0.0016437979070362107
SPY250701C00545000,2025-06-20 13:58:13+00:00,545.0,53.44,68.61,70.74,0.0,0.0,3.0,2,0.7983418603515625,True,REGULAR,USD,SPY,2025-07-01,1,614.9099731445312,0.8863086041896099,2025-06-29 12:49:52.498298,6,6,1.0,2.1299999999999955,69.675,-16.235,0.998206592686696,0.000223469088193312,-0.14826705900516104,0.0018481472396093572
SPY250701C00555000,2025-06-23 16:48:38+00:00,555.0,40.31,58.7,60.42,0.0,0.0,1.0,138,0.6362341064453125,True,REGULAR,USD,SPY,2025-07-01,1,614.9099731445312,0.9025711473857496,2025-06-29 12:49:52.498298,6,6,0.007194244604316547,1.7199999999999989,59.56,-19.25,0.9990287618955729,0.00016008040919160836,-0.10949830273010439,0.0010550798806667917
SPY250701C00560000,2025-06-20 13:30:04+00:00,560.0,39.35,53.62,55.75,0.0,0.0,1.0,49,0.6518589501953126,True,REGULAR,USD,SPY,2025-07-01,1,614.9099731445312,0.9107024189838192,2025-06-29 12:49:52.498298,6,6,0.02,2.1300000000000026,54.685,-15.335,0.9971325003055892,0.0004186782050442489,-0.16860618367115318,0.002827249889405407
SPY250701C00565000,2025-06-23 16:48:38+00:00,565.0,30.34,48.63,50.76,0.0,0.0,2.0,3,0.603763728027344,True,REGULAR,USD,SPY,2025-07-01,1,614.9099731445312,0.9188336905818892,2025-06-29 12:49:52.498298,6,6,0.5,2.1299999999999955,49.695,-19.355,0.996519781127475,0.000538098808852488,-0.17869124759307,0.0033655748880359088
SPY250701C00570000,2025-06-26 13:33:25+00:00,570.0,39.33,43.63,45.76,0.0,0.0,1.0,13,0.5537154003906251,True,REGULAR,USD,SPY,2025-07-01,1,614.9099731445312,0.9269649621799588,2025-06-29 12:49:52.498298,6,6,0.07142857142857142,2.1299999999999955,44.695,-5.365000000000002,0.995804603804285,0.0006937385935531733,-0.18788639063032597,0.0039793548438785565
SPY250701C00572000,2025-06-26 14:20:17+00:00,572.0,37.84,41.64,43.76,0.0,0.0,2.0,36,0.5336960693359375,True,REGULAR,USD,SPY,2025-07-01,1,614.9099731445312,0.9302174708191868,2025-06-29 12:49:52.498298,6,6,0.05405405405405406,2.1199999999999974,42.7,-4.859999999999999,0.9954509942572863,0.0007737362626191923,-0.19211024959266962,0.004277767384338608
SPY250701C00574000,2025-06-27 18:16:06+00:00,574.0,39.85,39.64,41.77,2.47,6.607812,1.0,2,0.5148974291992188,True,REGULAR,USD,SPY,2025-07-01,1,614.9099731445312,0.9334699794584148,2025-06-29 12:49:52.498298,6,6,0.3333333333333333,2.1300000000000026,40.705,-0.8549999999999969,0.9949599181662635,0.0008787452300664031,-0.19886265089872343,0.004687204623372123
SPY250701C00575000,2025-06-23 16:48:38+00:00,575.0,21.01,38.64,40.77,0.0,0.0,1.0,4,0.5046436254882812,True,REGULAR,USD,SPY,2025-07-01,1,614.9099731445312,0.9350962337780288,2025-06-29 12:49:52.498298,6,6,0.2,2.1300000000000026,39.705,-18.694999999999997,0.994749938874127,0.0009297725425751384,-0.20095441881609233,0.004860620539556437
SPY250701C00576000,2025-06-24 18:13:06+00:00,576.0,31.82,37.64,39.77,0.0,0.0,1.0,5,0.4946339599609375,True,REGULAR,USD,SPY,2025-07-01,1,614.9099731445312,0.9367224880976428,2025-06-29 12:49:52.498298,6,6,0.16666666666666666,2.1300000000000026,38.705,-6.884999999999998,0.9945055015623891,0.0009877545245457239,-0.2036014816114343,0.00506131266958159
SPY250701C00578000,2025-06-27 15:12:54+00:00,578.0,37.48,35.64,37.77,14.43,62.60304,4.0,4,0.4741263525390625,True,REGULAR,USD,SPY,2025-07-01,1,614.9099731445312,0.9399749967368708,2025-06-29 12:49:52.498298,6,6,0.8,2.1300000000000026,36.705,0.7749999999999986,0.9940022438229417,0.0011138303380361693,-0.2083482425339191,0.0054707056304527804
SPY250701C00579000,2025-06-27 15:51:13+00:00,579.0,37.28,34.64,36.77,6.8099995,22.349852,1.0,4,0.463872548828125,True,REGULAR,USD,SPY,2025-07-01,1,614.9099731445312,0.9416012510564846,2025-06-29 12:49:52.498298,6,6,0.2,2.1300000000000026,35.705,1.5750000000000028,0.9937211591493942,0.001185595543614735,-0.2109110748222176,0.005697252137184595
SPY250701C00580000,2025-06-27 18:32:02+00:00,580.0,32.66,33.65,35.77,0.5,1.5547264,13.0,7,0.4536187451171874,True,REGULAR,USD,SPY,2025-07-01,1,614.9099731445312,0.9432275053760986,2025-06-29 12:49:52.498298,6,6,1.625,2.1200000000000045,34.71,-2.0500000000000043,0.9934175037812426,0.0012641330956442232,-0.21361571271364352,0.0059403769414044
SPY250701C00583000,2025-06-26 15:19:43+00:00,583.0,28.12,30.65,32.78,0.0,0.0,51.0,26,0.4240780249023437,True,REGULAR,USD,SPY,2025-07-01,1,614.9099731445312,0.9481062683349404,2025-06-29 12:49:52.498298,6,6,1.8888888888888888,2.1300000000000026,31.715,-3.594999999999999,0.9921960538345947,0.0015712440919681439,-0.2255542476489795,0.006902710119959727
SPY250701C00584000,2025-06-26 14:15:26+00:00,584.0,25.76,29.65,31.78,0.0,0.0,2.0,5,0.4135800830078124,True,REGULAR,USD,SPY,2025-07-01,1,614.9099731445312,0.9497325226545544,2025-06-29 12:49:52.498298,6,6,0.3333333333333333,2.1300000000000026,30.715,-4.954999999999998,0.9917937062522061,0.0016839323008059827,-0.22848428872318646,0.007214636471020488
SPY250701C00585000,2025-06-27 18:30:54+00:00,585.0,27.33,28.66,30.78,1.1499996,4.3926644,8.0,24,0.403326279296875,True,REGULAR,USD,SPY,2025-07-01,1,614.9099731445312,0.9513587769741684,2025-06-29 12:49:52.498298,6,6,0.32,2.120000000000001,29.72,-2.3900000000000006,0.9913208671913071,0.0018137693992698867,-0.23221506679644727,0.007578247759355343
SPY250701C00586000,2025-06-24 14:29:57+00:00,586.0,19.72,27.66,29.79,0.0,0.0,1.0,7,0.3938048901367187,True,REGULAR,USD,SPY,2025-07-01,1,614.9099731445312,0.9529850312937824,2025-06-29 12:49:52.498298,6,6,0.125,2.129999999999999,28.725,-9.005000000000003,0.9906933596744946,0.001974756655746894,-0.23810016782461807,0.008056100961480643
SPY250701C00587000,2025-06-27 18:47:34+00:00,587.0,25.33,26.66,28.79,0.010000229,0.039495375,1.0,9,0.3833069482421875,True,REGULAR,USD,SPY,2025-07-01,1,614.9099731445312,0.9546112856133964,2025-06-29 12:49:52.498298,6,6,0.1,2.129999999999999,27.725,-2.395000000000003,0.9901521659878569,0.0021316024741615818,-0.24178304141534082,0.008464145430085135
SPY250701C00588000,2025-06-27 18:47:34+00:00,588.0,24.34,25.67,27.79,5.3199997,27.970556,1.0,17,0.3728090063476562,True,REGULAR,USD,SPY,2025-07-01,1,614.9099731445312,0.9562375399330104,2025-06-29 12:49:52.498298,6,6,0.05555555555555555,2.1199999999999974,26.73,-2.3900000000000006,0.9895553848364887,0.0023070588571169823,-0.24573672172801012,0.008909950249668631
SPY250701C00589000,2025-06-27 18:47:34+00:00,589.0,23.32,25.61,25.77,5.119999,28.13186,2.0,25,1.0000000000000004e-05,True,REGULAR,USD,SPY,2025-07-01,1,614.9099731445312,0.9578637942526242,2025-06-29 12:49:52.498298,6,6,0.07692307692307693,0.16000000000000014,25.689999999999998,-2.3699999999999974,1.0,0.0,-0.08067387953350767,0.0
SPY250701C00590000,2025-06-27 18:47:35+00:00,590.0,22.23,24.63,24.77,0.3599987,1.6460845,19.0,240,1.0000000000000004e-05,True,REGULAR,USD,SPY,2025-07-01,1,614.9099731445312,0.9594900485722382,2025-06-29 12:49:52.498298,6,6,0.07883817427385892,0.14000000000000057,24.7,-2.469999999999999,1.0,0.0,-0.080810847070916,0.0
SPY250701C00591000,2025-06-27 18:47:35+00:00,591.0,21.24,23.62,23.78,1.1399994,5.6716385,7.0,255,1.0000000000000004e-05,True,REGULAR,USD,SPY,2025-07-01,1,614.9099731445312,0.9611163028918522,2025-06-29 12:49:52.498298,6,6,0.02734375,0.16000000000000014,23.700000000000003,-2.4600000000000044,1.0,0.0,-0.08094781460832433,0.0
SPY250701C00592000,2025-06-27 18:47:35+00:00,592.0,20.26,22.63,22.78,2.4899998,14.012379,8.0,579,1.0000000000000004e-05,True,REGULAR,USD,SPY,2025-07-01,1,614.9099731445312,0.9627425572114662,2025-06-29 12:49:52.498298,6,6,0.013793103448275862,0.15000000000000213,22.705,-2.4449999999999967,1.0,0.0,-0.08108478214573267,0.0
SPY250701C00593000,2025-06-27 18:47:35+00:00,593.0,19.27,21.65,21.79,0.59000015,3.1584592,26.0,1230,1.0000000000000004e-05,True,REGULAR,USD,SPY,2025-07-01,1,614.9099731445312,0.96436881153108,2025-06-29 12:49:52.498298,6,6,0.021121039805036556,0.14000000000000057,21.72,-2.4499999999999993,1.0,0.0,-0.081221749683141,0.0
SPY250701C00594000,2025-06-27 18:47:35+00:00,594.0,18.3,20.66,20.8,0.3599987,2.0066817,21.0,1073,1.0000000000000004e-05,True,REGULAR,USD,SPY,2025-07-01,1,614.9099731445312,0.965995065850694,2025-06-29 12:49:52.498298,6,6,0.019553072625698324,0.14000000000000057,20.73,-2.4299999999999997,1.0,0.0,-0.08135871722054934,0.0
SPY250701C00595000,2025-06-27 18:47:35+00:00,595.0,17.33,19.66,19.81,0.37000084,2.1816087,59.0,1920,1.0000000000000004e-05,True,REGULAR,USD,SPY,2025-07-01,1,614.9099731445312,0.967621320170308,2025-06-29 12:49:52.498298,6,6,0.03071317022384175,0.14999999999999858,19.735,-2.405000000000001,1.0,0.0,-0.08149568475795767,0.0
SPY250701C00596000,2025-06-27 18:47:34+00:00,596.0,16.49,18.67,18.82,-0.38000107,-2.2525256,12.0,765,1.0000000000000004e-05,True,REGULAR,USD,SPY,2025-07-01,1,614.9099731445312,0.969247574489922,2025-06-29 12:49:52.498298,6,6,0.015665796344647518,0.14999999999999858,18.745,-2.2550000000000026,1.0,0.0,-0.081632652295366,0.0
SPY250701C00597000,2025-06-27 19:59:35+00:00,597.0,18.21,17.7,17.84,3.0099993,19.802628,77.0,737,1.0000000000000004e-05,True,REGULAR,USD,SPY,2025-07-01,1,614.9099731445312,0.970873828809536,2025-06-29 12:49:52.498298,6,6,0.1043360433604336,0.14000000000000057,17.77,0.4400000000000013,1.0,0.0,-0.08176961983277434,0.0
SPY250701C00598000,2025-06-27 19:58:41+00:00,598.0,17.16,16.7,16.86,2.8400002,19.832403,25.0,1217,1.0000000000000004e-05,True,REGULAR,USD,SPY,2025-07-01,1,614.9099731445312,0.97250008312915,2025-06-29 12:49:52.498298,6,6,0.020525451559934318,0.16000000000000014,16.78,0.379999999999999,1.0,0.0,-0.08190658737018267,0.0
SPY250701C00599000,2025-06-27 20:07:13+00:00,599.0,15.72,15.74,15.87,2.42,18.19549,28.0,845,1.0000000000000004e-05,True,REGULAR,USD,SPY,2025-07-01,1,614.9099731445312,0.974126337448764,2025-06-29 12:49:52.498298,6,6,0.03309692671394799,0.129999999999999,15.805,-0.08499999999999908,1.0,0.0,-0.082043554907591,0.0
SPY250701C00600000,2025-06-27 19:59:34+00:00,600.0,15.34,14.75,14.9,2.54,19.84375,99.0,1261,1.0000000000000004e-05,True,REGULAR,USD,SPY,2025-07-01,1,614.9099731445312,0.975752591768378,2025-06-29 12:49:52.498298,6,6,0.07844690966719493,0.15000000000000036,14.825,0.5150000000000006,1.0,0.0,-0.08218052244499932,0.0
SPY250701C00601000,2025-06-27 20:01:05+00:00,601.0,13.85,13.78,13.93,2.58,22.892633,29.0,262,0.10743080078125,True,REGULAR,USD,SPY,2025-07-01,1,614.9099731445312,0.977378846087992,2025-06-29 12:49:52.498298,6,6,0.11026615969581749,0.15000000000000036,13.855,-0.005000000000000782,0.9999790013361988,2.6219270758763443e-05,-0.08247245846983062,2.917961991693414e-05
SPY250701C00602000,2025-06-27 19:51:32+00:00,602.0,12.03,12.83,12.96,1.5599995,14.899709,30.0,340,0.11524322265625,True,REGULAR,USD,SPY,2025-07-01,1,614.9099731445312,0.9790051004076058,2025-06-29 12:49:52.498298,6,6,0.08797653958944282,0.13000000000000078,12.895,-0.8650000000000002,0.9998024291399915,0.00020199467469635254,-0.08382732984273876,0.00024114903240668028
SPY250701C00603000,2025-06-27 20:03:55+00:00,603.0,12.05,11.86,12.0,1.8400002,18.02155,35.0,776,0.1186611572265625,True,REGULAR,USD,SPY,2025-07-01,1,614.9099731445312,0.9806313547272196,2025-06-29 12:49:52.498298,6,6,0.04504504504504504,0.14000000000000057,11.93,0.120000000000001,0.99924873505555,0.000677746183207991,-0.08747096594984623,0.0008331167558312487
SPY250701C00604000,2025-06-27 20:00:08+00:00,604.0,11.0,10.91,11.05,1.6400003,17.521372,186.0,319,0.1201259863281249,True,REGULAR,USD,SPY,2025-07-01,1,614.9099731445312,0.9822576090468336,2025-06-29 12:49:52.498298,6,6,0.58125,0.14000000000000057,10.98,0.019999999999999574,0.9979607971382852,0.001668987928340059,-0.09503092603862949,0.002076922883174314
SPY250701C00605000,2025-06-27 19:51:10+00:00,605.0,9.34,9.97,10.11,1.3199997,16.458849,149.0,927,0.1203701245117187,True,REGULAR,USD,SPY,2025-07-01,1,614.9099731445312,0.9838838633664476,2025-06-29 12:49:52.498298,6,6,0.16056034482758622,0.1399999999999988,10.04,-0.6999999999999993,0.9953882720951285,0.0034727756747038336,-0.10853852288782598,0.004330376425910508
SPY250701C00606000,2025-06-27 20:01:58+00:00,606.0,9.2,9.05,9.18,2.1399999,30.311615,207.0,924,0.1191494335937499,True,REGULAR,USD,SPY,2025-07-01,1,614.9099731445312,0.9855101176860616,2025-06-29 12:49:52.498298,6,6,0.22378378378378377,0.129999999999999,9.115,0.08499999999999908,0.9909960436376951,0.006340621442627038,-0.12886699294889284,0.007826255400795706
SPY250701C00607000,2025-06-27 19:56:20+00:00,607.0,8.49,8.14,8.26,2.3199997,37.60129,632.0,1648,0.117196328125,True,REGULAR,USD,SPY,2025-07-01,1,614.9099731445312,0.9871363720056756,2025-06-29 12:49:52.498298,6,6,0.38326258338386904,0.11999999999999922,8.2,0.2900000000000009,0.9836598955686442,0.010804547575252198,-0.1586259618363345,0.013117491771877434
SPY250701C00608000,2025-06-27 20:04:11+00:00,608.0,7.37,7.26,7.37,1.9499998,35.977856,1714.0,1279,0.1157314990234375,True,REGULAR,USD,SPY,2025-07-01,1,614.9099731445312,0.9887626263252896,2025-06-29 12:49:52.498298,6,6,1.3390625,0.11000000000000032,7.3149999999999995,0.055000000000000604,0.9707019529266585,0.017911289184034986,-0.20506225678757586,0.021473786627239887
SPY250701C00609000,2025-06-27 20:09:07+00:00,609.0,6.56,6.4,6.5,1.8299999,38.689217,770.0,1291,0.1135342553710937,True,REGULAR,USD,SPY,2025-07-01,1,614.9099731445312,0.9903888806449036,2025-06-29 12:49:52.498298,6,6,0.5959752321981424,0.09999999999999964,6.45,0.10999999999999943,0.950646610742051,0.027932268394027283,-0.2657376797015741,0.032852114787960775
SPY250701C00610000,2025-06-27 20:10:57+00:00,610.0,5.72,5.58,5.66,1.7199998,42.999996,2637.0,2178,0.1112149426269531,True,REGULAR,USD,SPY,2025-07-01,1,614.9099731445312,0.9920151349645177,2025-06-29 12:49:52.498298,6,6,1.2101881597062873,0.08000000000000007,5.62,0.09999999999999964,0.9197843157174567,0.04161673553396707,-0.343396506951819,0.04794699151125173
SPY250701C00611000,2025-06-27 20:14:48+00:00,611.0,4.81,4.78,4.85,1.4199998,41.8879,4248.0,1499,0.1085294226074218,True,REGULAR,USD,SPY,2025-07-01,1,614.9099731445312,0.9936413892841316,2025-06-29 12:49:52.498298,6,6,2.832,0.0699999999999994,4.8149999999999995,-0.004999999999999893,0.8749005526526773,0.058964002398603825,-0.4328542624513198,0.06629253963863105
SPY250701C00612000,2025-06-27 20:13:26+00:00,612.0,4.11,4.04,4.09,1.2900002,45.74469,7258.0,1304,0.1060880407714843,True,REGULAR,USD,SPY,2025-07-01,1,614.9099731445312,0.9952676436037454,2025-06-29 12:49:52.498298,6,6,5.5616858237547895,0.04999999999999982,4.0649999999999995,0.04500000000000082,0.8110304477191326,0.0792080656687475,-0.5296030216109003,0.0870494528692726
SPY250701C00613000,2025-06-27 20:10:21+00:00,613.0,3.41,3.35,3.38,1.0600002,45.10639,9990.0,1356,0.1035245898437499,True,REGULAR,USD,SPY,2025-07-01,1,614.9099731445312,0.9968938979233594,2025-06-29 12:49:52.498298,6,6,7.361827560795874,0.029999999999999805,3.365,0.04499999999999993,0.7264455665106916,0.09988051546018512,-0.6152987068573427,0.10711603852890374
SPY250701C00614000,2025-06-27 20:14:46+00:00,614.0,2.72,2.71,2.74,0.85,45.454548,12426.0,4728,0.1015104498291015,True,REGULAR,USD,SPY,2025-07-01,1,614.9099731445312,0.9985201522429732,2025-06-29 12:49:52.498298,6,6,2.6276168323112707,0.03000000000000025,2.725,-0.004999999999999893,0.6206401024172298,0.11647873512700757,-0.6737065485496738,0.12248632581791691
SPY250701C00615000,2025-06-27 20:14:53+00:00,615.0,2.16,2.14,2.17,0.6700001,44.966446,21244.0,9735,0.0995573443603515,False,REGULAR,USD,SPY,2025-07-01,1,614.9099731445312,1.0001464065625874,2025-06-29 12:49:52.498298,6,6,2.1820049301561215,0.029999999999999805,2.1550000000000002,0.004999999999999893,0.5003190942717863,0.12450062130915085,-0.6811421592025614,0.12840295886082784
SPY250701C00616000,2025-06-27 20:14:40+00:00,616.0,1.63,1.64,1.66,0.48000002,41.739132,16591.0,3377,0.0970549279785156,False,REGULAR,USD,SPY,2025-07-01,1,614.9099731445312,1.0017726608822013,2025-06-29 12:49:52.498298,6,6,4.911486086441681,0.020000000000000018,1.65,-0.020000000000000018,0.3748144580607692,0.12137029695868048,-0.6236333968836747,0.12202820289154521
SPY250701C00617000,2025-06-27 20:14:49+00:00,617.0,1.23,1.22,1.23,0.35000002,39.77273,7627.0,4140,0.0948576843261718,False,REGULAR,USD,SPY,2025-07-01,1,614.9099731445312,1.0033989152018152,2025-06-29 12:49:52.498298,6,6,1.8418256459792322,0.010000000000000009,1.225,0.004999999999999893,0.25677144341563063,0.10555650461280852,-0.5135250057425608,0.10372602336609685
SPY250701C00618000,2025-06-27 20:14:37+00:00,618.0,0.86,0.86,0.89,0.22000003,34.375008,7469.0,464,0.0932707861328125,False,REGULAR,USD,SPY,2025-07-01,1,614.9099731445312,1.0050251695214292,2025-06-29 12:49:52.498298,6,6,16.06236559139785,0.030000000000000027,0.875,-0.015000000000000013,0.15956565681678164,0.08090585832635659,-0.37796851064034853,0.0781728266993975
SPY250701C00619000,2025-06-27 20:14:39+00:00,619.0,0.6,0.6,0.61,0.120000035,25.00001,9712.0,990,0.0910735424804687,False,REGULAR,USD,SPY,2025-07-01,1,614.9099731445312,1.0066514238410431,2025-06-29 12:49:52.498298,6,6,9.800201816347125,0.010000000000000009,0.605,-0.0050000000000000044,0.08698393439516838,0.05401004583140045,-0.23934902788498644,0.050956194272946016
SPY250701C00620000,2025-06-27 20:14:53+00:00,620.0,0.41,0.4,0.41,0.07999998,24.242418,9528.0,934,0.0898528515625,False,REGULAR,USD,SPY,2025-07-01,1,614.9099731445312,1.008277678160657,2025-06-29 12:49:52.498298,6,6,10.190374331550801,0.009999999999999953,0.405,0.004999999999999949,0.0425964377063781,0.03135586052836344,-0.13470535770331984,0.02918641797811653
SPY250701C00621000,2025-06-27 20:15:00+00:00,621.0,0.27,0.26,0.27,0.040000007,17.391306,11091.0,2201,0.0892425061035156,False,REGULAR,USD,SPY,2025-07-01,1,614.9099731445312,1.009903932480271,2025-06-29 12:49:52.498298,6,6,5.036784741144414,0.010000000000000009,0.265,0.0050000000000000044,0.018848466580578448,0.016028445411971848,-0.06770533561516275,0.014818128936208111
SPY250701C00622000,2025-06-27 20:14:05+00:00,622.0,0.17,0.16,0.17,0.030000001,21.428572,4536.0,879,0.0883880224609375,False,REGULAR,USD,SPY,2025-07-01,1,614.9099731445312,1.0115301867998852,2025-06-29 12:49:52.498298,6,6,5.154545454545454,0.010000000000000009,0.165,0.0050000000000000044,0.007221428913256017,0.007040741290462351,-0.02909822281260806,0.006446767580472483
SPY250701C00623000,2025-06-27 20:13:31+00:00,623.0,0.1,0.1,0.11,-0.019999996,-16.666664,3239.0,470,0.088876298828125,False,REGULAR,USD,SPY,2025-07-01,1,614.9099731445312,1.013156441119499,2025-06-29 12:49:52.498298,6,6,6.876857749469214,0.009999999999999995,0.10500000000000001,-0.0050000000000000044,0.0027354740858760085,0.002942920909369671,-0.012270771862610491,0.002709534969569847
SPY250701C00624000,2025-06-27 20:13:48+00:00,624.0,0.06,0.06,0.07,-0.010000002,-14.285716,1666.0,488,0.0893645751953125,False,REGULAR,USD,SPY,2025-07-01,1,614.9099731445312,1.014782695439113,2025-06-29 12:49:52.498298,6,6,3.406952965235174,0.010000000000000009,0.065,-0.0050000000000000044,0.0009494989019340059,0.0011162508956928713,-0.004697227563783879,0.0010333737490358756
SPY250701C00625000,2025-06-27 20:12:54+00:00,625.0,0.04,0.04,0.05,0.0,0.0,3687.0,388,0.09180595703125,False,REGULAR,USD,SPY,2025-07-01,1,614.9099731445312,1.016408949758727,2025-06-29 12:49:52.498298,6,6,9.478149100257069,0.010000000000000002,0.045,-0.0049999999999999975,0.00039524015138494027,0.0004836668890638263,-0.002144737669407807,0.00045998898168054435
SPY250701C00626000,2025-06-27 20:05:57+00:00,626.0,0.02,0.03,0.04,-0.01,-33.333336,1752.0,564,0.0962004443359375,False,REGULAR,USD,SPY,2025-07-01,1,614.9099731445312,1.018035204078341,2025-06-29 12:49:52.498298,6,6,3.1008849557522122,0.010000000000000002,0.035,-0.015000000000000003,0.00021571471089862053,0.00026267359038286054,-0.0012772782998664034,0.0002617723052758601
SPY250701C00627000,2025-06-27 19:58:30+00:00,627.0,0.02,0.02,0.03,0.0,0.0,1114.0,772,0.0991301025390625,False,REGULAR,USD,SPY,2025-07-01,1,614.9099731445312,1.0196614583979549,2025-06-29 12:49:52.498298,6,6,1.441138421733506,0.009999999999999998,0.025,-0.005000000000000001,9.823455930545074e-05,0.00012200834621590481,-0.0006292777023422517,0.00012529256640946506
SPY250701C00628000,2025-06-27 20:07:13+00:00,628.0,0.01,0.02,0.03,-0.01,-50.0,129.0,1041,0.106454248046875,False,REGULAR,USD,SPY,2025-07-01,1,614.9099731445312,1.0212877127175688,2025-06-29 12:49:52.498298,6,6,0.1238003838771593,0.009999999999999998,0.025,-0.015000000000000001,8.737759956397856e-05,0.00010176958901686387,-0.0006047215760965318,0.00011223058496961553
SPY250701C00629000,2025-06-27 20:14:28+00:00,629.0,0.02,0.01,0.02,0.0,0.0,450.0,43,0.10743080078125,False,REGULAR,USD,SPY,2025-07-01,1,614.9099731445312,1.0229139670371827,2025-06-29 12:49:52.498298,6,6,10.227272727272727,0.01,0.015,0.005000000000000001,3.143768436548774e-05,3.84341526646009e-05,-0.00023240516037899669,4.277365213171047e-05
SPY250701C00630000,2025-06-27 19:25:35+00:00,630.0,0.02,0.01,0.02,0.0,0.0,1623.0,316,0.1132901171875,False,REGULAR,USD,SPY,2025-07-01,1,614.9099731445312,1.024540221356797,2025-06-29 12:49:52.498298,6,6,5.1198738170347005,0.01,0.015,0.005000000000000001,2.4287973120524675e-05,2.8542738989516646e-05,-0.00019179236207970198,3.3497923113586765e-05
SPY250701C00631000,2025-06-27 19:36:34+00:00,631.0,0.01,0.01,0.02,0.0,0.0,72.0,334,0.1201259863281249,False,REGULAR,USD,SPY,2025-07-01,1,614.9099731445312,1.0261664756764106,2025-06-29 12:49:52.498298,6,6,0.21492537313432836,0.01,0.015,-0.004999999999999999,2.221937601120293e-05,2.473955326416659e-05,-0.00018678141060618643,3.0786408590121446e-05
SPY250701C00632000,2025-06-27 19:23:44+00:00,632.0,0.01,0.01,0.02,-0.01,-50.0,105.0,306,0.12696185546875,False,REGULAR,USD,SPY,2025-07-01,1,614.9099731445312,1.0277927299960248,2025-06-29 12:49:52.498298,6,6,0.34201954397394135,0.01,0.015,-0.004999999999999999,2.055089176175655e-05,2.17367327445423e-05,-0.00018321366106599916,2.8588919101075905e-05
SPY250701C00633000,2025-06-27 19:51:43+00:00,633.0,0.01,0.01,0.02,0.0,0.0,4.0,0,0.132821171875,False,REGULAR,USD,SPY,2025-07-01,1,614.9099731445312,1.0294189843156387,2025-06-29 12:49:52.498298,6,6,4.0,0.01,0.015,-0.004999999999999999,1.6814300151808287e-05,1.717357521307748e-05,-0.0001583404188591843,2.362970138757206e-05
SPY250701C00634000,2025-06-27 19:11:40+00:00,634.0,0.01,0.01,0.02,0.0,0.0,114.0,0,0.13868048828125,False,REGULAR,USD,SPY,2025-07-01,1,614.9099731445312,1.0310452386352529,2025-06-29 12:49:52.498298,6,6,114.0,0.01,0.015,-0.004999999999999999,1.3989346942410901e-05,1.381024272483409e-05,-0.00013874922442153504,1.9840238250643575e-05
SPY250701C00635000,2025-06-27 20:01:05+00:00,635.0,0.02,0.01,0.02,0.01,100.0,115.0,553,0.145516357421875,False,REGULAR,USD,SPY,2025-07-01,1,614.9099731445312,1.0326714929548666,2025-06-29 12:49:52.498298,6,6,0.2075812274368231,0.01,0.015,0.005000000000000001,1.3399233108335955e-05,1.2633032022021623e-05,-0.00013968476184507498,1.9043625010345017e-05
SPY250701C00636000,2025-06-27 19:49:35+00:00,636.0,0.01,0.01,0.02,0.0,0.0,159.0,0,0.1523522265625,False,REGULAR,USD,SPY,2025-07-01,1,614.9099731445312,1.0342977472744803,2025-06-29 12:49:52.498298,6,6,159.0,0.01,0.015,-0.004999999999999999,1.2901375090799352e-05,1.1639438823395923e-05,-0.00014102099879761013,1.8370080393605932e-05
SPY250701C00637000,2025-06-27 20:11:17+00:00,637.0,0.01,0.0,0.01,0.0,0.0,10.0,0,0.14649291015625,False,REGULAR,USD,SPY,2025-07-01,1,614.9099731445312,1.0359240015940945,2025-06-29 12:49:52.498298,6,6,10.0,0.01,0.005,0.005,2.311976373616494e-06,2.3450148908547083e-06,-2.6260726086787648e-05,3.55870854126209e-06
SPY250701C00640000,2025-06-27 16:41:36+00:00,640.0,0.01,0.0,0.01,0.0,0.0,36.0,112,0.164070859375,False,REGULAR,USD,SPY,2025-07-01,1,614.9099731445312,1.0408027645529363,2025-06-29 12:49:52.498298,6,6,0.3185840707964602,0.01,0.005,0.005,1.7709694986953683e-06,1.6217258605197359e-06,-2.276100408088483e-05,2.756380090323702e-06
SPY250701C00645000,2025-06-25 16:33:55+00:00,645.0,0.01,0.0,0.01,0.0,0.0,1.0,1,0.1914143359375,False,REGULAR,USD,SPY,2025-07-01,1,614.9099731445312,1.0489340361510062,2025-06-29 12:49:52.498298,6,6,0.5,0.01,0.005,0.005,1.0187826981000928e-06,8.176780507739128e-07,-1.5603496370264433e-05,1.6213882085761737e-06
SPY250701C00650000,2025-06-27 14:09:58+00:00,650.0,0.01,0.0,0.01,0.0,0.0,8.0,186,0.2187578124999999,False,REGULAR,USD,SPY,2025-07-01,1,614.9099731445312,1.057065307749076,2025-06-29 12:49:52.498298,6,6,0.0427807486631016,0.01,0.005,0.005,6.859768180773354e-07,4.892111057391045e-07,-1.2183826157332726e-05,1.1086388378884628e-06
SPY250701C00655000,2025-06-24 17:18:31+00:00,655.0,0.01,0.0,0.01,0.0,0.0,21.0,22,0.2461012890625,False,REGULAR,USD,SPY,2025-07-01,1,614.9099731445312,1.0651965793471458,2025-06-29 12:49:52.498298,6,6,0.9130434782608695,0.01,0.005,0.005,5.144745158239582e-07,3.2971145683173987e-07,-1.0386599639222467e-05,8.405782261181061e-07
SPY250701C00658000,2025-06-27 13:58:07+00:00,658.0,0.01,0.0,0.01,0.0,0.0,1.0,0,0.2617261328125,False,REGULAR,USD,SPY,2025-07-01,1,614.9099731445312,1.0700753423059877,2025-06-29 12:49:52.498298,6,6,1.0,0.01,0.005,0.005,4.172856736865389e-07,2.5342741702966464e-07,-9.026886925692077e-06,6.871173182029191e-07
SPY250701C00660000,2025-06-17 13:52:23+00:00,660.0,0.02,0.0,0.01,0.0,0.0,21.0,21,0.273444765625,False,REGULAR,USD,SPY,2025-07-01,1,614.9099731445312,1.0733278509452158,2025-06-29 12:49:52.498298,6,6,0.9545454545454546,0.01,0.005,0.015,4.166717313366686e-07,2.4222292513096085e-07,-9.416123280825282e-06,6.861436810262491e-07
SPY250702C00450000,2025-06-27 19:22:56+00:00,450.0,162.45,163.64,165.76,-3.56,-2.1444492,888.0,0,1.5400413623046876,True,REGULAR,USD,SPY,2025-07-02,2,614.9099731445312,0.7318144438262834,2025-06-29 12:49:52.635580,6,6,888.0,2.1200000000000045,164.7,-2.25,0.9974311587797856,0.00011346549932342608,-0.2007920727050164,0.003620398854706689
SPY250702C00480000,2025-06-20 14:33:56+00:00,480.0,116.82,133.65,135.77,0.0,0.0,2.0,0,1.2656286718749998,True,REGULAR,USD,SPY,2025-07-02,2,614.9099731445312,0.7806020734147023,2025-06-29 12:49:52.635580,6,6,2.0,2.1200000000000045,134.71,-17.890000000000015,0.9964657040966219,0.00018404388558919147,-0.2181272316756912,0.004826006510642248
SPY250702C00500000,2025-06-27 19:05:44+00:00,500.0,111.88,113.66,115.78,-4.14,-3.56835,766.0,0,1.0893600219726562,True,REGULAR,USD,SPY,2025-07-02,2,614.9099731445312,0.8131271598069816,2025-06-29 12:49:52.635580,6,6,766.0,2.1200000000000045,114.72,-2.8400000000000034,0.9954610082944719,0.00026751371593161834,-0.23251521660601793,0.006037785667966699
SPY250702C00510000,2025-06-27 19:22:56+00:00,510.0,102.49,103.67,105.79,0.31,0.30338618,122.0,0,1.003422951660156,True,REGULAR,USD,SPY,2025-07-02,2,614.9099731445312,0.8293897030031212,2025-06-29 12:49:52.635580,6,6,122.0,2.1200000000000045,104.73,-2.240000000000009,0.9947560999100824,0.0003303001895776563,-0.2416485951251148,0.00686677881294107
SPY250702C00515000,2025-06-20 14:28:32+00:00,515.0,82.18,98.67,100.79,0.0,0.0,4.0,0,0.9594730615234374,True,REGULAR,USD,SPY,2025-07-02,2,614.9099731445312,0.837520974601191,2025-06-29 12:49:52.635580,6,6,4.0,2.1200000000000045,99.73,-17.549999999999997,0.9943913651628621,0.0003667051961312738,-0.24490215678206004,0.00728970669565821
SPY250702C00540000,2025-06-20 14:29:15+00:00,540.0,57.26,73.68,75.81,0.0,0.0,4.0,1,0.7460962890625,True,REGULAR,USD,SPY,2025-07-02,2,614.9099731445312,0.8781773325915401,2025-06-29 12:49:52.635580,6,6,2.0,2.1299999999999955,74.745,-17.485000000000007,0.9914544555375221,0.0006839425579883154,-0.2704202546482053,0.010572427439202663
SPY250702C00550000,2025-06-26 13:50:13+00:00,550.0,59.23,63.69,65.81,0.0,0.0,1.0,19,0.6596713720703126,True,REGULAR,USD,SPY,2025-07-02,2,614.9099731445312,0.8944398757876797,2025-06-29 12:49:52.635580,6,6,0.05,2.1200000000000045,64.75,-5.520000000000003,0.989682257152634,0.000912169412686446,-0.28004179782238714,0.01246703984262197
SPY250702C00570000,2025-06-26 20:07:13+00:00,570.0,41.99,43.71,45.83,0.0,0.0,5.0,24,0.4882863671875,True,REGULAR,USD,SPY,2025-07-02,2,614.9099731445312,0.9269649621799588,2025-06-29 12:49:52.635580,6,6,0.2,2.1199999999999974,44.769999999999996,-2.779999999999994,0.9831598544202255,0.001881630905561978,-0.30899566023061725,0.019035717092042048
SPY250702C00575000,2025-06-26 19:56:54+00:00,575.0,37.52,38.72,40.84,0.0,0.0,1.0,4,0.4450739086914062,True,REGULAR,USD,SPY,2025-07-02,2,614.9099731445312,0.9350962337780288,2025-06-29 12:49:52.635580,6,6,0.2,2.1200000000000045,39.78,-2.259999999999998,0.9803790442298873,0.0023514889686801887,-0.3183449046416889,0.02168379467647251
SPY250702C00577000,2025-06-27 17:00:29+00:00,577.0,39.25,36.72,38.85,8.77,28.772968,8.0,54,0.4284725122070312,True,REGULAR,USD,SPY,2025-07-02,2,614.9099731445312,0.9383487424172569,2025-06-29 12:49:52.635580,6,6,0.14545454545454545,2.1300000000000026,37.785,1.4650000000000034,0.9788619754333018,0.0026017533480735874,-0.3246249552031033,0.0230966659379967
SPY250702C00578000,2025-06-27 18:09:02+00:00,578.0,36.62,35.73,37.85,0.0,0.0,13.0,0,0.4194393994140625,True,REGULAR,USD,SPY,2025-07-02,2,614.9099731445312,0.9399749967368708,2025-06-29 12:49:52.635580,6,6,13.0,2.1200000000000045,36.79,-0.1700000000000017,0.9782085792053048,0.00272706795107015,-0.3258041382379582,0.02369874714710945
SPY250702C00579000,2025-06-25 17:59:30+00:00,579.0,27.9,34.73,36.85,0.0,0.0,3.0,18,0.4104062866210937,True,REGULAR,USD,SPY,2025-07-02,2,614.9099731445312,0.9416012510564846,2025-06-29 12:49:52.635580,6,6,0.15789473684210525,2.1200000000000045,35.79,-7.890000000000001,0.9775143542679775,0.0028618427475733533,-0.32705199940920576,0.02433436265865997
SPY250702C00580000,2025-06-27 18:27:14+00:00,580.0,33.47,33.73,35.85,1.2200012,3.7829497,1.0,10,0.4014952429199219,True,REGULAR,USD,SPY,2025-07-02,2,614.9099731445312,0.9432275053760986,2025-06-29 12:49:52.635580,6,6,0.09090909090909091,2.1200000000000045,34.79,-1.3200000000000003,0.9767426056485763,0.003009725192831886,-0.32874653107017976,0.0250361446695226
SPY250702C00584000,2025-06-24 15:37:27+00:00,584.0,23.16,29.75,31.87,0.0,0.0,1.0,1,0.367193828125,True,REGULAR,USD,SPY,2025-07-02,2,614.9099731445312,0.9497325226545544,2025-06-29 12:49:52.635580,6,6,0.5,2.120000000000001,30.810000000000002,-7.650000000000002,0.9726428208080092,0.0037704580309572623,-0.3409702351911587,0.028684658829622327
SPY250702C00585000,2025-06-27 14:11:30+00:00,585.0,30.58,28.75,30.87,3.5300007,13.049911,3.0,86,0.3581607153320312,True,REGULAR,USD,SPY,2025-07-02,2,614.9099731445312,0.9513587769741684,2025-06-29 12:49:52.635580,6,6,0.034482758620689655,2.120000000000001,29.810000000000002,0.769999999999996,0.9715697829680412,0.00399144678762805,-0.34290350030167494,0.029618870813912276
SPY250702C00588000,2025-06-27 17:44:20+00:00,588.0,27.53,26.69,26.86,7.6000004,38.13347,3.0,2,1.0000000000000004e-05,True,REGULAR,USD,SPY,2025-07-02,2,614.9099731445312,0.9562375399330104,2025-06-29 12:49:52.635580,6,6,1.0,0.16999999999999815,26.775,0.7550000000000026,1.0,0.0,-0.08052588029801426,0.0
SPY250702C00589000,2025-06-27 18:47:34+00:00,589.0,23.49,25.7,25.86,4.289999,22.343744,2.0,55,1.0000000000000004e-05,True,REGULAR,USD,SPY,2025-07-02,2,614.9099731445312,0.9578637942526242,2025-06-29 12:49:52.635580,6,6,0.03571428571428571,0.16000000000000014,25.78,-2.2900000000000027,1.0,0.0,-0.08066282907403129,0.0
SPY250702C00590000,2025-06-27 18:47:34+00:00,590.0,22.51,24.71,24.87,1.7600002,8.481929,5.0,1723,1.0000000000000004e-05,True,REGULAR,USD,SPY,2025-07-02,2,614.9099731445312,0.9594900485722382,2025-06-29 12:49:52.635580,6,6,0.002900232018561485,0.16000000000000014,24.79,-2.2799999999999976,1.0,0.0,-0.08079977785004831,0.0
SPY250702C00591000,2025-06-27 19:36:22+00:00,591.0,22.15,23.72,23.88,0.9699993,4.5797887,3.0,25,1.0000000000000004e-05,True,REGULAR,USD,SPY,2025-07-02,2,614.9099731445312,0.9611163028918522,2025-06-29 12:49:52.635580,6,6,0.11538461538461539,0.16000000000000014,23.799999999999997,-1.6499999999999986,1.0,0.0,-0.08093672662606534,0.0
SPY250702C00592000,2025-06-27 18:56:24+00:00,592.0,19.68,22.73,22.89,3.7600002,23.618092,5.0,22,1.0000000000000004e-05,True,REGULAR,USD,SPY,2025-07-02,2,614.9099731445312,0.9627425572114662,2025-06-29 12:49:52.635580,6,6,0.21739130434782608,0.16000000000000014,22.810000000000002,-3.1300000000000026,1.0,0.0,-0.08107367540208238,0.0
SPY250702C00593000,2025-06-27 17:44:20+00:00,593.0,22.56,21.76,21.9,6.95,44.522743,2.0,124,1.0000000000000004e-05,True,REGULAR,USD,SPY,2025-07-02,2,614.9099731445312,0.96436881153108,2025-06-29 12:49:52.635580,6,6,0.016,0.13999999999999702,21.83,0.7300000000000004,1.0,0.0,-0.08121062417809942,0.0
SPY250702C00594000,2025-06-27 18:29:22+00:00,594.0,19.09,20.76,20.92,0.72999954,3.9760323,9.0,130,0.12500875,True,REGULAR,USD,SPY,2025-07-02,2,614.9099731445312,0.965995065850694,2025-06-29 12:49:52.635580,6,6,0.06870229007633588,0.16000000000000014,20.840000000000003,-1.7500000000000036,0.9999193395140161,5.6838975252620076e-05,-0.08180083723003301,0.00014721323518814382
SPY250702C00595000,2025-06-27 18:55:43+00:00,595.0,16.63,19.78,19.94,-0.6700001,-3.872833,77.0,304,0.135750830078125,True,REGULAR,USD,SPY,2025-07-02,2,614.9099731445312,0.967621320170308,2025-06-29 12:49:52.635580,6,6,0.25245901639344265,0.16000000000000014,19.86,-3.2300000000000004,0.9995297981131539,0.0002717053409284978,-0.08403829260711969,0.0007641891623094124
SPY250702C00596000,2025-06-27 18:47:34+00:00,596.0,16.68,18.8,18.96,0.3600006,2.2058861,9.0,241,0.13868048828125,True,REGULAR,USD,SPY,2025-07-02,2,614.9099731445312,0.969247574489922,2025-06-29 12:49:52.635580,6,6,0.0371900826446281,0.16000000000000014,18.880000000000003,-2.200000000000003,0.99894582856083,0.0005598593118382871,-0.08710953727949887,0.0016086237374725678
SPY250702C00597000,2025-06-27 19:37:24+00:00,597.0,16.25,17.84,17.98,5.42,50.04617,28.0,269,0.1391687646484375,True,REGULAR,USD,SPY,2025-07-02,2,614.9099731445312,0.970873828809536,2025-06-29 12:49:52.635580,6,6,0.1037037037037037,0.14000000000000057,17.91,-1.6600000000000001,0.9981403975125035,0.0009368359836686326,-0.09099956450551067,0.002701254731892251
SPY250702C00598000,2025-06-27 19:29:05+00:00,598.0,14.99,16.85,17.01,0.0,0.0,6.0,645,0.14063359375,True,REGULAR,USD,SPY,2025-07-02,2,614.9099731445312,0.97250008312915,2025-06-29 12:49:52.635580,6,6,0.009287925696594427,0.16000000000000014,16.93,-1.9399999999999995,0.9966375223111679,0.0015837788157698264,-0.09783578916319889,0.004614703575650511
SPY250702C00599000,2025-06-27 20:00:42+00:00,599.0,15.74,15.9,16.04,2.3400002,17.462688,56.0,227,0.139657041015625,True,REGULAR,USD,SPY,2025-07-02,2,614.9099731445312,0.974126337448764,2025-06-29 12:49:52.635580,6,6,0.24561403508771928,0.1399999999999988,15.969999999999999,-0.22999999999999865,0.994877089481404,0.0023243882989797196,-0.10508134661861966,0.006725610642837018
SPY250702C00600000,2025-06-27 20:13:13+00:00,600.0,15.09,14.93,15.08,2.4899998,19.761902,111.0,1834,0.1394129028320312,True,REGULAR,USD,SPY,2025-07-02,2,614.9099731445312,0.975752591768378,2025-06-29 12:49:52.635580,6,6,0.060490463215258854,0.15000000000000036,15.004999999999999,0.08500000000000085,0.992029470423537,0.0034430208117271852,-0.1161569502810434,0.00994495501312805
SPY250702C00601000,2025-06-27 18:47:34+00:00,601.0,12.01,13.97,14.12,0.46000004,3.9826844,20.0,438,0.137703935546875,True,REGULAR,USD,SPY,2025-07-02,2,614.9099731445312,0.977378846087992,2025-06-29 12:49:52.635580,6,6,0.04555808656036447,0.14999999999999858,14.045,-2.035,0.9885972515119922,0.00476708619700717,-0.1281639009355923,0.01360064679305954
SPY250702C00602000,2025-06-27 19:58:46+00:00,602.0,13.56,13.02,13.17,2.42,21.723518,101.0,960,0.1359949682617187,True,REGULAR,USD,SPY,2025-07-02,2,614.9099731445312,0.9790051004076058,2025-06-29 12:49:52.635580,6,6,0.10509885535900104,0.15000000000000036,13.094999999999999,0.46500000000000163,0.983823095103151,0.006527526045499043,-0.14360646492050375,0.018392114346082112
SPY250702C00603000,2025-06-27 20:08:11+00:00,603.0,12.25,12.1,12.23,2.3000002,23.11558,40.0,415,0.1342860009765625,True,REGULAR,USD,SPY,2025-07-02,2,614.9099731445312,0.9806313547272196,2025-06-29 12:49:52.635580,6,6,0.09615384615384616,0.13000000000000078,12.165,0.08500000000000085,0.9772578026602308,0.008830444919537375,-0.1631364793553041,0.024568210905827708
SPY250702C00604000,2025-06-27 19:55:15+00:00,604.0,11.31,11.16,11.3,2.17,23.741795,83.0,513,0.1322108264160156,True,REGULAR,USD,SPY,2025-07-02,2,614.9099731445312,0.9822576090468336,2025-06-29 12:49:52.635580,6,6,0.1614785992217899,0.14000000000000057,11.23,0.08000000000000007,0.9687037099809154,0.011709641593564876,-0.1860883285550079,0.03207530740775697
SPY250702C00605000,2025-06-27 19:58:20+00:00,605.0,10.68,10.25,10.38,1.8299999,20.677965,163.0,590,0.129891513671875,True,REGULAR,USD,SPY,2025-07-02,2,614.9099731445312,0.9838838633664476,2025-06-29 12:49:52.635580,6,6,0.27580372250423013,0.13000000000000078,10.315000000000001,0.36499999999999844,0.9575647979900025,0.015290542080244326,-0.21288952159897717,0.041149433912086135
SPY250702C00606000,2025-06-27 20:08:27+00:00,606.0,9.46,9.36,9.48,1.9000001,25.132278,195.0,388,0.1276942700195312,True,REGULAR,USD,SPY,2025-07-02,2,614.9099731445312,0.9855101176860616,2025-06-29 12:49:52.635580,6,6,0.5012853470437018,0.120000000000001,9.42,0.040000000000000924,0.9427016078662656,0.019766813534979978,-0.24509232276122594,0.05229597690710545
SPY250702C00607000,2025-06-27 20:10:57+00:00,607.0,8.62,8.49,8.6,2.0099998,30.408468,171.0,1262,0.1256190954589844,True,REGULAR,USD,SPY,2025-07-02,2,614.9099731445312,0.9871363720056756,2025-06-29 12:49:52.635580,6,6,0.13539192399049882,0.10999999999999943,8.545,0.07499999999999929,0.9231322346544764,0.025224671137732142,-0.28280131749739806,0.06565100514626576
SPY250702C00608000,2025-06-27 20:10:43+00:00,608.0,7.76,7.63,7.73,1.9200001,32.876713,171.0,574,0.1228115063476562,True,REGULAR,USD,SPY,2025-07-02,2,614.9099731445312,0.9887626263252896,2025-06-29 12:49:52.635580,6,6,0.29739130434782607,0.10000000000000053,7.68,0.08000000000000007,0.899338336505165,0.031545985140063244,-0.3211953847737593,0.08026816922403392
SPY250702C00609000,2025-06-27 20:09:30+00:00,609.0,6.91,6.8,6.9,1.81,35.490196,487.0,544,0.1207363317871093,True,REGULAR,USD,SPY,2025-07-02,2,614.9099731445312,0.9903888806449036,2025-06-29 12:49:52.635580,6,6,0.8935779816513761,0.10000000000000053,6.85,0.0600000000000005,0.8677286483411408,0.03895660767964873,-0.3663519329224756,0.0974494323452816
SPY250702C00610000,2025-06-27 20:14:36+00:00,610.0,5.99,6.02,6.09,1.5,33.407574,1769.0,904,0.1181118463134765,True,REGULAR,USD,SPY,2025-07-02,2,614.9099731445312,0.9920151349645177,2025-06-29 12:49:52.635580,6,6,1.9546961325966852,0.07000000000000028,6.055,-0.0649999999999995,0.8296179956705702,0.04713716533596544,-0.4097240562685122,0.11534987424320745
SPY250702C00611000,2025-06-27 20:12:02+00:00,611.0,5.4,5.26,5.32,1.49,38.107414,2070.0,747,0.1157314990234375,True,REGULAR,USD,SPY,2025-07-02,2,614.9099731445312,0.9936413892841316,2025-06-29 12:49:52.635580,6,6,2.767379679144385,0.0600000000000005,5.29,0.11000000000000032,0.7825605281587178,0.05583044874820504,-0.45259384441483097,0.13386988858296422
SPY250702C00612000,2025-06-27 20:12:59+00:00,612.0,4.61,4.53,4.59,1.2800002,38.438446,3520.0,1246,0.1134121862792968,True,REGULAR,USD,SPY,2025-07-02,2,614.9099731445312,0.9952676436037454,2025-06-29 12:49:52.635580,6,6,2.822774659182037,0.05999999999999961,4.5600000000000005,0.04999999999999982,0.7263702320624994,0.06447758297175403,-0.49020874917077245,0.1515055967929267
SPY250702C00613000,2025-06-27 20:14:46+00:00,613.0,3.88,3.87,3.9,1.1500001,42.124546,3549.0,946,0.1108487353515624,True,REGULAR,USD,SPY,2025-07-02,2,614.9099731445312,0.9968938979233594,2025-06-29 12:49:52.635580,6,6,3.747624076029567,0.029999999999999805,3.885,-0.004999999999999893,0.6615237115761387,0.07249491597659083,-0.5166733989271342,0.16649396594943133
SPY250702C00614000,2025-06-27 20:14:41+00:00,614.0,3.22,3.24,3.27,0.9200001,40.000004,5704.0,852,0.1087735607910156,True,REGULAR,USD,SPY,2025-07-02,2,614.9099731445312,0.9985201522429732,2025-06-29 12:49:52.635580,6,6,6.686987104337632,0.029999999999999805,3.255,-0.0349999999999997,0.5878351686580301,0.07861522960559013,-0.5309506210966214,0.17717002149463398
SPY250702C00615000,2025-06-27 20:14:47+00:00,615.0,2.67,2.66,2.69,0.8000001,42.78075,7826.0,1219,0.106454248046875,False,REGULAR,USD,SPY,2025-07-02,2,614.9099731445312,1.0001464065625874,2025-06-29 12:49:52.635580,6,6,6.414754098360656,0.029999999999999805,2.675,-0.004999999999999893,0.5080300831980006,0.0823149989204621,-0.5256991422558515,0.18155247692089813
SPY250702C00616000,2025-06-27 20:14:42+00:00,616.0,2.13,2.14,2.17,0.56000006,35.668793,6270.0,882,0.1042570043945312,False,REGULAR,USD,SPY,2025-07-02,2,614.9099731445312,1.0017726608822013,2025-06-29 12:49:52.635580,6,6,7.10079275198188,0.029999999999999805,2.1550000000000002,-0.025000000000000355,0.42460257804143864,0.0825609635823971,-0.5003854646663896,0.178336484069284
SPY250702C00617000,2025-06-27 20:13:49+00:00,617.0,1.7,1.69,1.71,0.32000005,23.18841,7801.0,653,0.101998726196289,False,REGULAR,USD,SPY,2025-07-02,2,614.9099731445312,1.0033989152018152,2025-06-29 12:49:52.635580,6,6,11.928134556574923,0.020000000000000018,1.7,0.0,0.3411430169371435,0.07902221314938296,-0.4544245903879442,0.16699525902003504
SPY250702C00618000,2025-06-27 20:14:56+00:00,618.0,1.32,1.3,1.32,0.38000005,40.425537,3739.0,368,0.100045620727539,False,REGULAR,USD,SPY,2025-07-02,2,614.9099731445312,1.0050251695214292,2025-06-29 12:49:52.635580,6,6,10.13279132791328,0.020000000000000018,1.31,0.010000000000000009,0.26233718271285617,0.07155721560795178,-0.392978391427085,0.14832409981901706
SPY250702C00619000,2025-06-27 20:14:49+00:00,619.0,0.97,0.97,1.0,0.25,34.72222,4146.0,237,0.0985197570800781,False,REGULAR,USD,SPY,2025-07-02,2,614.9099731445312,1.0066514238410431,2025-06-29 12:49:52.635580,6,6,17.42016806722689,0.030000000000000027,0.985,-0.015000000000000013,0.19274518931656848,0.06104763076980969,-0.32308383900663284,0.12460984365258929
SPY250702C00620000,2025-06-27 20:14:47+00:00,620.0,0.73,0.71,0.73,0.19,35.18518,4357.0,415,0.0965666516113281,False,REGULAR,USD,SPY,2025-07-02,2,614.9099731445312,1.008277678160657,2025-06-29 12:49:52.635580,6,6,10.473557692307692,0.020000000000000018,0.72,0.010000000000000009,0.133210348250338,0.04894494241627115,-0.2475887150519461,0.09792536514253966
SPY250702C00621000,2025-06-27 20:14:34+00:00,621.0,0.51,0.51,0.53,0.109999985,27.499994,4413.0,4934,0.0955900988769531,False,REGULAR,USD,SPY,2025-07-02,2,614.9099731445312,1.009903932480271,2025-06-29 12:49:52.635580,6,6,0.894224924012158,0.020000000000000018,0.52,-0.010000000000000009,0.08842318601477056,0.03683460521685569,-0.18175796559743135,0.07295064487268403
SPY250702C00622000,2025-06-27 20:13:14+00:00,622.0,0.38,0.35,0.37,0.09,31.034485,3364.0,1628,0.0942473388671875,False,REGULAR,USD,SPY,2025-07-02,2,614.9099731445312,1.0115301867998852,2025-06-29 12:49:52.635580,6,6,2.065070595457336,0.020000000000000018,0.36,0.020000000000000018,0.054743495858741754,0.02583534095656969,-0.12346229008022766,0.05044794719828632
SPY250702C00623000,2025-06-27 20:14:57+00:00,623.0,0.25,0.24,0.25,0.06,31.578945,1179.0,342,0.0930266479492187,False,REGULAR,USD,SPY,2025-07-02,2,614.9099731445312,1.013156441119499,2025-06-29 12:49:52.635580,6,6,3.43731778425656,0.010000000000000009,0.245,0.0050000000000000044,0.03180669529198775,0.01686593117468832,-0.07827263375530905,0.0325070755722707
SPY250702C00624000,2025-06-27 20:14:37+00:00,624.0,0.16,0.15,0.16,0.030000001,23.076925,2739.0,281,0.0913176806640625,False,REGULAR,USD,SPY,2025-07-02,2,614.9099731445312,1.014782695439113,2025-06-29 12:49:52.635580,6,6,9.712765957446809,0.010000000000000009,0.155,0.0050000000000000044,0.016710487500968204,0.009995001772633178,-0.04457525752307598,0.01891027971886624
SPY250702C00625000,2025-06-27 20:13:19+00:00,625.0,0.11,0.1,0.11,-0.019999996,-15.384613,1199.0,905,0.09180595703125,False,REGULAR,USD,SPY,2025-07-02,2,614.9099731445312,1.016408949758727,2025-06-29 12:49:52.635580,6,6,1.3233995584988962,0.009999999999999995,0.10500000000000001,0.0049999999999999906,0.00935474129138125,0.0060168277100699245,-0.027053133486164224,0.011444547947697597
SPY250702C00626000,2025-06-27 19:57:42+00:00,626.0,0.07,0.06,0.07,0.010000002,16.66667,3642.0,1101,0.0913176806640625,False,REGULAR,USD,SPY,2025-07-02,2,614.9099731445312,1.018035204078341,2025-06-29 12:49:52.635580,6,6,3.304900181488203,0.010000000000000009,0.065,0.0050000000000000044,0.0046559231607958195,0.0032645386549604275,-0.014491768384135776,0.006176421027496168
SPY250702C00627000,2025-06-27 20:04:28+00:00,627.0,0.05,0.04,0.05,0.0,0.0,177.0,742,0.092782509765625,False,REGULAR,USD,SPY,2025-07-02,2,614.9099731445312,1.0196614583979549,2025-06-29 12:49:52.635580,6,6,0.23822341857335128,0.010000000000000002,0.045,0.0050000000000000044,0.002622161950207463,0.0019186335603576638,-0.008775511874873047,0.003688233071504315
SPY250702C00628000,2025-06-27 20:11:25+00:00,628.0,0.04,0.03,0.04,0.01,33.333336,98.0,49,0.09571216796875,False,REGULAR,USD,SPY,2025-07-02,2,614.9099731445312,1.0212877127175688,2025-06-29 12:49:52.635580,6,6,1.96,0.010000000000000002,0.035,0.0049999999999999975,0.0016899116367891944,0.0012486219008531938,-0.0060667462561865655,0.002476043707505873
SPY250702C00629000,2025-06-27 18:54:28+00:00,629.0,0.02,0.02,0.03,-0.01,-33.333336,33.0,6,0.0976652734375,False,REGULAR,USD,SPY,2025-07-02,2,614.9099731445312,1.0229139670371827,2025-06-29 12:49:52.635580,6,6,4.714285714285714,0.009999999999999998,0.025,-0.005000000000000001,0.0009933044606433314,0.0007527601547366318,-0.003802597363052512,0.001523200235256151
SPY250702C00630000,2025-06-27 19:58:43+00:00,630.0,0.02,0.01,0.02,-0.01,-33.333336,476.0,590,0.098641826171875,False,REGULAR,USD,SPY,2025-07-02,2,614.9099731445312,1.024540221356797,2025-06-29 12:49:52.635580,6,6,0.805414551607445,0.01,0.015,0.005000000000000001,0.0005206939166055895,0.0004109548051808564,-0.002114949198920807,0.0008398763876937736
SPY250702C00631000,2025-06-27 19:23:23+00:00,631.0,0.01,0.01,0.02,-0.02,-66.66667,189.0,0,0.1035245898437499,False,REGULAR,USD,SPY,2025-07-02,2,614.9099731445312,1.0261664756764106,2025-06-29 12:49:52.635580,6,6,189.0,0.01,0.015,-0.004999999999999999,0.0004325871989998079,0.0003297889583115274,-0.0018670918640748132,0.0007073589198483123
SPY250702C00632000,2025-06-27 19:19:14+00:00,632.0,0.01,0.01,0.02,-0.01,-50.0,282.0,6,0.10938390625,False,REGULAR,USD,SPY,2025-07-02,2,614.9099731445312,1.0277927299960248,2025-06-29 12:49:52.635580,6,6,40.285714285714285,0.01,0.015,-0.004999999999999999,0.00040732124339521694,0.00029517750133214397,-0.0018635609133361222,0.0006689549714974181
SPY250702C00633000,2025-06-27 16:11:47+00:00,633.0,0.02,0.01,0.02,0.0,0.0,47.0,0,0.11524322265625,False,REGULAR,USD,SPY,2025-07-02,2,614.9099731445312,1.0294189843156387,2025-06-29 12:49:52.635580,6,6,47.0,0.01,0.015,0.005000000000000001,0.0003862400872011436,0.00026668638011790766,-0.0018670224405963472,0.0006367609702399233
SPY250702C00634000,2025-06-27 18:52:12+00:00,634.0,0.01,0.01,0.02,-0.01,-50.0,23.0,0,0.1211025390625,False,REGULAR,USD,SPY,2025-07-02,2,614.9099731445312,1.0310452386352529,2025-06-29 12:49:52.635580,6,6,23.0,0.01,0.015,-0.004999999999999999,0.00036847471823337824,0.00024292574224701207,-0.0018763227499841678,0.0006095186407356411
SPY250702C00635000,2025-06-27 19:57:12+00:00,635.0,0.01,0.01,0.02,-0.01,-50.0,114.0,503,0.125985302734375,False,REGULAR,USD,SPY,2025-07-02,2,614.9099731445312,1.0326714929548666,2025-06-29 12:49:52.635580,6,6,0.2261904761904762,0.01,0.015,-0.004999999999999999,0.00032093868804141003,0.00020537690740888488,-0.0017154326943243743,0.0005360825845574152
SPY250702C00636000,2025-06-27 18:23:18+00:00,636.0,0.01,0.01,0.02,0.0,0.0,6.0,1,0.1308680664062499,False,REGULAR,USD,SPY,2025-07-02,2,614.9099731445312,1.0342977472744803,2025-06-29 12:49:52.635580,6,6,3.0,0.01,0.015,-0.004999999999999999,0.00028237433159159793,0.00017550648032131554,-0.0015806271933478473,0.0004758685982849787
SPY250702C00637000,2025-06-27 17:44:52+00:00,637.0,0.01,0.01,0.02,0.0,0.0,1.0,0,0.1367273828125,False,REGULAR,USD,SPY,2025-07-02,2,614.9099731445312,1.0359240015940945,2025-06-29 12:49:52.635580,6,6,1.0,0.01,0.015,-0.004999999999999999,0.0002750973222468236,0.00016394955236957324,-0.0016106414015616827,0.0004644360694727458
SPY250702C00638000,2025-06-27 19:48:40+00:00,638.0,0.01,0.0,0.01,0.0,0.0,212.0,0,0.132821171875,False,REGULAR,USD,SPY,2025-07-02,2,614.9099731445312,1.0375502559137084,2025-06-29 12:49:52.635580,6,6,212.0,0.01,0.005,0.005,0.00010100153005905007,6.609171122139996e-05,-0.0006124111466808687,0.00018187562938741953
SPY250702C00640000,2025-06-26 18:20:24+00:00,640.0,0.01,0.0,0.01,0.0,0.0,125.0,1789,0.14063359375,False,REGULAR,USD,SPY,2025-07-02,2,614.9099731445312,1.0408027645529363,2025-06-29 12:49:52.635580,6,6,0.06983240223463687,0.01,0.005,0.005,6.94452081270891e-05,4.388185032869306e-05,-0.00045537017617918796,0.00012785985618803122
SPY250702C00641000,2025-06-27 17:06:33+00:00,641.0,0.01,0.0,0.01,0.0,0.0,65.0,0,0.14649291015625,False,REGULAR,USD,SPY,2025-07-02,2,614.9099731445312,1.0424290188725505,2025-06-29 12:49:52.635580,6,6,65.0,0.01,0.005,0.005,7.19712764234638e-05,4.356841901301613e-05,-0.0004903367128640258,0.00013223566765019107
SPY250702C00645000,2025-06-26 17:58:56+00:00,645.0,0.01,0.0,0.01,0.0,0.0,10.0,237,0.16602396484375,False,REGULAR,USD,SPY,2025-07-02,2,614.9099731445312,1.0489340361510062,2025-06-29 12:49:52.635580,6,6,0.04201680672268908,0.01,0.005,0.005,5.694087527332106e-05,3.082730504829176e-05,-0.00044490902654989445,0.00010603922524918183
SPY250702C00650000,2025-06-25 18:15:18+00:00,650.0,0.01,0.0,0.01,0.0,0.0,328.0,829,0.1914143359375,False,REGULAR,USD,SPY,2025-07-02,2,614.9099731445312,1.057065307749076,2025-06-29 12:49:52.635580,6,6,0.39518072289156625,0.01,0.005,0.005,5.006033011172982e-05,2.3678604177212013e-05,-0.00045357424308230395,9.3905442544622e-05
SPY250702C00666000,2025-06-27 15:17:20+00:00,666.0,0.01,0.0,0.01,0.0,0.0,3.0,0,0.26563234375,False,REGULAR,USD,SPY,2025-07-02,2,614.9099731445312,1.0830853768628994,2025-06-29 12:49:52.635580,6,6,3.0,0.01,0.005,0.005,2.726361241021785e-05,9.604169595527434e-06,-0.00035329844125602206,5.2856813703327486e-05
SPY250703C00375000,2025-06-23 19:22:21+00:00,375.0,224.41,238.79,240.9,0.0,0.0,10.0,13,2.108403166503906,True,REGULAR,USD,SPY,2025-07-03,3,614.9099731445312,0.6098453698552362,2025-06-29 12:49:52.774721,6,6,0.7142857142857143,2.1100000000000136,239.845,-15.435000000000002,0.9963734695605722,9.231487128618049e-05,-0.2635831738431229,0.0060489053963036785
SPY250703C00400000,2025-06-20 15:36:05+00:00,400.0,196.61,213.81,215.92,0.0,0.0,1.0,1,1.8706061157226563,True,REGULAR,USD,SPY,2025-07-03,3,614.9099731445312,0.6505017278455852,2025-06-29 12:49:52.774721,6,6,0.5,2.109999999999985,214.865,-18.254999999999995,0.995639896707036,0.00012271325071655913,-0.27679534884467205,0.007133871376489904
SPY250703C00405000,2025-06-17 14:23:54+00:00,405.0,196.41,208.81,210.93,0.0,0.0,2.0,0,1.8261727441406248,True,REGULAR,USD,SPY,2025-07-03,3,614.9099731445312,0.658632999443655,2025-06-29 12:49:52.774721,6,6,2.0,2.1200000000000045,209.87,-13.460000000000008,0.9954402218538043,0.00013082824144830356,-0.28103965662370567,0.007424972070638054
SPY250703C00415000,2025-06-17 15:36:20+00:00,415.0,185.63,198.82,200.94,0.0,0.0,2.0,0,1.7353528857421874,True,REGULAR,USD,SPY,2025-07-03,3,614.9099731445312,0.6748955426397947,2025-06-29 12:49:52.774721,6,6,2.0,2.1200000000000045,199.88,-14.25,0.9950674036137299,0.00014767128370839845,-0.28673015901269444,0.007964074546945876
SPY250703C00435000,2025-06-27 15:00:49+00:00,435.0,180.11,178.84,180.95,12.389999,7.387312,3.0,0,1.5566428417968747,True,REGULAR,USD,SPY,2025-07-03,3,614.9099731445312,0.7074206290320739,2025-06-29 12:49:52.774721,6,6,3.0,2.109999999999985,179.89499999999998,0.21500000000003183,0.9942335951874834,0.0001891519792966337,-0.2964604668706175,0.009150637116339799
SPY250703C00440000,2025-06-17 14:26:29+00:00,440.0,161.2,173.84,175.96,0.0,0.0,4.0,0,1.5151391430664063,True,REGULAR,USD,SPY,2025-07-03,3,614.9099731445312,0.7155519006301437,2025-06-29 12:49:52.774721,6,6,4.0,2.1200000000000045,174.9,-13.700000000000017,0.9939344536416624,0.00020324807469530368,-0.30138969724932463,0.009570407333827717
SPY250703C00445000,2025-06-18 14:53:35+00:00,445.0,155.66,168.85,170.96,0.0,0.0,1.0,0,1.470705771484375,True,REGULAR,USD,SPY,2025-07-03,3,614.9099731445312,0.7236831722282135,2025-06-29 12:49:52.774721,6,6,1.0,2.1100000000000136,169.905,-14.245000000000005,0.9937066494023424,0.00021633975950450526,-0.30275513483287037,0.009888117154652928
SPY250703C00450000,2025-06-17 18:28:49+00:00,450.0,147.36,163.85,165.97,0.0,0.0,2.0,1,0.500005,True,REGULAR,USD,SPY,2025-07-03,3,614.9099731445312,0.7318144438262834,2025-06-29 12:49:52.774721,6,6,1.0,2.1200000000000045,164.91,-17.549999999999983,0.9999999999977351,5.735459379680496e-13,-0.06161850781210199,8.912386652658647e-12
SPY250703C00460000,2025-06-17 14:05:22+00:00,460.0,140.62,153.86,155.98,0.0,0.0,2.0,0,0.7812521875,True,REGULAR,USD,SPY,2025-07-03,3,614.9099731445312,0.748076987022423,2025-06-29 12:49:52.774721,6,6,2.0,2.119999999999976,154.92000000000002,-14.300000000000011,0.9999825709168583,1.7441691664400297e-06,-0.06353772241351208,4.2347845027345576e-05
SPY250703C00470000,2025-06-17 14:26:34+00:00,470.0,131.16,143.87,145.99,0.0,0.0,2.0,0,0.7656273437500001,True,REGULAR,USD,SPY,2025-07-03,3,614.9099731445312,0.7643395302185627,2025-06-29 12:49:52.774721,6,6,2.0,2.1200000000000045,144.93,-13.77000000000001,0.9999543013229579,4.434903774914172e-06,-0.06569973642885409,0.0001055244508595262
SPY250703C00475000,2025-06-16 14:11:37+00:00,475.0,128.33,138.88,140.99,0.0,0.0,2.0,0,0.7578149218750001,True,REGULAR,USD,SPY,2025-07-03,3,614.9099731445312,0.7724708018166325,2025-06-29 12:49:52.774721,6,6,2.0,2.1100000000000136,139.935,-11.60499999999999,0.9999270534744994,6.96440645651779e-06,-0.06710713517504993,0.00016402072455162748
SPY250703C00480000,2025-06-17 17:55:27+00:00,480.0,118.52,133.88,136.0,0.0,0.0,2.0,0,0.7421900781249999,True,REGULAR,USD,SPY,2025-07-03,3,614.9099731445312,0.7806020734147023,2025-06-29 12:49:52.774721,6,6,2.0,2.1200000000000045,134.94,-16.42,0.9999007273960774,9.501861060166037e-06,-0.06842896962037051,0.00021916706105392362
SPY250703C00485000,2025-06-23 15:24:46+00:00,485.0,113.13,128.89,131.0,0.0,0.0,4.0,1,0.7226590234375,True,REGULAR,USD,SPY,2025-07-03,3,614.9099731445312,0.7887333450127721,2025-06-29 12:49:52.774721,6,6,2.0,2.1100000000000136,129.945,-16.814999999999998,0.9998746072242285,1.2151164491641929e-05,-0.0696872140975147,0.00027289953384913667
SPY250703C00490000,2025-06-20 14:26:22+00:00,490.0,106.4,123.89,126.01,0.0,0.0,2.0,0,0.70312796875,True,REGULAR,USD,SPY,2025-07-03,3,614.9099731445312,0.796864616610842,2025-06-29 12:49:52.774721,6,6,2.0,2.1200000000000045,124.95,-18.549999999999997,0.9998411780307798,1.558435065465371e-05,-0.07107289633993011,0.00034054503193691696
SPY250703C00495000,2025-06-17 14:44:43+00:00,495.0,105.82,118.9,121.01,0.0,0.0,35.0,0,0.6835969140625001,True,REGULAR,USD,SPY,2025-07-03,3,614.9099731445312,0.8049958882089118,2025-06-29 12:49:52.774721,6,6,35.0,2.1099999999999994,119.95500000000001,-14.13500000000002,0.9997982064746609,2.0052808917675777e-05,-0.07261682411698242,0.00042601684622117975
SPY250703C00500000,2025-06-27 15:05:11+00:00,500.0,115.28,113.9,116.01,7.580002,7.03807,1.0,8,0.6523472265625001,True,REGULAR,USD,SPY,2025-07-03,3,614.9099731445312,0.8131271598069816,2025-06-29 12:49:52.774721,6,6,0.1111111111111111,2.1099999999999994,114.95500000000001,0.32499999999998863,0.9997956169574208,2.1265193665726702e-05,-0.07313488293643838,0.00043112144536411686
SPY250703C00505000,2025-06-20 18:03:27+00:00,505.0,90.22,108.91,111.02,0.0,0.0,2.0,2,0.63867548828125,True,REGULAR,USD,SPY,2025-07-03,3,614.9099731445312,0.8212584314050514,2025-06-29 12:49:52.774721,6,6,0.6666666666666666,2.1099999999999994,109.965,-19.745000000000005,0.9997058112812198,3.0505308636220534e-05,-0.07556970286887302,0.000605490224568108
SPY250703C00510000,2025-06-27 18:01:57+00:00,510.0,104.37,103.91,106.03,18.100006,20.98065,2.0,1,0.6152382226562501,True,REGULAR,USD,SPY,2025-07-03,3,614.9099731445312,0.8293897030031212,2025-06-29 12:49:52.774721,6,6,1.0,2.1200000000000045,104.97,-0.5999999999999943,0.9996493145690202,3.728828436317604e-05,-0.07711504287566287,0.0007129632996340278
SPY250703C00515000,2025-06-17 18:33:00+00:00,515.0,82.74,98.92,101.03,0.0,0.0,488.0,0,0.5918009570312501,True,REGULAR,USD,SPY,2025-07-03,3,614.9099731445312,0.837520974601191,2025-06-29 12:49:52.774721,6,6,488.0,2.1099999999999994,99.975,-17.235,0.999579979810017,4.5833649199349335e-05,-0.07879757387007318,0.0008429689218512911
SPY250703C00520000,2025-06-26 19:12:20+00:00,520.0,92.21,93.92,96.04,0.0,0.0,1.0,9,0.5664105859375,True,REGULAR,USD,SPY,2025-07-03,3,614.9099731445312,0.8456522461992608,2025-06-29 12:49:52.774721,6,6,0.1,2.1200000000000045,94.98,-2.7700000000000102,0.9995138673969253,5.48361037799392e-05,-0.08027443079196482,0.0009652713477832964
SPY250703C00525000,2025-06-24 15:04:48+00:00,525.0,81.15,88.93,91.04,0.0,0.0,2.0,3,0.5429733203125001,True,REGULAR,USD,SPY,2025-07-03,3,614.9099731445312,0.8537835177973306,2025-06-29 12:49:52.774721,6,6,0.5,2.1099999999999994,89.98500000000001,-8.835000000000008,0.9994111727465506,6.829898118180032e-05,-0.08226769058851863,0.0011525086134525715
SPY250703C00530000,2025-06-17 18:55:36+00:00,530.0,82.5,84.08,85.83,0.0,0.0,2.0,1129,0.7480493945312501,True,REGULAR,USD,SPY,2025-07-03,3,614.9099731445312,0.8619147893954004,2025-06-29 12:49:52.774721,6,6,0.0017699115044247787,1.75,84.955,-2.4549999999999983,0.9871631847783763,0.0007940066673280362,-0.30160168947622484,0.018458903058048516
SPY250703C00535000,2025-06-26 18:26:01+00:00,535.0,77.5,78.99,80.73,0.0,0.0,1.0,1966,0.69336244140625,True,REGULAR,USD,SPY,2025-07-03,3,614.9099731445312,0.8700460609934703,2025-06-29 12:49:52.774721,6,6,0.0005083884087442806,1.740000000000009,79.86,-2.3599999999999994,0.9878564521119296,0.0008164246378557317,-0.27551174127887873,0.017592512935353573
SPY250703C00540000,2025-06-25 15:04:00+00:00,540.0,68.22,74.76,75.84,0.0,0.0,2.0,1078,0.5732464550781251,True,REGULAR,USD,SPY,2025-07-03,3,614.9099731445312,0.8781773325915401,2025-06-29 12:49:52.774721,6,6,0.0018535681186283596,1.0799999999999983,75.30000000000001,-7.0800000000000125,0.9943539124575487,0.0005041149318700729,-0.15926357473582015,0.008980952577579996
SPY250703C00545000,2025-06-27 20:02:27+00:00,545.0,70.06,69.1,70.77,1.9700012,2.8932314,3.0,818,0.62305064453125,True,REGULAR,USD,SPY,2025-07-03,3,614.9099731445312,0.8863086041896099,2025-06-29 12:49:52.774721,6,6,0.003663003663003663,1.6700000000000017,69.935,0.125,0.9850786303565894,0.0010853978994316397,-0.2915851115413648,0.02101666444962272
SPY250703C00550000,2025-06-27 20:00:28+00:00,550.0,64.98,63.96,65.76,5.8700027,9.930643,17.0,761,0.5830119824218749,True,REGULAR,USD,SPY,2025-07-03,3,614.9099731445312,0.8944398757876797,2025-06-29 12:49:52.774721,6,6,0.02230971128608924,1.8000000000000043,64.86,0.12000000000000455,0.9840159945926973,0.0012305056215787572,-0.29057930200182197,0.02229526028462533
SPY250703C00555000,2025-06-27 19:07:17+00:00,555.0,57.51,58.96,61.08,-0.2100029,-0.3638304,1.0,81,0.583866466064453,True,REGULAR,USD,SPY,2025-07-03,3,614.9099731445312,0.9025711473857496,2025-06-29 12:49:52.774721,6,6,0.012195121951219513,2.1199999999999974,60.019999999999996,-2.509999999999998,0.9756255699045538,0.0017578233140663013,-0.3842875846874433,0.03189629334594948
SPY250703C00558000,2025-06-27 17:00:39+00:00,558.0,58.43,56.2,57.79,8.150002,16.20923,1.0,165,0.52539537109375,True,REGULAR,USD,SPY,2025-07-03,3,614.9099731445312,0.9074499103445914,2025-06-29 12:49:52.774721,6,6,0.006024096385542169,1.5899999999999963,56.995000000000005,1.4349999999999952,0.9808363319348006,0.00159419615067597,-0.3027009826997563,0.026030317318537586
SPY250703C00559000,2025-06-27 17:04:30+00:00,559.0,57.4,55.02,56.79,5.16,9.877488,1.0,142,0.5178270874023438,True,REGULAR,USD,SPY,2025-07-03,3,614.9099731445312,0.9090761646642054,2025-06-29 12:49:52.774721,6,6,0.006993006993006993,1.769999999999996,55.905,1.4949999999999974,0.9804332038193724,0.0016463618038243628,-0.30352944311645563,0.026494852755354962
SPY250703C00560000,2025-06-27 17:01:50+00:00,560.0,56.44,54.11,55.85,7.779999,15.988488,7.0,208,0.5173388110351562,True,REGULAR,USD,SPY,2025-07-03,3,614.9099731445312,0.9107024189838192,2025-06-29 12:49:52.774721,6,6,0.03349282296650718,1.740000000000002,54.980000000000004,1.4599999999999937,0.9786470257379133,0.0017745353626091233,-0.3208503620239517,0.028530618259984233
SPY250703C00561000,2025-06-26 15:45:19+00:00,561.0,50.25,52.98,55.09,0.0,0.0,1.0,68,0.5363815893554689,True,REGULAR,USD,SPY,2025-07-03,3,614.9099731445312,0.9123286733034331,2025-06-29 12:49:52.774721,6,6,0.014492753623188406,2.1100000000000065,54.035,-3.7849999999999966,0.9725478732334765,0.0021136094783552346,-0.38943410677967333,0.0352330365740488
SPY250703C00562000,2025-06-27 16:23:02+00:00,562.0,54.76,51.98,54.09,7.199997,15.138764,1.0,84,0.5283250292968751,True,REGULAR,USD,SPY,2025-07-03,3,614.9099731445312,0.9139549276230472,2025-06-29 12:49:52.774721,6,6,0.011764705882352941,2.1100000000000065,53.035,1.7250000000000014,0.9719969353261196,0.0021816675837636923,-0.3899731826974017,0.03582129056637717
SPY250703C00563000,2025-06-27 14:58:54+00:00,563.0,52.36,50.98,53.09,7.540001,16.82285,1.0,55,0.5202684692382812,True,REGULAR,USD,SPY,2025-07-03,3,614.9099731445312,0.9155811819426612,2025-06-29 12:49:52.774721,6,6,0.017857142857142856,2.1100000000000065,52.035,0.32500000000000284,0.9714244509700641,0.002253083831758339,-0.39052775494468944,0.03642976094940713
SPY250703C00564000,2025-06-27 19:00:16+00:00,564.0,48.0,49.98,52.09,2.380001,5.2170124,1.0,40,0.5122119091796875,True,REGULAR,USD,SPY,2025-07-03,3,614.9099731445312,0.9172074362622752,2025-06-29 12:49:52.774721,6,6,0.024390243902439025,2.1100000000000065,51.035,-3.0349999999999966,0.970829072520258,0.0023280890169848395,-0.3910993952950854,0.03705959917539012
SPY250703C00565000,2025-06-27 16:02:33+00:00,565.0,51.38,48.98,51.1,4.2700005,9.063893,4.0,50,0.5050098327636718,True,REGULAR,USD,SPY,2025-07-03,3,614.9099731445312,0.9188336905818892,2025-06-29 12:49:52.774721,6,6,0.0784313725490196,2.1200000000000045,50.04,1.3400000000000034,0.9699983282862196,0.0024169700124693273,-0.39407233251133444,0.03793346896948853
SPY250703C00566000,2025-06-20 14:29:15+00:00,566.0,32.49,47.98,50.1,0.0,0.0,2.0,21,0.4968312036132813,True,REGULAR,USD,SPY,2025-07-03,3,614.9099731445312,0.9204599449015032,2025-06-29 12:49:52.774721,6,6,0.09090909090909091,2.1200000000000045,49.04,-16.549999999999997,0.9693774928797811,0.0024988132352820303,-0.3943630087978909,0.038582834101743124
SPY250703C00567000,2025-06-20 18:14:41+00:00,567.0,29.92,46.99,49.1,0.0,0.0,1.0,10,0.4887746435546876,True,REGULAR,USD,SPY,2025-07-03,3,614.9099731445312,0.9220861992211172,2025-06-29 12:49:52.774721,6,6,0.09090909090909091,2.1099999999999994,48.045,-18.125,0.9686985815434739,0.0025865160281992516,-0.39501740597168794,0.03928939177192163
SPY250703C00568000,2025-06-20 19:57:17+00:00,568.0,29.01,45.99,48.1,0.0,0.0,2.0,25,0.4804739453125,True,REGULAR,USD,SPY,2025-07-03,3,614.9099731445312,0.9237124535407312,2025-06-29 12:49:52.774721,6,6,0.07692307692307693,2.1099999999999994,47.045,-18.035,0.968055801112729,0.0026757755210216794,-0.39499444323946287,0.0399549859664406
SPY250703C00569000,2025-06-27 19:08:44+00:00,569.0,43.49,44.99,47.1,4.7400017,12.232263,13.0,16,0.4724173852539062,True,REGULAR,USD,SPY,2025-07-03,3,614.9099731445312,0.925338707860345,2025-06-29 12:49:52.774721,6,6,0.7647058823529411,2.1099999999999994,46.045,-2.5549999999999997,0.9673173083480361,0.0027732233079465086,-0.3956935287541853,0.04071572544607723
SPY250703C00570000,2025-06-27 14:17:03+00:00,570.0,45.46,44.08,45.81,2.459999,5.7209277,1.0,167,0.4344538977050781,True,REGULAR,USD,SPY,2025-07-03,3,614.9099731445312,0.9269649621799588,2025-06-29 12:49:52.774721,6,6,0.005952380952380952,1.730000000000004,44.945,0.5150000000000006,0.9747439336749085,0.0024338162828204057,-0.31383489881602866,0.03286116485644935
SPY250703C00571000,2025-06-27 14:31:44+00:00,571.0,44.19,43.0,45.11,3.5,8.601623,1.0,17,0.4569146105957031,True,REGULAR,USD,SPY,2025-07-03,3,614.9099731445312,0.928591216499573,2025-06-29 12:49:52.774721,6,6,0.05555555555555555,2.1099999999999994,44.055,0.134999999999998,0.9655549874147638,0.002993988392560405,-0.3989953493033226,0.04251445555690884
SPY250703C00572000,2025-06-27 15:11:09+00:00,572.0,43.85,42.0,44.11,3.5499992,8.808931,5.0,97,0.4487359814453124,True,REGULAR,USD,SPY,2025-07-03,3,614.9099731445312,0.9302174708191868,2025-06-29 12:49:52.774721,6,6,0.05102040816326531,2.1099999999999994,43.055,0.7950000000000017,0.9647384935625923,0.0031077578507844356,-0.39944258139383904,0.04334006223651872
SPY250703C00572500,2025-06-23 16:42:09+00:00,572.5,24.37,41.5,43.61,0.0,0.0,14.0,59,0.4445856323242187,True,REGULAR,USD,SPY,2025-07-03,3,614.9099731445312,0.931030597978994,2025-06-29 12:49:52.774721,6,6,0.23333333333333334,2.1099999999999994,42.555,-18.185,0.964334478465528,0.003166208645306945,-0.39949282210239256,0.04374681281631653
SPY250703C00573000,2025-06-27 13:47:23+00:00,573.0,41.32,41.0,43.11,17.199999,71.31011,4.0,15,0.4404352832031249,True,REGULAR,USD,SPY,2025-07-03,3,614.9099731445312,0.9318437251388008,2025-06-29 12:49:52.774721,6,6,0.25,2.1099999999999994,42.055,-0.7349999999999994,0.963920749135448,0.003226387751674833,-0.3995489381581813,0.04416214173505937
SPY250703C00574000,2025-06-24 17:01:10+00:00,574.0,34.12,40.0,42.12,0.0,0.0,1.0,42,0.4331111376953125,True,REGULAR,USD,SPY,2025-07-03,3,614.9099731445312,0.9334699794584148,2025-06-29 12:49:52.774721,6,6,0.023255813953488372,2.1199999999999974,41.06,-6.940000000000005,0.9627432267966427,0.003368280851563155,-0.40268037544635454,0.045337661160262416
SPY250703C00575000,2025-06-27 16:55:40+00:00,575.0,41.5,39.15,40.88,3.709999,9.8174095,11.0,2559,0.4021055883789062,True,REGULAR,USD,SPY,2025-07-03,3,614.9099731445312,0.9350962337780288,2025-06-29 12:49:52.774721,6,6,0.004296875,1.730000000000004,40.015,1.4849999999999994,0.9692787588864743,0.0030957095662347187,-0.335372907890834,0.03868581780163403
SPY250703C00576000,2025-06-27 19:40:40+00:00,576.0,37.64,38.01,40.12,0.95000076,2.5892637,7.0,24,0.4165097412109374,True,REGULAR,USD,SPY,2025-07-03,3,614.9099731445312,0.9367224880976428,2025-06-29 12:49:52.774721,6,6,0.28,2.1099999999999994,39.065,-1.4249999999999972,0.9608709685928207,0.003645424638500447,-0.4030908022087904,0.04718725907066001
SPY250703C00577000,2025-06-27 18:40:15+00:00,577.0,35.11,37.68,39.13,3.790001,12.100897,12.0,14,0.4089414575195312,True,REGULAR,USD,SPY,2025-07-03,3,614.9099731445312,0.9383487424172569,2025-06-29 12:49:52.774721,6,6,0.8,1.4500000000000028,38.405,-3.2950000000000017,0.9595939190424586,0.003811111328540578,-0.4056750777871597,0.04843555047628394
SPY250703C00577500,2025-06-27 16:53:38+00:00,577.5,38.91,36.51,38.63,5.209999,15.459937,1.0,46,0.4047911083984374,True,REGULAR,USD,SPY,2025-07-03,3,614.9099731445312,0.9391618695770636,2025-06-29 12:49:52.774721,6,6,0.02127659574468085,2.1200000000000045,37.57,1.3399999999999963,0.9590629362394375,0.0038911986392270582,-0.4058288947757329,0.04895148032016676
SPY250703C00578000,2025-06-27 16:05:30+00:00,578.0,38.56,36.02,38.13,8.890001,29.96293,9.0,53,0.4006407592773437,True,REGULAR,USD,SPY,2025-07-03,3,614.9099731445312,0.9399749967368708,2025-06-29 12:49:52.774721,6,6,0.16666666666666666,2.1099999999999994,37.075,1.4849999999999994,0.9585173070133167,0.003973938462005848,-0.40599267085356855,0.04947977679624526
SPY250703C00579000,2025-06-27 19:59:21+00:00,579.0,37.56,35.02,37.13,5.1800003,15.997529,5.0,65,0.3923400610351562,True,REGULAR,USD,SPY,2025-07-03,3,614.9099731445312,0.9416012510564846,2025-06-29 12:49:52.774721,6,6,0.07575757575757576,2.1099999999999994,36.075,1.4849999999999994,0.957379597757669,0.004147866840420159,-0.4063519393113193,0.05057535327194865
SPY250703C00580000,2025-06-27 19:58:54+00:00,580.0,35.6,34.84,35.85,3.3099976,10.250844,10013.0,315,0.3591372680664062,True,REGULAR,USD,SPY,2025-07-03,3,614.9099731445312,0.9432275053760986,2025-06-29 12:49:52.774721,6,6,31.686708860759495,1.009999999999998,35.345,0.25500000000000256,0.9659255203730602,0.0037754079699410877,-0.32873510487704904,0.0421381851425068
SPY250703C00581000,2025-06-27 14:11:32+00:00,581.0,34.91,33.03,35.14,3.709999,11.891023,1.0,86,0.3762269409179687,True,REGULAR,USD,SPY,2025-07-03,3,614.9099731445312,0.9448537596957126,2025-06-29 12:49:52.774721,6,6,0.011494252873563218,2.1099999999999994,34.085,0.8249999999999957,0.9546937696877789,0.004544040984947883,-0.4088376238963234,0.05313046234534898
SPY250703C00582000,2025-06-27 15:50:25+00:00,582.0,34.63,32.04,33.86,4.550001,15.126334,1.0,205,0.3438786315917969,True,REGULAR,USD,SPY,2025-07-03,3,614.9099731445312,0.9464800140153266,2025-06-29 12:49:52.774721,6,6,0.0048543689320388345,1.8200000000000003,32.95,1.6799999999999997,0.9635235743134104,0.004169517366360787,-0.33196771708836353,0.044559718739367836
SPY250703C00582500,2025-06-27 19:33:32+00:00,582.5,30.88,32.46,32.62,13.539999,78.08534,3.0,33,0.24805439453125,True,REGULAR,USD,SPY,2025-07-03,3,614.9099731445312,0.9472931411751336,2025-06-29 12:49:52.774721,6,6,0.08823529411764706,0.1599999999999966,32.54,-1.6600000000000001,0.9926005840186897,0.0014798791411717908,-0.12629886741930096,0.011408397328594477
SPY250703C00583000,2025-06-27 18:29:33+00:00,583.0,30.17,31.96,32.12,5.1900005,20.776623,1.0,67,0.2446364599609375,True,REGULAR,USD,SPY,2025-07-03,3,614.9099731445312,0.9481062683349404,2025-06-29 12:49:52.774721,6,6,0.014705882352941176,0.1599999999999966,32.04,-1.8699999999999974,0.9924987613538057,0.0015187337708518253,-0.12627237384659634,0.011546604694430286
SPY250703C00584000,2025-06-27 19:40:39+00:00,584.0,29.78,30.97,31.13,1.4400005,5.081159,52.0,133,0.2399978344726562,True,REGULAR,USD,SPY,2025-07-03,3,614.9099731445312,0.9497325226545544,2025-06-29 12:49:52.774721,6,6,0.3880597014925373,0.16000000000000014,31.049999999999997,-1.269999999999996,0.9918056027496497,0.0016732575412119924,-0.1291922172098514,0.012480200945576463
SPY250703C00585000,2025-06-27 19:03:35+00:00,585.0,27.2,29.99,30.14,-0.049999237,-0.18348344,40.0,922,0.2353592089843749,True,REGULAR,USD,SPY,2025-07-03,3,614.9099731445312,0.9513587769741684,2025-06-29 12:49:52.774721,6,6,0.04333694474539545,0.15000000000000213,30.064999999999998,-2.8649999999999984,0.9910296174648766,0.001847186758671918,-0.13234270996004488,0.013511185807776039
SPY250703C00586000,2025-06-27 19:48:09+00:00,586.0,28.04,29.0,29.14,1.6600018,6.292653,96.0,179,0.22852333984375,True,REGULAR,USD,SPY,2025-07-03,3,614.9099731445312,0.9529850312937824,2025-06-29 12:49:52.774721,6,6,0.5333333333333333,0.14000000000000057,29.07,-1.0300000000000011,0.9907279484179762,0.0019583419176405557,-0.132426916834877,0.013908187808964476
SPY250703C00587000,2025-06-27 19:53:01+00:00,587.0,27.45,28.01,28.15,3.6900005,15.530305,4.0,154,0.2236405761718749,True,REGULAR,USD,SPY,2025-07-03,3,614.9099731445312,0.9546112856133964,2025-06-29 12:49:52.774721,6,6,0.025806451612903226,0.13999999999999702,28.08,-0.629999999999999,0.9898683527078698,0.002162283100795581,-0.1355348215858552,0.015028464874313417
SPY250703C00587500,2025-06-27 17:15:13+00:00,587.5,29.09,27.5,27.66,8.77,43.15945,5.0,248,0.2219316088867187,True,REGULAR,USD,SPY,2025-07-03,3,614.9099731445312,0.9554244127732032,2025-06-29 12:49:52.774721,6,6,0.020080321285140562,0.16000000000000014,27.58,1.5100000000000016,0.9891860559235144,0.0023062711470241406,-0.13836595821756667,0.015906732997798635
SPY250703C00588000,2025-06-27 18:41:03+00:00,588.0,24.04,27.02,27.16,-0.41999817,-1.7170817,28.0,202,0.2185136743164062,True,REGULAR,USD,SPY,2025-07-03,3,614.9099731445312,0.9562375399330104,2025-06-29 12:49:52.774721,6,6,0.13793103448275862,0.14000000000000057,27.09,-3.0500000000000007,0.9889751964440339,0.0023820391908761927,-0.1384921952940511,0.016176292315022142
SPY250703C00589000,2025-06-27 14:44:40+00:00,589.0,27.03,26.02,26.18,3.67,15.710616,1.0,303,0.2148516015625,True,REGULAR,USD,SPY,2025-07-03,3,614.9099731445312,0.9578637942526242,2025-06-29 12:49:52.774721,6,6,0.003289473684210526,0.16000000000000014,26.1,0.9299999999999997,0.9874858078784001,0.002704265952289236,-0.1442491563700437,0.018056744780641648
SPY250703C00590000,2025-06-27 19:58:33+00:00,590.0,25.44,25.03,25.19,2.83,12.516585,143.0,927,0.2094805615234374,True,REGULAR,USD,SPY,2025-07-03,3,614.9099731445312,0.9594900485722382,2025-06-29 12:49:52.774721,6,6,0.1540948275862069,0.16000000000000014,25.11,0.33000000000000185,0.986399008335099,0.002980631365172556,-0.14738328135706077,0.019404544856516194
SPY250703C00591000,2025-06-26 19:59:21+00:00,591.0,22.26,24.05,24.21,0.0,0.0,9.0,444,0.2053302124023437,True,REGULAR,USD,SPY,2025-07-03,3,614.9099731445312,0.9611163028918522,2025-06-29 12:49:52.774721,6,6,0.020224719101123594,0.16000000000000014,24.130000000000003,-1.870000000000001,0.9846869241201153,0.0033676692397932194,-0.15316915400970205,0.02148986812997541
SPY250703C00592000,2025-06-27 17:33:33+00:00,592.0,24.08,23.08,23.22,3.2600002,15.658023,8.0,941,0.1997150341796875,True,REGULAR,USD,SPY,2025-07-03,3,614.9099731445312,0.9627425572114662,2025-06-29 12:49:52.774721,6,6,0.008492569002123142,0.14000000000000057,23.15,0.9299999999999997,0.9833642339717744,0.0037172010916490163,-0.15644796294003527,0.023071630037028692
SPY250703C00592500,2025-06-26 18:26:36+00:00,592.5,20.47,22.59,22.73,0.0,0.0,4.0,768,0.1975177905273437,True,REGULAR,USD,SPY,2025-07-03,3,614.9099731445312,0.9635556843712731,2025-06-29 12:49:52.774721,6,6,0.005201560468140442,0.14000000000000057,22.66,-2.1900000000000013,0.9823598416933255,0.003951643960943639,-0.15948831027685992,0.024256910792368896
SPY250703C00593000,2025-06-27 18:39:55+00:00,593.0,19.56,22.1,22.24,-0.44000053,-2.2000027,13.0,1305,0.1950764086914062,True,REGULAR,USD,SPY,2025-07-03,3,614.9099731445312,0.96436881153108,2025-06-29 12:49:52.774721,6,6,0.009954058192955589,0.13999999999999702,22.17,-2.610000000000003,0.9813995996007636,0.004186017389041026,-0.16213335724715328,0.02537799128086105
SPY250703C00594000,2025-06-27 19:18:28+00:00,594.0,19.1,21.11,21.27,0.55999947,3.020493,66.0,1545,0.1914143359375,True,REGULAR,USD,SPY,2025-07-03,3,614.9099731445312,0.965995065850694,2025-06-29 12:49:52.774721,6,6,0.042690815006468305,0.16000000000000014,21.189999999999998,-2.0899999999999963,0.9786169167231701,0.004801784546159616,-0.17065159380495043,0.028564629450054276
SPY250703C00595000,2025-06-27 19:59:47+00:00,595.0,20.82,20.14,20.29,2.3199997,12.540539,227.0,2065,0.1864095031738281,True,REGULAR,USD,SPY,2025-07-03,3,614.9099731445312,0.967621320170308,2025-06-29 12:49:52.774721,6,6,0.10987415295256535,0.14999999999999858,20.215,0.6050000000000004,0.9761700726219692,0.005402289547027089,-0.1766863616730446,0.0312966152143571
SPY250703C00596000,2025-06-27 20:00:54+00:00,596.0,19.08,19.17,19.32,2.209999,13.100171,29.0,1134,0.1821370849609375,True,REGULAR,USD,SPY,2025-07-03,3,614.9099731445312,0.969247574489922,2025-06-29 12:49:52.774721,6,6,0.02555066079295154,0.14999999999999858,19.245,-0.1650000000000027,0.9728699790946067,0.006163461536305017,-0.18521678470410663,0.03488787644609398
SPY250703C00597000,2025-06-27 18:26:24+00:00,597.0,17.06,18.21,18.36,0.59000015,3.582272,52.0,1063,0.1784750122070312,True,REGULAR,USD,SPY,2025-07-03,3,614.9099731445312,0.970873828809536,2025-06-29 12:49:52.774721,6,6,0.04887218045112782,0.14999999999999858,18.285,-1.2250000000000014,0.9685787143276854,0.0071058981606439385,-0.19632320426595912,0.03941375960364956
SPY250703C00597500,2025-06-27 18:57:04+00:00,597.5,14.86,17.73,17.88,-1.1100006,-6.950536,4.0,1023,0.1765219067382812,True,REGULAR,USD,SPY,2025-07-03,3,614.9099731445312,0.971686955969343,2025-06-29 12:49:52.774721,6,6,0.00390625,0.14999999999999858,17.805,-2.9450000000000003,0.9662549881474305,0.007619999464220357,-0.2019402512718264,0.041802765582007136
SPY250703C00598000,2025-06-27 19:58:58+00:00,598.0,17.91,17.25,17.4,3.0900002,20.850204,80.0,1736,0.1744467321777344,True,REGULAR,USD,SPY,2025-07-03,3,614.9099731445312,0.97250008312915,2025-06-29 12:49:52.774721,6,6,0.04605641911341393,0.14999999999999858,17.325,0.5850000000000009,0.9638375635268418,0.00816121531220491,-0.20746015761080402,0.04424550314978917
SPY250703C00599000,2025-06-27 20:06:00+00:00,599.0,16.43,16.3,16.45,1.8400002,12.611379,384.0,1586,0.1707846594238281,True,REGULAR,USD,SPY,2025-07-03,3,614.9099731445312,0.974126337448764,2025-06-29 12:49:52.774721,6,6,0.24196597353497165,0.14999999999999858,16.375,0.054999999999999716,0.9579478764025322,0.00942589469293428,-0.2208598685422964,0.05002912479774275
SPY250703C00600000,2025-06-27 20:00:32+00:00,600.0,15.28,15.36,15.5,2.08,15.757576,1146.0,5289,0.1667563793945313,True,REGULAR,USD,SPY,2025-07-03,3,614.9099731445312,0.975752591768378,2025-06-29 12:49:52.774721,6,6,0.2166351606805293,0.14000000000000057,15.43,-0.15000000000000036,0.9513791479839442,0.01084929541979344,-0.23430334634223962,0.056225775747477565
SPY250703C00601000,2025-06-27 19:58:41+00:00,601.0,14.84,14.44,14.57,1.8400002,14.153847,72.0,804,0.1635825830078125,True,REGULAR,USD,SPY,2025-07-03,3,614.9099731445312,0.977378846087992,2025-06-29 12:49:52.774721,6,6,0.08944099378881988,0.13000000000000078,14.504999999999999,0.33500000000000085,0.942713952444675,0.012596553849867145,-0.25203144455172205,0.06403837059631746
SPY250703C00602000,2025-06-27 20:06:00+00:00,602.0,13.61,13.5,13.64,1.6300001,13.606012,274.0,5925,0.1597984411621093,True,REGULAR,USD,SPY,2025-07-03,3,614.9099731445312,0.9790051004076058,2025-06-29 12:49:52.774721,6,6,0.04623692203847452,0.14000000000000057,13.57,0.03999999999999915,0.9332232983802129,0.014533729012808508,-0.269001561542919,0.0721773712626447
SPY250703C00603000,2025-06-27 19:59:40+00:00,603.0,13.06,12.59,12.72,2.1200008,19.378435,346.0,2696,0.1561363684082031,True,REGULAR,USD,SPY,2025-07-03,3,614.9099731445312,0.9806313547272196,2025-06-29 12:49:52.774721,6,6,0.12829069336299592,0.13000000000000078,12.655000000000001,0.40499999999999936,0.9218802977577324,0.016774889571919437,-0.2877666958333693,0.08139827619643134
SPY250703C00604000,2025-06-27 20:11:06+00:00,604.0,11.8,11.71,11.82,1.6199999,15.913555,153.0,2382,0.1529625720214844,True,REGULAR,USD,SPY,2025-07-03,3,614.9099731445312,0.9822576090468336,2025-06-29 12:49:52.774721,6,6,0.06420478388585817,0.10999999999999943,11.765,0.03500000000000014,0.9078239223145752,0.01938409133638553,-0.3098087608138406,0.09214718850274049
SPY250703C00605000,2025-06-27 20:11:16+00:00,605.0,10.89,10.82,10.94,1.96,21.948488,3384.0,12498,0.1501549829101562,True,REGULAR,USD,SPY,2025-07-03,3,614.9099731445312,0.9838838633664476,2025-06-29 12:49:52.774721,6,6,0.27074165933274663,0.11999999999999922,10.879999999999999,0.010000000000001563,0.8907481900432006,0.022353543227029204,-0.33463059524275485,0.1043127957106877
SPY250703C00606000,2025-06-27 20:00:11+00:00,606.0,10.06,9.96,10.07,2.0300007,25.280207,374.0,2238,0.1470422210693359,True,REGULAR,USD,SPY,2025-07-03,3,614.9099731445312,0.9855101176860616,2025-06-29 12:49:52.774721,6,6,0.16703885663242518,0.10999999999999943,10.015,0.04499999999999993,0.8712652830420045,0.025632535778913966,-0.3591251770400756,0.11713457074252821
SPY250703C00607000,2025-06-27 19:58:01+00:00,607.0,9.55,9.12,9.22,2.2000003,29.931978,563.0,4922,0.1440515283203124,True,REGULAR,USD,SPY,2025-07-03,3,614.9099731445312,0.9871363720056756,2025-06-29 12:49:52.774721,6,6,0.11436116189315458,0.10000000000000142,9.17,0.3800000000000008,0.8483486800143243,0.029246482241099495,-0.3846023333210986,0.13093114657292115
SPY250703C00607500,2025-06-27 19:53:05+00:00,607.5,8.27,8.71,8.8,1.2700005,18.142864,107.0,577,0.1424035955810547,True,REGULAR,USD,SPY,2025-07-03,3,614.9099731445312,0.9879494991654826,2025-06-29 12:49:52.774721,6,6,0.185121107266436,0.08999999999999986,8.755,-0.4850000000000012,0.8358048410647005,0.03116999354952853,-0.3966591147115837,0.1379460062305526
SPY250703C00608000,2025-06-27 20:10:43+00:00,608.0,8.44,8.3,8.39,1.4899998,21.438847,767.0,2036,0.1409998010253906,True,REGULAR,USD,SPY,2025-07-03,3,614.9099731445312,0.9887626263252896,2025-06-29 12:49:52.774721,6,6,0.37653411880216003,0.08999999999999986,8.345,0.09499999999999886,0.8218933381070191,0.033161203667994764,-0.40962817036919424,0.14531158829275934
SPY250703C00609000,2025-06-27 20:08:09+00:00,609.0,7.6,7.52,7.59,1.6799998,28.378376,711.0,2076,0.1383142810058593,True,REGULAR,USD,SPY,2025-07-03,3,614.9099731445312,0.9903888806449036,2025-06-29 12:49:52.774721,6,6,0.34232065479056334,0.07000000000000028,7.555,0.04499999999999993,0.7908044442355926,0.03729261070277685,-0.435179525791185,0.16030286160024868
SPY250703C00610000,2025-06-27 20:14:46+00:00,610.0,6.75,6.76,6.82,1.48,28.083492,5172.0,6973,0.1356897955322266,True,REGULAR,USD,SPY,2025-07-03,3,614.9099731445312,0.9920151349645177,2025-06-29 12:49:52.774721,6,6,0.7416117006022369,0.0600000000000005,6.79,-0.040000000000000036,0.7552973488412846,0.04153143368537946,-0.4588333864229245,0.1751360600863667
SPY250703C00611000,2025-06-27 20:12:45+00:00,611.0,6.13,6.02,6.08,1.46,31.263384,6021.0,3803,0.1331263446044921,True,REGULAR,USD,SPY,2025-07-03,3,614.9099731445312,0.9936413892841316,2025-06-29 12:49:52.774721,6,6,1.582807570977918,0.0600000000000005,6.05,0.08000000000000007,0.715190735361627,0.04573113922569412,-0.4792899021509889,0.18920277057135618
SPY250703C00612000,2025-06-27 20:14:58+00:00,612.0,5.34,5.32,5.37,1.25,30.562347,6893.0,2501,0.1303797900390624,True,REGULAR,USD,SPY,2025-07-03,3,614.9099731445312,0.9952676436037454,2025-06-29 12:49:52.774721,6,6,2.754996003197442,0.04999999999999982,5.345000000000001,-0.005000000000000782,0.6707518047410422,0.04977980703058996,-0.49415298988264617,0.20170420401266317
SPY250703C00613000,2025-06-27 20:14:43+00:00,613.0,4.65,4.67,4.7,1.1300001,32.102276,10662.0,2561,0.1278773736572265,True,REGULAR,USD,SPY,2025-07-03,3,614.9099731445312,0.9968938979233594,2025-06-29 12:49:52.774721,6,6,4.161592505854801,0.03000000000000025,4.6850000000000005,-0.03500000000000014,0.6215610241688279,0.053343174283441555,-0.5036230170283648,0.21199422374581883
SPY250703C00614000,2025-06-27 20:13:20+00:00,614.0,4.11,4.05,4.08,1.0600002,34.754105,17354.0,1804,0.1256801300048828,True,REGULAR,USD,SPY,2025-07-03,3,614.9099731445312,0.9985201522429732,2025-06-29 12:49:52.774721,6,6,9.614404432132964,0.03000000000000025,4.0649999999999995,0.04500000000000082,0.5681786661692295,0.05610649058773521,-0.5064285054956017,0.21914481017685586
SPY250703C00615000,2025-06-27 20:14:57+00:00,615.0,3.49,3.48,3.5,0.8599999,32.699615,22250.0,4418,0.1234218518066406,False,REGULAR,USD,SPY,2025-07-03,3,614.9099731445312,1.0001464065625874,2025-06-29 12:49:52.774721,6,6,5.035075809006562,0.020000000000000018,3.49,0.0,0.5116629324236177,0.05795709843016537,-0.5000015516822479,0.2223054741069244
SPY250703C00616000,2025-06-27 20:14:49+00:00,616.0,2.95,2.93,2.96,0.75,34.090908,14234.0,2786,0.1209804699707031,False,REGULAR,USD,SPY,2025-07-03,3,614.9099731445312,1.0017726608822013,2025-06-29 12:49:52.774721,6,6,5.107283817725152,0.029999999999999805,2.9450000000000003,0.004999999999999893,0.4528260117734682,0.058737920321572885,-0.48312565504393745,0.22084384360447815
SPY250703C00617000,2025-06-27 20:13:30+00:00,617.0,2.48,2.45,2.48,0.65999997,36.263733,10437.0,2265,0.1190273645019531,False,REGULAR,USD,SPY,2025-07-03,3,614.9099731445312,1.0033989152018152,2025-06-29 12:49:52.774721,6,6,4.605913503971756,0.029999999999999805,2.465,0.015000000000000124,0.39320927350158064,0.05795544113368472,-0.4581633607838641,0.21438406301485086
SPY250703C00618000,2025-06-27 20:14:51+00:00,618.0,2.02,2.01,2.04,0.51,33.774834,10454.0,994,0.1167690863037109,False,REGULAR,USD,SPY,2025-07-03,3,614.9099731445312,1.0050251695214292,2025-06-29 12:49:52.774721,6,6,10.506532663316582,0.03000000000000025,2.025,-0.004999999999999893,0.33382098312450115,0.05588823722132268,-0.4226320997300934,0.2028148532637901
SPY250703C00619000,2025-06-27 20:14:38+00:00,619.0,1.6,1.63,1.65,0.36,29.03226,4669.0,1166,0.1145108081054687,False,REGULAR,USD,SPY,2025-07-03,3,614.9099731445312,1.0066514238410431,2025-06-29 12:49:52.774721,6,6,4.000856898029134,0.020000000000000018,1.64,-0.039999999999999813,0.2763225846798003,0.052392822874570075,-0.37897598402204546,0.1864531573315732
SPY250703C00620000,2025-06-27 20:14:50+00:00,620.0,1.29,1.29,1.31,0.29999995,30.303024,22273.0,11475,0.1123135644531249,False,REGULAR,USD,SPY,2025-07-03,3,614.9099731445312,1.008277678160657,2025-06-29 12:49:52.774721,6,6,1.9408330428720808,0.020000000000000018,1.3,-0.010000000000000009,0.22238911599683742,0.047583302430007954,-0.3295224642308034,0.16608799969657195
SPY250703C00621000,2025-06-27 20:14:12+00:00,621.0,1.02,1.01,1.03,0.25,32.467533,3849.0,1790,0.1106045971679687,False,REGULAR,USD,SPY,2025-07-03,3,614.9099731445312,1.009903932480271,2025-06-29 12:49:52.774721,6,6,2.1490787269681744,0.020000000000000018,1.02,0.0,0.17442226994173454,0.04171868575386356,-0.2789621452464924,0.1434020173453236
SPY250703C00622000,2025-06-27 20:14:44+00:00,622.0,0.77,0.77,0.79,0.14999998,24.193544,5945.0,882,0.1087735607910156,False,REGULAR,USD,SPY,2025-07-03,3,614.9099731445312,1.0115301867998852,2025-06-29 12:49:52.774721,6,6,6.73272933182333,0.020000000000000018,0.78,-0.010000000000000009,0.1322253418797537,0.03529766504318253,-0.227401022641526,0.11932207230937776
SPY250703C00623000,2025-06-27 20:14:08+00:00,623.0,0.6,0.58,0.6,0.13000003,27.65958,5108.0,2058,0.1073087316894531,False,REGULAR,USD,SPY,2025-07-03,3,614.9099731445312,1.013156441119499,2025-06-29 12:49:52.774721,6,6,2.4808159300631374,0.020000000000000018,0.59,0.010000000000000009,0.09741460948252995,0.02877969795197993,-0.17982324662577504,0.09597823462589045
SPY250703C00624000,2025-06-27 20:13:42+00:00,624.0,0.45,0.43,0.44,0.089999974,24.99999,3824.0,3116,0.1054776953125,False,REGULAR,USD,SPY,2025-07-03,3,614.9099731445312,1.014782695439113,2025-06-29 12:49:52.774721,6,6,1.2268206608918832,0.010000000000000009,0.435,0.015000000000000013,0.06853132772796086,0.02246422385243505,-0.13520168160419174,0.07363825932790562
SPY250703C00625000,2025-06-27 20:14:55+00:00,625.0,0.32,0.31,0.32,0.060000002,23.076925,5952.0,4235,0.1042570043945312,False,REGULAR,USD,SPY,2025-07-03,3,614.9099731445312,1.016408949758727,2025-06-29 12:49:52.774721,6,6,1.405099150141643,0.010000000000000009,0.315,0.0050000000000000044,0.0470896596963762,0.016914250709743953,-0.09917883484741509,0.05480364820170164
SPY250703C00626000,2025-06-27 20:14:42+00:00,626.0,0.22,0.22,0.23,0.02,9.999999,5052.0,268,0.1032804516601562,False,REGULAR,USD,SPY,2025-07-03,3,614.9099731445312,1.018035204078341,2025-06-29 12:49:52.774721,6,6,18.780669144981413,0.010000000000000009,0.225,-0.0050000000000000044,0.03141383748690052,0.012277025192114278,-0.07046771389340634,0.03940603506843725
SPY250703C00627000,2025-06-27 20:14:09+00:00,627.0,0.16,0.15,0.16,0.01,6.666667,2211.0,79,0.1020597607421874,False,REGULAR,USD,SPY,2025-07-03,3,614.9099731445312,1.0196614583979549,2025-06-29 12:49:52.774721,6,6,27.6375,0.010000000000000009,0.155,0.0050000000000000044,0.01992596905233914,0.008483232596519162,-0.047441688776875705,0.02690713047676258
SPY250703C00628000,2025-06-27 20:14:40+00:00,628.0,0.1,0.1,0.11,0.0,0.0,4175.0,179,0.1010832080078125,False,REGULAR,USD,SPY,2025-07-03,3,614.9099731445312,1.0212877127175688,2025-06-29 12:49:52.774721,6,6,23.194444444444443,0.009999999999999995,0.10500000000000001,-0.0050000000000000044,0.012252351342133943,0.005643580079465344,-0.030897267309225197,0.01772903805436913
SPY250703C00629000,2025-06-27 20:04:29+00:00,629.0,0.07,0.07,0.08,0.01,16.666666,1391.0,119,0.1015714843749999,False,REGULAR,USD,SPY,2025-07-03,3,614.9099731445312,1.0229139670371827,2025-06-29 12:49:52.774721,6,6,11.591666666666667,0.009999999999999995,0.07500000000000001,-0.0050000000000000044,0.007953280771765325,0.0038512159935771627,-0.02124772892332008,0.012156852287657166
SPY250703C00630000,2025-06-27 20:13:59+00:00,630.0,0.06,0.05,0.06,0.0,0.0,5853.0,4132,0.1025480371093749,False,REGULAR,USD,SPY,2025-07-03,3,614.9099731445312,1.024540221356797,2025-06-29 12:49:52.774721,6,6,1.416162593757561,0.009999999999999995,0.055,0.0049999999999999975,0.005250605303488094,0.002641882953114794,-0.014831233488894865,0.00841961801045325
SPY250703C00631000,2025-06-27 20:08:59+00:00,631.0,0.04,0.03,0.04,-0.01,-20.0,318.0,52,0.1015714843749999,False,REGULAR,USD,SPY,2025-07-03,3,614.9099731445312,1.0261664756764106,2025-06-29 12:49:52.774721,6,6,6.0,0.010000000000000002,0.035,0.0049999999999999975,0.0029274207538420257,0.0015805190986417212,-0.008691760461913388,0.004989109219543305
SPY250703C00632000,2025-06-27 20:14:36+00:00,632.0,0.03,0.02,0.03,0.0,0.0,565.0,34,0.1035245898437499,False,REGULAR,USD,SPY,2025-07-03,3,614.9099731445312,1.0277927299960248,2025-06-29 12:49:52.774721,6,6,16.142857142857142,0.009999999999999998,0.025,0.0049999999999999975,0.002037116101012371,0.0011170752961613432,-0.006372239035616736,0.003593994681905797
SPY250703C00633000,2025-06-27 19:32:36+00:00,633.0,0.02,0.02,0.03,-0.02,-50.0,728.0,189,0.108407353515625,False,REGULAR,USD,SPY,2025-07-03,3,614.9099731445312,1.0294189843156387,2025-06-29 12:49:52.774721,6,6,3.831578947368421,0.009999999999999998,0.025,-0.005000000000000001,0.0018455735839626238,0.0009752391345848267,-0.006091495889872375,0.003285650211331197
SPY250703C00634000,2025-06-27 19:54:40+00:00,634.0,0.01,0.01,0.02,-0.02,-66.66667,214.0,28,0.10743080078125,False,REGULAR,USD,SPY,2025-07-03,3,614.9099731445312,1.0310452386352529,2025-06-29 12:49:52.774721,6,6,7.379310344827586,0.01,0.015,-0.004999999999999999,0.0009941607952184527,0.0005591983165149995,-0.0034264196215762575,0.0018670077994419414
SPY250703C00635000,2025-06-27 19:59:37+00:00,635.0,0.02,0.01,0.02,0.0,0.0,1023.0,3066,0.1132901171875,False,REGULAR,USD,SPY,2025-07-03,3,614.9099731445312,1.0326714929548666,2025-06-29 12:49:52.774721,6,6,0.3335507010107597,0.01,0.015,0.005000000000000001,0.0010178065070452164,0.0005418400046558178,-0.003687587115380644,0.0019077196644469736
SPY250703C00636000,2025-06-27 19:04:11+00:00,636.0,0.01,0.01,0.02,-0.01,-50.0,135.0,2,0.117196328125,False,REGULAR,USD,SPY,2025-07-03,3,614.9099731445312,1.0342977472744803,2025-06-29 12:49:52.774721,6,6,45.0,0.01,0.015,-0.004999999999999999,0.0008742852860017383,0.00045552943575950106,-0.0033141743806709032,0.001659135725157955
SPY250703C00637000,2025-06-27 19:04:27+00:00,637.0,0.01,0.01,0.02,-0.01,-50.0,7.0,111,0.122079091796875,False,REGULAR,USD,SPY,2025-07-03,3,614.9099731445312,1.0359240015940945,2025-06-29 12:49:52.774721,6,6,0.0625,0.01,0.015,-0.004999999999999999,0.0008268982615336485,0.0004154599759018721,-0.003276539391624065,0.001576238551672929
SPY250703C00638000,2025-06-27 19:33:32+00:00,638.0,0.01,0.01,0.02,-0.01,-50.0,25.0,2,0.12696185546875,False,REGULAR,USD,SPY,2025-07-03,3,614.9099731445312,1.0375502559137084,2025-06-29 12:49:52.774721,6,6,8.333333333333334,0.01,0.015,-0.004999999999999999,0.0007858887450902617,0.00038120966863228087,-0.003248801476739973,0.0015041412854210048
SPY250703C00639000,2025-06-27 19:40:21+00:00,639.0,0.01,0.01,0.02,-0.01,-50.0,394.0,110,0.131844619140625,False,REGULAR,USD,SPY,2025-07-03,3,614.9099731445312,1.0391765102333224,2025-06-29 12:49:52.774721,6,6,3.5495495495495497,0.01,0.015,-0.004999999999999999,0.0007501682826350989,0.000351696576432222,-0.0032295853708117746,0.001441059838238188
SPY250703C00640000,2025-06-27 20:14:16+00:00,640.0,0.01,0.01,0.02,0.0,0.0,195.0,931,0.1367273828125,False,REGULAR,USD,SPY,2025-07-03,3,614.9099731445312,1.0408027645529363,2025-06-29 12:49:52.774721,6,6,0.2092274678111588,0.01,0.015,-0.004999999999999999,0.0007188746622680577,0.00032607807549229866,-0.0032177748471861824,0.0013855702946492408
SPY250703C00641000,2025-06-27 18:48:53+00:00,641.0,0.01,0.01,0.02,0.0,0.0,25.0,0,0.14063359375,False,REGULAR,USD,SPY,2025-07-03,3,614.9099731445312,1.0424290188725505,2025-06-29 12:49:52.774721,6,6,25.0,0.01,0.015,-0.004999999999999999,0.0006397263431432974,0.00028468058346549835,-0.0029700300901785,0.0012442234610247184
SPY250703C00642000,2025-06-27 19:41:59+00:00,642.0,0.01,0.01,0.02,-0.01,-50.0,220.0,2,0.14649291015625,False,REGULAR,USD,SPY,2025-07-03,3,614.9099731445312,1.0440552731921644,2025-06-29 12:49:52.774721,6,6,73.33333333333333,0.01,0.015,-0.004999999999999999,0.0006669388052007607,0.00028400546052838934,-0.0032128738804151546,0.0012929887934900188
SPY250703C00643000,2025-06-27 19:41:40+00:00,643.0,0.01,0.01,0.02,0.0,0.0,564.0,63,0.15039912109375,False,REGULAR,USD,SPY,2025-07-03,3,614.9099731445312,1.0456815275117783,2025-06-29 12:49:52.774721,6,6,8.8125,0.01,0.015,-0.004999999999999999,0.000599635696237667,0.0002507529264702065,-0.002988225266900851,0.001172040914353211
SPY250703C00644000,2025-06-27 18:32:07+00:00,644.0,0.01,0.01,0.02,0.0,0.0,188.0,0,0.155281884765625,False,REGULAR,USD,SPY,2025-07-03,3,614.9099731445312,1.0473077818313925,2025-06-29 12:49:52.774721,6,6,188.0,0.01,0.015,-0.004999999999999999,0.0005828268561081382,0.0002365708905171406,-0.0030035404089235195,0.0011416515284382114
SPY250703C00645000,2025-06-27 20:11:52+00:00,645.0,0.01,0.0,0.01,0.0,0.0,33.0,911,0.148446015625,False,REGULAR,USD,SPY,2025-07-03,3,614.9099731445312,1.0489340361510062,2025-06-29 12:49:52.774721,6,6,0.03618421052631579,0.01,0.005,0.005,0.00022186541468381457,0.0001008932930958435,-0.001170220370928394,0.00046545993738166355
SPY250703C00646000,2025-06-27 19:41:07+00:00,646.0,0.01,0.0,0.01,0.0,0.0,927.0,0,0.1523522265625,False,REGULAR,USD,SPY,2025-07-03,3,614.9099731445312,1.0505602904706202,2025-06-29 12:49:52.774721,6,6,927.0,0.01,0.005,0.005,0.00020438301072474703,9.105405548445835e-05,-0.0011118619677142091,0.00043112138260081596
SPY250703C00647000,2025-06-27 15:11:30+00:00,647.0,0.01,0.0,0.01,0.0,0.0,2.0,0,0.1562584375,False,REGULAR,USD,SPY,2025-07-03,3,614.9099731445312,1.052186544790234,2025-06-29 12:49:52.774721,6,6,2.0,0.01,0.005,0.005,0.00018910216542600034,8.256014152581035e-05,-0.0010600103014206735,0.0004009270606592353
SPY250703C00648000,2025-06-27 17:50:58+00:00,648.0,0.01,0.0,0.01,0.0,0.0,16.0,37,0.1601646484375,False,REGULAR,USD,SPY,2025-07-03,3,614.9099731445312,1.053812799109848,2025-06-29 12:49:52.774721,6,6,0.42105263157894735,0.01,0.005,0.005,0.00017567988281874436,7.518840367306606e-05,-0.0010137888387934462,0.00037425619096291877
SPY250703C00649000,2025-06-27 17:24:20+00:00,649.0,0.01,0.0,0.01,0.0,0.0,3.0,0,0.16602396484375,False,REGULAR,USD,SPY,2025-07-03,3,614.9099731445312,1.055439053429462,2025-06-29 12:49:52.774721,6,6,3.0,0.01,0.005,0.005,0.00019265712446107843,7.906840712082019e-05,-0.0011450399916403753,0.0004079671878377477
SPY250703C00650000,2025-06-27 16:31:40+00:00,650.0,0.01,0.0,0.01,0.0,0.0,25.0,1166,0.16993017578125,False,REGULAR,USD,SPY,2025-07-03,3,614.9099731445312,1.057065307749076,2025-06-29 12:49:52.774721,6,6,0.021422450728363324,0.01,0.005,0.005,0.00017990674369960173,7.246085057123035e-05,-0.0010988855067016845,0.0003826708651915873
SPY250703C00655000,2025-06-27 16:06:15+00:00,655.0,0.01,0.0,0.01,0.0,0.0,10.0,86,0.1914143359375,False,REGULAR,USD,SPY,2025-07-03,3,614.9099731445312,1.0651965793471458,2025-06-29 12:49:52.774721,6,6,0.11494252873563218,0.01,0.005,0.005,0.00015475750282432826,5.5873786528113e-05,-0.0010733501172825823,0.00033237934622107253
SPY250703C00660000,2025-06-25 16:40:31+00:00,660.0,0.01,0.0,0.01,0.0,0.0,1.0,161,0.2109453906249999,False,REGULAR,USD,SPY,2025-07-03,3,614.9099731445312,1.0733278509452158,2025-06-29 12:49:52.774721,6,6,0.006172839506172839,0.01,0.005,0.005,0.00012166861706900601,4.0466834628532785e-05,-0.0009428961657470056,0.00026528991381426985
SPY250703C00664000,2025-06-27 13:30:02+00:00,664.0,0.01,0.0,0.01,0.0,0.0,25.0,0,0.2265702343749999,False,REGULAR,USD,SPY,2025-07-03,3,614.9099731445312,1.0798328682236715,2025-06-29 12:49:52.774721,6,6,25.0,0.01,0.005,0.005,0.0001040680606167657,3.2536233607731387e-05,-0.0008738368023423773,0.00022909815701935225
SPY250703C00665000,2025-06-24 18:37:18+00:00,665.0,0.01,0.0,0.01,0.0,0.0,2.0,19,0.2304764453125,False,REGULAR,USD,SPY,2025-07-03,3,614.9099731445312,1.0814591225432857,2025-06-29 12:49:52.774721,6,6,0.1,0.01,0.005,0.005,0.00010050600502535718,3.09553350223014e-05,-0.0008601281306061798,0.00022172441603236735
SPY250703C00668000,2025-06-27 18:52:41+00:00,668.0,0.01,0.0,0.01,0.0,0.0,3.0,0,0.242195078125,False,REGULAR,USD,SPY,2025-07-03,3,614.9099731445312,1.0863378855021273,2025-06-29 12:49:52.774721,6,6,3.0,0.01,0.005,0.005,9.134770273968128e-05,2.6927759176919678e-05,-0.0008258010045551124,0.00020268284503822967
SPY250703C00670000,2025-06-26 14:15:23+00:00,670.0,0.01,0.0,0.01,0.0,0.0,8.0,52,0.2500075,False,REGULAR,USD,SPY,2025-07-03,3,614.9099731445312,1.0895903941413554,2025-06-29 12:49:52.774721,6,6,0.1509433962264151,0.01,0.005,0.005,8.629461532192099e-05,2.4727109001838655e-05,-0.0008077637476847,0.0001921223298299678
SPY250703C00675000,2025-06-24 15:34:12+00:00,675.0,0.01,0.0,0.01,0.0,0.0,20.0,389,0.273444765625,False,REGULAR,USD,SPY,2025-07-03,3,614.9099731445312,1.097721665739425,2025-06-29 12:49:52.774721,6,6,0.05128205128205128,0.01,0.005,0.005,9.497139856528628e-05,2.473872867638037e-05,-0.0009660659457087636,0.00021023182279807592
SPY250703C00680000,2025-06-09 19:22:06+00:00,680.0,0.02,0.0,0.01,0.0,0.0,6.0,19,0.2890696093749999,False,REGULAR,USD,SPY,2025-07-03,3,614.9099731445312,1.105852937337495,2025-06-29 12:49:52.774721,6,6,0.3,0.01,0.005,0.015,6.93328666706091e-05,1.7404583164237035e-05,-0.0007591057676243373,0.00015635707091842161
SPY250703C00690000,2025-06-20 19:46:51+00:00,690.0,0.01,0.0,0.01,0.0,0.0,1000.0,1500,0.3281317187499999,False,REGULAR,USD,SPY,2025-07-03,3,614.9099731445312,1.1221154805336346,2025-06-29 12:49:52.774721,6,6,0.6662225183211192,0.01,0.005,0.005,6.044165466705664e-05,1.3472499754217356e-05,-0.0007564105696781963,0.00013738770272227272
AAPL250703C00110000,2025-06-27 19:54:05+00:00,110.0,91.49,90.35,91.55,0.48999786,0.5384592,46.0,418,2.669925200195313,True,REGULAR,USD,AAPL,2025-07-03,3,201.0800018310547,0.5470459468785008,2025-06-29 12:49:53.239946,6,6,0.10978520286396182,1.2000000000000028,90.94999999999999,0.5400000000000063,0.9955362492650435,0.0002684929587550282,-0.1209391291520961,0.0023823093022559837
AAPL250703C00140000,2025-06-26 18:49:08+00:00,140.0,61.36,60.85,61.55,0.0,0.0,2.0,1913,1.3828155859374998,True,REGULAR,USD,AAPL,2025-07-03,3,201.0800018310547,0.696240296027183,2025-06-29 12:49:53.239946,6,6,0.0010449320794148381,0.6999999999999957,61.2,0.1599999999999966,0.9984315639740808,0.0002016112437638711,-0.04047835909886228,0.0009264994504035402
AAPL250703C00145000,2025-06-20 16:42:17+00:00,145.0,53.74,55.85,56.6,0.0,0.0,11.0,70,1.2968785156249998,True,REGULAR,USD,AAPL,2025-07-03,3,201.0800018310547,0.7211060208852966,2025-06-29 12:49:53.239946,6,6,0.15492957746478872,0.75,56.225,-2.4849999999999994,0.9977670788705921,0.00029635699492412606,-0.047398746147500406,0.0012772638755704782
AAPL250703C00150000,2025-06-27 17:33:19+00:00,150.0,52.13,50.05,52.35,2.0300026,4.0519013,1.0,14,1.1484417578125,True,REGULAR,USD,AAPL,2025-07-03,3,201.0800018310547,0.7459717457434103,2025-06-29 12:49:53.239946,6,6,0.06666666666666667,2.3000000000000043,51.2,0.9299999999999997,0.9979527400686956,0.0003093267486007298,-0.043078318906725414,0.0011805723383083034
AAPL250703C00155000,2025-06-20 15:52:48+00:00,155.0,43.55,45.85,46.6,0.0,0.0,1.0,1,1.0625046875000002,True,REGULAR,USD,AAPL,2025-07-03,3,201.0800018310547,0.770837470601524,2025-06-29 12:49:53.239946,6,6,0.5,0.75,46.225,-2.6750000000000043,0.9970606419707893,0.00046374200183910244,-0.05013776948390825,0.0016374703256334965
AAPL250703C00160000,2025-06-25 18:30:13+00:00,160.0,41.38,40.9,41.6,0.0,0.0,3.0,3,0.9726565234375,True,REGULAR,USD,AAPL,2025-07-03,3,201.0800018310547,0.7957031954596376,2025-06-29 12:49:53.239946,6,6,0.75,0.7000000000000028,41.25,0.13000000000000256,0.9958589661855175,0.0006891882128792431,-0.057905211002478744,0.002227734836804291
AAPL250703C00165000,2025-06-27 17:33:29+00:00,165.0,37.16,35.9,36.6,0.59000015,1.6133447,21.0,5,0.85937640625,True,REGULAR,USD,AAPL,2025-07-03,3,201.0800018310547,0.8205689203177513,2025-06-29 12:49:53.239946,6,6,3.5,0.7000000000000028,36.25,0.9099999999999966,0.9950954051997728,0.0009072772073308236,-0.05956758774161265,0.002591132240413068
AAPL250703C00170000,2025-06-26 14:49:12+00:00,170.0,30.1,30.1,32.4,0.0,0.0,15.0,30,0.7480493945312501,True,REGULAR,USD,AAPL,2025-07-03,3,201.0800018310547,0.845434645175865,2025-06-29 12:49:53.239946,6,6,0.4838709677419355,2.299999999999997,31.25,-1.1499999999999986,0.9940615442678294,0.0012354890118850639,-0.06140344321843411,0.00307139246365147
AAPL250703C00172500,2025-06-25 13:35:25+00:00,172.5,30.59,27.5,29.95,0.0,0.0,1.0,2,0.6738313867187502,True,REGULAR,USD,AAPL,2025-07-03,3,201.0800018310547,0.8578675076049218,2025-06-29 12:49:53.239946,6,6,0.3333333333333333,2.4499999999999993,28.725,1.8649999999999984,0.9945642633142563,0.001267984470114861,-0.055356027139554106,0.002839431016831006
AAPL250703C00175000,2025-06-27 18:52:37+00:00,175.0,26.25,26.0,28.0,-0.20000076,-0.75614655,17.0,42,0.9150399121093752,True,REGULAR,USD,AAPL,2025-07-03,3,201.0800018310547,0.8703003700339786,2025-06-29 12:49:53.239946,6,6,0.3953488372093023,2.0,27.0,-0.75,0.9573739253651904,0.005439222321800586,-0.27499802528573564,0.01654028540998782
AAPL250703C00177500,2025-06-27 19:25:32+00:00,177.5,24.12,22.55,25.0,-0.47999954,-1.9512177,10.0,41,0.596683720703125,True,REGULAR,USD,AAPL,2025-07-03,3,201.0800018310547,0.8827332324630355,2025-06-29 12:49:53.239946,6,6,0.23809523809523808,2.4499999999999993,23.775,0.3450000000000024,0.9903694224965524,0.002370972851387305,-0.07079006937878854,0.004701505208897205
AAPL250703C00180000,2025-06-27 19:53:04+00:00,180.0,21.07,21.05,21.65,-0.4300003,-2.0000014,2029.0,205,0.57617611328125,True,REGULAR,USD,AAPL,2025-07-03,3,201.0800018310547,0.8951660948920923,2025-06-29 12:49:53.239946,6,6,9.849514563106796,0.5999999999999979,21.35,-0.28000000000000114,0.984383689592598,0.0037323307809592463,-0.09283776553700701,0.007146633773382565
AAPL250703C00182500,2025-06-27 19:40:36+00:00,182.5,18.95,18.55,19.35,0.20000076,1.0666708,44.0,128,0.5546919531250001,True,REGULAR,USD,AAPL,2025-07-03,3,201.0800018310547,0.9075989573211491,2025-06-29 12:49:53.239946,6,6,0.34108527131782945,0.8000000000000007,18.950000000000003,-3.552713678800501e-15,0.9750754836528577,0.005765166169670281,-0.12253943418543932,0.010627468990617095
AAPL250703C00185000,2025-06-27 19:49:42+00:00,185.0,16.22,16.0,17.4,-0.4300003,-2.5825846,64.0,192,0.5620160986328125,True,REGULAR,USD,AAPL,2025-07-03,3,201.0800018310547,0.920031819750206,2025-06-29 12:49:53.239946,6,6,0.3316062176165803,1.3999999999999986,16.7,-0.4800000000000004,0.9524740148374257,0.009666339129346436,-0.19310676489270387,0.018054145360762507
AAPL250703C00187500,2025-06-27 19:11:06+00:00,187.5,13.9,13.6,14.4,0.5999994,4.511274,129.0,133,0.5376022802734376,True,REGULAR,USD,AAPL,2025-07-03,3,201.0800018310547,0.9324646821792628,2025-06-29 12:49:53.239946,6,6,0.9626865671641791,0.8000000000000007,14.0,-0.09999999999999964,0.9288755873496991,0.01386907739075145,-0.24568826465573854,0.0247784893169662
AAPL250703C00190000,2025-06-27 19:58:58+00:00,190.0,11.5,11.2,11.65,-0.13000011,-1.1177998,693.0,1074,0.415044912109375,True,REGULAR,USD,AAPL,2025-07-03,3,201.0800018310547,0.9448975446083197,2025-06-29 12:49:53.239946,6,6,0.6446511627906977,0.45000000000000107,11.425,0.07499999999999929,0.937735044794086,0.016206686853247602,-0.17890520968345017,0.022354012342319665
AAPL250703C00192500,2025-06-27 19:56:37+00:00,192.5,9.09,8.8,9.15,-0.21000004,-2.258065,224.0,603,0.3457096679687499,True,REGULAR,USD,AAPL,2025-07-03,3,201.0800018310547,0.9573304070373764,2025-06-29 12:49:53.239946,6,6,0.3708609271523179,0.34999999999999964,8.975000000000001,0.11499999999999844,0.9222113567200069,0.023093798736587345,-0.17705955450139307,0.026532187203295962
AAPL250703C00195000,2025-06-27 19:59:58+00:00,195.0,6.7,6.7,6.85,-0.3800001,-5.3672333,1069.0,3852,0.3061592822265625,True,REGULAR,USD,AAPL,2025-07-03,3,201.0800018310547,0.9697632694664332,2025-06-29 12:49:53.239946,6,6,0.27744614586036853,0.14999999999999947,6.775,-0.07500000000000018,0.8717825257361606,0.03754180907381317,-0.21802592131349063,0.03819695816350655
AAPL250703C00197500,2025-06-27 19:59:09+00:00,197.5,4.8,4.7,4.85,-0.14999962,-3.0302954,2790.0,1274,0.2890696093749999,True,REGULAR,USD,AAPL,2025-07-03,3,201.0800018310547,0.9821961318954902,2025-06-29 12:49:53.239946,6,6,2.1882352941176473,0.14999999999999947,4.775,0.024999999999999467,0.7624672875439522,0.05866007616985569,-0.2918941476406247,0.05635224331196548
AAPL250703C00200000,2025-06-27 19:59:58+00:00,200.0,3.0,2.95,3.1,-0.29999995,-9.090908,17409.0,11336,0.2695385546875,True,REGULAR,USD,AAPL,2025-07-03,3,201.0800018310547,0.994628994324547,2025-06-29 12:49:53.239946,6,6,1.5355914263032548,0.1499999999999999,3.0250000000000004,-0.025000000000000355,0.5984837708863365,0.07870400045165955,-0.332834477986122,0.0704991456954599
AAPL250703C00202500,2025-06-27 19:59:58+00:00,202.5,1.7,1.68,1.74,-0.26999998,-13.705583,43405.0,12350,0.252937158203125,False,REGULAR,USD,AAPL,2025-07-03,3,201.0800018310547,1.0070618567536038,2025-06-29 12:49:53.239946,6,6,3.514290340863088,0.06000000000000005,1.71,-0.010000000000000009,0.3907022714641073,0.08325186460944335,-0.3055984680894237,0.06997980942254399
AAPL250703C00205000,2025-06-27 19:59:59+00:00,205.0,0.85,0.84,0.89,-0.26999998,-24.107141,43658.0,17894,0.2475661181640625,False,REGULAR,USD,AAPL,2025-07-03,3,201.0800018310547,1.0194947191826609,2025-06-29 12:49:53.239946,6,6,2.439675887119307,0.050000000000000044,0.865,-0.015000000000000013,0.20307347379370716,0.06260269895236246,-0.21803944973877257,0.05150512142326669
AAPL250703C00207500,2025-06-27 19:59:58+00:00,207.5,0.38,0.38,0.41,-0.22000003,-36.66667,16970.0,12306,0.2461012890625,False,REGULAR,USD,AAPL,2025-07-03,3,201.0800018310547,1.0319275816117175,2025-06-29 12:49:53.239946,6,6,1.3788900625660194,0.02999999999999997,0.395,-0.015000000000000013,0.08393962374975056,0.034359503817548376,-0.11755165468287704,0.028101333131982213
AAPL250703C00210000,2025-06-27 19:59:59+00:00,210.0,0.19,0.18,0.19,-0.09,-32.14286,29703.0,20506,0.25196060546875,False,REGULAR,USD,AAPL,2025-07-03,3,201.0800018310547,1.0443604440407743,2025-06-29 12:49:53.239946,6,6,1.4484322426488516,0.010000000000000009,0.185,0.0050000000000000044,0.030690149978099747,0.01509545525627118,-0.053917372876003,0.012639939924196897
AAPL250703C00212500,2025-06-27 19:59:49+00:00,212.5,0.11,0.09,0.11,-0.049999997,-31.25,4782.0,3687,0.27149166015625,False,REGULAR,USD,AAPL,2025-07-03,3,201.0800018310547,1.0567933064698312,2025-06-29 12:49:53.239946,6,6,1.2966377440347072,0.020000000000000004,0.1,0.009999999999999995,0.013370682274297314,0.006930029774071837,-0.028657107889570863,0.006252558230102537
AAPL250703C00215000,2025-06-27 19:59:55+00:00,215.0,0.07,0.05,0.07,-0.030000001,-30.000002,6584.0,21595,0.2939523730468749,False,REGULAR,USD,AAPL,2025-07-03,3,201.0800018310547,1.069226168898888,2025-06-29 12:49:53.239946,6,6,0.30487127245786255,0.020000000000000004,0.060000000000000005,0.010000000000000002,0.006515364163609413,0.0034131215324588017,-0.016512983234945145,0.0033342247772048792
AAPL250703C00217500,2025-06-27 19:57:18+00:00,217.5,0.04,0.04,0.05,-0.02,-33.333336,2553.0,841,0.3183661914062499,False,REGULAR,USD,AAPL,2025-07-03,3,201.0800018310547,1.0816590313279448,2025-06-29 12:49:53.239946,6,6,3.032066508313539,0.010000000000000002,0.045,-0.0049999999999999975,0.003562562932178957,0.0018399410974519201,-0.010426613636065432,0.0019466909655429094
AAPL250703C00220000,2025-06-27 19:57:46+00:00,220.0,0.04,0.03,0.04,-0.010000002,-20.000004,2264.0,13586,0.3476627734374999,False,REGULAR,USD,AAPL,2025-07-03,3,201.0800018310547,1.0940918937570017,2025-06-29 12:49:53.239946,6,6,0.1666298667844263,0.010000000000000002,0.035,0.0049999999999999975,0.0023696899654716305,0.0011666430841929512,-0.007874998241187274,0.0013479145228811212
AAPL250703C00222500,2025-06-27 19:44:12+00:00,222.5,0.02,0.02,0.03,-0.02,-50.0,46.0,197,0.3711000390625,False,REGULAR,USD,AAPL,2025-07-03,3,201.0800018310547,1.1065247561860585,2025-06-29 12:49:53.239946,6,6,0.23232323232323232,0.009999999999999998,0.025,-0.005000000000000001,0.0014428114203187097,0.0006961664950310814,-0.0053495549656572584,0.0008585592451477582
AAPL250703C00225000,2025-06-27 19:59:12+00:00,225.0,0.02,0.01,0.02,0.0,0.0,215.0,8078,0.3867248828124999,False,REGULAR,USD,AAPL,2025-07-03,3,201.0800018310547,1.1189576186151151,2025-06-29 12:49:53.239946,6,6,0.02661220448075257,0.01,0.015,0.005000000000000001,0.0007451164855387177,0.00036439083082568047,-0.003038799018995202,0.0004683124548687026
AAPL250703C00230000,2025-06-27 19:58:43+00:00,230.0,0.02,0.01,0.02,0.0,0.0,575.0,3295,0.45313046875,False,REGULAR,USD,AAPL,2025-07-03,3,201.0800018310547,1.143823343473229,2025-06-29 12:49:53.239946,6,6,0.17445388349514562,0.01,0.015,0.005000000000000001,0.0005966116458478895,0.0002533273929090682,-0.0028972575577614827,0.0003814798211093591
AAPL250703C00235000,2025-06-27 19:35:06+00:00,235.0,0.01,0.0,0.01,0.0,0.0,74.0,2575,0.476567734375,False,REGULAR,USD,AAPL,2025-07-03,3,201.0800018310547,1.168689068331343,2025-06-29 12:49:53.239946,6,6,0.02872670807453416,0.01,0.005,0.005,0.00017389779018082342,7.65409551877961e-05,-0.0009675881314487301,0.00012122289861634335
AAPL250703C00240000,2025-06-27 17:40:28+00:00,240.0,0.01,0.0,0.06,0.0,0.0,125.0,614,0.6015664843750002,False,REGULAR,USD,AAPL,2025-07-03,3,201.0800018310547,1.1935547931894563,2025-06-29 12:49:53.239946,6,6,0.2032520325203252,0.06,0.03,-0.019999999999999997,0.0006648821955264926,0.00021089426944873133,-0.004245192367629115,0.0004216135522324408
AAPL250703C00245000,2025-06-27 17:07:08+00:00,245.0,0.01,0.0,0.01,0.0,0.0,26.0,331,0.5625043750000001,False,REGULAR,USD,AAPL,2025-07-03,3,201.0800018310547,1.21842051804757,2025-06-29 12:49:53.239946,6,6,0.0783132530120482,0.01,0.005,0.005,6.143050694570304e-05,2.44038105355091e-05,-0.00042935754207671083,4.5619413811412455e-05
AAPL250703C00250000,2025-06-23 17:27:11+00:00,250.0,0.01,0.0,0.03,0.0,0.0,2.0,502,0.6718782812500002,False,REGULAR,USD,AAPL,2025-07-03,3,201.0800018310547,1.243286242905684,2025-06-29 12:49:53.239946,6,6,0.003976143141153081,0.03,0.015,-0.004999999999999999,0.00020178138501312262,6.2388271540682e-05,-0.0015653831905471048,0.00013930275563843456
AAPL250703C00255000,2025-06-24 13:42:21+00:00,255.0,0.01,0.0,0.01,0.0,0.0,1.0,1185,0.6562534375000001,False,REGULAR,USD,AAPL,2025-07-03,3,201.0800018310547,1.2681519677637976,2025-06-29 12:49:53.239946,6,6,0.0008431703204047217,0.01,0.005,0.005,3.8068032409666566e-05,1.331338746718579e-05,-0.00031860982520950443,2.9035299775992453e-05
AAPL250703C00260000,2025-06-27 16:45:03+00:00,260.0,0.01,0.0,0.01,-0.03,-75.0,1.0,42,0.70312796875,False,REGULAR,USD,AAPL,2025-07-03,3,201.0800018310547,1.2930176926219112,2025-06-29 12:49:53.239946,6,6,0.023255813953488372,0.01,0.005,0.005,3.2619401819695485e-05,1.0736497990111279e-05,-0.00029488504295573445,2.508783426013725e-05
AAPL250703C00265000,2025-06-27 17:00:02+00:00,265.0,0.01,0.0,0.01,-0.02,-66.66667,4.0,213,0.7500025,False,REGULAR,USD,AAPL,2025-07-03,3,201.0800018310547,1.317883417480025,2025-06-29 12:49:53.239946,6,6,0.018691588785046728,0.01,0.005,0.005,2.916361644448824e-05,9.05293338981868e-06,-0.00028284352307775626,2.256410890813905e-05
AAPL250703C00270000,2025-06-24 14:08:26+00:00,270.0,0.01,0.0,0.01,0.0,0.0,10.0,12,0.8125018749999999,False,REGULAR,USD,AAPL,2025-07-03,3,201.0800018310547,1.3427491423381386,2025-06-29 12:49:53.239946,6,6,0.7692307692307693,0.01,0.005,0.005,3.7694990807154795e-05,1.0653482656980319e-05,-0.00039056404668692915,2.8766175543111296e-05
AAPL250703C00275000,2025-06-11 16:13:57+00:00,275.0,0.02,0.0,0.01,0.0,0.0,2.0,3,0.8437515624999999,False,REGULAR,USD,AAPL,2025-07-03,3,201.0800018310547,1.3676148671962522,2025-06-29 12:49:53.239946,6,6,0.5,0.01,0.005,0.015,2.5709292983232667e-05,7.141123183303778e-06,-0.0002822819709447672,2.002383537234957e-05
AAPL250703C00280000,2025-06-10 18:50:12+00:00,280.0,0.02,0.0,0.01,0.0,0.0,1.0,5,0.8906260937499999,False,REGULAR,USD,AAPL,2025-07-03,3,201.0800018310547,1.392480592054366,2025-06-29 12:49:53.239946,6,6,0.16666666666666666,0.01,0.005,0.015,2.5067709980990983e-05,6.605158391481502e-06,-0.0002908726297636316,1.9549911816021757e-05
AAPL250703C00290000,2025-06-16 14:24:43+00:00,290.0,0.01,0.0,0.01,0.0,0.0,5.0,8,0.9687503125,False,REGULAR,USD,AAPL,2025-07-03,3,201.0800018310547,1.4422120417705933,2025-06-29 12:49:53.239946,6,6,0.5555555555555556,0.01,0.005,0.005,1.888306428815496e-05,4.641421638884854e-06,-0.00024177266168746642,1.4942698355681594e-05
AAPL250703C00295000,2025-06-18 13:31:14+00:00,295.0,0.01,0.0,0.01,0.0,0.0,100.0,101,1.0312548437500002,False,REGULAR,USD,AAPL,2025-07-03,3,201.0800018310547,1.467077766628707,2025-06-29 12:49:53.239946,6,6,0.9803921568627451,0.01,0.005,0.005,2.5792684829702745e-05,5.860679875214348e-06,-0.00034591508876586556,2.0085384617231742e-05
AAPL250703C00325000,2025-06-27 13:30:02+00:00,325.0,0.01,0.0,0.01,0.0,0.0,6.0,4,1.25000375,False,REGULAR,USD,AAPL,2025-07-03,3,201.0800018310547,1.616272115777389,2025-06-29 12:49:53.239946,6,6,1.2,0.01,0.005,0.005,1.4808051390360945e-05,2.8554049460671326e-06,-0.000247516552708191,1.1861651895777338e-05
AAPL250711C00110000,2025-06-27 14:01:37+00:00,110.0,93.0,90.1,92.6,1.75,1.9178082,2.0,85,1.517580537109375,True,REGULAR,USD,AAPL,2025-07-11,11,201.0800018310547,0.5470459468785008,2025-06-29 12:49:53.389650,6,6,0.023255813953488372,2.5,91.35,1.6500000000000057,0.9923906270294673,0.0003959427664189885,-0.06532334999012447,0.007321865435661961
AAPL250711C00120000,2025-06-23 13:30:54+00:00,120.0,82.0,80.8,82.55,0.0,0.0,1.0,6,1.503420451660156,True,REGULAR,USD,AAPL,2025-07-11,11,201.0800018310547,0.5967773965947282,2025-06-29 12:49:53.389650,6,6,0.14285714285714285,1.75,81.675,0.32500000000000284,0.9827482150564096,0.0008134950387174872,-0.11773239363684858,0.014902974014654456
AAPL250711C00130000,2025-06-16 13:37:32+00:00,130.0,67.25,70.85,72.4,0.0,0.0,4.0,4,1.2793004785156248,True,REGULAR,USD,AAPL,2025-07-11,11,201.0800018310547,0.6465088463109556,2025-06-29 12:49:53.389650,6,6,0.8,1.5500000000000114,71.625,-4.375,0.9813189050041047,0.0010231528442097286,-0.10996907117400449,0.015949631732826607
AAPL250711C00135000,2025-06-27 15:04:55+00:00,135.0,66.3,65.85,66.6,1.1500015,1.7651597,1.0,1,0.95898478515625,True,REGULAR,USD,AAPL,2025-07-11,11,201.0800018310547,0.6713745711690693,2025-06-29 12:49:53.389650,6,6,0.5,0.75,66.225,0.07500000000000284,0.9935322918489131,0.0005428264635781168,-0.04592730443496719,0.006343227835195162
AAPL250711C00140000,2025-06-18 19:14:28+00:00,140.0,56.53,60.85,62.45,0.0,0.0,1.0,2,1.1001021557617188,True,REGULAR,USD,AAPL,2025-07-11,11,201.0800018310547,0.696240296027183,2025-06-29 12:49:53.389650,6,6,0.3333333333333333,1.6000000000000014,61.650000000000006,-5.1200000000000045,0.9772068347149305,0.0014081888872975832,-0.11286695952730624,0.018876936296217964
AAPL250711C00150000,2025-06-24 16:10:39+00:00,150.0,52.65,51.0,51.85,0.0,0.0,1.0,2525,0.8388687988281249,True,REGULAR,USD,AAPL,2025-07-11,11,201.0800018310547,0.7459717457434103,2025-06-29 12:49:53.389650,6,6,0.000395882818685669,0.8500000000000014,51.425,1.2250000000000014,0.9819413790782188,0.0015159399278366033,-0.07907804024043757,0.015495786175311667
AAPL250711C00155000,2025-06-23 14:20:55+00:00,155.0,47.1,45.9,47.55,0.0,0.0,1.0,1,0.8559584716796875,True,REGULAR,USD,AAPL,2025-07-11,11,201.0800018310547,0.770837470601524,2025-06-29 12:49:53.389650,6,6,0.5,1.6499999999999986,46.724999999999994,0.3750000000000071,0.9668238171549471,0.0024747383458820853,-0.12065755745572407,0.02581187564328474
AAPL250711C00160000,2025-06-27 13:48:27+00:00,160.0,42.6,41.0,43.15,1.1499977,2.7744215,3.0,5281,0.84961087890625,True,REGULAR,USD,AAPL,2025-07-11,11,201.0800018310547,0.7957031954596376,2025-06-29 12:49:53.389650,6,6,0.0005679666792881485,2.1499999999999986,42.075,0.5249999999999986,0.9488065767992689,0.0035434794191064535,-0.16205464829218943,0.03668491871593757
AAPL250711C00165000,2025-06-27 17:42:53+00:00,165.0,36.87,35.2,37.6,3.119999,9.244441,10.0,1,0.5942423388671876,True,REGULAR,USD,AAPL,2025-07-11,11,201.0800018310547,0.8205689203177513,2025-06-29 12:49:53.389650,6,6,5.0,2.3999999999999986,36.400000000000006,0.46999999999999176,0.9763260112314895,0.0026914850370328217,-0.07453264941598918,0.01948916097945387
AAPL250711C00170000,2025-06-27 13:34:15+00:00,170.0,33.19,30.35,32.55,2.6899986,8.819668,1.0,35,0.534184345703125,True,REGULAR,USD,AAPL,2025-07-11,11,201.0800018310547,0.845434645175865,2025-06-29 12:49:53.389650,6,6,0.027777777777777776,2.1999999999999957,31.45,1.7399999999999984,0.9694803136102804,0.0037012518809005817,-0.08087930708862266,0.024092251030254044
AAPL250711C00175000,2025-06-27 13:31:59+00:00,175.0,27.6,25.4,27.6,0.8500004,3.1775718,1.0,15,0.6555210229492189,True,REGULAR,USD,AAPL,2025-07-11,11,201.0800018310547,0.8703003700339786,2025-06-29 12:49:53.389650,6,6,0.0625,2.200000000000003,26.5,1.1000000000000014,0.9016251688433041,0.007578160742884282,-0.2014389574459876,0.060532417535939784
AAPL250711C00177500,2025-06-27 19:46:48+00:00,177.5,23.92,23.6,24.55,0.37,1.5711254,8.0,4,0.5312546875,True,REGULAR,USD,AAPL,2025-07-11,11,201.0800018310547,0.8827332324630355,2025-06-29 12:49:53.389650,6,6,1.6,0.9499999999999993,24.075000000000003,-0.15500000000000114,0.9214535258778711,0.007906096504099598,-0.14561109102041153,0.05118025765828044
AAPL250711C00180000,2025-06-27 19:53:04+00:00,180.0,21.42,21.15,22.5,0.3199997,1.5165862,4.0,158,0.5468795312500001,True,REGULAR,USD,AAPL,2025-07-11,11,201.0800018310547,0.8951660948920923,2025-06-29 12:49:53.389650,6,6,0.025157232704402517,1.3500000000000014,21.825,-0.4049999999999976,0.8906225443502549,0.009809796385723343,-0.18396571747094073,0.06537161942113495
AAPL250711C00182500,2025-06-27 19:11:21+00:00,182.5,19.3,18.7,20.05,0.39,2.0624008,6.0,12,0.5048877636718749,True,REGULAR,USD,AAPL,2025-07-11,11,201.0800018310547,0.9075989573211491,2025-06-29 12:49:53.389650,6,6,0.46153846153846156,1.3500000000000014,19.375,-0.07499999999999929,0.8784288985621364,0.011454613150347749,-0.1831911118882739,0.07047139259071997
AAPL250711C00185000,2025-06-27 19:59:58+00:00,185.0,16.72,16.35,17.15,0.11999893,0.72288513,2.0,129,0.4099180102539062,True,REGULAR,USD,AAPL,2025-07-11,11,201.0800018310547,0.920031819750206,2025-06-29 12:49:53.389650,6,6,0.015384615384615385,0.7999999999999972,16.75,-0.030000000000001137,0.890274367397178,0.0131173411879921,-0.14425774961724455,0.06552098181778926
AAPL250711C00187500,2025-06-27 17:36:26+00:00,187.5,14.75,14.1,15.65,0.14999962,1.0273947,10.0,26,0.4660697924804688,True,REGULAR,USD,AAPL,2025-07-11,11,201.0800018310547,0.9324646821792628,2025-06-29 12:49:53.389650,6,6,0.37037037037037035,1.5500000000000007,14.875,-0.125,0.8220747891616349,0.01601126526898684,-0.21316075583799743,0.09093146547200755
AAPL250711C00190000,2025-06-27 19:38:22+00:00,190.0,12.19,12.0,12.25,-0.1600008,-1.295553,74.0,370,0.3269110278320312,True,REGULAR,USD,AAPL,2025-07-11,11,201.0800018310547,0.9448975446083197,2025-06-29 12:49:53.389650,6,6,0.19946091644204852,0.25,12.125,0.0649999999999995,0.8539763686398723,0.02006751585481879,-0.140632106581889,0.07993937852133011
AAPL250711C00192500,2025-06-27 19:14:37+00:00,192.5,10.19,9.7,10.1,0.019999504,0.19665195,52.0,343,0.3098213549804687,True,REGULAR,USD,AAPL,2025-07-11,11,201.0800018310547,0.9573304070373764,2025-06-29 12:49:53.389650,6,6,0.1511627906976744,0.40000000000000036,9.899999999999999,0.2900000000000009,0.8066638456489579,0.025360273251974628,-0.15567372825970544,0.0957420802312721
AAPL250711C00195000,2025-06-27 19:57:14+00:00,195.0,7.95,7.85,8.95,-0.05000019,-0.6250024,264.0,1041,0.3603579589843749,True,REGULAR,USD,AAPL,2025-07-11,11,201.0800018310547,0.9697632694664332,2025-06-29 12:49:53.389650,6,6,0.2533589251439539,1.0999999999999996,8.399999999999999,-0.4499999999999984,0.7075227420834627,0.027320185637097493,-0.2147900844010559,0.11996521762541888
AAPL250711C00197500,2025-06-27 19:59:07+00:00,197.5,6.1,6.0,6.2,-0.25,-3.937008,951.0,13302,0.2777171838378905,True,REGULAR,USD,AAPL,2025-07-11,11,201.0800018310547,0.9821961318954902,2025-06-29 12:49:53.389650,6,6,0.07148763436818763,0.20000000000000018,6.1,0.0,0.6656644740583227,0.03755049882363136,-0.1779151771420344,0.1270738081294657
AAPL250711C00200000,2025-06-27 19:59:35+00:00,200.0,4.5,4.4,4.55,-0.1500001,-3.2258086,3082.0,3509,0.2640454455566406,True,REGULAR,USD,AAPL,2025-07-11,11,201.0800018310547,0.994628994324547,2025-06-29 12:49:53.389650,6,6,0.878062678062678,0.14999999999999947,4.475,0.025000000000000355,0.5687847033521573,0.04263757223987476,-0.17971622517417346,0.13718566436838547
AAPL250711C00202500,2025-06-27 19:59:58+00:00,202.5,3.1,3.1,3.2,-0.11000013,-3.4267955,6151.0,2120,0.2546461254882813,False,REGULAR,USD,AAPL,2025-07-11,11,201.0800018310547,1.0070618567536038,2025-06-29 12:49:53.389650,6,6,2.9000471475719,0.10000000000000009,3.1500000000000004,-0.050000000000000266,0.4589832833348239,0.044642724355837105,-0.17256747684589757,0.13852410225126938
AAPL250711C00205000,2025-06-27 19:59:58+00:00,205.0,2.1,2.06,2.13,-0.08000016,-3.669732,13410.0,7553,0.2465895654296875,False,REGULAR,USD,AAPL,2025-07-11,11,201.0800018310547,1.0194947191826609,2025-06-29 12:49:53.389650,6,6,1.7752184273232725,0.06999999999999984,2.0949999999999998,0.0050000000000003375,0.34663805579239015,0.04287822471533918,-0.1536917935706595,0.12883951252289844
AAPL250711C00207500,2025-06-27 19:59:58+00:00,207.5,1.31,1.31,1.4,-0.13000011,-9.027785,6499.0,2265,0.2453688745117187,False,REGULAR,USD,AAPL,2025-07-11,11,201.0800018310547,1.0319275816117175,2025-06-29 12:49:53.389650,6,6,2.8680494263018534,0.08999999999999986,1.355,-0.04499999999999993,0.24788734437755067,0.036933641489539176,-0.1298204493321424,0.11042799369719869
AAPL250711C00210000,2025-06-27 19:59:55+00:00,210.0,0.81,0.81,0.83,-0.089999974,-9.999997,10095.0,12487,0.2390212817382812,False,REGULAR,USD,AAPL,2025-07-11,11,201.0800018310547,1.0443604440407743,2025-06-29 12:49:53.389650,6,6,0.8083760409993593,0.019999999999999907,0.8200000000000001,-0.010000000000000009,0.16133584279520213,0.029320132459198896,-0.09712850301904784,0.08539650182509702
AAPL250711C00212500,2025-06-27 19:59:51+00:00,212.5,0.5,0.49,0.56,-0.060000002,-10.714286,1213.0,1333,0.2473219799804687,False,REGULAR,USD,AAPL,2025-07-11,11,201.0800018310547,1.0567933064698312,2025-06-29 12:49:53.389650,6,6,0.9092953523238381,0.07000000000000006,0.525,-0.025000000000000022,0.10934685907280978,0.021687109301415878,-0.07642613133036062,0.06535848318070292
AAPL250711C00215000,2025-06-27 19:59:54+00:00,215.0,0.32,0.3,0.33,-0.060000002,-15.7894745,5978.0,5660,0.2473219799804687,False,REGULAR,USD,AAPL,2025-07-11,11,201.0800018310547,1.069226168898888,2025-06-29 12:49:53.389650,6,6,1.0559971736442324,0.030000000000000027,0.315,0.0050000000000000044,0.06649420437016991,0.014947509425459365,-0.05243949908740725,0.045047338019986956
AAPL250711C00217500,2025-06-27 19:56:21+00:00,217.5,0.22,0.2,0.22,-0.010000005,-4.3478284,593.0,1579,0.25586681640625,False,REGULAR,USD,AAPL,2025-07-11,11,201.0800018310547,1.0816590313279448,2025-06-29 12:49:53.389650,6,6,0.37531645569620253,0.01999999999999999,0.21000000000000002,0.009999999999999981,0.043535152927242284,0.010333101546110718,-0.03864687851720814,0.03221678839288734
AAPL250711C00220000,2025-06-27 19:55:31+00:00,220.0,0.13,0.13,0.15,-0.040000007,-23.529415,1600.0,7913,0.264655791015625,False,REGULAR,USD,AAPL,2025-07-11,11,201.0800018310547,1.0940918937570017,2025-06-29 12:49:53.389650,6,6,0.20217336365933788,0.01999999999999999,0.14,-0.010000000000000009,0.028619143894965636,0.007082409873841346,-0.02825093671858756,0.022840207219683894
AAPL250711C00222500,2025-06-27 19:56:09+00:00,222.5,0.11,0.1,0.11,-0.009999998,-8.333332,148.0,486,0.2763744238281249,False,REGULAR,USD,AAPL,2025-07-11,11,201.0800018310547,1.1065247561860585,2025-06-29 12:49:53.389650,6,6,0.30390143737166325,0.009999999999999995,0.10500000000000001,0.0049999999999999906,0.01996935165459342,0.005012176808926391,-0.021745462297450273,0.01687958693287421
AAPL250711C00225000,2025-06-27 19:52:16+00:00,225.0,0.08,0.07,0.08,-0.010000005,-11.111116,206.0,3654,0.2871165039062499,False,REGULAR,USD,AAPL,2025-07-11,11,201.0800018310547,1.1189576186151151,2025-06-29 12:49:53.389650,6,6,0.05636114911080711,0.009999999999999995,0.07500000000000001,0.0049999999999999906,0.013908474934508783,0.003540591734694378,-0.01654267300112558,0.012387155516658348
AAPL250711C00230000,2025-06-27 19:51:33+00:00,230.0,0.05,0.04,0.05,-0.009999998,-16.666664,354.0,2549,0.3125068749999999,False,REGULAR,USD,AAPL,2025-07-11,11,201.0800018310547,1.143823343473229,2025-06-29 12:49:53.389650,6,6,0.1388235294117647,0.010000000000000002,0.045,0.0050000000000000044,0.007717062096555293,0.0019466925750530235,-0.01073890063977339,0.007413009047961343
AAPL250711C00235000,2025-06-27 19:50:20+00:00,235.0,0.03,0.03,0.04,0.0,0.0,63.0,631,0.3457096679687499,False,REGULAR,USD,AAPL,2025-07-11,11,201.0800018310547,1.168689068331343,2025-06-29 12:49:53.389650,6,6,0.09968354430379747,0.010000000000000002,0.035,-0.0050000000000000044,0.005506753400308521,0.001305652082060009,-0.008791849227442413,0.005500175818422512
AAPL250711C00240000,2025-06-27 19:45:18+00:00,240.0,0.03,0.02,0.03,0.01,50.0,116.0,770,0.37305314453125,False,REGULAR,USD,AAPL,2025-07-11,11,201.0800018310547,1.1935547931894563,2025-06-29 12:49:53.389650,6,6,0.1504539559014267,0.009999999999999998,0.025,0.0049999999999999975,0.0037203737333058274,0.0008525416310552679,-0.006672085578628329,0.003875465564644004
AAPL250711C00245000,2025-06-27 19:31:51+00:00,245.0,0.02,0.01,0.03,0.0,0.0,92.0,446,0.4101621484375,False,REGULAR,USD,AAPL,2025-07-11,11,201.0800018310547,1.21842051804757,2025-06-29 12:49:53.389650,6,6,0.2058165548098434,0.019999999999999997,0.02,0.0,0.0032866061888777716,0.0006937099512657127,-0.006552646569711916,0.003467137661423023
AAPL250711C00250000,2025-06-27 18:47:57+00:00,250.0,0.01,0.0,0.02,-0.01,-50.0,13.0,406,0.429693203125,False,REGULAR,USD,AAPL,2025-07-11,11,201.0800018310547,1.243286242905684,2025-06-29 12:49:53.389650,6,6,0.03194103194103194,0.02,0.01,0.0,0.0021067735212160054,0.0004431222545295527,-0.00458842825393268,0.0023201690412319505
AAPL250711C00255000,2025-06-27 16:51:00+00:00,255.0,0.01,0.0,0.11,0.0,0.0,3.0,43,0.51758294921875,False,REGULAR,USD,AAPL,2025-07-11,11,201.0800018310547,1.2681519677637976,2025-06-29 12:49:53.389650,6,6,0.06818181818181818,0.11,0.055,-0.045,0.004908610100096462,0.0007872713608648731,-0.01181299124290011,0.004965260010959301
AAPL250711C00260000,2025-06-27 18:56:08+00:00,260.0,0.01,0.0,0.02,-0.01,-50.0,25.0,235,0.4960987890625,False,REGULAR,USD,AAPL,2025-07-11,11,201.0800018310547,1.2930176926219112,2025-06-29 12:49:53.389650,6,6,0.1059322033898305,0.02,0.01,0.0,0.0017316730360555773,0.00032117554808988434,-0.004424721728467289,0.0019415484056072422
AAPL250711C00265000,2025-06-26 17:30:46+00:00,265.0,0.01,0.0,0.02,0.0,0.0,1.0,32,0.500005,False,REGULAR,USD,AAPL,2025-07-11,11,201.0800018310547,1.317883417480025,2025-06-29 12:49:53.389650,6,6,0.030303030303030304,0.02,0.01,0.0,0.0009065884571465549,0.00017629799294585502,-0.0024656321416590536,0.0010741360612595452
AAPL250711C00270000,2025-06-26 14:12:59+00:00,270.0,0.01,0.0,0.22,0.0,0.0,2.0,112,0.6796907031250001,False,REGULAR,USD,AAPL,2025-07-11,11,201.0800018310547,1.3427491423381386,2025-06-29 12:49:53.389650,6,6,0.017699115044247787,0.22,0.11,-0.1,0.007633738342076685,0.000886533773974312,-0.022887073003380918,0.007342504084500414
AAPL250711C00275000,2025-06-12 13:41:07+00:00,275.0,0.02,0.0,0.22,0.0,0.0,1.0,14,0.7148466015625,False,REGULAR,USD,AAPL,2025-07-11,11,201.0800018310547,1.3676148671962522,2025-06-29 12:49:53.389650,6,6,0.06666666666666667,0.22,0.11,-0.09,0.007171214234602375,0.0007977604124489979,-0.02276923525552768,0.0069490097323820854
AAPL250711C00280000,2025-06-10 16:08:03+00:00,280.0,0.03,0.0,0.22,0.0,0.0,1.0,14,0.7500025,False,REGULAR,USD,AAPL,2025-07-11,11,201.0800018310547,1.392480592054366,2025-06-29 12:49:53.389650,6,6,0.06666666666666667,0.22,0.11,-0.08,0.00682725956264267,0.000728082141225231,-0.022864439289247578,0.006653967439205491
AAPL250711C00285000,2025-06-27 17:50:06+00:00,285.0,0.01,0.0,0.22,0.0,0.0,1.0,0,0.7851583984375,False,REGULAR,USD,AAPL,2025-07-11,11,201.0800018310547,1.4173463169124796,2025-06-29 12:49:53.389650,6,6,1.0,0.22,0.11,-0.1,0.006574888724915431,0.0006727113406343762,-0.023143263662524012,0.0064361122714854955
AAPL250711C00290000,2025-06-16 14:11:02+00:00,290.0,0.01,0.0,0.62,0.0,0.0,60.0,60,0.9423833886718748,False,REGULAR,USD,AAPL,2025-07-11,11,201.0800018310547,1.4422120417705933,2025-06-29 12:49:53.389650,6,6,0.9836065573770492,0.62,0.31,-0.3,0.015885800617279098,0.001209332599649577,-0.059899478371933726,0.013887080856042044
AAPL250711C00300000,2025-06-20 13:41:28+00:00,300.0,0.01,0.0,0.22,0.0,0.0,10.0,12,0.8828136718749999,False,REGULAR,USD,AAPL,2025-07-11,11,201.0800018310547,1.4919434914868206,2025-06-29 12:49:53.389650,6,6,0.7692307692307693,0.22,0.11,-0.1,0.005800369277312734,0.0005354278911274437,-0.02326514102818844,0.005759802903967704
AAPL250711C00320000,2025-06-27 19:45:01+00:00,320.0,0.01,0.0,0.01,0.0,0.0,1.0,1,0.7500025,False,REGULAR,USD,AAPL,2025-07-11,11,201.0800018310547,1.5914063909192753,2025-06-29 12:49:53.389650,6,6,0.5,0.01,0.005,0.005,0.0002398808045485965,3.430135099985392e-05,-0.0010750869618530005,0.0003134812128336232
AAPL250711C00325000,2025-06-11 18:33:24+00:00,325.0,0.01,0.0,0.01,0.0,0.0,1.0,2,0.7812521875,False,REGULAR,USD,AAPL,2025-07-11,11,201.0800018310547,1.616272115777389,2025-06-29 12:49:53.389650,6,6,0.3333333333333333,0.01,0.005,0.005,0.0002689485386177962,3.663446634382102e-05,-0.0012456365437118226,0.00034875359865949544
AAPL250718C00090000,2025-06-23 15:38:16+00:00,90.0,110.35,110.25,112.35,0.0,0.0,590.0,296,1.5449241503906248,True,REGULAR,USD,AAPL,2025-07-18,18,201.0800018310547,0.4475830474460461,2025-06-29 12:49:53.525819,6,6,1.9865319865319866,2.0999999999999943,111.3,-0.9500000000000028,0.9941635994962524,0.00024049668521329516,-0.04391144717264131,0.0074085575467692484
AAPL250718C00095000,2025-06-17 13:59:08+00:00,95.0,102.25,105.2,107.4,0.0,0.0,1.0,13,1.4492215039062502,True,REGULAR,USD,AAPL,2025-07-18,18,201.0800018310547,0.4724487723041598,2025-06-29 12:49:53.525819,6,6,0.07142857142857142,2.200000000000003,106.30000000000001,-4.050000000000011,0.993763438007783,0.00027189966587173,-0.044419679266727,0.007857074030412654
AAPL250718C00100000,2025-06-25 14:15:26+00:00,100.0,101.95,100.9,101.65,0.0,0.0,1.0,532,1.3359408203124996,True,REGULAR,USD,AAPL,2025-07-18,18,201.0800018310547,0.4973144971622735,2025-06-29 12:49:53.525819,6,6,0.001876172607879925,0.75,101.275,0.6749999999999972,0.9939840452407998,0.00028569240050840605,-0.041723356801521054,0.007610326861262466
AAPL250718C00105000,2025-06-05 18:16:06+00:00,105.0,97.38,95.9,97.3,0.0,0.0,4.0,44,1.4501980615234376,True,REGULAR,USD,AAPL,2025-07-18,18,201.0800018310547,0.5221802220203872,2025-06-29 12:49:53.525819,6,6,0.08888888888888889,1.3999999999999915,96.6,0.7800000000000011,0.9856005520392181,0.0005646095435391892,-0.07966969575909924,0.01632649413504048
AAPL250718C00110000,2025-06-16 15:50:50+00:00,110.0,87.75,90.9,92.35,0.0,0.0,383.0,374,1.3681672216796876,True,REGULAR,USD,AAPL,2025-07-18,18,201.0800018310547,0.5470459468785008,2025-06-29 12:49:53.525819,6,6,1.0213333333333334,1.4499999999999886,91.625,-3.875,0.9840408508796954,0.0006537467409898361,-0.08231904952014014,0.01783471279564985
AAPL250718C00115000,2025-06-23 15:04:54+00:00,115.0,85.94,85.25,87.45,0.0,0.0,15.0,80,1.142582412109375,True,REGULAR,USD,AAPL,2025-07-18,18,201.0800018310547,0.5719116717366145,2025-06-29 12:49:53.525819,6,6,0.18518518518518517,2.200000000000003,86.35,-0.4099999999999966,0.990326643623041,0.00050744590157561,-0.052116102333105874,0.011560980949645958
AAPL250718C00120000,2025-06-27 13:35:48+00:00,120.0,82.94,80.9,81.7,1.840004,2.2688088,13.0,228,1.0332079589843752,True,REGULAR,USD,AAPL,2025-07-18,18,201.0800018310547,0.5967773965947282,2025-06-29 12:49:53.525819,6,6,0.056768558951965066,0.7999999999999972,81.30000000000001,1.6399999999999864,0.9912326360500054,0.0005148832791315243,-0.046580275710362884,0.010607521799179892
AAPL250718C00125000,2025-06-26 19:57:19+00:00,125.0,76.6,76.15,76.7,0.0,0.0,1.0,2556,1.0283251708984378,True,REGULAR,USD,AAPL,2025-07-18,18,201.0800018310547,0.621643121452842,2025-06-29 12:49:53.525819,6,6,0.00039108330074305825,0.5499999999999972,76.42500000000001,0.17499999999998295,0.9863335181506337,0.0007611824069792993,-0.061254651834659245,0.015607617389237605
AAPL250718C00130000,2025-06-25 14:56:15+00:00,130.0,72.85,71.0,72.3,0.0,0.0,1.0,209,1.039555583496094,True,REGULAR,USD,AAPL,2025-07-18,18,201.0800018310547,0.6465088463109556,2025-06-29 12:49:53.525819,6,6,0.004761904761904762,1.2999999999999972,71.65,1.1999999999999886,0.9780726267249196,0.001127508857359282,-0.08459279648675579,0.023371418882832114
AAPL250718C00135000,2025-06-27 14:33:05+00:00,135.0,66.78,66.1,67.1,2.7299957,4.262288,1.0,620,0.946289599609375,True,REGULAR,USD,AAPL,2025-07-18,18,201.0800018310547,0.6713745711690693,2025-06-29 12:49:53.525819,6,6,0.001610305958132045,1.0,66.6,0.18000000000000682,0.9779318977252901,0.00124534369229201,-0.07955502863897715,0.02349798888106127
AAPL250718C00140000,2025-06-27 15:27:02+00:00,140.0,61.65,61.25,61.7,0.040000916,0.06492601,1.0,8088,0.8300798242187499,True,REGULAR,USD,AAPL,2025-07-18,18,201.0800018310547,0.696240296027183,2025-06-29 12:49:53.525819,6,6,0.00012362467548522686,0.45000000000000284,61.475,0.17499999999999716,0.9807588170742999,0.0012640532804309042,-0.06680423453285518,0.02092197312115824
AAPL250718C00145000,2025-06-25 16:23:36+00:00,145.0,57.13,55.4,57.45,0.0,0.0,1.0,183,0.743166630859375,True,REGULAR,USD,AAPL,2025-07-18,18,201.0800018310547,0.7211060208852966,2025-06-29 12:49:53.525819,6,6,0.005434782608695652,2.0500000000000043,56.425,0.7050000000000054,0.9811761141650722,0.0013858019526661865,-0.061655047522733215,0.020535475889287974
AAPL250718C00150000,2025-06-27 19:20:40+00:00,150.0,51.75,51.05,51.8,0.20999908,0.40744874,39.0,662,0.676761044921875,True,REGULAR,USD,AAPL,2025-07-18,18,201.0800018310547,0.7459717457434103,2025-06-29 12:49:53.525819,6,6,0.058823529411764705,0.75,51.425,0.32500000000000284,0.9794037267917999,0.0016425922165469622,-0.061566147490569406,0.022165754281585754
AAPL250718C00155000,2025-06-27 16:06:20+00:00,155.0,47.22,46.1,47.65,0.15000153,0.31867757,2.0,170,0.7216824707031251,True,REGULAR,USD,AAPL,2025-07-18,18,201.0800018310547,0.770837470601524,2025-06-29 12:49:53.525819,6,6,0.011695906432748537,1.5499999999999972,46.875,0.34499999999999886,0.9572450201299328,0.0028223782038543197,-0.10133952951398703,0.04061428087031589
AAPL250718C00160000,2025-06-27 17:44:33+00:00,160.0,41.7,41.3,41.85,0.20000076,0.48192954,8.0,833,0.5874064697265625,True,REGULAR,USD,AAPL,2025-07-18,18,201.0800018310547,0.7957031954596376,2025-06-29 12:49:53.525819,6,6,0.009592326139088728,0.5500000000000043,41.575,0.125,0.9668240894364964,0.0028190346281636997,-0.07477658735238576,0.03301843903273356
AAPL250718C00165000,2025-06-27 14:29:20+00:00,165.0,37.2,36.45,37.2,0.20000076,0.5405426,5.0,539,0.5708050732421875,True,REGULAR,USD,AAPL,2025-07-18,18,201.0800018310547,0.8205689203177513,2025-06-29 12:49:53.525819,6,6,0.009259259259259259,0.75,36.825,0.375,0.949802433140445,0.004059080940338041,-0.09433924738228089,0.04619903855306871
AAPL250718C00170000,2025-06-27 18:52:32+00:00,170.0,31.7,31.2,31.95,-0.14999962,-0.47095641,8.0,780,0.5210008837890624,True,REGULAR,USD,AAPL,2025-07-18,18,201.0800018310547,0.845434645175865,2025-06-29 12:49:53.525819,6,6,0.010243277848911651,0.75,31.575,0.125,0.9370390337535104,0.005316653359744477,-0.10133861577067724,0.055232437191607656
AAPL250718C00175000,2025-06-27 15:54:10+00:00,175.0,27.6,26.35,27.05,0.80000114,2.985079,203.0,882,0.4641166870117187,True,REGULAR,USD,AAPL,2025-07-18,18,201.0800018310547,0.8703003700339786,2025-06-29 12:49:53.525819,6,6,0.22989807474518686,0.6999999999999993,26.700000000000003,0.8999999999999986,0.9226748257899834,0.0069909058140054945,-0.1050875780440233,0.06469609029142853
AAPL250718C00180000,2025-06-27 19:59:00+00:00,180.0,22.05,21.8,22.2,0.049999237,0.22726925,39.0,2511,0.4094297338867187,True,REGULAR,USD,AAPL,2025-07-18,18,201.0800018310547,0.8951660948920923,2025-06-29 12:49:53.525819,6,6,0.01552547770700637,0.3999999999999986,22.0,0.05000000000000071,0.9015810189717068,0.009487981829879907,-0.10985922381394125,0.0774587751236841
AAPL250718C00182500,2025-06-26 19:47:57+00:00,182.5,20.0,19.25,20.05,0.0,0.0,4.0,10,0.4069883520507812,True,REGULAR,USD,AAPL,2025-07-18,18,201.0800018310547,0.9075989573211491,2025-06-29 12:49:53.525819,6,6,0.36363636363636365,0.8000000000000007,19.65,0.3500000000000014,0.8739360213831281,0.01139426798296035,-0.12583939673649006,0.09246679634410042
AAPL250718C00185000,2025-06-27 19:20:40+00:00,185.0,17.52,17.15,18.4,1.1200008,6.8292737,36.0,4938,0.4377497631835937,True,REGULAR,USD,AAPL,2025-07-18,18,201.0800018310547,0.920031819750206,2025-06-29 12:49:53.525819,6,6,0.007288924883579672,1.25,17.775,-0.254999999999999,0.8241643632369573,0.013227206960504013,-0.16056052353169506,0.11545466096377428
AAPL250718C00187500,2025-06-27 19:55:54+00:00,187.5,15.0,14.8,15.2,-0.14999962,-0.99009645,5.0,24,0.3404606970214844,True,REGULAR,USD,AAPL,2025-07-18,18,201.0800018310547,0.9324646821792628,2025-06-29 12:49:53.525819,6,6,0.2,0.3999999999999986,15.0,0.0,0.8401956498908769,0.015991522581965956,-0.12370741508408675,0.10856109152786964
AAPL250718C00190000,2025-06-27 19:59:32+00:00,190.0,12.9,12.75,13.0,-0.17000008,-1.3006892,159.0,3278,0.3215399877929687,True,REGULAR,USD,AAPL,2025-07-18,18,201.0800018310547,0.9448975446083197,2025-06-29 12:49:53.525819,6,6,0.0484903934126258,0.25,12.875,0.025000000000000355,0.806207758785016,0.019129979265447773,-0.1299537462593556,0.12264981343057765
AAPL250718C00192500,2025-06-27 19:55:54+00:00,192.5,10.8,10.55,11.85,-0.4499998,-3.9999983,111.0,234,0.3649965844726562,True,REGULAR,USD,AAPL,2025-07-18,18,201.0800018310547,0.9573304070373764,2025-06-29 12:49:53.525819,6,6,0.4723404255319149,1.299999999999999,11.2,-0.3999999999999986,0.7287174438284925,0.020334945235442495,-0.168495105154956,0.14799573819523448
AAPL250718C00195000,2025-06-27 19:59:34+00:00,195.0,8.91,8.85,8.95,-0.19000053,-2.0879178,583.0,8241,0.2905344384765624,True,REGULAR,USD,AAPL,2025-07-18,18,201.0800018310547,0.9697632694664332,2025-06-29 12:49:53.525819,6,6,0.07073525843241932,0.09999999999999964,8.899999999999999,0.010000000000001563,0.7075897173008957,0.026487074876475575,-0.14208914285151483,0.15344368502940875
AAPL250718C00197500,2025-06-27 19:56:34+00:00,197.5,7.15,7.05,8.2,-0.19999981,-2.721086,236.0,273,0.3357000024414062,True,REGULAR,USD,AAPL,2025-07-18,18,201.0800018310547,0.9821961318954902,2025-06-29 12:49:53.525819,6,6,0.8613138686131386,1.1499999999999995,7.625,-0.47499999999999964,0.6222224687557614,0.02535441938203566,-0.17427977918280205,0.1697158547361246
AAPL250718C00200000,2025-06-27 19:59:52+00:00,200.0,5.54,5.5,5.6,-0.09000015,-1.5985817,8521.0,28217,0.2691723474121094,True,REGULAR,USD,AAPL,2025-07-18,18,201.0800018310547,0.994628994324547,2025-06-29 12:49:53.525819,6,6,0.3019703735204479,0.09999999999999964,5.55,-0.009999999999999787,0.5640453713288973,0.03276241367213848,-0.14624677624130253,0.17584245287577674
AAPL250718C00202500,2025-06-27 19:59:58+00:00,202.5,4.15,4.1,4.45,-0.069999695,-1.6587605,2228.0,2966,0.2722240747070312,False,REGULAR,USD,AAPL,2025-07-18,18,201.0800018310547,1.0070618567536038,2025-06-29 12:49:53.525819,6,6,0.7509268621503202,0.35000000000000053,4.275,-0.125,0.48189780968532775,0.032785169705005474,-0.14723855748405185,0.17795957832333278
AAPL250718C00205000,2025-06-27 19:59:58+00:00,205.0,3.0,3.0,3.15,-0.07999992,-2.5974002,13240.0,37959,0.2563550927734375,False,REGULAR,USD,AAPL,2025-07-18,18,201.0800018310547,1.0194947191826609,2025-06-29 12:49:53.525819,6,6,0.3487881981032666,0.1499999999999999,3.075,-0.07500000000000018,0.3945928818643031,0.033626873762081594,-0.13284593807150316,0.17188811334872345
AAPL250718C00207500,2025-06-27 19:59:46+00:00,207.5,2.18,2.12,2.22,-0.00999999,-0.45662057,3319.0,3731,0.2493971545410156,False,REGULAR,USD,AAPL,2025-07-18,18,201.0800018310547,1.0319275816117175,2025-06-29 12:49:53.525819,6,6,0.8893354769560557,0.10000000000000009,2.17,0.010000000000000231,0.3102097303944156,0.031688255480428536,-0.11741773228561289,0.15758222441628325
AAPL250718C00210000,2025-06-27 19:59:46+00:00,210.0,1.49,1.45,1.5,-0.01999998,-1.3245021,13788.0,52447,0.2430495617675781,False,REGULAR,USD,AAPL,2025-07-18,18,201.0800018310547,1.0443604440407743,2025-06-29 12:49:53.525819,6,6,0.262888956680903,0.050000000000000044,1.475,0.014999999999999902,0.23223494311905113,0.02812941356521194,-0.09823845855541498,0.1363241888418702
AAPL250718C00212500,2025-06-27 19:59:58+00:00,212.5,0.99,0.98,1.01,-0.08000004,-7.476639,1351.0,2299,0.2409743872070312,False,REGULAR,USD,AAPL,2025-07-18,18,201.0800018310547,1.0567933064698312,2025-06-29 12:49:53.525819,6,6,0.587391304347826,0.030000000000000027,0.995,-0.0050000000000000044,0.16867384432433252,0.023399130881214286,-0.07977538244119405,0.1124315020727818
AAPL250718C00215000,2025-06-27 19:59:15+00:00,215.0,0.66,0.65,0.7,-0.06999999,-9.58904,5964.0,50535,0.2434157690429687,False,REGULAR,USD,AAPL,2025-07-18,18,201.0800018310547,1.069226168898888,2025-06-29 12:49:53.525819,6,6,0.11801488048124109,0.04999999999999993,0.675,-0.015000000000000013,0.1218823280169195,0.01860659413451164,-0.06433286661137845,0.09030940803654622
AAPL250718C00217500,2025-06-27 19:58:06+00:00,217.5,0.45,0.45,0.47,-0.060000002,-11.764707,532.0,2364,0.2448805981445312,False,REGULAR,USD,AAPL,2025-07-18,18,201.0800018310547,1.0816590313279448,2025-06-29 12:49:53.525819,6,6,0.22494714587737843,0.019999999999999962,0.45999999999999996,-0.009999999999999953,0.08519955809162155,0.014255559705052682,-0.049638248190859255,0.06960750262074356
AAPL250718C00220000,2025-06-27 19:59:53+00:00,220.0,0.32,0.31,0.32,-0.04000002,-11.111116,4435.0,39118,0.24805439453125,False,REGULAR,USD,AAPL,2025-07-18,18,201.0800018310547,1.0940918937570017,2025-06-29 12:49:53.525819,6,6,0.11337201871213477,0.010000000000000009,0.315,0.0050000000000000044,0.059361771497222306,0.010664750925882831,-0.03794345652715794,0.05274909877677482
AAPL250718C00222500,2025-06-27 19:59:01+00:00,222.5,0.23,0.23,0.25,-0.029999986,-11.538456,109.0,640,0.2583081982421875,False,REGULAR,USD,AAPL,2025-07-18,18,201.0800018310547,1.1065247561860585,2025-06-29 12:49:53.525819,6,6,0.17004680187207488,0.01999999999999999,0.24,-0.009999999999999981,0.04523010045837,0.00825150937359428,-0.031711810823709205,0.0425000057836603
AAPL250718C00225000,2025-06-27 19:59:53+00:00,225.0,0.17,0.17,0.18,-0.019999996,-10.526314,23336.0,21881,0.2641675146484374,False,REGULAR,USD,AAPL,2025-07-18,18,201.0800018310547,1.1189576186151151,2025-06-29 12:49:53.525819,6,6,1.0664473082899186,0.009999999999999981,0.175,-0.004999999999999977,0.03254777218552682,0.006170447723411223,-0.02472646375779941,0.03250225469516332
AAPL250718C00230000,2025-06-27 19:58:40+00:00,230.0,0.11,0.1,0.12,-0.009999998,-8.333332,2101.0,50483,0.2861399511718749,False,REGULAR,USD,AAPL,2025-07-18,18,201.0800018310547,1.143823343473229,2025-06-29 12:49:53.525819,6,6,0.04161714602646383,0.01999999999999999,0.11,0.0,0.02046917786893288,0.0038646401261237906,-0.018076836468421974,0.02204981546312566
AAPL250718C00235000,2025-06-27 19:50:35+00:00,235.0,0.07,0.07,0.08,0.0,0.0,1218.0,11992,0.305671005859375,False,REGULAR,USD,AAPL,2025-07-18,18,201.0800018310547,1.168689068331343,2025-06-29 12:49:53.525819,6,6,0.10155924289168682,0.009999999999999995,0.07500000000000001,-0.0050000000000000044,0.01300147454696533,0.002452753401010925,-0.013043209321030574,0.014949460992837222
AAPL250718C00240000,2025-06-27 19:55:57+00:00,240.0,0.06,0.05,0.06,0.009999998,19.999996,383.0,17806,0.327155166015625,False,REGULAR,USD,AAPL,2025-07-18,18,201.0800018310547,1.1935547931894563,2025-06-29 12:49:53.525819,6,6,0.021508395574773964,0.009999999999999995,0.055,0.0049999999999999975,0.00901141588032743,0.0016656795216349095,-0.010116783139846118,0.010865823108514359
AAPL250718C00245000,2025-06-27 19:54:12+00:00,245.0,0.04,0.03,0.05,0.0,0.0,243.0,7599,0.3515689843749999,False,REGULAR,USD,AAPL,2025-07-18,18,201.0800018310547,1.21842051804757,2025-06-29 12:49:53.525819,6,6,0.031973684210526314,0.020000000000000004,0.04,0.0,0.006951176428357189,0.0012336479555221326,-0.008632242224246902,0.008648070062025599
AAPL250718C00250000,2025-06-27 19:56:32+00:00,250.0,0.04,0.03,0.04,0.0,0.0,192.0,32543,0.37305314453125,False,REGULAR,USD,AAPL,2025-07-18,18,201.0800018310547,1.243286242905684,2025-06-29 12:49:53.525819,6,6,0.0058997050147492625,0.010000000000000002,0.035,0.0049999999999999975,0.005273666750486526,0.0009101863695561708,-0.007157484649406812,0.006770464016000111
AAPL250718C00255000,2025-06-27 19:54:12+00:00,255.0,0.03,0.02,0.03,0.01,50.0,298.0,7564,0.39063109375,False,REGULAR,USD,AAPL,2025-07-18,18,201.0800018310547,1.2681519677637976,2025-06-29 12:49:53.525819,6,6,0.039391936549900856,0.009999999999999998,0.025,0.0049999999999999975,0.003829605759860706,0.0006532022159662478,-0.0056234588801560015,0.005087821435303118
AAPL250718C00260000,2025-06-27 19:53:48+00:00,260.0,0.03,0.01,0.03,0.01,50.0,36.0,4233,0.4179745703124999,False,REGULAR,USD,AAPL,2025-07-18,18,201.0800018310547,1.2930176926219112,2025-06-29 12:49:53.525819,6,6,0.008502598016060462,0.019999999999999997,0.02,0.009999999999999998,0.0035130101275154834,0.0005649934894556302,-0.005561201252903668,0.004708804990478475
AAPL250718C00265000,2025-06-27 19:53:48+00:00,265.0,0.02,0.01,0.03,0.0,0.0,14.0,4802,0.445318046875,False,REGULAR,USD,AAPL,2025-07-18,18,201.0800018310547,1.317883417480025,2025-06-29 12:49:53.525819,6,6,0.0029148448886112846,0.019999999999999997,0.02,0.0,0.0032955902757373866,0.0005007136360378378,-0.0055878945542985215,0.004446078395023152
AAPL250718C00270000,2025-06-26 19:43:11+00:00,270.0,0.01,0.0,0.03,0.0,0.0,112.0,8804,0.4726615234375,False,REGULAR,USD,AAPL,2025-07-18,18,201.0800018310547,1.3427491423381386,2025-06-29 12:49:53.525819,6,6,0.012720045428733675,0.03,0.015,-0.004999999999999999,0.003149086832692053,0.00045283738128328613,-0.005687539328064056,0.004267857618325647
AAPL250718C00275000,2025-06-26 15:37:17+00:00,275.0,0.01,0.0,0.03,0.0,0.0,10.0,3193,0.4960987890625,False,REGULAR,USD,AAPL,2025-07-18,18,201.0800018310547,1.3676148671962522,2025-06-29 12:49:53.525819,6,6,0.0031308703819661866,0.03,0.015,-0.004999999999999999,0.0028526690376023834,0.00039467647868925105,-0.005456179366760256,0.003904152860488899
AAPL250718C00280000,2025-06-27 16:03:50+00:00,280.0,0.01,0.0,0.01,0.0,0.0,96.0,4961,0.4687553125,False,REGULAR,USD,AAPL,2025-07-18,18,201.0800018310547,1.392480592054366,2025-06-29 12:49:53.525819,6,6,0.019347037484885126,0.01,0.005,0.005,0.0009519079007959016,0.00015374397288694532,-0.001896623611510284,0.0014370163313995612
AAPL250718C00285000,2025-06-27 16:03:03+00:00,285.0,0.01,0.0,0.02,0.0,0.0,351.0,6071,0.523442265625,False,REGULAR,USD,AAPL,2025-07-18,18,201.0800018310547,1.4173463169124796,2025-06-29 12:49:53.525819,6,6,0.057806324110671936,0.02,0.01,0.0,0.0017433343057105752,0.0002394168274796737,-0.0036798072304380404,0.002498853873090669
AAPL250718C00290000,2025-06-27 19:31:07+00:00,290.0,0.01,0.0,0.02,0.0,0.0,13.0,1988,0.51562984375,False,REGULAR,USD,AAPL,2025-07-18,18,201.0800018310547,1.4422120417705933,2025-06-29 12:49:53.525819,6,6,0.006535947712418301,0.02,0.01,0.0,0.0009069905342329789,0.00013369671352697843,-0.00199306538491426,0.001374599491888604
AAPL250718C00295000,2025-06-20 18:24:24+00:00,295.0,0.01,0.0,0.02,0.0,0.0,60.0,1908,0.5390671093750001,False,REGULAR,USD,AAPL,2025-07-18,18,201.0800018310547,1.467077766628707,2025-06-29 12:49:53.525819,6,6,0.03143006809848088,0.02,0.01,0.0,0.0009005610919833975,0.0001270505309733532,-0.002068938217216397,0.001365641546385435
AAPL250718C00300000,2025-06-26 18:16:00+00:00,300.0,0.01,0.0,0.01,0.0,0.0,6.0,3657,0.5312546875,False,REGULAR,USD,AAPL,2025-07-18,18,201.0800018310547,1.4919434914868206,2025-06-29 12:49:53.525819,6,6,0.0016402405686167304,0.01,0.005,0.005,0.00046429301016036697,6.994729658631833e-05,-0.0011058351951753898,0.0007409537676372914
AAPL250718C00305000,2025-06-13 13:30:02+00:00,305.0,0.01,0.0,0.02,0.0,0.0,1.0,2905,0.57812921875,False,REGULAR,USD,AAPL,2025-07-18,18,201.0800018310547,1.5168092163449345,2025-06-29 12:49:53.525819,6,6,0.00034411562284927734,0.02,0.01,0.0,0.0007845380240658956,0.0001043497506119172,-0.0019526527642245192,0.0012029116649901494
AAPL250718C00310000,2025-06-09 15:41:59+00:00,310.0,0.02,0.0,0.02,0.0,0.0,1.0,1853,0.6015664843750002,False,REGULAR,USD,AAPL,2025-07-18,18,201.0800018310547,1.541674941203048,2025-06-29 12:49:53.525819,6,6,0.0005393743257820927,0.02,0.01,0.01,0.0008023957097625436,0.00010238384412400232,-0.0020734954943366253,0.0012280964198363943
AAPL250718C00315000,2025-06-12 15:57:40+00:00,315.0,0.01,0.0,0.02,0.0,0.0,5.0,779,0.6171913281250001,False,REGULAR,USD,AAPL,2025-07-18,18,201.0800018310547,1.5665406660611616,2025-06-29 12:49:53.525819,6,6,0.00641025641025641,0.02,0.01,0.0,0.0007151254763002363,8.974927556610503e-05,-0.0019125810818977742,0.0011045062272273607
AAPL250718C00320000,2025-06-10 16:08:26+00:00,320.0,0.01,0.0,0.02,0.0,0.0,1.0,868,0.64062859375,False,REGULAR,USD,AAPL,2025-07-18,18,201.0800018310547,1.5914063909192753,2025-06-29 12:49:53.525819,6,6,0.0011507479861910242,0.02,0.01,0.0,0.0007429733272260949,8.95643156935632e-05,-0.0020556325738943677,0.001144086162044744
AAPL250718C00325000,2025-06-24 13:30:01+00:00,325.0,0.01,0.0,0.01,0.0,0.0,2.0,1350,0.6250037500000001,False,REGULAR,USD,AAPL,2025-07-18,18,201.0800018310547,1.616272115777389,2025-06-29 12:49:53.525819,6,6,0.0014803849000740192,0.01,0.005,0.005,0.00037303088194373977,4.853135969414359e-05,-0.0010599503765092446,0.0006048149028683435
AAPL250718C00330000,2025-06-18 19:06:10+00:00,330.0,0.01,0.0,0.01,0.0,0.0,31.0,464,0.64062859375,False,REGULAR,USD,AAPL,2025-07-18,18,201.0800018310547,1.6411378406355026,2025-06-29 12:49:53.525819,6,6,0.06666666666666667,0.01,0.005,0.005,0.00034475919368080266,4.400452239313064e-05,-0.0010094476992905026,0.0005621096387273244
AAPL250718C00340000,2025-06-16 17:54:32+00:00,340.0,0.01,0.0,0.01,0.0,0.0,2.0,1522,0.6718782812500002,False,REGULAR,USD,AAPL,2025-07-18,18,201.0800018310547,1.69086929035173,2025-06-29 12:49:53.525819,6,6,0.0013131976362442547,0.01,0.005,0.005,0.0003027130563887699,3.7177374378931054e-05,-0.0009375859812443573,0.0004980657970313967
AAPL250718C00350000,2025-06-27 17:55:03+00:00,350.0,0.01,0.0,0.01,0.0,0.0,1.0,237,0.7187528125,False,REGULAR,USD,AAPL,2025-07-18,18,201.0800018310547,1.7406007400679573,2025-06-29 12:49:53.525819,6,6,0.004201680672268907,0.01,0.005,0.005,0.00036630640420086624,4.149424024920416e-05,-0.0011969929948225078,0.0005946819761459557
AAPL250718C00360000,2025-05-05 14:01:11+00:00,360.0,0.02,0.0,0.01,0.0,0.0,10.0,94,0.7500025,False,REGULAR,USD,AAPL,2025-07-18,18,201.0800018310547,1.7903321897841846,2025-06-29 12:49:53.525819,6,6,0.10526315789473684,0.01,0.005,0.015,0.00033852206168104743,3.6954786361755536e-05,-0.0011603004093673716,0.0005526508071393408
AAPL250718C00370000,2025-05-30 19:44:21+00:00,370.0,0.01,0.0,0.01,0.0,0.0,50.0,140,0.7812521875,False,REGULAR,USD,AAPL,2025-07-18,18,201.0800018310547,1.840063639500412,2025-06-29 12:49:53.525819,6,6,0.3546099290780142,0.01,0.005,0.005,0.0003202138165341743,3.3689010103685984e-05,-0.001147344071360939,0.0005248037119819318
AAPL250718C00380000,2025-06-17 17:44:13+00:00,380.0,0.01,0.0,0.01,0.0,0.0,1.0,842,0.8125018749999999,False,REGULAR,USD,AAPL,2025-07-18,18,201.0800018310547,1.8897950892166395,2025-06-29 12:49:53.525819,6,6,0.0011862396204033216,0.01,0.005,0.005,0.0003090073303122359,3.133733238157752e-05,-0.001153979775613338,0.0005076960652396451
AAPL250718C00390000,2025-06-16 17:41:23+00:00,390.0,0.01,0.0,0.01,0.0,0.0,10.0,299,0.8437515624999999,False,REGULAR,USD,AAPL,2025-07-18,18,201.0800018310547,1.9395265389328664,2025-06-29 12:49:53.525819,6,6,0.03333333333333333,0.01,0.005,0.005,0.0003033466866392876,2.9661960759400696e-05,-0.001177590836765759,0.000499035967162142
AAPL250718C00400000,2025-06-25 14:11:54+00:00,400.0,0.01,0.0,0.01,0.0,0.0,1.0,5883,0.87500125,False,REGULAR,USD,AAPL,2025-07-18,18,201.0800018310547,1.989257988649094,2025-06-29 12:49:53.525819,6,6,0.0001699524133242692,0.01,0.005,0.005,0.0003021970599042779,2.8501721561750878e-05,-0.0012165872652519485,0.0004972756207323688
AAPL250725C00120000,2025-06-27 17:42:44+00:00,120.0,81.97,80.9,82.9,-0.03,-0.036585364,5.0,1,1.107426337890625,True,REGULAR,USD,AAPL,2025-07-25,25,201.0800018310547,0.5967773965947282,2025-06-29 12:49:53.655350,6,6,2.5,2.0,81.9,0.06999999999999318,0.9736781463989065,0.0010470631901335005,-0.08669257578980802,0.03211239116997139
AAPL250725C00125000,2025-06-20 14:16:46+00:00,125.0,75.5,76.0,77.9,0.0,0.0,1.0,1,1.0439500927734378,True,REGULAR,USD,AAPL,2025-07-25,25,201.0800018310547,0.621643121452842,2025-06-29 12:49:53.655350,6,6,0.5,1.9000000000000057,76.95,-1.4500000000000028,0.9705626921764859,0.001219218132710561,-0.08975561944156647,0.035248939513743076
AAPL250725C00135000,2025-06-23 17:28:40+00:00,135.0,67.0,66.0,67.95,0.0,0.0,2.0,1,0.90429783203125,True,REGULAR,USD,AAPL,2025-07-25,25,201.0800018310547,0.6713745711690693,2025-06-29 12:49:53.655350,6,6,1.0,1.9500000000000028,66.975,0.025000000000005684,0.9653385834898052,0.0016107987553975085,-0.09033673435725569,0.040340165931983585
AAPL250725C00140000,2025-06-26 13:33:14+00:00,140.0,62.69,61.0,63.0,0.0,0.0,2.0,10,0.8398453515625,True,REGULAR,USD,AAPL,2025-07-25,25,201.0800018310547,0.696240296027183,2025-06-29 12:49:53.655350,6,6,0.18181818181818182,2.0,62.0,0.6899999999999977,0.9618628247489988,0.0018755198869746161,-0.09123307824286866,0.04362203295967748
AAPL250725C00145000,2025-06-24 16:49:05+00:00,145.0,58.59,56.15,58.05,0.0,0.0,1.0,1,0.790041162109375,True,REGULAR,USD,AAPL,2025-07-25,25,201.0800018310547,0.7211060208852966,2025-06-29 12:49:53.655350,6,6,0.5,1.8999999999999986,57.099999999999994,1.490000000000009,0.9555580313706046,0.0022570514522312307,-0.09648758027120342,0.04938284242471327
AAPL250725C00150000,2025-06-20 17:48:52+00:00,150.0,49.32,51.1,53.05,0.0,0.0,46.0,46,0.7187528125,True,REGULAR,USD,AAPL,2025-07-25,25,201.0800018310547,0.7459717457434103,2025-06-29 12:49:53.655350,6,6,0.9787234042553191,1.9499999999999957,52.075,-2.7550000000000026,0.9525649339230052,0.002614301034309249,-0.09386646405317726,0.052037935331721456
AAPL250725C00155000,2025-06-10 15:52:23+00:00,155.0,49.33,46.25,48.15,0.0,0.0,1.0,2,0.672122419433594,True,REGULAR,USD,AAPL,2025-07-25,25,201.0800018310547,0.770837470601524,2025-06-29 12:49:53.655350,6,6,0.3333333333333333,1.8999999999999986,47.2,2.1299999999999955,0.9437539766525181,0.0032011515343193814,-0.09958392696161487,0.059585353512306705
AAPL250725C00160000,2025-06-25 13:52:52+00:00,160.0,43.29,41.2,42.7,0.0,0.0,2.0,6330,0.5710492114257812,True,REGULAR,USD,AAPL,2025-07-25,25,201.0800018310547,0.7957031954596376,2025-06-29 12:49:53.655350,6,6,0.000315905860053704,1.5,41.95,1.3399999999999963,0.9481069942709976,0.0035350048212948845,-0.08416704035526214,0.05590471680693537
AAPL250725C00165000,2025-06-20 19:15:42+00:00,165.0,35.79,36.4,38.25,0.0,0.0,3.0,5,0.5576216113281252,True,REGULAR,USD,AAPL,2025-07-25,25,201.0800018310547,0.8205689203177513,2025-06-29 12:49:53.655350,6,6,0.5,1.8500000000000014,37.325,-1.5350000000000037,0.9266837248228468,0.004740917957709474,-0.10201656588226872,0.07321278744300072
AAPL250725C00170000,2025-06-27 13:45:11+00:00,170.0,33.16,31.5,33.35,1.9699993,6.3161244,1.0,82,0.5034229345703125,True,REGULAR,USD,AAPL,2025-07-25,25,201.0800018310547,0.845434645175865,2025-06-29 12:49:53.655350,6,6,0.012048192771084338,1.8500000000000014,32.425,0.7349999999999994,0.9140726458429802,0.005921587141836875,-0.10381244119364436,0.0825574037509899
AAPL250725C00175000,2025-06-27 18:20:32+00:00,175.0,27.35,26.35,27.95,0.35000038,1.2962978,94.0,11,0.4858449853515625,True,REGULAR,USD,AAPL,2025-07-25,25,201.0800018310547,0.8703003700339786,2025-06-29 12:49:53.655350,6,6,7.833333333333333,1.5999999999999979,27.15,0.20000000000000284,0.8816034024855113,0.007750041583931521,-0.12173880894488541,0.10427655203572538
AAPL250725C00180000,2025-06-27 14:33:05+00:00,180.0,22.55,21.95,23.05,0.049999237,0.22221883,7.0,46,0.4240780249023437,True,REGULAR,USD,AAPL,2025-07-25,25,201.0800018310547,0.8951660948920923,2025-06-29 12:49:53.655350,6,6,0.14893617021276595,1.1000000000000014,22.5,0.05000000000000071,0.8608585304705949,0.009931726313431545,-0.11944378680104817,0.11664212338552281
AAPL250725C00185000,2025-06-27 19:54:43+00:00,185.0,17.81,17.35,18.2,0.1099987,0.6214616,16.0,189,0.3632876171875,True,REGULAR,USD,AAPL,2025-07-25,25,201.0800018310547,0.920031819750206,2025-06-29 12:49:53.655350,6,6,0.08421052631578947,0.8499999999999979,17.775,0.03500000000000014,0.8315195666671862,0.013160304817484588,-0.11657064400450409,0.13240410461048774
AAPL250725C00190000,2025-06-27 19:50:51+00:00,190.0,13.4,13.4,13.85,-0.10000038,-0.7407436,163.0,524,0.3276434423828125,True,REGULAR,USD,AAPL,2025-07-25,25,201.0800018310547,0.9448975446083197,2025-06-29 12:49:53.655350,6,6,0.31047619047619046,0.4499999999999993,13.625,-0.22499999999999964,0.7715022966329506,0.017546109091658525,-0.12364507267040463,0.1592088519431823
AAPL250725C00195000,2025-06-27 19:53:30+00:00,195.0,9.5,9.35,10.05,-0.39999962,-4.0404005,102.0,499,0.305671005859375,True,REGULAR,USD,AAPL,2025-07-25,25,201.0800018310547,0.9697632694664332,2025-06-29 12:49:53.655350,6,6,0.204,0.7000000000000011,9.7,-0.1999999999999993,0.6796105948486407,0.022242570373022012,-0.13242514649497014,0.18828864262578468
AAPL250725C00200000,2025-06-27 19:54:18+00:00,200.0,6.28,6.35,6.55,-0.30999994,-4.7040963,2031.0,2418,0.2755199401855468,True,REGULAR,USD,AAPL,2025-07-25,25,201.0800018310547,0.994628994324547,2025-06-29 12:49:53.655350,6,6,0.8396031417941298,0.20000000000000018,6.449999999999999,-0.16999999999999904,0.5628642377823373,0.027172373016438774,-0.12883677832477017,0.20733160448207336
AAPL250725C00205000,2025-06-27 19:59:27+00:00,205.0,3.85,3.8,3.95,0.049999952,1.3157883,3005.0,5912,0.2586133709716797,False,REGULAR,USD,AAPL,2025-07-25,25,201.0800018310547,1.0194947191826609,2025-06-29 12:49:53.655350,6,6,0.5082022661931338,0.15000000000000036,3.875,-0.02499999999999991,0.4204191373239915,0.028728255921755316,-0.11745161913016057,0.20575250978971518
AAPL250725C00210000,2025-06-27 19:59:58+00:00,210.0,2.09,2.03,2.25,-0.029999971,-1.4150931,4652.0,7223,0.2520826745605469,False,REGULAR,USD,AAPL,2025-07-25,25,201.0800018310547,1.0443604440407743,2025-06-29 12:49:53.655350,6,6,0.6439645625692137,0.2200000000000002,2.1399999999999997,-0.04999999999999982,0.2833159572631283,0.025519618739475745,-0.09731484101407924,0.17815666937920951
AAPL250725C00215000,2025-06-27 19:59:53+00:00,215.0,1.09,1.05,1.09,-0.01999998,-1.8018,1499.0,6817,0.2409743872070312,False,REGULAR,USD,AAPL,2025-07-25,25,201.0800018310547,1.069226168898888,2025-06-29 12:49:53.655350,6,6,0.2198591962452332,0.040000000000000036,1.07,0.020000000000000018,0.16465180881287306,0.019547982397028603,-0.0672602004329902,0.13045409882881992
AAPL250725C00220000,2025-06-27 19:59:54+00:00,220.0,0.57,0.49,0.62,0.0,0.0,2544.0,5683,0.2500075,False,REGULAR,USD,AAPL,2025-07-25,25,201.0800018310547,1.0940918937570017,2025-06-29 12:49:53.655350,6,6,0.44757213230119636,0.13,0.5549999999999999,0.015000000000000013,0.09864514510814382,0.013206758636563093,-0.04835664266479589,0.09143957174902803
AAPL250725C00225000,2025-06-27 19:59:58+00:00,225.0,0.32,0.31,0.33,-0.01000002,-3.0303092,1178.0,2235,0.2556226782226563,False,REGULAR,USD,AAPL,2025-07-25,25,201.0800018310547,1.1189576186151151,2025-06-29 12:49:53.655350,6,6,0.5268336314847942,0.020000000000000018,0.32,0.0,0.05530532494844386,0.008305683657656627,-0.03154118476731362,0.05879760981447431
AAPL250725C00230000,2025-06-27 19:54:32+00:00,230.0,0.19,0.19,0.22,-0.019999996,-9.523808,609.0,1946,0.2724682128906249,False,REGULAR,USD,AAPL,2025-07-25,25,201.0800018310547,1.143823343473229,2025-06-29 12:49:53.655350,6,6,0.31278890600924497,0.03,0.20500000000000002,-0.015000000000000013,0.035869874266241025,0.005498518245123877,-0.023570323396872078,0.041490285085064256
AAPL250725C00235000,2025-06-27 19:46:25+00:00,235.0,0.14,0.13,0.15,0.0,0.0,231.0,3876,0.2885813330078124,False,REGULAR,USD,AAPL,2025-07-25,25,201.0800018310547,1.168689068331343,2025-06-29 12:49:53.655350,6,6,0.059582151147794686,0.01999999999999999,0.14,0.0,0.023802626121929085,0.003693111656232916,-0.01767259233958173,0.029515189679145334
AAPL250725C00240000,2025-06-27 19:59:13+00:00,240.0,0.09,0.07,0.11,-0.009999998,-9.999998,164.0,1079,0.305671005859375,False,REGULAR,USD,AAPL,2025-07-25,25,201.0800018310547,1.1935547931894563,2025-06-29 12:49:53.655350,6,6,0.15185185185185185,0.039999999999999994,0.09,0.0,0.016629007681040007,0.0025719045168215984,-0.013755238973591972,0.021771782771240426
AAPL250725C00245000,2025-06-27 17:38:02+00:00,245.0,0.06,0.02,0.29,-0.010000002,-14.285716,22.0,190,0.39063109375,False,REGULAR,USD,AAPL,2025-07-25,25,201.0800018310547,1.21842051804757,2025-06-29 12:49:53.655350,6,6,0.11518324607329843,0.26999999999999996,0.155,-0.095,0.03231627276658235,0.0035199614842817166,-0.030605756445583897,0.03807935874608087
AAPL250725C00250000,2025-06-27 19:40:27+00:00,250.0,0.04,0.04,0.05,-0.02,-33.333336,25.0,294,0.3300848242187499,False,REGULAR,USD,AAPL,2025-07-25,25,201.0800018310547,1.243286242905684,2025-06-29 12:49:53.655350,6,6,0.0847457627118644,0.010000000000000002,0.045,-0.0049999999999999975,0.0073867096535937945,0.0011763135452319648,-0.007296712978527351,0.010753096942179347
AAPL250725C00255000,2025-06-27 18:16:52+00:00,255.0,0.04,0.0,0.26,0.0,0.0,27.0,155,0.4458063232421875,False,REGULAR,USD,AAPL,2025-07-25,25,201.0800018310547,1.2681519677637976,2025-06-29 12:49:53.655350,6,6,0.17307692307692307,0.26,0.13,-0.09,0.025681311905245252,0.002547954256842703,-0.02872512471791589,0.03145739504387786
AAPL250725C00260000,2025-06-26 15:44:37+00:00,260.0,0.05,0.0,0.05,0.0,0.0,1.0,151,0.3808655664062499,False,REGULAR,USD,AAPL,2025-07-25,25,201.0800018310547,1.2930176926219112,2025-06-29 12:49:53.655350,6,6,0.006578947368421052,0.05,0.025,0.025,0.006317101385444175,0.0008879161897177893,-0.00730251541755756,0.009365448722291088
AAPL250725C00265000,2025-06-26 15:46:05+00:00,265.0,0.02,0.01,0.04,0.0,0.0,4.0,243,0.3945373046875,False,REGULAR,USD,AAPL,2025-07-25,25,201.0800018310547,1.317883417480025,2025-06-29 12:49:53.655350,6,6,0.01639344262295082,0.03,0.025,-0.005000000000000001,0.0048203436266805455,0.0006740913814229665,-0.0059403739677838414,0.007365322251641637
AAPL250725C00270000,2025-06-27 14:35:10+00:00,270.0,0.02,0.01,0.04,0.0,0.0,4.0,106,0.4179745703124999,False,REGULAR,USD,AAPL,2025-07-25,25,201.0800018310547,1.3427491423381386,2025-06-29 12:49:53.655350,6,6,0.037383177570093455,0.03,0.025,-0.005000000000000001,0.004550594303558522,0.0006044287563645271,-0.005969888694324185,0.0069964846141172855
AAPL250725C00275000,2025-06-24 16:32:42+00:00,275.0,0.02,0.0,0.03,0.0,0.0,1.0,18,0.42774009765625,False,REGULAR,USD,AAPL,2025-07-25,25,201.0800018310547,1.3676148671962522,2025-06-29 12:49:53.655350,6,6,0.05263157894736842,0.03,0.015,0.005000000000000001,0.0033634675542451235,0.0004505118221648746,-0.004655005340274322,0.0053366787624610145
AAPL250725C00280000,2025-06-16 13:45:54+00:00,280.0,0.05,0.0,0.68,0.0,0.0,1.0,22,0.6108437353515627,False,REGULAR,USD,AAPL,2025-07-25,25,201.0800018310547,1.392480592054366,2025-06-29 12:49:53.655350,6,6,0.043478260869565216,0.68,0.34,-0.29000000000000004,0.02443732855118738,0.001783739949181765,-0.037499064752805324,0.030174950648893323
AAPL250725C00315000,2025-06-27 13:56:58+00:00,315.0,0.01,0.0,0.31,0.0,0.0,100.0,0,0.7041045214843751,False,REGULAR,USD,AAPL,2025-07-25,25,201.0800018310547,1.5665406660611616,2025-06-29 12:49:53.655350,6,6,100.0,0.31,0.155,-0.145,0.010031163469690886,0.0007212435963726314,-0.020064824492127528,0.014063842971772371
AAPL250725C00325000,2025-06-23 15:18:21+00:00,325.0,0.01,0.0,0.03,0.0,0.0,1.0,3,0.585941640625,False,REGULAR,USD,AAPL,2025-07-25,25,201.0800018310547,1.616272115777389,2025-06-29 12:49:53.655350,6,6,0.25,0.03,0.015,-0.004999999999999999,0.0012149862777677415,0.00013053242923517517,-0.0025143120355649853,0.0021181547616314473
QQQ250630C00300000,2025-05-27 16:02:01+00:00,300.0,220.8,242.57,245.47,0.0,0.0,1.0,0,1.0000000000000004e-05,True,REGULAR,USD,QQQ,2025-06-30,0,548.0900268554688,0.5473553345262929,2025-06-29 12:49:54.076490,6,6,1.0,2.9000000000000057,244.01999999999998,-23.21999999999997,0.0,0.0,0.0,0.0
QQQ250630C00310000,2025-05-02 14:49:37+00:00,310.0,180.15,207.89,211.6,0.0,0.0,7.0,5,1.0000000000000004e-05,True,REGULAR,USD,QQQ,2025-06-30,0,548.0900268554688,0.5656005123438361,2025-06-29 12:49:54.076490,6,6,1.1666666666666667,3.710000000000008,209.745,-29.595,0.0,0.0,0.0,0.0
QQQ250630C00315000,2025-04-25 13:54:53+00:00,315.0,153.99,192.74,196.87,0.0,0.0,4.0,1,1.0000000000000004e-05,True,REGULAR,USD,QQQ,2025-06-30,0,548.0900268554688,0.5747231012526076,2025-06-29 12:49:54.076490,6,6,2.0,4.1299999999999955,194.805,-40.815,0.0,0.0,0.0,0.0
QQQ250630C00325000,2025-06-20 20:05:44+00:00,325.0,204.37,220.84,224.72,0.0,0.0,52.0,7,3.8779299926757815,True,REGULAR,USD,QQQ,2025-06-30,0,548.0900268554688,0.5929682790701507,2025-06-29 12:49:54.076490,6,6,6.5,3.8799999999999955,222.78,-18.409999999999997,0.0,0.0,0.0,0.0
QQQ250630C00330000,2025-06-20 20:11:03+00:00,330.0,197.46,215.84,219.72,0.0,0.0,34.0,0,3.7792974267578128,True,REGULAR,USD,QQQ,2025-06-30,0,548.0900268554688,0.6020908679789223,2025-06-29 12:49:54.076490,6,6,34.0,3.8799999999999955,217.78,-20.319999999999993,0.0,0.0,0.0,0.0
QQQ250630C00335000,2025-06-20 20:07:13+00:00,335.0,193.46,210.84,214.72,0.0,0.0,26.0,0,3.682129700927735,True,REGULAR,USD,QQQ,2025-06-30,0,548.0900268554688,0.6112134568876938,2025-06-29 12:49:54.076490,6,6,26.0,3.8799999999999955,212.78,-19.319999999999993,0.0,0.0,0.0,0.0
QQQ250630C00340000,2025-06-20 20:13:33+00:00,340.0,187.39,205.84,209.73,0.0,0.0,1.0,0,3.589844775390625,True,REGULAR,USD,QQQ,2025-06-30,0,548.0900268554688,0.6203360457964654,2025-06-29 12:49:54.076490,6,6,1.0,3.8899999999999864,207.785,-20.39500000000001,0.0,0.0,0.0,0.0
QQQ250630C00345000,2025-06-20 15:24:34+00:00,345.0,181.8,200.84,204.73,0.0,0.0,1.0,0,3.495118449707032,True,REGULAR,USD,QQQ,2025-06-30,0,548.0900268554688,0.6294586347052369,2025-06-29 12:49:54.076490,6,6,1.0,3.8899999999999864,202.785,-20.984999999999985,0.0,0.0,0.0,0.0
QQQ250630C00350000,2025-06-26 17:24:15+00:00,350.0,195.28,195.85,199.73,0.0,0.0,10.0,11,3.4013686840820307,True,REGULAR,USD,QQQ,2025-06-30,0,548.0900268554688,0.6385812236140085,2025-06-29 12:49:54.076490,6,6,0.8333333333333334,3.8799999999999955,197.79,-2.509999999999991,0.0,0.0,0.0,0.0
QQQ250630C00355000,2025-04-22 14:02:42+00:00,355.0,92.38,0.0,0.0,0.0,0.0,2.0,0,1.0000000000000004e-05,True,REGULAR,USD,QQQ,2025-06-30,0,548.0900268554688,0.64770381252278,2025-06-29 12:49:54.076490,6,6,2.0,0.0,0.0,92.38,0.0,0.0,0.0,0.0
QQQ250630C00360000,2025-06-06 17:05:45+00:00,360.0,169.65,185.85,189.73,0.0,0.0,1.0,0,3.217287113037109,True,REGULAR,USD,QQQ,2025-06-30,0,548.0900268554688,0.6568264014315516,2025-06-29 12:49:54.076490,6,6,1.0,3.8799999999999955,187.79,-18.139999999999986,0.0,0.0,0.0,0.0
QQQ250630C00365000,2025-06-18 19:42:18+00:00,365.0,164.89,180.85,184.67,0.0,0.0,1.0,0,3.1054709863281245,True,REGULAR,USD,QQQ,2025-06-30,0,548.0900268554688,0.6659489903403232,2025-06-29 12:49:54.076490,6,6,1.0,3.819999999999993,182.76,-17.870000000000005,0.0,0.0,0.0,0.0
QQQ250630C00370000,2025-06-20 14:40:16+00:00,370.0,159.36,175.85,179.73,0.0,0.0,1.0,0,3.03760006225586,True,REGULAR,USD,QQQ,2025-06-30,0,548.0900268554688,0.6750715792490947,2025-06-29 12:49:54.076490,6,6,1.0,3.8799999999999955,177.79,-18.42999999999998,0.0,0.0,0.0,0.0
QQQ250630C00375000,2025-06-18 15:40:26+00:00,375.0,156.77,170.85,174.71,0.0,0.0,1.0,0,2.942385456542969,True,REGULAR,USD,QQQ,2025-06-30,0,548.0900268554688,0.6841941681578663,2025-06-29 12:49:54.076490,6,6,1.0,3.8600000000000136,172.78,-16.00999999999999,0.0,0.0,0.0,0.0
QQQ250630C00380000,2025-06-20 15:44:04+00:00,380.0,148.21,165.85,169.71,0.0,0.0,1.0,1,2.854983331298828,True,REGULAR,USD,QQQ,2025-06-30,0,548.0900268554688,0.6933167570666378,2025-06-29 12:49:54.076490,6,6,0.5,3.8600000000000136,167.78,-19.569999999999993,0.0,0.0,0.0,0.0
QQQ250630C00385000,2025-06-20 14:25:24+00:00,385.0,143.16,160.85,164.74,0.0,0.0,1.0,0,2.778323366699219,True,REGULAR,USD,QQQ,2025-06-30,0,548.0900268554688,0.7024393459754094,2025-06-29 12:49:54.076490,6,6,1.0,3.890000000000015,162.79500000000002,-19.63500000000002,0.0,0.0,0.0,0.0
QQQ250630C00390000,2025-06-24 16:17:44+00:00,390.0,148.46,155.85,159.74,0.0,0.0,1.0,1,2.6928743615722657,True,REGULAR,USD,QQQ,2025-06-30,0,548.0900268554688,0.7115619348841808,2025-06-29 12:49:54.076490,6,6,0.5,3.890000000000015,157.79500000000002,-9.335000000000008,0.0,0.0,0.0,0.0
QQQ250630C00395000,2025-06-20 16:16:52+00:00,395.0,131.87,150.85,154.74,0.0,0.0,1.0,0,2.6079136364746094,True,REGULAR,USD,QQQ,2025-06-30,0,548.0900268554688,0.7206845237929524,2025-06-29 12:49:54.076490,6,6,1.0,3.890000000000015,152.79500000000002,-20.92500000000001,0.0,0.0,0.0,0.0
QQQ250630C00400000,2025-06-25 19:13:02+00:00,400.0,141.3,145.85,149.73,0.0,0.0,3.0,8,2.520511511230469,True,REGULAR,USD,QQQ,2025-06-30,0,548.0900268554688,0.7298071127017239,2025-06-29 12:49:54.076490,6,6,0.3333333333333333,3.8799999999999955,147.79,-6.489999999999981,0.0,0.0,0.0,0.0
QQQ250630C00405000,2025-06-20 17:26:10+00:00,405.0,121.84,140.85,144.73,0.0,0.0,1.0,0,2.43750390625,True,REGULAR,USD,QQQ,2025-06-30,0,548.0900268554688,0.7389297016104955,2025-06-29 12:49:54.076490,6,6,1.0,3.8799999999999955,142.79,-20.94999999999999,0.0,0.0,0.0,0.0
QQQ250630C00410000,2025-06-11 17:59:17+00:00,410.0,122.44,135.85,139.73,0.0,0.0,1.0,0,2.354984581298828,True,REGULAR,USD,QQQ,2025-06-30,0,548.0900268554688,0.748052290519267,2025-06-29 12:49:54.076490,6,6,1.0,3.8799999999999955,137.79,-15.349999999999994,0.0,0.0,0.0,0.0
QQQ250630C00415000,2025-06-25 15:00:26+00:00,415.0,127.07,130.85,134.73,0.0,0.0,8.0,8,2.2734418164062498,True,REGULAR,USD,QQQ,2025-06-30,0,548.0900268554688,0.7571748794280386,2025-06-29 12:49:54.076490,6,6,0.8888888888888888,3.8799999999999955,132.79,-5.719999999999999,0.0,0.0,0.0,0.0
QQQ250630C00420000,2025-06-26 15:51:01+00:00,420.0,123.68,125.85,129.69,0.0,0.0,2.0,1,2.1811568908691403,True,REGULAR,USD,QQQ,2025-06-30,0,548.0900268554688,0.7662974683368101,2025-06-29 12:49:54.076490,6,6,1.0,3.8400000000000034,127.77,-4.089999999999989,0.0,0.0,0.0,0.0
QQQ250630C00425000,2025-06-25 15:37:28+00:00,425.0,116.33,120.85,124.72,0.0,0.0,1.0,19,2.1088914465332027,True,REGULAR,USD,QQQ,2025-06-30,0,548.0900268554688,0.7754200572455817,2025-06-29 12:49:54.076490,6,6,0.05,3.8700000000000045,122.785,-6.454999999999998,0.0,0.0,0.0,0.0
QQQ250630C00430000,2025-06-26 17:54:44+00:00,430.0,114.81,115.86,119.71,0.0,0.0,2.0,2,2.026372121582031,True,REGULAR,USD,QQQ,2025-06-30,0,548.0900268554688,0.7845426461543533,2025-06-29 12:49:54.076490,6,6,0.6666666666666666,3.8499999999999943,117.785,-2.9749999999999943,0.0,0.0,0.0,0.0
QQQ250630C00434000,2025-06-18 18:47:43+00:00,434.0,96.27,111.86,115.74,0.0,0.0,1.0,0,1.970703271484375,True,REGULAR,USD,QQQ,2025-06-30,0,548.0900268554688,0.7918407172813705,2025-06-29 12:49:54.076490,6,6,1.0,3.8799999999999955,113.8,-17.53,0.0,0.0,0.0,0.0
QQQ250630C00435000,2025-06-20 16:06:05+00:00,435.0,92.45,110.86,114.74,0.0,0.0,1.0,2,1.9545900708007813,True,REGULAR,USD,QQQ,2025-06-30,0,548.0900268554688,0.7936652350631248,2025-06-29 12:49:54.076490,6,6,0.3333333333333333,3.8799999999999955,112.8,-20.349999999999994,0.0,0.0,0.0,0.0
QQQ250630C00436000,2025-06-18 17:50:00+00:00,436.0,94.6,109.86,113.74,0.0,0.0,1.0,0,1.938965148925781,True,REGULAR,USD,QQQ,2025-06-30,0,548.0900268554688,0.7954897528448791,2025-06-29 12:49:54.076490,6,6,1.0,3.8799999999999955,111.8,-17.200000000000003,0.0,0.0,0.0,0.0
QQQ250630C00437000,2025-06-11 15:38:41+00:00,437.0,99.19,108.86,112.74,0.0,0.0,1.0,0,1.9228519482421875,True,REGULAR,USD,QQQ,2025-06-30,0,548.0900268554688,0.7973142706266334,2025-06-29 12:49:54.076490,6,6,1.0,3.8799999999999955,110.8,-11.61,0.0,0.0,0.0,0.0
QQQ250630C00438000,2025-06-16 14:40:24+00:00,438.0,97.14,107.86,111.74,0.0,0.0,1.0,0,1.907227026367188,True,REGULAR,USD,QQQ,2025-06-30,0,548.0900268554688,0.7991387884083877,2025-06-29 12:49:54.076490,6,6,1.0,3.8799999999999955,109.8,-12.659999999999997,0.0,0.0,0.0,0.0
QQQ250630C00439000,2025-06-25 19:09:04+00:00,439.0,102.0,106.86,110.74,0.0,0.0,15.0,15,1.891602104492188,True,REGULAR,USD,QQQ,2025-06-30,0,548.0900268554688,0.8009633061901421,2025-06-29 12:49:54.076490,6,6,0.9375,3.8799999999999955,108.8,-6.799999999999997,0.0,0.0,0.0,0.0
QQQ250630C00440000,2025-06-27 16:26:39+00:00,440.0,109.31,105.86,109.68,9.610001,9.638918,1.0,7,1.8608405395507808,True,REGULAR,USD,QQQ,2025-06-30,0,548.0900268554688,0.8027878239718964,2025-06-29 12:49:54.076490,6,6,0.125,3.8200000000000074,107.77000000000001,1.539999999999992,0.0,0.0,0.0,0.0
QQQ250630C00441000,2025-06-24 15:26:30+00:00,441.0,97.81,104.86,108.71,0.0,0.0,1.0,1,1.8525397998046875,True,REGULAR,USD,QQQ,2025-06-30,0,548.0900268554688,0.8046123417536507,2025-06-29 12:49:54.076490,6,6,0.5,3.8499999999999943,106.785,-8.974999999999994,0.0,0.0,0.0,0.0
QQQ250630C00442000,2025-06-11 14:44:11+00:00,442.0,95.43,103.86,107.71,0.0,0.0,1.0,0,1.836914877929688,True,REGULAR,USD,QQQ,2025-06-30,0,548.0900268554688,0.806436859535405,2025-06-29 12:49:54.076490,6,6,1.0,3.8499999999999943,105.785,-10.35499999999999,0.0,0.0,0.0,0.0
QQQ250630C00443000,2025-06-20 13:31:29+00:00,443.0,89.47,102.86,106.71,0.0,0.0,1.0,0,1.821289956054688,True,REGULAR,USD,QQQ,2025-06-30,0,548.0900268554688,0.8082613773171593,2025-06-29 12:49:54.076490,6,6,1.0,3.8499999999999943,104.785,-15.314999999999998,0.0,0.0,0.0,0.0
QQQ250630C00444000,2025-06-23 14:49:15+00:00,444.0,85.95,101.86,105.71,0.0,0.0,1.0,2,1.805665034179688,True,REGULAR,USD,QQQ,2025-06-30,0,548.0900268554688,0.8100858950989136,2025-06-29 12:49:54.076490,6,6,0.3333333333333333,3.8499999999999943,103.785,-17.834999999999994,0.0,0.0,0.0,0.0
QQQ250630C00445000,2025-06-20 17:26:57+00:00,445.0,81.81,100.86,104.71,0.0,0.0,1.0,2,1.7900401123046876,True,REGULAR,USD,QQQ,2025-06-30,0,548.0900268554688,0.8119104128806679,2025-06-29 12:49:54.076490,6,6,0.3333333333333333,3.8499999999999943,102.785,-20.974999999999994,0.0,0.0,0.0,0.0
QQQ250630C00446000,2025-06-06 15:57:33+00:00,446.0,85.28,99.86,103.71,0.0,0.0,1.0,0,1.7744151904296874,True,REGULAR,USD,QQQ,2025-06-30,0,548.0900268554688,0.8137349306624222,2025-06-29 12:49:54.076490,6,6,1.0,3.8499999999999943,101.785,-16.504999999999995,0.0,0.0,0.0,0.0
QQQ250630C00447000,2025-06-26 14:11:45+00:00,447.0,96.51,98.86,102.71,0.0,0.0,5.0,4,1.7587902685546877,True,REGULAR,USD,QQQ,2025-06-30,0,548.0900268554688,0.8155594484441765,2025-06-29 12:49:54.076490,6,6,1.0,3.8499999999999943,100.785,-4.2749999999999915,0.0,0.0,0.0,0.0
QQQ250630C00448000,2025-05-12 14:40:46+00:00,448.0,60.2,87.09,90.46,0.0,0.0,3.0,178,1.0000000000000004e-05,True,REGULAR,USD,QQQ,2025-06-30,0,548.0900268554688,0.8173839662259309,2025-06-29 12:49:54.076490,6,6,0.01675977653631285,3.3699999999999903,88.775,-28.575000000000003,0.0,0.0,0.0,0.0
QQQ250630C00449000,2025-06-20 14:10:59+00:00,449.0,81.34,96.86,100.75,0.0,0.0,1.0,1,1.7368177221679688,True,REGULAR,USD,QQQ,2025-06-30,0,548.0900268554688,0.8192084840076852,2025-06-29 12:49:54.076490,6,6,0.5,3.8900000000000006,98.805,-17.465000000000003,0.0,0.0,0.0,0.0
QQQ250630C00450000,2025-06-27 16:22:59+00:00,450.0,99.41,95.86,99.75,3.3200073,3.455102,1.0,20,1.7211928002929686,True,REGULAR,USD,QQQ,2025-06-30,0,548.0900268554688,0.8210330017894395,2025-06-29 12:49:54.076490,6,6,0.047619047619047616,3.8900000000000006,97.805,1.6049999999999898,0.0,0.0,0.0,0.0
QQQ250630C00451000,2025-06-23 16:06:44+00:00,451.0,77.63,94.86,98.75,0.0,0.0,11.0,11,1.7055678784179689,True,REGULAR,USD,QQQ,2025-06-30,0,548.0900268554688,0.8228575195711938,2025-06-29 12:49:54.076490,6,6,0.9166666666666666,3.8900000000000006,96.805,-19.17500000000001,0.0,0.0,0.0,0.0
QQQ250630C00452000,2025-06-17 17:49:24+00:00,452.0,77.4,93.86,97.75,0.0,0.0,1.0,0,1.6899429565429689,True,REGULAR,USD,QQQ,2025-06-30,0,548.0900268554688,0.8246820373529481,2025-06-29 12:49:54.076490,6,6,1.0,3.8900000000000006,95.805,-18.405,0.0,0.0,0.0,0.0
QQQ250630C00453000,2025-06-27 13:42:19+00:00,453.0,95.0,92.86,96.75,10.0,11.764706,1.0,2,1.6745621740722658,True,REGULAR,USD,QQQ,2025-06-30,0,548.0900268554688,0.8265065551347024,2025-06-29 12:49:54.076490,6,6,0.3333333333333333,3.8900000000000006,94.805,0.19499999999999318,0.0,0.0,0.0,0.0
QQQ250630C00454000,2025-06-20 18:05:04+00:00,454.0,72.77,91.86,95.75,0.0,0.0,7.0,0,1.6591813916015623,True,REGULAR,USD,QQQ,2025-06-30,0,548.0900268554688,0.8283310729164567,2025-06-29 12:49:54.076490,6,6,7.0,3.8900000000000006,93.805,-21.03500000000001,0.0,0.0,0.0,0.0
QQQ250630C00455000,2025-06-23 14:20:56+00:00,455.0,77.11,90.86,94.74,0.0,0.0,5.0,7,1.6411150756835935,True,REGULAR,USD,QQQ,2025-06-30,0,548.0900268554688,0.830155590698211,2025-06-29 12:49:54.076490,6,6,0.625,3.8799999999999955,92.8,-15.689999999999998,0.0,0.0,0.0,0.0
QQQ250630C00456000,2025-06-16 14:06:01+00:00,456.0,78.72,89.86,93.74,0.0,0.0,1.0,0,1.625978432617187,True,REGULAR,USD,QQQ,2025-06-30,0,548.0900268554688,0.8319801084799653,2025-06-29 12:49:54.076490,6,6,1.0,3.8799999999999955,91.8,-13.079999999999998,0.0,0.0,0.0,0.0
QQQ250630C00457000,2025-06-27 19:24:13+00:00,457.0,88.39,88.86,92.74,18.46,26.397823,1.0,1,1.6103535107421876,True,REGULAR,USD,QQQ,2025-06-30,0,548.0900268554688,0.8338046262617196,2025-06-29 12:49:54.076490,6,6,0.5,3.8799999999999955,90.8,-2.4099999999999966,0.0,0.0,0.0,0.0
QQQ250630C00458000,2025-06-20 19:52:46+00:00,458.0,68.27,87.86,91.74,0.0,0.0,30.0,0,1.5947285888671874,True,REGULAR,USD,QQQ,2025-06-30,0,548.0900268554688,0.835629144043474,2025-06-29 12:49:54.076490,6,6,30.0,3.8799999999999955,89.8,-21.53,0.0,0.0,0.0,0.0
QQQ250630C00459000,2025-06-06 13:58:08+00:00,459.0,72.53,86.86,90.74,0.0,0.0,3.0,2,1.579347806396484,True,REGULAR,USD,QQQ,2025-06-30,0,548.0900268554688,0.8374536618252283,2025-06-29 12:49:54.076490,6,6,1.0,3.8799999999999955,88.8,-16.269999999999996,0.0,0.0,0.0,0.0
QQQ250630C00460000,2025-06-27 19:01:54+00:00,460.0,85.11,85.86,89.0,0.11000061,0.12941249,30.0,97,1.381839028320312,True,REGULAR,USD,QQQ,2025-06-30,0,548.0900268554688,0.8392781796069826,2025-06-29 12:49:54.076490,6,6,0.30612244897959184,3.1400000000000006,87.43,-2.3200000000000074,0.0,0.0,0.0,0.0
QQQ250630C00461000,2025-06-17 15:32:09+00:00,461.0,72.02,84.86,88.74,0.0,0.0,2.0,21,1.548342102050781,True,REGULAR,USD,QQQ,2025-06-30,0,548.0900268554688,0.8411026973887369,2025-06-29 12:49:54.076490,6,6,0.09090909090909091,3.8799999999999955,86.8,-14.780000000000001,0.0,0.0,0.0,0.0
QQQ250630C00462000,2025-06-26 15:44:14+00:00,462.0,82.4,83.86,87.74,0.0,0.0,1.0,207,1.5332054589843749,True,REGULAR,USD,QQQ,2025-06-30,0,548.0900268554688,0.8429272151704912,2025-06-29 12:49:54.076490,6,6,0.004807692307692308,3.8799999999999955,85.8,-3.3999999999999915,0.0,0.0,0.0,0.0
QQQ250630C00463000,2025-06-27 15:58:21+00:00,463.0,86.63,82.86,86.74,22.36,34.79073,10.0,50,1.517580537109375,True,REGULAR,USD,QQQ,2025-06-30,0,548.0900268554688,0.8447517329522455,2025-06-29 12:49:54.076490,6,6,0.19607843137254902,3.8799999999999955,84.8,1.8299999999999983,0.0,0.0,0.0,0.0
QQQ250630C00464000,2025-06-27 14:01:03+00:00,464.0,85.16,81.86,85.74,11.100006,14.987856,37.0,294,1.5021997546386716,True,REGULAR,USD,QQQ,2025-06-30,0,548.0900268554688,0.8465762507339998,2025-06-29 12:49:54.076490,6,6,0.12542372881355932,3.8799999999999955,83.8,1.3599999999999994,0.0,0.0,0.0,0.0
QQQ250630C00465000,2025-06-27 19:48:46+00:00,465.0,82.45,80.86,84.74,6.5199966,8.586851,2.0,152,1.4868189721679688,True,REGULAR,USD,QQQ,2025-06-30,0,548.0900268554688,0.8484007685157541,2025-06-29 12:49:54.076490,6,6,0.013071895424836602,3.8799999999999955,82.8,-0.3499999999999943,0.0,0.0,0.0,0.0
QQQ250630C00466000,2025-06-20 17:47:14+00:00,466.0,59.89,79.86,83.75,0.0,0.0,10.0,29,1.4736354443359376,True,REGULAR,USD,QQQ,2025-06-30,0,548.0900268554688,0.8502252862975084,2025-06-29 12:49:54.076490,6,6,0.3333333333333333,3.8900000000000006,81.805,-21.915000000000006,0.0,0.0,0.0,0.0
QQQ250630C00467000,2025-06-18 19:09:50+00:00,467.0,62.3,78.86,82.75,0.0,0.0,1.0,25,1.4580105224609374,True,REGULAR,USD,QQQ,2025-06-30,0,548.0900268554688,0.8520498040792628,2025-06-29 12:49:54.076490,6,6,0.038461538461538464,3.8900000000000006,80.805,-18.50500000000001,0.0,0.0,0.0,0.0
QQQ250630C00468000,2025-06-24 19:12:52+00:00,468.0,72.65,77.86,81.75,0.0,0.0,9.0,229,1.4426297399902346,True,REGULAR,USD,QQQ,2025-06-30,0,548.0900268554688,0.8538743218610171,2025-06-29 12:49:54.076490,6,6,0.0391304347826087,3.8900000000000006,79.805,-7.155000000000001,0.0,0.0,0.0,0.0
QQQ250630C00469000,2025-06-26 19:35:49+00:00,469.0,77.32,76.86,80.75,0.0,0.0,2.0,188,1.4272489575195313,True,REGULAR,USD,QQQ,2025-06-30,0,548.0900268554688,0.8556988396427714,2025-06-29 12:49:54.076490,6,6,0.010582010582010581,3.8900000000000006,78.805,-1.4850000000000136,0.0,0.0,0.0,0.0
QQQ250630C00470000,2025-06-27 19:19:07+00:00,470.0,77.37,75.86,79.5,6.5699997,9.27966,7.0,1242,1.3605989001464844,True,REGULAR,USD,QQQ,2025-06-30,0,548.0900268554688,0.8575233574245257,2025-06-29 12:49:54.076490,6,6,0.0056315366049879325,3.6400000000000006,77.68,-0.3100000000000023,0.0,0.0,0.0,0.0
QQQ250630C00471000,2025-06-24 18:53:11+00:00,471.0,69.27,74.86,78.75,0.0,0.0,1.0,26,1.396487392578125,True,REGULAR,USD,QQQ,2025-06-30,0,548.0900268554688,0.85934787520628,2025-06-29 12:49:54.076490,6,6,0.037037037037037035,3.8900000000000006,76.805,-7.535000000000011,0.0,0.0,0.0,0.0
QQQ250630C00472000,2025-06-24 17:35:37+00:00,472.0,67.66,73.86,77.7,0.0,0.0,1.0,22,1.371341033935547,True,REGULAR,USD,QQQ,2025-06-30,0,548.0900268554688,0.8611723929880343,2025-06-29 12:49:54.076490,6,6,0.043478260869565216,3.8400000000000034,75.78,-8.120000000000005,0.0,0.0,0.0,0.0
QQQ250630C00473000,2025-06-23 13:51:46+00:00,473.0,55.13,72.86,76.75,0.0,0.0,1.0,435,1.3657258276367186,True,REGULAR,USD,QQQ,2025-06-30,0,548.0900268554688,0.8629969107697886,2025-06-29 12:49:54.076490,6,6,0.0022935779816513763,3.8900000000000006,74.805,-19.675000000000004,0.0,0.0,0.0,0.0
QQQ250630C00474000,2025-06-26 19:17:17+00:00,474.0,72.25,71.86,75.7,0.0,0.0,1.0,145,1.3408236083984373,True,REGULAR,USD,QQQ,2025-06-30,0,548.0900268554688,0.8648214285515429,2025-06-29 12:49:54.076490,6,6,0.00684931506849315,3.8400000000000034,73.78,-1.5300000000000011,0.0,0.0,0.0,0.0
QQQ250630C00475000,2025-06-27 18:25:49+00:00,475.0,72.01,70.86,74.7,0.3100052,0.4323643,4.0,706,1.325686965332031,True,REGULAR,USD,QQQ,2025-06-30,0,548.0900268554688,0.8666459463332972,2025-06-29 12:49:54.076490,6,6,0.005657708628005658,3.8400000000000034,72.78,-0.769999999999996,0.0,0.0,0.0,0.0
QQQ250630C00476000,2025-06-20 19:56:53+00:00,476.0,50.85,69.86,73.74,0.0,0.0,4.0,114,1.3178745043945312,True,REGULAR,USD,QQQ,2025-06-30,0,548.0900268554688,0.8684704641150516,2025-06-29 12:49:54.076490,6,6,0.034782608695652174,3.8799999999999955,71.8,-20.949999999999996,0.0,0.0,0.0,0.0
QQQ250630C00477000,2025-06-27 14:40:13+00:00,477.0,72.34,68.86,72.74,8.989998,14.190999,3.0,415,1.302493721923828,True,REGULAR,USD,QQQ,2025-06-30,0,548.0900268554688,0.8702949818968059,2025-06-29 12:49:54.076490,6,6,0.007211538461538462,3.8799999999999955,70.8,1.5400000000000063,0.0,0.0,0.0,0.0
QQQ250630C00478000,2025-06-23 15:27:26+00:00,478.0,51.85,67.86,71.7,0.0,0.0,1.0,631,1.2797887573242184,True,REGULAR,USD,QQQ,2025-06-30,0,548.0900268554688,0.8721194996785602,2025-06-29 12:49:54.076490,6,6,0.0015822784810126582,3.8400000000000034,69.78,-17.93,0.0,0.0,0.0,0.0
QQQ250630C00479000,2025-06-26 19:59:49+00:00,479.0,67.37,66.86,70.74,0.0,0.0,1.0,336,1.2719762963867185,True,REGULAR,USD,QQQ,2025-06-30,0,548.0900268554688,0.8739440174603145,2025-06-29 12:49:54.076490,6,6,0.002967359050445104,3.8799999999999955,68.8,-1.4299999999999926,0.0,0.0,0.0,0.0
QQQ250630C00480000,2025-06-27 19:27:42+00:00,480.0,66.32,65.86,69.71,0.91999817,1.406725,20.0,796,1.2509803076171877,True,REGULAR,USD,QQQ,2025-06-30,0,548.0900268554688,0.8757685352420688,2025-06-29 12:49:54.076490,6,6,0.025094102885821833,3.8499999999999943,67.785,-1.4650000000000034,0.0,0.0,0.0,0.0
QQQ250630C00481000,2025-06-27 19:00:07+00:00,481.0,63.95,64.86,68.73,17.780003,38.50986,1.0,300,1.2392616162109371,True,REGULAR,USD,QQQ,2025-06-30,0,548.0900268554688,0.8775930530238231,2025-06-29 12:49:54.076490,6,6,0.0033222591362126247,3.8700000000000045,66.795,-2.844999999999999,0.0,0.0,0.0,0.0
QQQ250630C00482000,2025-06-23 17:08:12+00:00,482.0,46.11,63.86,67.73,0.0,0.0,3.0,275,1.2241249731445314,True,REGULAR,USD,QQQ,2025-06-30,0,548.0900268554688,0.8794175708055774,2025-06-29 12:49:54.076490,6,6,0.010869565217391304,3.8700000000000045,65.795,-19.685000000000002,0.0,0.0,0.0,0.0
QQQ250630C00483000,2025-06-27 19:56:01+00:00,483.0,64.9,62.86,66.71,20.690002,46.799374,14.0,521,1.205082099609375,True,REGULAR,USD,QQQ,2025-06-30,0,548.0900268554688,0.8812420885873317,2025-06-29 12:49:54.076490,6,6,0.02681992337164751,3.8499999999999943,64.785,0.1150000000000091,0.0,0.0,0.0,0.0
QQQ250630C00484000,2025-06-27 19:57:13+00:00,484.0,63.97,61.86,65.74,7.5300026,13.341607,1.0,295,1.1953165234375,True,REGULAR,USD,QQQ,2025-06-30,0,548.0900268554688,0.883066606369086,2025-06-29 12:49:54.076490,6,6,0.0033783783783783786,3.8799999999999955,63.8,0.1700000000000017,0.0,0.0,0.0,0.0
QQQ250630C00485000,2025-06-27 19:53:48+00:00,485.0,62.54,60.86,64.75,1.0400009,1.6910585,14.0,21196,1.1816447167968749,True,REGULAR,USD,QQQ,2025-06-30,0,548.0900268554688,0.8848911241508404,2025-06-29 12:49:54.076490,6,6,0.0006604708213426428,3.8900000000000006,62.805,-0.26500000000000057,0.0,0.0,0.0,0.0
QQQ250630C00486000,2025-06-27 15:30:51+00:00,486.0,63.12,59.86,63.75,4.5999985,7.8605576,1.0,488,1.1665080737304687,True,REGULAR,USD,QQQ,2025-06-30,0,548.0900268554688,0.8867156419325947,2025-06-29 12:49:54.076490,6,6,0.002044989775051125,3.8900000000000006,61.805,1.3149999999999977,0.0,0.0,0.0,0.0
QQQ250630C00487000,2025-06-20 16:50:08+00:00,487.0,40.86,58.86,62.75,0.0,0.0,5.0,236,1.1508831518554683,True,REGULAR,USD,QQQ,2025-06-30,0,548.0900268554688,0.888540159714349,2025-06-29 12:49:54.076490,6,6,0.02109704641350211,3.8900000000000006,60.805,-19.945,0.0,0.0,0.0,0.0
QQQ250630C00488000,2025-06-27 19:09:26+00:00,488.0,57.7,57.86,61.75,0.70000076,1.2280715,1.0,187,1.1357465087890626,True,REGULAR,USD,QQQ,2025-06-30,0,548.0900268554688,0.8903646774961033,2025-06-29 12:49:54.076490,6,6,0.005319148936170213,3.8900000000000006,59.805,-2.104999999999997,0.0,0.0,0.0,0.0
QQQ250630C00489000,2025-06-25 14:08:29+00:00,489.0,53.75,56.86,60.75,0.0,0.0,1.0,341,1.1203657263183593,True,REGULAR,USD,QQQ,2025-06-30,0,548.0900268554688,0.8921891952778576,2025-06-29 12:49:54.076490,6,6,0.0029239766081871343,3.8900000000000006,58.805,-5.055,0.0,0.0,0.0,0.0
QQQ250630C00490000,2025-06-27 19:35:06+00:00,490.0,56.68,55.86,59.75,0.31000137,0.54994035,24.0,1604,1.1049849438476564,True,REGULAR,USD,QQQ,2025-06-30,0,548.0900268554688,0.8940137130596119,2025-06-29 12:49:54.076490,6,6,0.014953271028037384,3.8900000000000006,57.805,-1.125,0.0,0.0,0.0,0.0
QQQ250630C00491000,2025-06-27 14:39:46+00:00,491.0,59.9,54.86,58.75,9.470001,18.778507,7.0,163,1.0896041613769532,True,REGULAR,USD,QQQ,2025-06-30,0,548.0900268554688,0.8958382308413662,2025-06-29 12:49:54.076490,6,6,0.042682926829268296,3.8900000000000006,56.805,3.094999999999999,0.0,0.0,0.0,0.0
QQQ250630C00492000,2025-06-25 16:20:11+00:00,492.0,48.89,53.86,57.75,0.0,0.0,3.0,545,1.0742233789062503,True,REGULAR,USD,QQQ,2025-06-30,0,548.0900268554688,0.8976627486231205,2025-06-29 12:49:54.076490,6,6,0.005494505494505495,3.8900000000000006,55.805,-6.914999999999999,0.0,0.0,0.0,0.0
QQQ250630C00493000,2025-06-27 19:32:40+00:00,493.0,53.28,52.86,56.74,1.8999977,3.6979325,1.0,374,1.057133620605469,True,REGULAR,USD,QQQ,2025-06-30,0,548.0900268554688,0.8994872664048748,2025-06-29 12:49:54.076490,6,6,0.0026666666666666666,3.8800000000000026,54.8,-1.519999999999996,0.0,0.0,0.0,0.0
QQQ250630C00494000,2025-06-27 19:09:26+00:00,494.0,51.69,51.87,55.76,1.8199997,3.649488,2.0,359,1.0449266503906252,True,REGULAR,USD,QQQ,2025-06-30,0,548.0900268554688,0.901311784186629,2025-06-29 12:49:54.076490,6,6,0.005555555555555556,3.8900000000000006,53.815,-2.125,0.0,0.0,0.0,0.0
QQQ250630C00495000,2025-06-27 19:41:00+00:00,495.0,52.11,50.87,54.76,0.94000244,1.8370187,194.0,859,1.029545867919922,True,REGULAR,USD,QQQ,2025-06-30,0,548.0900268554688,0.9031363019683836,2025-06-29 12:49:54.076490,6,6,0.2255813953488372,3.8900000000000006,52.815,-0.7049999999999983,0.0,0.0,0.0,0.0
QQQ250630C00496000,2025-06-26 15:12:01+00:00,496.0,48.14,49.87,53.76,0.0,0.0,4.0,147,1.0141650854492186,True,REGULAR,USD,QQQ,2025-06-30,0,548.0900268554688,0.9049608197501378,2025-06-29 12:49:54.076490,6,6,0.02702702702702703,3.8900000000000006,51.815,-3.674999999999997,0.0,0.0,0.0,0.0
QQQ250630C00497000,2025-06-27 17:51:03+00:00,497.0,50.2,48.87,52.76,2.3500023,4.9111857,4.0,472,0.9987793090820312,True,REGULAR,USD,QQQ,2025-06-30,0,548.0900268554688,0.906785337531892,2025-06-29 12:49:54.076490,6,6,0.008456659619450317,3.8900000000000006,50.815,-0.6149999999999949,0.0,0.0,0.0,0.0
QQQ250630C00498000,2025-06-27 18:21:56+00:00,498.0,49.0,47.87,51.72,3.040001,6.6144495,1.0,151,0.9770510107421876,True,REGULAR,USD,QQQ,2025-06-30,0,548.0900268554688,0.9086098553136464,2025-06-29 12:49:54.076490,6,6,0.006578947368421052,3.8500000000000014,49.795,-0.7950000000000017,0.0,0.0,0.0,0.0
QQQ250630C00499000,2025-06-20 17:58:13+00:00,499.0,27.87,46.87,50.71,0.0,0.0,2.0,346,0.9599613378906248,True,REGULAR,USD,QQQ,2025-06-30,0,548.0900268554688,0.9104343730954008,2025-06-29 12:49:54.076490,6,6,0.005763688760806916,3.8400000000000034,48.79,-20.919999999999998,0.0,0.0,0.0,0.0
QQQ250630C00500000,2025-06-27 20:12:17+00:00,500.0,48.22,45.87,49.0,2.2200012,4.82609,340.0,3770,0.8212908496093749,True,REGULAR,USD,QQQ,2025-06-30,0,548.0900268554688,0.912258890877155,2025-06-29 12:49:54.076490,6,6,0.09016176080615221,3.1300000000000026,47.435,0.7849999999999966,0.0,0.0,0.0,0.0
QQQ250630C00501000,2025-06-27 14:00:20+00:00,501.0,48.0,44.87,48.76,10.5,28.0,1.0,286,0.9367682104492188,True,REGULAR,USD,QQQ,2025-06-30,0,548.0900268554688,0.9140834086589092,2025-06-29 12:49:54.076490,6,6,0.003484320557491289,3.8900000000000006,46.815,1.1850000000000023,0.0,0.0,0.0,0.0
QQQ250630C00502000,2025-06-27 18:59:33+00:00,502.0,43.07,43.87,47.71,1.0699997,2.5476184,16.0,398,0.9138192211914062,True,REGULAR,USD,QQQ,2025-06-30,0,548.0900268554688,0.9159079264406635,2025-06-29 12:49:54.076490,6,6,0.040100250626566414,3.8400000000000034,45.79,-2.719999999999999,0.0,0.0,0.0,0.0
QQQ250630C00503000,2025-06-27 17:45:55+00:00,503.0,45.0,42.87,46.76,1.6899986,3.9020977,5.0,478,0.9057626611328125,True,REGULAR,USD,QQQ,2025-06-30,0,548.0900268554688,0.9177324442224178,2025-06-29 12:49:54.076490,6,6,0.010438413361169102,3.8900000000000006,44.815,0.18500000000000227,0.0,0.0,0.0,0.0
QQQ250630C00504000,2025-06-26 16:27:33+00:00,504.0,41.14,41.87,45.78,0.0,0.0,2.0,504,0.8930674755859375,True,REGULAR,USD,QQQ,2025-06-30,0,548.0900268554688,0.9195569620041724,2025-06-29 12:49:54.076490,6,6,0.0039603960396039604,3.9100000000000037,43.825,-2.6850000000000023,0.0,0.0,0.0,0.0
QQQ250630C00505000,2025-06-27 19:25:54+00:00,505.0,41.79,40.87,44.96,1.4900017,3.6972747,3062.0,3897,0.9025888647460938,True,REGULAR,USD,QQQ,2025-06-30,0,548.0900268554688,0.9213814797859264,2025-06-29 12:49:54.076490,6,6,0.7855310415597743,4.090000000000003,42.915,-1.125,0.0,0.0,0.0,0.0
QQQ250630C00506000,2025-06-27 13:57:44+00:00,506.0,42.43,39.87,43.75,21.23,100.1415,6.0,359,0.85742330078125,True,REGULAR,USD,QQQ,2025-06-30,0,548.0900268554688,0.9232059975676808,2025-06-29 12:49:54.076490,6,6,0.016666666666666666,3.8800000000000026,41.81,0.6199999999999974,0.0,0.0,0.0,0.0
QQQ250630C00507000,2025-06-27 18:14:04+00:00,507.0,39.54,38.87,42.75,18.570002,88.55509,11.0,368,0.84179845703125,True,REGULAR,USD,QQQ,2025-06-30,0,548.0900268554688,0.9250305153494351,2025-06-29 12:49:54.076490,6,6,0.02981029810298103,3.8800000000000026,40.81,-1.2700000000000031,0.0,0.0,0.0,0.0
QQQ250630C00508000,2025-06-27 14:45:25+00:00,508.0,41.4,37.87,41.75,8.630001,26.335066,2.0,597,0.8261736132812498,True,REGULAR,USD,QQQ,2025-06-30,0,548.0900268554688,0.9268550331311894,2025-06-29 12:49:54.076490,6,6,0.0033444816053511705,3.8800000000000026,39.81,1.5899999999999963,0.0,0.0,0.0,0.0
QQQ250630C00509000,2025-06-27 18:12:06+00:00,509.0,38.72,36.87,40.76,19.79,104.54305,5.0,290,0.8120135986328124,True,REGULAR,USD,QQQ,2025-06-30,0,548.0900268554688,0.9286795509129436,2025-06-29 12:49:54.076490,6,6,0.01718213058419244,3.8900000000000006,38.815,-0.09499999999999886,0.0,0.0,0.0,0.0
QQQ250630C00510000,2025-06-27 19:36:02+00:00,510.0,37.0,36.18,39.76,0.7799988,2.153503,21.0,6365,0.7961446166992188,True,REGULAR,USD,QQQ,2025-06-30,0,548.0900268554688,0.930504068694698,2025-06-29 12:49:54.076490,6,6,0.003298774740810556,3.5799999999999983,37.97,-0.9699999999999989,0.0,0.0,0.0,0.0
QQQ250630C00511000,2025-06-27 13:52:20+00:00,511.0,37.01,34.87,38.76,2.8899994,8.470104,3.0,1752,0.7805197729492188,True,REGULAR,USD,QQQ,2025-06-30,0,548.0900268554688,0.9323285864764524,2025-06-29 12:49:54.076490,6,6,0.0017113519680547634,3.8900000000000006,36.815,0.19500000000000028,0.0,0.0,0.0,0.0
QQQ250630C00512000,2025-06-27 16:08:10+00:00,512.0,37.26,33.87,37.76,3.8899994,11.657175,13.0,593,0.764650791015625,True,REGULAR,USD,QQQ,2025-06-30,0,548.0900268554688,0.9341531042582066,2025-06-29 12:49:54.076490,6,6,0.021885521885521887,3.8900000000000006,35.815,1.4450000000000003,0.0,0.0,0.0,0.0
QQQ250630C00513000,2025-06-27 19:31:16+00:00,513.0,33.43,32.87,36.73,0.36999893,1.119174,2.0,463,0.7448755981445312,True,REGULAR,USD,QQQ,2025-06-30,0,548.0900268554688,0.935977622039961,2025-06-29 12:49:54.076490,6,6,0.004310344827586207,3.8599999999999994,34.8,-1.3699999999999974,0.0,0.0,0.0,0.0
QQQ250630C00514000,2025-06-27 19:31:16+00:00,514.0,32.27,31.87,34.9,0.20999908,0.655019,8.0,1242,0.6052285571289064,True,REGULAR,USD,QQQ,2025-06-30,0,548.0900268554688,0.9378021398217152,2025-06-29 12:49:54.076490,6,6,0.006436041834271922,3.0299999999999976,33.385,-1.1149999999999949,0.0,0.0,0.0,0.0
QQQ250630C00515000,2025-06-27 19:31:16+00:00,515.0,31.5,30.87,34.73,0.25,0.8,52.0,6745,0.7131376342773439,True,REGULAR,USD,QQQ,2025-06-30,0,548.0900268554688,0.9396266576034696,2025-06-29 12:49:54.076490,6,6,0.007708271568336793,3.859999999999996,32.8,-1.2999999999999972,0.0,0.0,0.0,0.0
QQQ250630C00516000,2025-06-27 19:31:16+00:00,516.0,30.22,29.87,33.77,-0.07999992,-0.26402617,5.0,757,0.702151416015625,True,REGULAR,USD,QQQ,2025-06-30,0,548.0900268554688,0.941451175385224,2025-06-29 12:49:54.076490,6,6,0.006596306068601583,3.900000000000002,31.82,-1.6000000000000014,0.0,0.0,0.0,0.0
QQQ250630C00517000,2025-06-27 18:38:53+00:00,517.0,28.69,28.87,32.97,-0.5299988,-1.813822,2.0,709,0.7102079760742188,True,REGULAR,USD,QQQ,2025-06-30,0,548.0900268554688,0.9432756931669782,2025-06-29 12:49:54.076490,6,6,0.0028169014084507044,4.099999999999998,30.92,-2.2300000000000004,0.0,0.0,0.0,0.0
QQQ250630C00518000,2025-06-27 19:32:09+00:00,518.0,27.71,27.87,31.78,4.419998,18.978094,18.0,756,0.6713900048828126,True,REGULAR,USD,QQQ,2025-06-30,0,548.0900268554688,0.9451002109487324,2025-06-29 12:49:54.076490,6,6,0.023778071334214,3.91,29.825000000000003,-2.115000000000002,0.0,0.0,0.0,0.0
QQQ250630C00519000,2025-06-27 19:45:27+00:00,519.0,28.27,26.87,30.78,1.5100002,5.642751,2.0,801,0.6550327465820314,True,REGULAR,USD,QQQ,2025-06-30,0,548.0900268554688,0.9469247287304868,2025-06-29 12:49:54.076490,6,6,0.0024937655860349127,3.91,28.825000000000003,-0.5550000000000033,0.0,0.0,0.0,0.0
QQQ250630C00520000,2025-06-27 19:57:36+00:00,520.0,28.41,25.87,29.73,1.4899998,5.5349174,138.0,3302,0.632938240966797,True,REGULAR,USD,QQQ,2025-06-30,0,548.0900268554688,0.9487492465122412,2025-06-29 12:49:54.076490,6,6,0.04178019981834696,3.8599999999999994,27.8,0.6099999999999994,0.0,0.0,0.0,0.0
QQQ250630C00521000,2025-06-27 20:07:21+00:00,521.0,27.83,24.87,28.77,3.1800003,12.90061,55.0,775,0.6213416772460938,True,REGULAR,USD,QQQ,2025-06-30,0,548.0900268554688,0.9505737642939954,2025-06-29 12:49:54.076490,6,6,0.07087628865979381,3.8999999999999986,26.82,1.009999999999998,0.0,0.0,0.0,0.0
QQQ250630C00522000,2025-06-27 19:41:49+00:00,522.0,24.82,23.87,27.74,1.6399994,7.075062,16.0,627,0.6015664843750002,True,REGULAR,USD,QQQ,2025-06-30,0,548.0900268554688,0.9523982820757498,2025-06-29 12:49:54.076490,6,6,0.025477707006369428,3.8699999999999974,25.805,-0.9849999999999994,0.0,0.0,0.0,0.0
QQQ250630C00523000,2025-06-27 19:46:48+00:00,523.0,24.06,22.88,26.79,2.3099995,10.6206875,5.0,755,0.5908244042968751,True,REGULAR,USD,QQQ,2025-06-30,0,548.0900268554688,0.954222799857504,2025-06-29 12:49:54.076490,6,6,0.006613756613756613,3.91,24.835,-0.7750000000000021,0.0,0.0,0.0,0.0
QQQ250630C00524000,2025-06-27 20:03:34+00:00,524.0,22.86,21.88,25.78,2.4000015,11.730213,111.0,1709,0.5732464550781251,True,REGULAR,USD,QQQ,2025-06-30,0,548.0900268554688,0.9560473176392584,2025-06-29 12:49:54.076490,6,6,0.06491228070175438,3.900000000000002,23.83,-0.9699999999999989,0.0,0.0,0.0,0.0
QQQ250630C00525000,2025-06-27 20:12:23+00:00,525.0,23.14,20.88,24.72,1.1899986,5.421406,89.0,6060,0.5500533276367189,True,REGULAR,USD,QQQ,2025-06-30,0,548.0900268554688,0.9578718354210128,2025-06-29 12:49:54.076490,6,6,0.014684045537040093,3.84,22.799999999999997,0.3400000000000034,0.0,0.0,0.0,0.0
QQQ250630C00526000,2025-06-27 20:07:56+00:00,526.0,21.68,19.88,23.75,1.3800011,6.7980347,28.0,880,0.5366257275390626,True,REGULAR,USD,QQQ,2025-06-30,0,548.0900268554688,0.959696353202767,2025-06-29 12:49:54.076490,6,6,0.03178206583427923,3.870000000000001,21.814999999999998,-0.134999999999998,0.0,0.0,0.0,0.0
QQQ250630C00527000,2025-06-27 19:29:21+00:00,527.0,19.19,18.88,22.72,-0.3199997,-1.640183,13.0,843,0.5167284655761719,True,REGULAR,USD,QQQ,2025-06-30,0,548.0900268554688,0.9615208709845212,2025-06-29 12:49:54.076490,6,6,0.015402843601895734,3.84,20.799999999999997,-1.6099999999999959,0.0,0.0,0.0,0.0
QQQ250630C00528000,2025-06-27 20:10:34+00:00,528.0,19.78,17.88,21.73,1.3000011,7.0346384,84.0,689,0.5009815527343751,True,REGULAR,USD,QQQ,2025-06-30,0,548.0900268554688,0.9633453887662756,2025-06-29 12:49:54.076490,6,6,0.12173913043478261,3.8500000000000014,19.805,-0.02499999999999858,0.0,0.0,0.0,0.0
QQQ250630C00529000,2025-06-27 19:43:46+00:00,529.0,18.04,16.89,20.5,0.5400009,3.0857196,63.0,1008,0.4597221997070312,True,REGULAR,USD,QQQ,2025-06-30,0,548.0900268554688,0.96516990654803,2025-06-29 12:49:54.076490,6,6,0.062438057482656094,3.6099999999999994,18.695,-0.6550000000000011,0.0,0.0,0.0,0.0
QQQ250630C00530000,2025-06-27 20:03:12+00:00,530.0,18.08,15.89,19.74,1.8899994,11.673868,840.0,19211,0.4680228979492187,True,REGULAR,USD,QQQ,2025-06-30,0,548.0900268554688,0.9669944243297842,2025-06-29 12:49:54.076490,6,6,0.04372267332916927,3.849999999999998,17.814999999999998,0.26500000000000057,0.0,0.0,0.0,0.0
QQQ250630C00531000,2025-06-27 19:54:40+00:00,531.0,17.0,14.9,18.79,1.8900003,12.508275,36.0,1044,0.4555718505859375,True,REGULAR,USD,QQQ,2025-06-30,0,548.0900268554688,0.9688189421115384,2025-06-29 12:49:54.076490,6,6,0.03444976076555024,3.889999999999999,16.845,0.15500000000000114,0.0,0.0,0.0,0.0
QQQ250630C00532000,2025-06-27 20:07:56+00:00,532.0,15.87,13.91,17.82,1.6300001,11.4466305,261.0,468,0.4410456286621094,True,REGULAR,USD,QQQ,2025-06-30,0,548.0900268554688,0.9706434598932928,2025-06-29 12:49:54.076490,6,6,0.5565031982942431,3.91,15.865,0.004999999999999005,0.0,0.0,0.0,0.0
QQQ250630C00533000,2025-06-27 20:12:39+00:00,533.0,15.07,12.92,16.82,1.8800001,14.253223,46.0,984,0.4233456103515625,True,REGULAR,USD,QQQ,2025-06-30,0,548.0900268554688,0.9724679776750472,2025-06-29 12:49:54.076490,6,6,0.046700507614213196,3.9000000000000004,14.870000000000001,0.1999999999999993,0.0,0.0,0.0,0.0
QQQ250630C00534000,2025-06-27 20:07:56+00:00,534.0,14.03,11.93,15.88,1.3199997,10.385521,191.0,1130,0.4108945629882812,True,REGULAR,USD,QQQ,2025-06-30,0,548.0900268554688,0.9742924954568016,2025-06-29 12:49:54.076490,6,6,0.16887709991158267,3.950000000000001,13.905000000000001,0.12499999999999822,0.0,0.0,0.0,0.0
QQQ250630C00535000,2025-06-27 20:00:29+00:00,535.0,13.0,10.94,15.12,1.5799999,13.835377,363.0,13521,0.4135800830078124,True,REGULAR,USD,QQQ,2025-06-30,0,548.0900268554688,0.9761170132385558,2025-06-29 12:49:54.076490,6,6,0.026845141251294186,4.18,13.03,-0.02999999999999936,0.0,0.0,0.0,0.0
QQQ250630C00536000,2025-06-27 20:00:41+00:00,536.0,11.89,9.95,14.13,1.1800003,11.017743,201.0,438,0.395513857421875,True,REGULAR,USD,QQQ,2025-06-30,0,548.0900268554688,0.97794153102031,2025-06-29 12:49:54.076490,6,6,0.45785876993166286,4.1800000000000015,12.04,-0.14999999999999858,0.0,0.0,0.0,0.0
QQQ250630C00537000,2025-06-27 20:13:28+00:00,537.0,11.12,8.97,13.16,1.9300003,21.001093,435.0,545,0.3789124609375,True,REGULAR,USD,QQQ,2025-06-30,0,548.0900268554688,0.9797660488020644,2025-06-29 12:49:54.076490,6,6,0.7967032967032966,4.1899999999999995,11.065000000000001,0.05499999999999794,0.0,0.0,0.0,0.0
QQQ250630C00538000,2025-06-27 20:09:27+00:00,538.0,10.2,8.0,12.19,1.4799995,16.972471,463.0,1180,0.3618227880859375,True,REGULAR,USD,QQQ,2025-06-30,0,548.0900268554688,0.9815905665838188,2025-06-29 12:49:54.076490,6,6,0.3920406435224386,4.1899999999999995,10.094999999999999,0.10500000000000043,0.0,0.0,0.0,0.0
QQQ250630C00539000,2025-06-27 20:05:26+00:00,539.0,8.97,7.04,11.19,1.19,15.29563,829.0,1323,0.3419255261230468,True,REGULAR,USD,QQQ,2025-06-30,0,548.0900268554688,0.983415084365573,2025-06-29 12:49:54.076490,6,6,0.6261329305135952,4.1499999999999995,9.115,-0.14499999999999957,0.0,0.0,0.0,0.0
QQQ250630C00540000,2025-06-27 20:12:56+00:00,540.0,8.5,6.1,8.75,1.5999999,23.188404,1639.0,27761,0.1994708959960937,True,REGULAR,USD,QQQ,2025-06-30,0,548.0900268554688,0.9852396021473272,2025-06-29 12:49:54.076490,6,6,0.059037533318925146,2.6500000000000004,7.425,1.0750000000000002,0.0,0.0,0.0,0.0
QQQ250630C00541000,2025-06-27 20:07:34+00:00,541.0,7.02,5.41,9.18,0.98,16.225166,664.0,811,0.3002999658203125,True,REGULAR,USD,QQQ,2025-06-30,0,548.0900268554688,0.9870641199290816,2025-06-29 12:49:54.076490,6,6,0.8177339901477833,3.7699999999999996,7.295,-0.27500000000000036,0.0,0.0,0.0,0.0
QQQ250630C00542000,2025-06-27 20:13:53+00:00,542.0,6.45,4.28,8.0,1.1399999,21.468924,1532.0,1251,0.2661206201171875,True,REGULAR,USD,QQQ,2025-06-30,0,548.0900268554688,0.988888637710836,2025-06-29 12:49:54.076490,6,6,1.2236421725239617,3.7199999999999998,6.140000000000001,0.3099999999999996,0.0,0.0,0.0,0.0
QQQ250630C00543000,2025-06-27 20:13:37+00:00,543.0,5.53,3.41,5.88,0.98,21.538462,2815.0,1566,0.1596763720703125,True,REGULAR,USD,QQQ,2025-06-30,0,548.0900268554688,0.9907131554925904,2025-06-29 12:49:54.076490,6,6,1.7964262922782386,2.4699999999999998,4.645,0.8850000000000007,0.0,0.0,0.0,0.0
QQQ250630C00544000,2025-06-27 20:13:00+00:00,544.0,4.75,3.06,4.7,0.9000001,23.376625,4123.0,1767,0.1261073718261718,True,REGULAR,USD,QQQ,2025-06-30,0,548.0900268554688,0.9925376732743446,2025-06-29 12:49:54.076490,6,6,2.3320135746606336,1.6400000000000001,3.88,0.8700000000000001,0.0,0.0,0.0,0.0
QQQ250630C00545000,2025-06-27 20:14:20+00:00,545.0,3.63,3.62,4.3,0.42000008,13.084115,12730.0,8234,0.1518639501953125,True,REGULAR,USD,QQQ,2025-06-30,0,548.0900268554688,0.9943621910560988,2025-06-29 12:49:54.076490,6,6,1.545840922890103,0.6799999999999997,3.96,-0.33000000000000007,0.0,0.0,0.0,0.0
QQQ250630C00546000,2025-06-27 20:14:46+00:00,546.0,3.1,3.12,3.21,0.43999982,16.541346,19225.0,1929,0.1232997827148437,True,REGULAR,USD,QQQ,2025-06-30,0,548.0900268554688,0.9961867088378532,2025-06-29 12:49:54.076490,6,6,9.961139896373057,0.08999999999999986,3.165,-0.06499999999999995,0.0,0.0,0.0,0.0
QQQ250630C00547000,2025-06-27 20:14:46+00:00,547.0,2.47,2.45,2.52,0.35000014,16.509441,29013.0,1366,0.1191494335937499,True,REGULAR,USD,QQQ,2025-06-30,0,548.0900268554688,0.9980112266196076,2025-06-29 12:49:54.076490,6,6,21.22384784198976,0.06999999999999984,2.4850000000000003,-0.015000000000000124,0.0,0.0,0.0,0.0
QQQ250630C00548000,2025-06-27 20:14:57+00:00,548.0,1.96,1.86,1.9,0.26999998,15.976329,37651.0,1223,0.1146328771972656,True,REGULAR,USD,QQQ,2025-06-30,0,548.0900268554688,0.9998357444013618,2025-06-29 12:49:54.076490,6,6,30.76062091503268,0.039999999999999813,1.88,0.08000000000000007,0.0,0.0,0.0,0.0
QQQ250630C00549000,2025-06-27 20:14:56+00:00,549.0,1.36,1.34,1.38,0.029999971,2.255637,51758.0,829,0.1109708044433593,False,REGULAR,USD,QQQ,2025-06-30,0,548.0900268554688,1.001660262183116,2025-06-29 12:49:54.076490,6,6,62.35903614457831,0.039999999999999813,1.3599999999999999,2.220446049250313e-16,0.0,0.0,0.0,0.0
QQQ250630C00550000,2025-06-27 20:14:59+00:00,550.0,0.94,0.93,0.95,-0.06999999,-6.9306927,60454.0,11759,0.1073087316894531,False,REGULAR,USD,QQQ,2025-06-30,0,548.0900268554688,1.0034847799648705,2025-06-29 12:49:54.076490,6,6,5.140646258503401,0.019999999999999907,0.94,0.0,0.0,0.0,0.0,0.0
QQQ250630C00551000,2025-06-27 20:14:57+00:00,551.0,0.63,0.61,0.62,-0.120000005,-16.000002,16877.0,728,0.1042570043945312,False,REGULAR,USD,QQQ,2025-06-30,0,548.0900268554688,1.0053092977466247,2025-06-29 12:49:54.076490,6,6,23.150891632373114,0.010000000000000009,0.615,0.015000000000000013,0.0,0.0,0.0,0.0
QQQ250630C00552000,2025-06-27 20:14:49+00:00,552.0,0.39,0.4,0.41,-0.15000004,-27.777782,14088.0,400,0.1042570043945312,False,REGULAR,USD,QQQ,2025-06-30,0,548.0900268554688,1.007133815528379,2025-06-29 12:49:54.076490,6,6,35.13216957605985,0.009999999999999953,0.405,-0.015000000000000013,0.0,0.0,0.0,0.0
QQQ250630C00553000,2025-06-27 20:14:58+00:00,553.0,0.26,0.25,0.26,-0.14000002,-35.000004,9654.0,398,0.1042570043945312,False,REGULAR,USD,QQQ,2025-06-30,0,548.0900268554688,1.0089583333101333,2025-06-29 12:49:54.076490,6,6,24.195488721804512,0.010000000000000009,0.255,0.0050000000000000044,0.0,0.0,0.0,0.0
QQQ250630C00554000,2025-06-27 20:14:58+00:00,554.0,0.16,0.15,0.16,-0.13,-44.827587,6415.0,585,0.1042570043945312,False,REGULAR,USD,QQQ,2025-06-30,0,548.0900268554688,1.0107828510918877,2025-06-29 12:49:54.076490,6,6,10.947098976109215,0.010000000000000009,0.155,0.0050000000000000044,0.0,0.0,0.0,0.0
QQQ250630C00555000,2025-06-27 20:14:43+00:00,555.0,0.1,0.09,0.1,-0.1,-50.0,9226.0,2450,0.1054776953125,False,REGULAR,USD,QQQ,2025-06-30,0,548.0900268554688,1.012607368873642,2025-06-29 12:49:54.076490,6,6,3.7641778865769076,0.010000000000000009,0.095,0.0050000000000000044,0.0,0.0,0.0,0.0
QQQ250630C00556000,2025-06-27 20:14:32+00:00,556.0,0.07,0.06,0.07,-0.059999995,-46.153843,2565.0,402,0.1098721826171875,False,REGULAR,USD,QQQ,2025-06-30,0,548.0900268554688,1.0144318866553963,2025-06-29 12:49:54.076490,6,6,6.364764267990075,0.010000000000000009,0.065,0.0050000000000000044,0.0,0.0,0.0,0.0
QQQ250630C00557000,2025-06-27 20:14:44+00:00,557.0,0.05,0.04,0.05,-0.05,-50.0,2269.0,159,0.114266669921875,False,REGULAR,USD,QQQ,2025-06-30,0,548.0900268554688,1.0162564044371507,2025-06-29 12:49:54.076490,6,6,14.18125,0.010000000000000002,0.045,0.0050000000000000044,0.0,0.0,0.0,0.0
QQQ250630C00558000,2025-06-27 20:13:50+00:00,558.0,0.03,0.03,0.04,-0.03,-50.0,5628.0,646,0.1201259863281249,False,REGULAR,USD,QQQ,2025-06-30,0,548.0900268554688,1.018080922218905,2025-06-29 12:49:54.076490,6,6,8.698608964451314,0.010000000000000002,0.035,-0.0050000000000000044,0.0,0.0,0.0,0.0
QQQ250630C00559000,2025-06-27 20:14:35+00:00,559.0,0.02,0.02,0.03,-0.05,-71.42857,1104.0,105,0.12500875,False,REGULAR,USD,QQQ,2025-06-30,0,548.0900268554688,1.0199054400006593,2025-06-29 12:49:54.076490,6,6,10.415094339622641,0.009999999999999998,0.025,-0.005000000000000001,0.0,0.0,0.0,0.0
QQQ250630C00560000,2025-06-27 20:11:30+00:00,560.0,0.02,0.01,0.02,-0.02,-50.0,3224.0,6018,0.12696185546875,False,REGULAR,USD,QQQ,2025-06-30,0,548.0900268554688,1.0217299577824135,2025-06-29 12:49:54.076490,6,6,0.5356371490280778,0.01,0.015,0.005000000000000001,0.0,0.0,0.0,0.0
QQQ250630C00561000,2025-06-27 19:59:53+00:00,561.0,0.02,0.01,0.02,-0.030000001,-60.000004,356.0,54,0.1367273828125,False,REGULAR,USD,QQQ,2025-06-30,0,548.0900268554688,1.023554475564168,2025-06-29 12:49:54.076490,6,6,6.472727272727273,0.01,0.015,0.005000000000000001,0.0,0.0,0.0,0.0
QQQ250630C00562000,2025-06-27 20:01:04+00:00,562.0,0.01,0.01,0.02,-0.03,-75.0,233.0,133,0.1445398046875,False,REGULAR,USD,QQQ,2025-06-30,0,548.0900268554688,1.025378993345922,2025-06-29 12:49:54.076490,6,6,1.7388059701492538,0.01,0.015,-0.004999999999999999,0.0,0.0,0.0,0.0
QQQ250630C00563000,2025-06-27 19:26:27+00:00,563.0,0.02,0.01,0.02,0.0,0.0,151.0,164,0.15430533203125,False,REGULAR,USD,QQQ,2025-06-30,0,548.0900268554688,1.0272035111276765,2025-06-29 12:49:54.076490,6,6,0.9151515151515152,0.01,0.015,0.005000000000000001,0.0,0.0,0.0,0.0
QQQ250630C00564000,2025-06-27 20:11:38+00:00,564.0,0.01,0.0,0.01,-0.01,-50.0,991.0,21,0.15039912109375,False,REGULAR,USD,QQQ,2025-06-30,0,548.0900268554688,1.029028028909431,2025-06-29 12:49:54.076490,6,6,45.04545454545455,0.01,0.005,0.005,0.0,0.0,0.0,0.0
QQQ250630C00565000,2025-06-27 19:58:04+00:00,565.0,0.01,0.0,0.01,-0.01,-50.0,431.0,820,0.1601646484375,False,REGULAR,USD,QQQ,2025-06-30,0,548.0900268554688,1.030852546691185,2025-06-29 12:49:54.076490,6,6,0.5249695493300852,0.01,0.005,0.005,0.0,0.0,0.0,0.0
QQQ250630C00566000,2025-06-27 19:28:51+00:00,566.0,0.01,0.0,0.01,-0.01,-50.0,109.0,66,0.1679770703125,False,REGULAR,USD,QQQ,2025-06-30,0,548.0900268554688,1.0326770644729395,2025-06-29 12:49:54.076490,6,6,1.626865671641791,0.01,0.005,0.005,0.0,0.0,0.0,0.0
QQQ250630C00567000,2025-06-27 18:45:22+00:00,567.0,0.01,0.0,0.01,-0.01,-50.0,816.0,48,0.1757894921875,False,REGULAR,USD,QQQ,2025-06-30,0,548.0900268554688,1.0345015822546937,2025-06-29 12:49:54.076490,6,6,16.653061224489797,0.01,0.005,0.005,0.0,0.0,0.0,0.0
QQQ250630C00568000,2025-06-27 18:17:07+00:00,568.0,0.01,0.0,0.01,0.0,0.0,733.0,32,0.1836019140624999,False,REGULAR,USD,QQQ,2025-06-30,0,548.0900268554688,1.036326100036448,2025-06-29 12:49:54.076490,6,6,22.21212121212121,0.01,0.005,0.005,0.0,0.0,0.0,0.0
QQQ250630C00569000,2025-06-27 19:45:23+00:00,569.0,0.01,0.0,0.01,-0.02,-66.66667,118.0,12,0.1914143359375,False,REGULAR,USD,QQQ,2025-06-30,0,548.0900268554688,1.0381506178182025,2025-06-29 12:49:54.076490,6,6,9.076923076923077,0.01,0.005,0.005,0.0,0.0,0.0,0.0
QQQ250630C00570000,2025-06-27 18:24:19+00:00,570.0,0.01,0.0,0.01,-0.01,-50.0,14.0,2219,0.1992267578125,False,REGULAR,USD,QQQ,2025-06-30,0,548.0900268554688,1.0399751355999567,2025-06-29 12:49:54.076490,6,6,0.006306306306306306,0.01,0.005,0.005,0.0,0.0,0.0,0.0
QQQ250630C00571000,2025-06-26 16:29:55+00:00,571.0,0.01,0.0,0.01,0.0,0.0,43.0,64,0.2070391796874999,False,REGULAR,USD,QQQ,2025-06-30,0,548.0900268554688,1.0417996533817109,2025-06-29 12:49:54.076490,6,6,0.6615384615384615,0.01,0.005,0.005,0.0,0.0,0.0,0.0
QQQ250630C00572000,2025-06-24 15:17:22+00:00,572.0,0.02,0.0,0.01,0.0,0.0,42.0,48,0.2148516015625,False,REGULAR,USD,QQQ,2025-06-30,0,548.0900268554688,1.0436241711634653,2025-06-29 12:49:54.076490,6,6,0.8571428571428571,0.01,0.005,0.015,0.0,0.0,0.0,0.0
QQQ250630C00573000,2025-06-24 13:50:52+00:00,573.0,0.01,0.0,0.01,0.0,0.0,6.0,206,0.2226640234374999,False,REGULAR,USD,QQQ,2025-06-30,0,548.0900268554688,1.0454486889452197,2025-06-29 12:49:54.076490,6,6,0.028985507246376812,0.01,0.005,0.005,0.0,0.0,0.0,0.0
QQQ250630C00575000,2025-06-27 14:50:14+00:00,575.0,0.01,0.0,0.01,-0.01,-50.0,1.0,1359,0.2382888671874999,False,REGULAR,USD,QQQ,2025-06-30,0,548.0900268554688,1.0490977245087283,2025-06-29 12:49:54.076490,6,6,0.0007352941176470588,0.01,0.005,0.005,0.0,0.0,0.0,0.0
QQQ250630C00580000,2025-06-27 14:23:48+00:00,580.0,0.01,0.0,0.01,0.0,0.0,30.0,9621,0.2773509765624999,False,REGULAR,USD,QQQ,2025-06-30,0,548.0900268554688,1.0582203134174997,2025-06-29 12:49:54.076490,6,6,0.0031178549158179174,0.01,0.005,0.005,0.0,0.0,0.0,0.0
QQQ250630C00585000,2025-06-25 15:09:17+00:00,585.0,0.01,0.0,0.01,0.0,0.0,2.0,1487,0.3125068749999999,False,REGULAR,USD,QQQ,2025-06-30,0,548.0900268554688,1.0673429023262713,2025-06-29 12:49:54.076490,6,6,0.0013440860215053765,0.01,0.005,0.005,0.0,0.0,0.0,0.0
QQQ250630C00590000,2025-06-24 14:35:54+00:00,590.0,0.01,0.0,0.01,0.0,0.0,2.0,1038,0.3515689843749999,False,REGULAR,USD,QQQ,2025-06-30,0,548.0900268554688,1.0764654912350429,2025-06-29 12:49:54.076490,6,6,0.0019249278152069298,0.01,0.005,0.005,0.0,0.0,0.0,0.0
QQQ250630C00595000,2025-06-24 14:52:45+00:00,595.0,0.01,0.0,0.01,0.0,0.0,2.0,996,0.39063109375,False,REGULAR,USD,QQQ,2025-06-30,0,548.0900268554688,1.0855880801438145,2025-06-29 12:49:54.076490,6,6,0.0020060180541624875,0.01,0.005,0.005,0.0,0.0,0.0,0.0
QQQ250630C00600000,2025-06-27 19:54:40+00:00,600.0,0.01,0.0,0.01,-0.01,-50.0,22.0,3067,0.42188078125,False,REGULAR,USD,QQQ,2025-06-30,0,548.0900268554688,1.0947106690525858,2025-06-29 12:49:54.076490,6,6,0.007170795306388526,0.01,0.005,0.005,0.0,0.0,0.0,0.0
QQQ250630C00605000,2025-06-27 17:25:14+00:00,605.0,0.01,0.0,0.01,0.0,0.0,2.0,387,0.460942890625,False,REGULAR,USD,QQQ,2025-06-30,0,548.0900268554688,1.1038332579613577,2025-06-29 12:49:54.076490,6,6,0.005154639175257732,0.01,0.005,0.005,0.0,0.0,0.0,0.0
QQQ250630C00610000,2025-06-20 13:30:15+00:00,610.0,0.01,0.0,0.01,0.0,0.0,1.0,637,0.492192578125,False,REGULAR,USD,QQQ,2025-06-30,0,548.0900268554688,1.112955846870129,2025-06-29 12:49:54.076490,6,6,0.001567398119122257,0.01,0.005,0.005,0.0,0.0,0.0,0.0
QQQ250630C00615000,2025-06-09 17:03:45+00:00,615.0,0.03,0.0,0.01,0.0,0.0,2.0,664,0.500005,False,REGULAR,USD,QQQ,2025-06-30,0,548.0900268554688,1.1220784357789009,2025-06-29 12:49:54.076490,6,6,0.0030075187969924814,0.01,0.005,0.024999999999999998,0.0,0.0,0.0,0.0
QQQ250630C00620000,2025-06-03 16:11:51+00:00,620.0,0.03,0.0,0.01,0.0,0.0,1.0,1059,0.5312546875,False,REGULAR,USD,QQQ,2025-06-30,0,548.0900268554688,1.1312010246876725,2025-06-29 12:49:54.076490,6,6,0.0009433962264150943,0.01,0.005,0.024999999999999998,0.0,0.0,0.0,0.0
QQQ250630C00625000,2025-06-06 18:15:15+00:00,625.0,0.02,0.0,0.01,0.0,0.0,11.0,304,0.5625043750000001,False,REGULAR,USD,QQQ,2025-06-30,0,548.0900268554688,1.1403236135964436,2025-06-29 12:49:54.076490,6,6,0.036065573770491806,0.01,0.005,0.015,0.0,0.0,0.0,0.0
QQQ250630C00630000,2025-06-09 15:51:15+00:00,630.0,0.02,0.0,0.01,0.0,0.0,1.0,544,0.5937540625000001,False,REGULAR,USD,QQQ,2025-06-30,0,548.0900268554688,1.1494462025052152,2025-06-29 12:49:54.076490,6,6,0.001834862385321101,0.01,0.005,0.015,0.0,0.0,0.0,0.0
QQQ250630C00635000,2025-06-05 14:49:58+00:00,635.0,0.03,0.0,0.01,0.0,0.0,1.0,494,0.6250037500000001,False,REGULAR,USD,QQQ,2025-06-30,0,548.0900268554688,1.1585687914139868,2025-06-29 12:49:54.076490,6,6,0.00202020202020202,0.01,0.005,0.024999999999999998,0.0,0.0,0.0,0.0
QQQ250630C00640000,2025-05-15 15:56:20+00:00,640.0,0.1,0.0,0.01,0.0,0.0,1.0,37,0.6562534375000001,False,REGULAR,USD,QQQ,2025-06-30,0,548.0900268554688,1.1676913803227584,2025-06-29 12:49:54.076490,6,6,0.02631578947368421,0.01,0.005,0.095,0.0,0.0,0.0,0.0
QQQ250630C00645000,2025-06-17 19:45:13+00:00,645.0,0.01,0.0,0.01,0.0,0.0,200.0,239,0.6875031250000001,False,REGULAR,USD,QQQ,2025-06-30,0,548.0900268554688,1.1768139692315298,2025-06-29 12:49:54.076490,6,6,0.8333333333333334,0.01,0.005,0.005,0.0,0.0,0.0,0.0
QQQ250630C00650000,2025-05-22 13:56:27+00:00,650.0,0.03,0.0,0.01,0.0,0.0,50.0,203,0.7187528125,False,REGULAR,USD,QQQ,2025-06-30,0,548.0900268554688,1.1859365581403014,2025-06-29 12:49:54.076490,6,6,0.24509803921568626,0.01,0.005,0.024999999999999998,0.0,0.0,0.0,0.0
QQQ250630C00655000,2025-06-04 17:25:32+00:00,655.0,0.01,0.0,0.01,0.0,0.0,80.0,42,0.7500025,False,REGULAR,USD,QQQ,2025-06-30,0,548.0900268554688,1.195059147049073,2025-06-29 12:49:54.076490,6,6,1.8604651162790697,0.01,0.005,0.005,0.0,0.0,0.0,0.0
QQQ250630C00660000,2025-05-30 13:53:12+00:00,660.0,0.01,0.0,0.01,0.0,0.0,11.0,39,0.7656273437500001,False,REGULAR,USD,QQQ,2025-06-30,0,548.0900268554688,1.2041817359578446,2025-06-29 12:49:54.076490,6,6,0.275,0.01,0.005,0.005,0.0,0.0,0.0,0.0
QQQ250630C00665000,2025-05-13 16:10:26+00:00,665.0,0.06,0.0,0.01,0.0,0.0,1.0,11,0.79687703125,False,REGULAR,USD,QQQ,2025-06-30,0,548.0900268554688,1.2133043248666162,2025-06-29 12:49:54.076490,6,6,0.08333333333333333,0.01,0.005,0.055,0.0,0.0,0.0,0.0
QQQ250630C00670000,2025-05-21 17:37:00+00:00,670.0,0.03,0.0,0.01,0.0,0.0,1.0,70,0.8281267187499999,False,REGULAR,USD,QQQ,2025-06-30,0,548.0900268554688,1.2224269137753876,2025-06-29 12:49:54.076490,6,6,0.014084507042253521,0.01,0.005,0.024999999999999998,0.0,0.0,0.0,0.0
QQQ250630C00675000,2025-03-31 15:42:19+00:00,675.0,0.04,0.0,0.0,0.0,0.0,1.0,0,0.500005,False,REGULAR,USD,QQQ,2025-06-30,0,548.0900268554688,1.2315495026841592,2025-06-29 12:49:54.076490,6,6,1.0,0.0,0.0,0.04,0.0,0.0,0.0,0.0
QQQ250630C00680000,2025-06-09 13:30:09+00:00,680.0,0.01,0.0,0.01,0.0,0.0,2.0,1706,0.87500125,False,REGULAR,USD,QQQ,2025-06-30,0,548.0900268554688,1.2406720915929308,2025-06-29 12:49:54.076490,6,6,0.0011716461628588166,0.01,0.005,0.005,0.0,0.0,0.0,0.0
QQQ250630C00685000,2025-05-13 17:55:07+00:00,685.0,0.04,0.0,0.01,0.0,0.0,17.0,19,0.9062509375,False,REGULAR,USD,QQQ,2025-06-30,0,548.0900268554688,1.2497946805017024,2025-06-29 12:49:54.076490,6,6,0.85,0.01,0.005,0.035,0.0,0.0,0.0,0.0
QQQ250630C00690000,2025-06-06 15:19:09+00:00,690.0,0.01,0.0,0.01,0.0,0.0,1.0,706,0.937500625,False,REGULAR,USD,QQQ,2025-06-30,0,548.0900268554688,1.2589172694104738,2025-06-29 12:49:54.076490,6,6,0.0014144271570014145,0.01,0.005,0.005,0.0,0.0,0.0,0.0
QQQ250701C00445000,2025-06-27 19:50:11+00:00,445.0,102.16,100.92,104.81,15.520004,17.913208,1.0,5,1.48047134765625,True,REGULAR,USD,QQQ,2025-07-01,1,548.0900268554688,0.8119104128806679,2025-06-29 12:49:54.220070,6,6,0.16666666666666666,3.8900000000000006,102.86500000000001,-0.7050000000000125,0.9968274732702426,0.00022653975222537655,-0.2650334512326961,0.002760294135211507
QQQ250701C00460000,2025-06-27 19:54:49+00:00,460.0,88.5,85.92,89.83,6.9800034,8.562321,2.0,3,1.2922398669433592,True,REGULAR,USD,QQQ,2025-07-01,1,548.0900268554688,0.8392781796069826,2025-06-29 12:49:54.220070,6,6,0.5,3.9099999999999966,87.875,0.625,0.995683587465441,0.00034209111747480033,-0.2977504021263408,0.0036382778957055532
QQQ250701C00465000,2025-06-27 14:01:03+00:00,465.0,84.25,80.92,84.83,0.0,0.0,37.0,0,1.2287636218261715,True,REGULAR,USD,QQQ,2025-07-01,1,548.0900268554688,0.8484007685157541,2025-06-29 12:49:54.220070,6,6,37.0,3.9099999999999966,82.875,1.375,0.9952072451518473,0.0003950053910568185,-0.3087486811587004,0.003994682832353117
QQQ250701C00474000,2025-06-27 14:17:10+00:00,474.0,75.37,71.93,75.83,22.770004,43.288982,1.0,1,1.1149946594238282,True,REGULAR,USD,QQQ,2025-07-01,1,548.0900268554688,0.8648214285515429,2025-06-29 12:49:54.220070,6,6,0.5,3.8999999999999915,73.88,1.490000000000009,0.9941326304406968,0.0005211173572025322,-0.3310748586899085,0.004782106686504095
QQQ250701C00475000,2025-06-26 14:36:02+00:00,475.0,69.34,70.93,74.83,0.0,0.0,2.0,2,1.102299410400391,True,REGULAR,USD,QQQ,2025-07-01,1,548.0900268554688,0.8666459463332972,2025-06-29 12:49:54.220070,6,6,0.6666666666666666,3.8999999999999915,72.88,-3.539999999999992,0.9939950025475539,0.0005380687076878968,-0.3336408067475002,0.004881443259776501
QQQ250701C00480000,2025-06-20 14:46:20+00:00,480.0,47.3,65.93,69.83,0.0,0.0,1.0,1,1.0390673046875003,True,REGULAR,USD,QQQ,2025-07-01,1,548.0900268554688,0.8757685352420688,2025-06-29 12:49:54.220070,6,6,0.5,3.8999999999999915,67.88,-20.58,0.9932210031711889,0.0006354640231773669,-0.3475577385225304,0.0054343246806603795
QQQ250701C00494000,2025-06-20 14:56:02+00:00,494.0,33.3,51.93,55.85,0.0,0.0,4.0,4,0.8649915844726561,True,REGULAR,USD,QQQ,2025-07-01,1,548.0900268554688,0.901311784186629,2025-06-29 12:49:54.220070,6,6,0.8,3.9200000000000017,53.89,-20.590000000000003,0.9898452507219385,0.001088515198806648,-0.40203763406890775,0.0077492079345147895
QQQ250701C00498000,2025-06-23 19:49:59+00:00,498.0,34.2,47.94,51.85,0.0,0.0,1.0,1,0.8139667041015625,True,REGULAR,USD,QQQ,2025-07-01,1,548.0900268554688,0.9086098553136464,2025-06-29 12:49:54.220070,6,6,0.5,3.9100000000000037,49.894999999999996,-15.694999999999993,0.9885172660582153,0.0012873734643059369,-0.4183281487742717,0.008624265701304215
QQQ250701C00500000,2025-06-27 18:39:04+00:00,500.0,46.13,45.94,49.85,0.83000183,1.8322338,4.0,33,0.7885763330078125,True,REGULAR,USD,QQQ,2025-07-01,1,548.0900268554688,0.912258890877155,2025-06-29 12:49:54.220070,6,6,0.11764705882352941,3.9100000000000037,47.894999999999996,-1.7649999999999935,0.9877365336381602,0.0014068618772507052,-0.4275640774323802,0.009130743336016822
QQQ250701C00503000,2025-06-26 18:43:16+00:00,503.0,43.69,42.94,46.85,0.0,0.0,1.0,1,0.7502466381835937,True,REGULAR,USD,QQQ,2025-07-01,1,548.0900268554688,0.9177324442224178,2025-06-29 12:49:54.220070,6,6,0.5,3.9100000000000037,44.894999999999996,-1.2049999999999983,0.9864221096393003,0.001614845760752591,-0.44190278904262936,0.009971168162281534
QQQ250701C00505000,2025-06-27 18:53:08+00:00,505.0,40.47,40.94,44.86,0.9700012,2.4556992,2.0,35,0.725588681640625,True,REGULAR,USD,QQQ,2025-07-01,1,548.0900268554688,0.9213814797859264,2025-06-29 12:49:54.220070,6,6,0.05555555555555555,3.9200000000000017,42.9,-2.4299999999999997,0.9853175050483242,0.0017861351620853325,-0.45502031303692425,0.010666348140224236
QQQ250701C00506000,2025-06-20 14:59:14+00:00,506.0,22.11,39.94,43.84,0.0,0.0,1.0,1,0.7104521142578125,True,REGULAR,USD,QQQ,2025-07-01,1,548.0900268554688,0.9232059975676808,2025-06-29 12:49:54.220070,6,6,0.5,3.9000000000000057,41.89,-19.78,0.9850332324635331,0.0018545219458554166,-0.45336354406227325,0.010843705715459591
QQQ250701C00508000,2025-06-27 18:14:04+00:00,508.0,39.0,37.95,41.84,0.75,1.9607844,1.0,2,0.6846955358886719,True,REGULAR,USD,QQQ,2025-07-01,1,548.0900268554688,0.9268550331311894,2025-06-29 12:49:54.220070,6,6,0.3333333333333333,3.8900000000000006,39.895,-0.8950000000000031,0.9838706860598954,0.0020518814384878643,-0.46420056294074896,0.011562738237464924
QQQ250701C00510000,2025-06-27 19:13:00+00:00,510.0,35.8,35.95,39.85,4.9299984,15.970191,1.0,6,0.6599155102539063,True,REGULAR,USD,QQQ,2025-07-01,1,548.0900268554688,0.930504068694698,2025-06-29 12:49:54.220070,6,6,0.14285714285714285,3.8999999999999986,37.900000000000006,-2.1000000000000085,0.9824202662747964,0.002291627776373937,-0.4791951142630025,0.012446388369381292
QQQ250701C00512000,2025-06-27 13:40:54+00:00,512.0,35.87,33.95,37.85,5.4799995,18.032248,1.0,1,0.6337927246093751,True,REGULAR,USD,QQQ,2025-07-01,1,548.0900268554688,0.9341531042582066,2025-06-29 12:49:54.220070,6,6,0.5,3.8999999999999986,35.900000000000006,-0.030000000000008242,0.9809587128716202,0.002554085033604577,-0.4908730118543076,0.013322739512276513
QQQ250701C00514000,2025-06-26 17:22:02+00:00,514.0,31.61,31.95,35.85,0.0,0.0,1.0,3,0.6076699389648439,True,REGULAR,USD,QQQ,2025-07-01,1,548.0900268554688,0.9378021398217152,2025-06-29 12:49:54.220070,6,6,0.25,3.900000000000002,33.9,-2.289999999999999,0.9792825951682042,0.0028615911346051488,-0.5036619237638144,0.014311536717144191
QQQ250701C00515000,2025-06-26 19:53:09+00:00,515.0,32.0,30.95,34.88,0.0,0.0,1.0,1,0.5976602734375001,True,REGULAR,USD,QQQ,2025-07-01,1,548.0900268554688,0.9396266576034696,2025-06-29 12:49:54.220070,6,6,0.5,3.9300000000000033,32.915,-0.9149999999999991,0.9778185325634906,0.003082408842165121,-0.521938577332581,0.015161967655107933
QQQ250701C00517000,2025-06-20 16:25:35+00:00,517.0,13.74,28.96,32.87,0.0,0.0,1.0,1,0.5701947277832031,True,REGULAR,USD,QQQ,2025-07-01,1,548.0900268554688,0.9432756931669782,2025-06-29 12:49:54.220070,6,6,0.5,3.9099999999999966,30.915,-17.174999999999997,0.9759313701202065,0.0034608337700199284,-0.5320135124538439,0.016241078745364998
QQQ250701C00518000,2025-06-24 14:09:35+00:00,518.0,19.93,27.96,31.89,0.0,0.0,1.0,38,0.5588423022460938,True,REGULAR,USD,QQQ,2025-07-01,1,548.0900268554688,0.9451002109487324,2025-06-29 12:49:54.220070,6,6,0.02564102564102564,3.9299999999999997,29.925,-9.995000000000001,0.9743903082762488,0.003719805309336794,-0.5470618667357613,0.01710883421216021
QQQ250701C00519000,2025-06-25 16:18:58+00:00,519.0,22.37,26.96,30.88,0.0,0.0,1.0,3,0.5444381494140625,True,REGULAR,USD,QQQ,2025-07-01,1,548.0900268554688,0.9469247287304868,2025-06-29 12:49:54.220070,6,6,0.25,3.919999999999998,28.92,-6.550000000000001,0.9733681211317827,0.003945259118788105,-0.5502956515361073,0.017678076797932814
QQQ250701C00520000,2025-06-27 19:51:48+00:00,520.0,27.3,25.97,29.89,1.6399994,6.3912683,23.0,59,0.5319871020507813,True,REGULAR,USD,QQQ,2025-07-01,1,548.0900268554688,0.9487492465122412,2025-06-29 12:49:54.220070,6,6,0.38333333333333336,3.9200000000000017,27.93,-0.629999999999999,0.971818881879838,0.00423253866846758,-0.5620130861074054,0.01853160234121699
QQQ250701C00521000,2025-06-23 13:55:44+00:00,521.0,10.8,24.97,28.89,0.0,0.0,1.0,34,0.5185595019531251,True,REGULAR,USD,QQQ,2025-07-01,1,548.0900268554688,0.9505737642939954,2025-06-29 12:49:54.220070,6,6,0.02857142857142857,3.9200000000000017,26.93,-16.13,0.9703620387085363,0.004527916747484182,-0.5701560760241364,0.019324486591353728
QQQ250701C00522000,2025-06-27 18:22:50+00:00,522.0,24.77,23.98,27.9,1.1599998,4.913172,4.0,17,0.5059863854980469,True,REGULAR,USD,QQQ,2025-07-01,1,548.0900268554688,0.9523982820757498,2025-06-29 12:49:54.220070,6,6,0.2222222222222222,3.919999999999998,25.939999999999998,-1.1699999999999982,0.9685530416941138,0.004873837838433365,-0.5825986504615407,0.02029648544421964
QQQ250701C00523000,2025-06-26 17:30:43+00:00,523.0,22.9,22.99,26.9,0.0,0.0,2.0,16,0.4924367163085938,True,REGULAR,USD,QQQ,2025-07-01,1,548.0900268554688,0.954222799857504,2025-06-29 12:49:54.220070,6,6,0.11764705882352941,3.91,24.945,-2.0450000000000017,0.9668320205715378,0.0052330683228647475,-0.5913198984626169,0.021208881540478175
QQQ250701C00524000,2025-06-27 19:46:48+00:00,524.0,23.2,22.0,25.9,0.52000046,2.2927709,3.0,35,0.4787649780273437,True,REGULAR,USD,QQQ,2025-07-01,1,548.0900268554688,0.9560473176392584,2025-06-29 12:49:54.220070,6,6,0.08333333333333333,3.8999999999999986,23.95,-0.75,0.9649781228261353,0.005628674639750834,-0.6000385571065001,0.022178871984837433
QQQ250701C00525000,2025-06-27 18:14:04+00:00,525.0,22.56,21.01,24.92,0.789999,3.6288426,3.0,96,0.46680220703125,True,REGULAR,USD,QQQ,2025-07-01,1,548.0900268554688,0.9578718354210128,2025-06-29 12:49:54.220070,6,6,0.030927835051546393,3.91,22.965000000000003,-0.4050000000000047,0.9624119921978513,0.006116946207063448,-0.6175640198314466,0.023500575451353593
QQQ250701C00526000,2025-06-27 19:07:20+00:00,526.0,19.93,20.02,23.93,1.1100006,5.8979845,18.0,334,0.4537408142089844,True,REGULAR,USD,QQQ,2025-07-01,1,548.0900268554688,0.959696353202767,2025-06-29 12:49:54.220070,6,6,0.05373134328358209,3.91,21.975,-2.0450000000000017,0.9599229251750375,0.006630421351517189,-0.6307499146829154,0.024760528417640676
QQQ250701C00527000,2025-06-26 19:46:53+00:00,527.0,19.39,19.06,22.94,0.0,0.0,1.0,228,0.4406794213867187,True,REGULAR,USD,QQQ,2025-07-01,1,548.0900268554688,0.9615208709845212,2025-06-29 12:49:54.220070,6,6,0.004366812227074236,3.8800000000000026,21.0,-1.6099999999999994,0.957158049381377,0.00720618061855327,-0.6448142690506143,0.02613598357951723
QQQ250701C00528000,2025-06-27 18:42:43+00:00,528.0,17.52,18.03,22.0,2.88,19.67213,29.0,304,0.4314021704101562,True,REGULAR,USD,QQQ,2025-07-01,1,548.0900268554688,0.9633453887662756,2025-06-29 12:49:54.220070,6,6,0.09508196721311475,3.969999999999999,20.015,-2.495000000000001,0.9526522025486965,0.007978091235756359,-0.6797351674408858,0.028326457103040745
QQQ250701C00529000,2025-06-27 19:58:08+00:00,529.0,19.41,17.08,21.05,4.41,29.4,51.0,432,0.4211483666992188,True,REGULAR,USD,QQQ,2025-07-01,1,548.0900268554688,0.96516990654803,2025-06-29 12:49:54.220070,6,6,0.11778290993071594,3.9700000000000024,19.064999999999998,0.3450000000000024,0.9479656751816617,0.008811581353388222,-0.7116518073255904,0.03054217145322941
QQQ250701C00530000,2025-06-27 19:54:06+00:00,530.0,18.03,16.06,20.1,1.3800011,8.288295,26.0,943,0.4106504248046875,True,REGULAR,USD,QQQ,2025-07-01,1,548.0900268554688,0.9669944243297842,2025-06-29 12:49:54.220070,6,6,0.02754237288135593,4.040000000000003,18.08,-0.04999999999999716,0.9427830964137619,0.009741459361045778,-0.744261520315959,0.032923593760777976
QQQ250701C00531000,2025-06-27 19:30:03+00:00,531.0,15.8,15.1,19.15,-0.60999966,-3.7172437,15.0,460,0.3999083447265625,True,REGULAR,USD,QQQ,2025-07-01,1,548.0900268554688,0.9688189421115384,2025-06-29 12:49:54.220070,6,6,0.03253796095444685,4.049999999999999,17.125,-1.3249999999999993,0.9370353459261388,0.010781753244151258,-0.7775224985378564,0.035486305697270654
QQQ250701C00532000,2025-06-27 19:19:48+00:00,532.0,14.35,14.17,18.19,0.20000076,1.413433,1.0,547,0.3879455737304687,True,REGULAR,USD,QQQ,2025-07-01,1,548.0900268554688,0.9706434598932928,2025-06-29 12:49:54.220070,6,6,0.0018248175182481751,4.020000000000001,16.18,-1.83,0.93112895772379,0.011913999293547643,-0.8055195933004466,0.03803989469211901
QQQ250701C00533000,2025-06-27 19:12:45+00:00,533.0,13.75,13.13,17.24,-0.029999733,-0.21770489,11.0,211,0.3765931481933594,True,REGULAR,USD,QQQ,2025-07-01,1,548.0900268554688,0.9724679776750472,2025-06-29 12:49:54.220070,6,6,0.05188679245283019,4.109999999999998,15.184999999999999,-1.4349999999999987,0.9240885184970077,0.013223510293114532,-0.8389960648009211,0.040985487633234646
QQQ250701C00534000,2025-06-26 18:05:32+00:00,534.0,12.81,12.19,16.3,0.0,0.0,5.0,100,0.3656069299316406,True,REGULAR,USD,QQQ,2025-07-01,1,548.0900268554688,0.9742924954568016,2025-06-29 12:49:54.220070,6,6,0.04950495049504951,4.110000000000001,14.245000000000001,-1.4350000000000005,0.9158449506457027,0.014725149686180232,-0.876737519670633,0.04430829842227585
QQQ250701C00535000,2025-06-27 19:50:47+00:00,535.0,13.01,11.22,15.33,1.2200003,10.3477545,303.0,508,0.3521793298339843,True,REGULAR,USD,QQQ,2025-07-01,1,548.0900268554688,0.9761170132385558,2025-06-29 12:49:54.220070,6,6,0.5952848722986247,4.109999999999999,13.275,-0.26500000000000057,0.9079061908980941,0.016349329268844182,-0.9007692663015123,0.04738869377694248
QQQ250701C00536000,2025-06-27 20:04:02+00:00,536.0,12.59,10.23,14.19,1.71,15.716912,56.0,245,0.3270330969238281,True,REGULAR,USD,QQQ,2025-07-01,1,548.0900268554688,0.97794153102031,2025-06-29 12:49:54.220070,6,6,0.22764227642276422,3.959999999999999,12.21,0.379999999999999,0.9065193980996133,0.017802136116288336,-0.8498349237248127,0.04791536041647226
QQQ250701C00537000,2025-06-27 19:51:29+00:00,537.0,10.95,9.29,13.28,0.7399998,7.2477937,48.0,237,0.317267569580078,True,REGULAR,USD,QQQ,2025-07-01,1,548.0900268554688,0.9797660488020644,2025-06-29 12:49:54.220070,6,6,0.20168067226890757,3.99,11.285,-0.33500000000000085,0.8938892860325132,0.020130419355031362,-0.8993654449568937,0.05256412491566728
QQQ250701C00538000,2025-06-27 19:14:01+00:00,538.0,9.01,8.36,12.35,-0.40999985,-4.35244,53.0,448,0.305671005859375,True,REGULAR,USD,QQQ,2025-07-01,1,548.0900268554688,0.9815905665838188,2025-06-29 12:49:54.220070,6,6,0.11804008908685969,3.99,10.355,-1.3450000000000006,0.8805830466864648,0.022733508313221084,-0.938741101826735,0.05719152059538136
QQQ250701C00539000,2025-06-27 20:13:44+00:00,539.0,9.61,7.44,11.64,1.4299994,17.481653,59.0,233,0.3071358349609374,True,REGULAR,USD,QQQ,2025-07-01,1,548.0900268554688,0.983415084365573,2025-06-29 12:49:54.220070,6,6,0.25213675213675213,4.2,9.540000000000001,0.06999999999999851,0.8547104888142595,0.02590206497366201,-1.0683129090224464,0.0654750462421915
QQQ250701C00540000,2025-06-27 20:02:22+00:00,540.0,8.69,6.55,10.71,1.2499995,16.801067,445.0,1139,0.2940744421386718,True,REGULAR,USD,QQQ,2025-07-01,1,548.0900268554688,0.9852396021473272,2025-06-29 12:49:54.220070,6,6,0.39035087719298245,4.160000000000001,8.63,0.05999999999999872,0.8371160431649667,0.02917826596369129,-1.100009614380961,0.07061999708238466
QQQ250701C00541000,2025-06-27 20:11:52+00:00,541.0,7.87,5.67,9.88,1.3299999,20.336391,444.0,500,0.2863840893554687,True,REGULAR,USD,QQQ,2025-07-01,1,548.0900268554688,0.9870641199290816,2025-06-29 12:49:54.220070,6,6,0.8862275449101796,4.210000000000001,7.775,0.09499999999999975,0.8119835437713703,0.032816508948839765,-1.1674358231811512,0.07734855407117201
QQQ250701C00542000,2025-06-27 20:00:05+00:00,542.0,7.04,4.81,9.0,1.0999999,18.518517,636.0,795,0.2749095947265625,True,REGULAR,USD,QQQ,2025-07-01,1,548.0900268554688,0.988888637710836,2025-06-29 12:49:54.220070,6,6,0.7989949748743719,4.19,6.904999999999999,0.13500000000000068,0.7861769592113397,0.036930397611343355,-1.2065863302675701,0.08355738038761354
QQQ250701C00543000,2025-06-27 20:14:01+00:00,543.0,6.11,3.99,8.2,1.0,19.569471,625.0,866,0.2669751037597656,True,REGULAR,USD,QQQ,2025-07-01,1,548.0900268554688,0.9907131554925904,2025-06-29 12:49:54.220070,6,6,0.720876585928489,4.209999999999999,6.095,0.015000000000000568,0.753160728975667,0.041209807337356144,-1.264398112055931,0.09054871321197411
QQQ250701C00544000,2025-06-27 19:47:28+00:00,544.0,4.88,3.2,7.41,0.23000002,4.9462366,432.0,725,0.2585523364257813,True,REGULAR,USD,QQQ,2025-07-01,1,548.0900268554688,0.9925376732743446,2025-06-29 12:49:54.220070,6,6,0.5950413223140496,4.21,5.305,-0.4249999999999998,0.7157843921532557,0.045710397059525544,-1.310446334530674,0.09726898751119878
QQQ250701C00545000,2025-06-27 20:14:01+00:00,545.0,4.5,4.53,4.62,0.56999993,14.503815,2934.0,1328,0.1420984228515625,True,REGULAR,USD,QQQ,2025-07-01,1,548.0900268554688,0.9943621910560988,2025-06-29 12:49:54.220070,6,6,2.2076749435665914,0.08999999999999986,4.575,-0.07500000000000018,0.7829745108045112,0.07206593487653869,-0.6570939550176949,0.08428110431979198
QQQ250701C00546000,2025-06-27 20:14:44+00:00,546.0,3.82,3.83,3.91,0.48000002,14.371258,3402.0,1258,0.1384363500976562,True,REGULAR,USD,QQQ,2025-07-01,1,548.0900268554688,0.9961867088378532,2025-06-29 12:49:54.220070,6,6,2.7021445591739477,0.08000000000000007,3.87,-0.050000000000000266,0.7087679038819398,0.08636103496066512,-0.7338999247001481,0.09839633301642245
QQQ250701C00547000,2025-06-27 20:14:56+00:00,547.0,3.17,3.19,3.25,0.34000015,12.01414,4924.0,729,0.13477427734375,True,REGULAR,USD,QQQ,2025-07-01,1,548.0900268554688,0.9980112266196076,2025-06-29 12:49:54.220070,6,6,6.745205479452054,0.06000000000000005,3.2199999999999998,-0.04999999999999982,0.6198724046244292,0.09848683050546495,-0.7824016759109531,0.10924362629101803
QQQ250701C00548000,2025-06-27 20:14:59+00:00,548.0,2.63,2.6,2.65,0.3000002,12.8755455,9528.0,616,0.1313563427734375,True,REGULAR,USD,QQQ,2025-07-01,1,548.0900268554688,0.9998357444013618,2025-06-29 12:49:54.220070,6,6,15.442463533225284,0.04999999999999982,2.625,0.004999999999999893,0.5188444053731657,0.10574715292540232,-0.7895853169057335,0.11432222455639182
QQQ250701C00549000,2025-06-27 20:14:53+00:00,549.0,2.09,2.07,2.11,0.15999997,8.2901535,5209.0,966,0.127938408203125,False,REGULAR,USD,QQQ,2025-07-01,1,548.0900268554688,1.001660262183116,2025-06-29 12:49:54.220070,6,6,5.386763185108583,0.040000000000000036,2.09,0.0,0.4114113027454471,0.10600253177370599,-0.7447417794807009,0.11161642697229433
QQQ250701C00550000,2025-06-27 20:14:59+00:00,550.0,1.63,1.6,1.64,0.07000005,4.487183,16583.0,6499,0.1248256463623046,False,REGULAR,USD,QQQ,2025-07-01,1,548.0900268554688,1.0034847799648705,2025-06-29 12:49:54.220070,6,6,2.551230769230769,0.039999999999999813,1.62,0.009999999999999787,0.3056576801379679,0.0979082911253731,-0.6506344058117125,0.10058523361423904
QQQ250701C00551000,2025-06-27 20:13:23+00:00,551.0,1.23,1.21,1.24,0.0,0.0,2006.0,600,0.1218349536132812,False,REGULAR,USD,QQQ,2025-07-01,1,548.0900268554688,1.0053092977466247,2025-06-29 12:49:54.220070,6,6,3.3377703826955076,0.030000000000000027,1.225,0.004999999999999893,0.21021349141234807,0.08250452693701875,-0.5196936857456433,0.08272954115629946
QQQ250701C00552000,2025-06-27 20:14:49+00:00,552.0,0.9,0.89,0.92,-0.18000007,-16.666672,5515.0,274,0.1197597790527343,False,REGULAR,USD,QQQ,2025-07-01,1,548.0900268554688,1.007133815528379,2025-06-29 12:49:54.220070,6,6,20.054545454545455,0.030000000000000027,0.905,-0.0050000000000000044,0.13371249229905835,0.06278017814850598,-0.3805393803824735,0.06187916784857473
QQQ250701C00553000,2025-06-27 20:14:14+00:00,553.0,0.63,0.64,0.67,-0.07999998,-11.267604,2588.0,2142,0.118172880859375,False,REGULAR,USD,QQQ,2025-07-01,1,548.0900268554688,1.0089583333101333,2025-06-29 12:49:54.220070,6,6,1.2076528231451236,0.030000000000000027,0.655,-0.025000000000000022,0.07829950521871144,0.04314430261864362,-0.253798672074167,0.04196161660112337
QQQ250701C00554000,2025-06-27 20:14:56+00:00,554.0,0.46,0.46,0.48,-0.099999994,-17.857141,1217.0,406,0.117196328125,False,REGULAR,USD,QQQ,2025-07-01,1,548.0900268554688,1.0107828510918877,2025-06-29 12:49:54.220070,6,6,2.9901719901719903,0.019999999999999962,0.47,-0.009999999999999953,0.04244620624729627,0.026893997950245833,-0.15518620666359412,0.02594061733995419
QQQ250701C00555000,2025-06-27 20:14:46+00:00,555.0,0.33,0.31,0.33,-0.109999985,-24.999996,6940.0,1242,0.1158535681152343,False,REGULAR,USD,QQQ,2025-07-01,1,548.0900268554688,1.012607368873642,2025-06-29 12:49:54.220070,6,6,5.583266291230893,0.020000000000000018,0.32,0.010000000000000009,0.02065450025902065,0.01497088376644729,-0.08423619557691052,0.014274726213125068
QQQ250701C00556000,2025-06-27 20:14:53+00:00,556.0,0.21,0.21,0.23,-0.12000002,-36.36364,1408.0,273,0.1157314990234375,False,REGULAR,USD,QQQ,2025-07-01,1,548.0900268554688,1.0144318866553963,2025-06-29 12:49:54.220070,6,6,5.138686131386861,0.020000000000000018,0.22,-0.010000000000000009,0.009648385465281099,0.007780329254523557,-0.04360562529120682,0.007410721448144698
QQQ250701C00557000,2025-06-27 20:14:13+00:00,557.0,0.14,0.15,0.16,-0.099999994,-41.666664,572.0,453,0.116219775390625,False,REGULAR,USD,QQQ,2025-07-01,1,548.0900268554688,1.0162564044371507,2025-06-29 12:49:54.220070,6,6,1.2599118942731278,0.010000000000000009,0.155,-0.014999999999999986,0.004328811273388795,0.0038134526151284067,-0.02152066090736328,0.0036476177545688147
QQQ250701C00558000,2025-06-27 20:13:28+00:00,558.0,0.1,0.1,0.11,-0.080000006,-44.444447,831.0,119,0.1169521899414062,False,REGULAR,USD,QQQ,2025-07-01,1,548.0900268554688,1.018080922218905,2025-06-29 12:49:54.220070,6,6,6.925,0.009999999999999995,0.10500000000000001,-0.0050000000000000044,0.0018549834647993298,0.0017647766363174942,-0.010072186028945579,0.0016986700859880138
QQQ250701C00559000,2025-06-27 20:13:17+00:00,559.0,0.08,0.07,0.08,-0.08,-50.0,321.0,866,0.1191494335937499,False,REGULAR,USD,QQQ,2025-07-01,1,548.0900268554688,1.0199054400006593,2025-06-29 12:49:54.220070,6,6,0.370242214532872,0.009999999999999995,0.07500000000000001,0.0049999999999999906,0.0008584031045425541,0.0008561251574172756,-0.005065861484663853,0.0008395376475541371
QQQ250701C00560000,2025-06-27 20:09:18+00:00,560.0,0.06,0.05,0.06,-0.05,-45.454548,1029.0,2430,0.122079091796875,False,REGULAR,USD,QQQ,2025-07-01,1,548.0900268554688,1.0217299577824135,2025-06-29 12:49:54.220070,6,6,0.423282599753188,0.009999999999999995,0.055,0.0049999999999999975,0.00041947754992450147,0.00043123927534675195,-0.0026761752618941147,0.00043328188503797676
QQQ250701C00561000,2025-06-27 20:14:09+00:00,561.0,0.05,0.04,0.05,-0.05,-50.0,495.0,80,0.1264735791015624,False,REGULAR,USD,QQQ,2025-07-01,1,548.0900268554688,1.023554475564168,2025-06-29 12:49:54.220070,6,6,6.111111111111111,0.010000000000000002,0.045,0.0050000000000000044,0.00023894337537025574,0.00024660468487501335,-0.001641147008857724,0.0002566918420914872
QQQ250701C00562000,2025-06-27 20:05:25+00:00,562.0,0.03,0.03,0.04,-0.04,-57.142853,129.0,1,0.129891513671875,False,REGULAR,USD,QQQ,2025-07-01,1,548.0900268554688,1.025378993345922,2025-06-29 12:49:54.220070,6,6,64.5,0.010000000000000002,0.035,-0.0050000000000000044,0.00012477739030633506,0.00013076360261509928,-0.0009172349018307175,0.00013979079984055044
QQQ250701C00563000,2025-06-27 20:12:40+00:00,563.0,0.03,0.02,0.03,-0.04,-57.142853,609.0,200,0.132821171875,False,REGULAR,USD,QQQ,2025-07-01,1,548.0900268554688,1.0272035111276765,2025-06-29 12:49:54.220070,6,6,3.029850746268657,0.009999999999999998,0.025,0.0049999999999999975,6.214891706623332e-05,6.639784043707248e-05,-0.0004866835706559874,7.258254580692767e-05
QQQ250701C00564000,2025-06-27 19:59:36+00:00,564.0,0.03,0.02,0.03,-0.02,-40.0,42.0,0,0.14063359375,False,REGULAR,USD,QQQ,2025-07-01,1,548.0900268554688,1.029028028909431,2025-06-29 12:49:54.220070,6,6,42.0,0.009999999999999998,0.025,0.0049999999999999975,5.554553704177976e-05,5.640636234954684e-05,-0.0004632420328831503,6.528720893078511e-05
QQQ250701C00565000,2025-06-27 20:11:34+00:00,565.0,0.02,0.02,0.03,-0.02,-50.0,394.0,1898,0.147469462890625,False,REGULAR,USD,QQQ,2025-07-01,1,548.0900268554688,1.030852546691185,2025-06-29 12:49:54.220070,6,6,0.20747761979989468,0.009999999999999998,0.025,-0.005000000000000001,4.520484536904157e-05,4.428562302824071e-05,-0.0003997097502895869,5.3749668760235696e-05
QQQ250701C00566000,2025-06-27 20:11:43+00:00,566.0,0.02,0.01,0.02,-0.01,-33.333336,159.0,101,0.147469462890625,False,REGULAR,USD,QQQ,2025-07-01,1,548.0900268554688,1.0326770644729395,2025-06-29 12:49:54.220070,6,6,1.5588235294117647,0.01,0.015,0.005000000000000001,1.705915244481191e-05,1.7593376636591224e-05,-0.00015872563350418956,2.13531638922144e-05
QQQ250701C00567000,2025-06-27 19:11:55+00:00,567.0,0.01,0.01,0.02,-0.01,-50.0,32.0,0,0.15430533203125,False,REGULAR,USD,QQQ,2025-07-01,1,548.0900268554688,1.0345015822546937,2025-06-29 12:49:54.220070,6,6,32.0,0.01,0.015,-0.004999999999999999,1.465903920317027e-05,1.4557967629657903e-05,-0.00014373941305040056,1.8488114306775752e-05
QQQ250701C00568000,2025-06-27 15:14:28+00:00,568.0,0.01,0.01,0.02,0.0,0.0,1.0,0,0.16211775390625,False,REGULAR,USD,QQQ,2025-07-01,1,548.0900268554688,1.036326100036448,2025-06-29 12:49:54.220070,6,6,1.0,0.01,0.015,-0.004999999999999999,1.4284162375298222e-05,1.3519368988488715e-05,-0.00014728771088981318,1.8038396732261015e-05
QQQ250701C00570000,2025-06-27 18:31:16+00:00,570.0,0.01,0.01,0.02,-0.02,-66.66667,63.0,126,0.1757894921875,False,REGULAR,USD,QQQ,2025-07-01,1,548.0900268554688,1.0399751355999567,2025-06-29 12:49:54.220070,6,6,0.49606299212598426,0.01,0.015,-0.004999999999999999,1.11531845453028e-05,9.853287292717978e-06,-0.000126134825237893,1.4255583298442995e-05
QQQ250701C00571000,2025-06-27 19:48:56+00:00,571.0,0.01,0.01,0.02,0.0,0.0,1.0,0,0.18164880859375,False,REGULAR,USD,QQQ,2025-07-01,1,548.0900268554688,1.0417996533817109,2025-06-29 12:49:54.220070,6,6,1.0,0.01,0.015,-0.004999999999999999,9.025345071148746e-06,7.794664750584851e-06,-0.00010651471548703532,1.1653085406291523e-05
QQQ250701C00573000,2025-06-27 16:11:21+00:00,573.0,0.01,0.0,0.02,-0.01,-50.0,1.0,14,0.195320546875,False,REGULAR,USD,QQQ,2025-07-01,1,548.0900268554688,1.0454486889452197,2025-06-29 12:49:54.220070,6,6,0.06666666666666667,0.02,0.01,0.0,7.4920944383311655e-06,6.070356163384802e-06,-9.586087827542051e-05,9.758274697153223e-06
QQQ250701C00574000,2025-06-27 18:17:20+00:00,574.0,0.01,0.0,0.01,0.0,0.0,102.0,0,0.187508125,False,REGULAR,USD,QQQ,2025-07-01,1,548.0900268554688,1.047273206726974,2025-06-29 12:49:54.220070,6,6,102.0,0.01,0.005,0.005,1.383748873101411e-06,1.2565061924185067e-06,-1.828335213291047e-05,1.9390796971842404e-06
QQQ250701C00575000,2025-06-27 18:30:07+00:00,575.0,0.01,0.0,0.01,-0.01,-50.0,24.0,30,0.195320546875,False,REGULAR,USD,QQQ,2025-07-01,1,548.0900268554688,1.0490977245087283,2025-06-29 12:49:54.220070,6,6,0.7741935483870968,0.01,0.005,0.005,1.5079472061255459e-06,1.3099445672726831e-06,-2.067803693634873e-05,2.105774122874979e-06
QQQ250701C00590000,2025-06-25 18:27:55+00:00,590.0,0.01,0.0,0.01,0.0,0.0,10.0,59,0.2890696093749999,False,REGULAR,USD,QQQ,2025-07-01,1,548.0900268554688,1.0764654912350429,2025-06-29 12:49:54.220070,6,6,0.16666666666666666,0.01,0.005,0.005,6.074812042584986e-07,3.6953208996225506e-07,-1.2752330368401834e-05,8.791551584607967e-07
QQQ250702C00453000,2025-06-27 19:50:11+00:00,453.0,94.18,92.97,96.87,0.0,0.0,1.0,0,1.2026407055664063,True,REGULAR,USD,QQQ,2025-07-02,2,548.0900268554688,0.8265065551347024,2025-06-29 12:49:54.360049,6,6,1.0,3.9000000000000057,94.92,-0.7399999999999949,0.9856654700628709,0.0007464282777393963,-0.5051904430866371,0.014776273248053242
QQQ250702C00470000,2025-06-26 19:54:45+00:00,470.0,76.73,75.98,79.89,0.0,0.0,1.0,0,1.0173388977050783,True,REGULAR,USD,QQQ,2025-07-02,2,548.0900268554688,0.8575233574245257,2025-06-29 12:49:54.360049,6,6,1.0,3.9099999999999966,77.935,-1.2049999999999983,0.9813455126689614,0.001105653041415131,-0.5338285707258216,0.01851507371051474
QQQ250702C00487000,2025-06-20 14:24:11+00:00,487.0,42.86,58.98,62.92,0.0,0.0,4.0,4,0.8339860351562498,True,REGULAR,USD,QQQ,2025-07-02,2,548.0900268554688,0.888540159714349,2025-06-29 12:49:54.360049,6,6,0.8,3.940000000000005,60.95,-18.090000000000003,0.9743857332067135,0.0017627903191584492,-0.5692690594282844,0.024199164169464694
QQQ250702C00490000,2025-06-20 13:44:02+00:00,490.0,43.75,55.99,59.9,0.0,0.0,7.0,5,0.7985859985351562,True,REGULAR,USD,QQQ,2025-07-02,2,548.0900268554688,0.8940137130596119,2025-06-29 12:49:54.360049,6,6,1.1666666666666667,3.9099999999999966,57.945,-14.195,0.9731602709290439,0.0019142870423719195,-0.5674222558673352,0.02516342088276466
QQQ250702C00495000,2025-06-25 19:52:24+00:00,495.0,46.02,50.99,54.92,0.0,0.0,1.0,2,0.7456080126953125,True,REGULAR,USD,QQQ,2025-07-02,2,548.0900268554688,0.9031363019683836,2025-06-29 12:49:54.360049,6,6,0.3333333333333333,3.9299999999999997,52.955,-6.934999999999995,0.9698435733825952,0.0022590111930583016,-0.5822736500704335,0.02772489306898398
QQQ250702C00498000,2025-06-20 17:18:54+00:00,498.0,30.44,47.99,51.93,0.0,0.0,1.0,1,0.7133817724609376,True,REGULAR,USD,QQQ,2025-07-02,2,548.0900268554688,0.9086098553136464,2025-06-29 12:49:54.360049,6,6,0.5,3.9399999999999977,49.96,-19.52,0.967589928566619,0.002506070820981152,-0.5905454238588921,0.029427697217348944
QQQ250702C00500000,2025-06-27 19:03:00+00:00,500.0,45.4,46.0,49.92,17.29,61.50836,150.0,25,0.6901886450195314,True,REGULAR,USD,QQQ,2025-07-02,2,548.0900268554688,0.912258890877155,2025-06-29 12:49:54.360049,6,6,5.769230769230769,3.9200000000000017,47.96,-2.5600000000000023,0.9662515149359088,0.0026781061390150377,-0.5908705268722464,0.030425416039911182
QQQ250702C00502000,2025-06-27 17:56:56+00:00,502.0,45.55,44.0,47.91,0.0,0.0,1.0,0,0.6667513793945314,True,REGULAR,USD,QQQ,2025-07-02,2,548.0900268554688,0.9159079264406635,2025-06-29 12:49:54.360049,6,6,1.0,3.9099999999999966,45.955,-0.40500000000000114,0.9648498290133704,0.0028665049031710694,-0.5904552095619265,0.031459914813332386
QQQ250702C00503000,2025-06-20 14:02:22+00:00,503.0,28.92,43.0,46.94,0.0,0.0,6.0,3,0.6586948193359375,True,REGULAR,USD,QQQ,2025-07-02,2,548.0900268554688,0.9177324442224178,2025-06-29 12:49:54.360049,6,6,1.5,3.9399999999999977,44.97,-16.049999999999997,0.9633288205105198,0.003004028197044383,-0.6024338475318474,0.03257085679070708
QQQ250702C00504000,2025-06-20 14:03:50+00:00,504.0,27.9,42.0,45.9,0.0,0.0,2.0,1,0.6435582519531251,True,REGULAR,USD,QQQ,2025-07-02,2,548.0900268554688,0.9195569620041724,2025-06-29 12:49:54.360049,6,6,1.0,3.8999999999999986,43.95,-16.050000000000004,0.9632719882755583,0.0030785802260606568,-0.5909066025730038,0.03261213785092328
QQQ250702C00505000,2025-06-24 18:05:31+00:00,505.0,35.79,41.0,44.89,0.0,0.0,2.0,3,0.6313513427734375,True,REGULAR,USD,QQQ,2025-07-02,2,548.0900268554688,0.9213814797859264,2025-06-29 12:49:54.360049,6,6,0.5,3.8900000000000006,42.945,-7.155000000000001,0.9625658344995291,0.003187329435555483,-0.5891126363435752,0.03312371143365164
QQQ250702C00506000,2025-06-24 18:07:16+00:00,506.0,34.85,40.0,43.94,0.0,0.0,1.0,1,0.6250037500000001,True,REGULAR,USD,QQQ,2025-07-02,2,548.0900268554688,0.9232059975676808,2025-06-29 12:49:54.360049,6,6,0.5,3.9399999999999977,41.97,-7.119999999999997,0.9604668580642218,0.0033660984340446827,-0.6073659699793225,0.034629830464206465
QQQ250702C00507000,2025-06-24 18:08:52+00:00,507.0,33.9,39.01,42.94,0.0,0.0,1.0,0,0.6137733935546876,True,REGULAR,USD,QQQ,2025-07-02,2,548.0900268554688,0.9250305153494351,2025-06-29 12:49:54.360049,6,6,1.0,3.9299999999999997,40.974999999999994,-7.074999999999996,0.9594176267379813,0.0035014260718722566,-0.6091318514885148,0.03537479648434026
QQQ250702C00508000,2025-06-25 19:56:08+00:00,508.0,33.17,38.01,41.93,0.0,0.0,1.0,2,0.6015664843750002,True,REGULAR,USD,QQQ,2025-07-02,2,548.0900268554688,0.9268550331311894,2025-06-29 12:49:54.360049,6,6,0.3333333333333333,3.9200000000000017,39.97,-6.799999999999997,0.9585581044326759,0.0036337213624027527,-0.6075291049728169,0.03598124484635118
QQQ250702C00510000,2025-06-27 19:01:29+00:00,510.0,35.19,36.01,39.93,4.169998,13.442934,1.0,6,0.5788616333007812,True,REGULAR,USD,QQQ,2025-07-02,2,548.0900268554688,0.930504068694698,2025-06-29 12:49:54.360049,6,6,0.14285714285714285,3.9200000000000017,37.97,-2.780000000000001,0.9562560335046673,0.0039449832889410985,-0.6104719013210759,0.03758900795657797
QQQ250702C00512000,2025-06-27 19:07:55+00:00,512.0,33.87,34.02,37.95,0.0,0.0,2.0,0,0.5579878186035157,True,REGULAR,USD,QQQ,2025-07-02,2,548.0900268554688,0.9341531042582066,2025-06-29 12:49:54.360049,6,6,2.0,3.9299999999999997,35.985,-2.115000000000002,0.9531693689430147,0.004323321078363351,-0.6204617446104624,0.03970846863992114
QQQ250702C00514000,2025-06-25 14:27:23+00:00,514.0,28.51,32.03,35.93,0.0,0.0,15.0,16,0.5333298620605469,True,REGULAR,USD,QQQ,2025-07-02,2,548.0900268554688,0.9378021398217152,2025-06-29 12:49:54.360049,6,6,0.8823529411764706,3.8999999999999986,33.980000000000004,-5.470000000000002,0.9508629608845153,0.004700653695968537,-0.6168540158794356,0.04126625799236299
QQQ250702C00518000,2025-06-25 15:09:04+00:00,518.0,24.31,28.05,31.96,0.0,0.0,2.0,3,0.4897511962890626,True,REGULAR,USD,QQQ,2025-07-02,2,548.0900268554688,0.9451002109487324,2025-06-29 12:49:54.360049,6,6,0.5,3.91,30.005000000000003,-5.695000000000004,0.9433109923141046,0.005733715373556518,-0.6325534657762443,0.046222407965969214
QQQ250702C00520000,2025-06-27 19:54:40+00:00,520.0,28.18,26.07,30.01,6.300001,28.793425,8.0,35,0.4704642797851562,True,REGULAR,USD,QQQ,2025-07-02,2,548.0900268554688,0.9487492465122412,2025-06-29 12:49:54.360049,6,6,0.2222222222222222,3.9400000000000013,28.04,0.14000000000000057,0.9377287476548251,0.0064247990118151445,-0.651652289929402,0.049753900304872326
QQQ250702C00522000,2025-06-26 16:08:26+00:00,522.0,23.61,24.09,27.98,0.0,0.0,3.0,5,0.4444635632324218,True,REGULAR,USD,QQQ,2025-07-02,2,548.0900268554688,0.9523982820757498,2025-06-29 12:49:54.360049,6,6,0.5,3.8900000000000006,26.035,-2.4250000000000007,0.9341174937004268,0.007105339660009237,-0.6440831391238618,0.05198307159736395
QQQ250702C00523000,2025-06-23 15:25:57+00:00,523.0,10.67,23.09,27.1,0.0,0.0,1.0,1,0.4416559741210937,True,REGULAR,USD,QQQ,2025-07-02,2,548.0900268554688,0.954222799857504,2025-06-29 12:49:54.360049,6,6,0.5,4.010000000000002,25.095,-14.424999999999999,0.9275810435908546,0.0076912275681413015,-0.6834757950375843,0.05591401792041086
QQQ250702C00524000,2025-06-24 18:32:14+00:00,524.0,17.5,22.1,26.1,0.0,0.0,3.0,5,0.4295711340332031,True,REGULAR,USD,QQQ,2025-07-02,2,548.0900268554688,0.9560473176392584,2025-06-29 12:49:54.360049,6,6,0.5,4.0,24.1,-6.600000000000001,0.9247895767615297,0.008139520452539677,-0.6841202778014069,0.057553910828434036
QQQ250702C00525000,2025-06-27 15:42:59+00:00,525.0,24.95,21.11,25.08,3.8600006,18.302515,1.0,40,0.4160214648437499,True,REGULAR,USD,QQQ,2025-07-02,2,548.0900268554688,0.9578718354210128,2025-06-29 12:49:54.360049,6,6,0.024390243902439025,3.969999999999999,23.095,1.8550000000000004,0.922479983261067,0.008600292431535142,-0.6785236345488564,0.0588938421435196
QQQ250702C00526000,2025-06-27 15:08:22+00:00,526.0,23.02,20.12,24.11,7.1400003,44.96222,1.0,102,0.4060117993164062,True,REGULAR,USD,QQQ,2025-07-02,2,548.0900268554688,0.959696353202767,2025-06-29 12:49:54.360049,6,6,0.009708737864077669,3.9899999999999984,22.115000000000002,0.9049999999999976,0.9181812981484179,0.009179584697466799,-0.6885104426679763,0.061348312170806676
QQQ250702C00527000,2025-06-26 17:55:13+00:00,527.0,19.14,19.13,23.13,0.0,0.0,3.0,225,0.3950255810546875,True,REGULAR,USD,QQQ,2025-07-02,2,548.0900268554688,0.9615208709845212,2025-06-29 12:49:54.360049,6,6,0.01327433628318584,4.0,21.13,-1.9899999999999984,0.9140152281294951,0.009793433451248895,-0.694506350424193,0.06367971742755776
QQQ250702C00528000,2025-06-27 17:44:34+00:00,528.0,20.08,18.14,22.17,4.4300003,28.306711,53.0,147,0.3853821228027343,True,REGULAR,USD,QQQ,2025-07-02,2,548.0900268554688,0.9633453887662756,2025-06-29 12:49:54.360049,6,6,0.3581081081081081,4.030000000000001,20.155,-0.07500000000000284,0.9087185882509174,0.010495574320936991,-0.7068245394766988,0.0665792200745814
QQQ250702C00529000,2025-06-27 19:23:19+00:00,529.0,17.71,17.16,21.25,3.5099993,24.718306,3.0,106,0.3781800463867187,True,REGULAR,USD,QQQ,2025-07-02,2,548.0900268554688,0.96516990654803,2025-06-29 12:49:54.360049,6,6,0.028037383177570093,4.09,19.205,-1.4949999999999974,0.9015025021035138,0.011312183360701908,-0.730722347634561,0.07041837149911
QQQ250702C00530000,2025-06-27 19:18:45+00:00,530.0,16.46,16.19,20.31,-0.44000053,-2.6035535,7.0,458,0.3693910717773437,True,REGULAR,USD,QQQ,2025-07-02,2,548.0900268554688,0.9669944243297842,2025-06-29 12:49:54.360049,6,6,0.015250544662309368,4.119999999999997,18.25,-1.7899999999999991,0.8945565840421482,0.012170168645663844,-0.7479224758804387,0.07399867121030153
QQQ250702C00531000,2025-06-27 18:41:16+00:00,531.0,15.08,15.22,19.33,-0.8500004,-5.3358464,6.0,126,0.3577945080566406,True,REGULAR,USD,QQQ,2025-07-02,2,548.0900268554688,0.9688189421115384,2025-06-29 12:49:54.360049,6,6,0.047244094488188976,4.109999999999998,17.275,-2.1949999999999985,0.8886986338544531,0.013063110043790615,-0.7524234663069979,0.0769345089164994
QQQ250702C00532000,2025-06-27 19:46:27+00:00,532.0,15.6,14.26,18.28,0.69000053,4.6277704,68.0,104,0.3416813879394531,True,REGULAR,USD,QQQ,2025-07-02,2,548.0900268554688,0.9706434598932928,2025-06-29 12:49:54.360049,6,6,0.6476190476190476,4.020000000000001,16.27,-0.6699999999999999,0.8852296538026834,0.01398207634042548,-0.7358631291587291,0.07863826481614358
QQQ250702C00533000,2025-06-27 18:07:01+00:00,533.0,15.49,13.31,17.16,3.4699993,28.868547,5.0,236,0.321173780517578,True,REGULAR,USD,QQQ,2025-07-02,2,548.0900268554688,0.9724679776750472,2025-06-29 12:49:54.360049,6,6,0.02109704641350211,3.8499999999999996,15.235,0.2550000000000008,0.8844845227896744,0.014943459607532343,-0.6985446896033775,0.07900092353535468
QQQ250702C00534000,2025-06-27 13:34:11+00:00,534.0,14.34,12.36,16.3,0.9200001,6.85544,1.0,231,0.3165351550292968,True,REGULAR,USD,QQQ,2025-07-02,2,548.0900268554688,0.9742924954568016,2025-06-29 12:49:54.360049,6,6,0.004310344827586207,3.9400000000000013,14.33,0.009999999999999787,0.8717947174713625,0.016314531545616167,-0.7360570745249745,0.08500363330699015
QQQ250702C00535000,2025-06-27 19:58:09+00:00,535.0,13.69,11.42,15.42,1.2799997,10.3142605,41.0,367,0.3101875622558593,True,REGULAR,USD,QQQ,2025-07-02,2,548.0900268554688,0.9761170132385558,2025-06-29 12:49:54.360049,6,6,0.11141304347826086,4.0,13.42,0.2699999999999996,0.8590775630883654,0.017765247462969844,-0.7659595060559912,0.0907061161247964
QQQ250702C00536000,2025-06-27 19:17:08+00:00,536.0,11.12,10.49,14.51,0.010000229,0.09001106,32.0,276,0.3016427258300781,True,REGULAR,USD,QQQ,2025-07-02,2,548.0900268554688,0.97794153102031,2025-06-29 12:49:54.360049,6,6,0.11552346570397112,4.02,12.5,-1.3800000000000008,0.84670306455322,0.01932922594860078,-0.7854972767928455,0.0959728186630242
QQQ250702C00537000,2025-06-27 19:44:58+00:00,537.0,10.97,9.58,13.6,0.96000004,9.590409,42.0,151,0.2926706475830077,True,REGULAR,USD,QQQ,2025-07-02,2,548.0900268554688,0.9797660488020644,2025-06-29 12:49:54.360049,6,6,0.27631578947368424,4.02,11.59,-0.6199999999999992,0.8332346985781695,0.021049760183030137,-0.8028450721732039,0.10140684040640897
QQQ250702C00538000,2025-06-27 18:41:47+00:00,538.0,8.75,8.67,12.72,-1.3199997,-13.10824,32.0,122,0.2847971911621093,True,REGULAR,USD,QQQ,2025-07-02,2,548.0900268554688,0.9815905665838188,2025-06-29 12:49:54.360049,6,6,0.2601626016260163,4.050000000000001,10.695,-1.9450000000000003,0.817246038861775,0.022926430010069124,-0.8250223679630156,0.10747638887092377
QQQ250702C00539000,2025-06-27 19:47:17+00:00,539.0,9.43,7.79,11.96,0.5100002,5.717491,80.0,173,0.282660982055664,True,REGULAR,USD,QQQ,2025-07-02,2,548.0900268554688,0.983415084365573,2025-06-29 12:49:54.360049,6,6,0.45977011494252873,4.170000000000001,9.875,-0.4450000000000003,0.7947026502703503,0.024796940626294076,-0.8735057836317861,0.11537318877071315
QQQ250702C00540000,2025-06-27 19:52:17+00:00,540.0,8.54,6.93,11.11,0.010000229,0.11723598,267.0,416,0.2750316638183593,True,REGULAR,USD,QQQ,2025-07-02,2,548.0900268554688,0.9852396021473272,2025-06-29 12:49:54.360049,6,6,0.6402877697841727,4.18,9.02,-0.4800000000000004,0.7745919895232656,0.026905255269003232,-0.8943247914718009,0.12180377362835534
QQQ250702C00541000,2025-06-27 20:13:54+00:00,541.0,8.15,6.09,10.27,0.7699995,10.433598,159.0,243,0.2672802764892578,True,REGULAR,USD,QQQ,2025-07-02,2,548.0900268554688,0.9870641199290816,2025-06-29 12:49:54.360049,6,6,0.6516393442622951,4.18,8.18,-0.02999999999999936,0.7523265144137787,0.029159017345131266,-0.9124835501153029,0.12828643207014767
QQQ250702C00542000,2025-06-27 20:13:16+00:00,542.0,7.31,5.27,9.45,0.9299998,14.5768,283.0,301,0.25977302734375,True,REGULAR,USD,QQQ,2025-07-02,2,548.0900268554688,0.988888637710836,2025-06-29 12:49:54.360049,6,6,0.9370860927152318,4.18,7.359999999999999,-0.04999999999999982,0.7273881420252529,0.03152331694822202,-0.9289030853598464,0.13479286201487828
QQQ250702C00543000,2025-06-27 19:56:40+00:00,543.0,6.66,4.47,8.67,0.96000004,16.842106,433.0,384,0.2533033654785156,True,REGULAR,USD,QQQ,2025-07-02,2,548.0900268554688,0.9907131554925904,2025-06-29 12:49:54.360049,6,6,1.1246753246753247,4.2,6.57,0.08999999999999986,0.6990220542934793,0.033882264137464535,-0.9461068008534101,0.14127142122634823
QQQ250702C00544000,2025-06-27 20:09:47+00:00,544.0,5.85,5.77,5.88,0.90999985,18.42105,669.0,211,0.1515587774658203,True,REGULAR,USD,QQQ,2025-07-02,2,548.0900268554688,0.9925376732743446,2025-06-29 12:49:54.360049,6,6,3.1556603773584904,0.11000000000000032,5.824999999999999,0.025000000000000355,0.7573119565802734,0.05086392594337584,-0.5369447334196273,0.12689131619220767
QQQ250702C00545000,2025-06-27 20:14:43+00:00,545.0,5.04,5.06,5.15,0.5700002,12.751682,1506.0,709,0.1482018774414062,True,REGULAR,USD,QQQ,2025-07-02,2,548.0900268554688,0.9943621910560988,2025-06-29 12:49:54.360049,6,6,2.12112676056338,0.09000000000000075,5.105,-0.06500000000000039,0.7074066569942005,0.05716661451051978,-0.5692073982281933,0.1394559695182146
QQQ250702C00546000,2025-06-27 20:04:01+00:00,546.0,4.56,4.39,4.46,0.72,18.750002,1175.0,279,0.1449060119628906,True,REGULAR,USD,QQQ,2025-07-02,2,548.0900268554688,0.9961867088378532,2025-06-29 12:49:54.360049,6,6,4.196428571428571,0.07000000000000028,4.425,0.1349999999999998,0.6506548448154879,0.06296023042204597,-0.5923810973910418,0.15017361781956257
QQQ250702C00547000,2025-06-27 20:11:56+00:00,547.0,3.85,3.76,3.82,0.52,15.615615,5506.0,376,0.1419763537597656,True,REGULAR,USD,QQQ,2025-07-02,2,548.0900268554688,0.9980112266196076,2025-06-29 12:49:54.360049,6,6,14.60477453580902,0.06000000000000005,3.79,0.06000000000000005,0.5873551925094564,0.06759151563433917,-0.6043596975349266,0.1579607306275842
QQQ250702C00548000,2025-06-27 20:13:43+00:00,548.0,3.16,3.17,3.23,0.18000007,6.040271,2726.0,253,0.1391687646484375,True,REGULAR,USD,QQQ,2025-07-02,2,548.0900268554688,0.9998357444013618,2025-06-29 12:49:54.360049,6,6,10.73228346456693,0.06000000000000005,3.2,-0.040000000000000036,0.519018922667717,0.0705754949757943,-0.6011378199694958,0.1616726791987227
QQQ250702C00549000,2025-06-27 20:13:16+00:00,549.0,2.68,2.64,2.69,0.25,10.288066,2439.0,456,0.1363611755371093,False,REGULAR,USD,QQQ,2025-07-02,2,548.0900268554688,1.001660262183116,2025-06-29 12:49:54.360049,6,6,5.336980306345733,0.04999999999999982,2.665,0.015000000000000124,0.4474304903028275,0.07148358879512746,-0.5803166995308863,0.1604493695304655
QQQ250702C00550000,2025-06-27 20:14:32+00:00,550.0,2.14,2.16,2.2,0.120000124,5.9406,8247.0,4075,0.1334315173339843,False,REGULAR,USD,QQQ,2025-07-02,2,548.0900268554688,1.0034847799648705,2025-06-29 12:49:54.360049,6,6,2.023307163886163,0.040000000000000036,2.18,-0.040000000000000036,0.37466386962085796,0.07002629265944446,-0.5409878827243289,0.1538014711668339
QQQ250702C00551000,2025-06-27 20:13:46+00:00,551.0,1.72,1.74,1.78,0.060000062,3.614462,1333.0,277,0.1313563427734375,False,REGULAR,USD,QQQ,2025-07-02,2,548.0900268554688,1.0053092977466247,2025-06-29 12:49:54.360049,6,6,4.794964028776978,0.040000000000000036,1.76,-0.040000000000000036,0.30448349981661293,0.06567726285125212,-0.4890548552542468,0.1420061076675356
QQQ250702C00552000,2025-06-27 20:14:27+00:00,552.0,1.36,1.37,1.41,-0.00999999,-0.7299263,1089.0,1545,0.1290370300292968,False,REGULAR,USD,QQQ,2025-07-02,2,548.0900268554688,1.007133815528379,2025-06-29 12:49:54.360049,6,6,0.704398447606727,0.039999999999999813,1.3900000000000001,-0.030000000000000027,0.23861978848974646,0.05919433374150045,-0.4234080160045093,0.12572898971591775
QQQ250702C00553000,2025-06-27 20:03:42+00:00,553.0,1.12,1.07,1.1,0.0,0.0,1717.0,112,0.1270839245605468,False,REGULAR,USD,QQQ,2025-07-02,2,548.0900268554688,1.0089583333101333,2025-06-29 12:49:54.360049,6,6,15.194690265486726,0.030000000000000027,1.085,0.03500000000000014,0.18030066559374197,0.0509457269431569,-0.3520550533413689,0.10657106654437194
QQQ250702C00554000,2025-06-27 20:14:12+00:00,554.0,0.81,0.82,0.85,-0.14999998,-15.624998,745.0,119,0.1257411645507812,False,REGULAR,USD,QQQ,2025-07-02,2,548.0900268554688,1.0107828510918877,2025-06-29 12:49:54.360049,6,6,6.208333333333333,0.030000000000000027,0.835,-0.02499999999999991,0.13174348236606442,0.04185078191706354,-0.28214022008646106,0.08662075908456368
QQQ250702C00555000,2025-06-27 20:14:40+00:00,555.0,0.61,0.62,0.64,-0.050000012,-7.5757594,5022.0,1823,0.1241542663574218,False,REGULAR,USD,QQQ,2025-07-02,2,548.0900268554688,1.012607368873642,2025-06-29 12:49:54.360049,6,6,2.7532894736842106,0.020000000000000018,0.63,-0.020000000000000018,0.09195215538790391,0.032756096444147315,-0.21465089266795334,0.06694138901444541
QQQ250702C00556000,2025-06-27 20:14:40+00:00,556.0,0.46,0.46,0.48,-0.11,-19.298244,591.0,285,0.1232997827148437,False,REGULAR,USD,QQQ,2025-07-02,2,548.0900268554688,1.0144318866553963,2025-06-29 12:49:54.360049,6,6,2.0664335664335662,0.019999999999999962,0.47,-0.009999999999999953,0.0623505080119249,0.024538878015594373,-0.15818121216003384,0.04980327971564384
QQQ250702C00557000,2025-06-27 20:11:07+00:00,557.0,0.35,0.34,0.35,-0.09,-20.454546,322.0,171,0.1222011608886718,False,REGULAR,USD,QQQ,2025-07-02,2,548.0900268554688,1.0162564044371507,2025-06-29 12:49:54.360049,6,6,1.872093023255814,0.009999999999999953,0.345,0.0050000000000000044,0.04024299794470645,0.017466918880057167,-0.11034708873601395,0.035134401947360484
QQQ250702C00558000,2025-06-27 20:14:09+00:00,558.0,0.25,0.24,0.26,-0.09,-26.470589,207.0,328,0.1223232299804687,False,REGULAR,USD,QQQ,2025-07-02,2,548.0900268554688,1.018080922218905,2025-06-29 12:49:54.360049,6,6,0.6291793313069909,0.020000000000000018,0.25,0.0,0.0259346563880251,0.012144192917734845,-0.07671742541237017,0.024452233164430317
QQQ250702C00559000,2025-06-27 20:14:23+00:00,559.0,0.18,0.18,0.19,-0.059999987,-24.999996,124.0,463,0.1223232299804687,False,REGULAR,USD,QQQ,2025-07-02,2,548.0900268554688,1.0199054400006593,2025-06-29 12:49:54.360049,6,6,0.2672413793103448,0.010000000000000009,0.185,-0.0050000000000000044,0.016098389439164237,0.00810796037147958,-0.05112890068491907,0.016325311927633566
QQQ250702C00560000,2025-06-27 20:14:27+00:00,560.0,0.13,0.13,0.14,-0.07000001,-35.000004,2122.0,1290,0.12305564453125,False,REGULAR,USD,QQQ,2025-07-02,2,548.0900268554688,1.0217299577824135,2025-06-29 12:49:54.360049,6,6,1.6436870642912471,0.010000000000000009,0.135,-0.0050000000000000044,0.010026086091238133,0.0053505404046256646,-0.03409168291511173,0.010837774686743112
QQQ250702C00561000,2025-06-27 20:07:24+00:00,561.0,0.1,0.09,0.11,-0.05,-33.333332,96.0,204,0.12500875,False,REGULAR,USD,QQQ,2025-07-02,2,548.0900268554688,1.023554475564168,2025-06-29 12:49:54.360049,6,6,0.4682926829268293,0.020000000000000004,0.1,0.0,0.006537873797517315,0.003617226255474164,-0.023750884748806517,0.007443154219989114
QQQ250702C00562000,2025-06-27 20:03:05+00:00,562.0,0.06,0.07,0.08,-0.08,-57.142853,54.0,20,0.125985302734375,False,REGULAR,USD,QQQ,2025-07-02,2,548.0900268554688,1.025378993345922,2025-06-29 12:49:54.360049,6,6,2.5714285714285716,0.009999999999999995,0.07500000000000001,-0.015000000000000013,0.0039847451882755874,0.0023098522566031864,-0.01538538663361316,0.004790104816650401
QQQ250702C00563000,2025-06-27 20:03:14+00:00,563.0,0.06,0.05,0.06,-0.05,-45.454548,327.0,98,0.12696185546875,False,REGULAR,USD,QQQ,2025-07-02,2,548.0900268554688,1.0272035111276765,2025-06-29 12:49:54.360049,6,6,3.303030303030303,0.009999999999999995,0.055,0.0049999999999999975,0.0023859492830053254,0.0014443529630571576,-0.009759420157844305,0.003018474615684297
QQQ250702C00564000,2025-06-27 19:48:59+00:00,564.0,0.05,0.04,0.05,-0.03,-37.5,27.0,0,0.1308680664062499,False,REGULAR,USD,QQQ,2025-07-02,2,548.0900268554688,1.029028028909431,2025-06-29 12:49:54.360049,6,6,27.0,0.010000000000000002,0.045,0.0050000000000000044,0.0017461508375169448,0.0010555188990946287,-0.0075697326166929545,0.0022737390991352745
QQQ250702C00565000,2025-06-27 17:44:27+00:00,565.0,0.06,0.03,0.04,-0.02,-25.0,163.0,284,0.132821171875,False,REGULAR,USD,QQQ,2025-07-02,2,548.0900268554688,1.030852546691185,2025-06-29 12:49:54.360049,6,6,0.5719298245614035,0.010000000000000002,0.035,0.024999999999999994,0.0011148434695315782,0.0006903441507770897,-0.00509512972463462,0.001509294146209793
QQQ250702C00567000,2025-06-27 19:49:38+00:00,567.0,0.03,0.02,0.03,-0.02,-40.0,38.0,2,0.14063359375,False,REGULAR,USD,QQQ,2025-07-02,2,548.0900268554688,1.0345015822546937,2025-06-29 12:49:54.360049,6,6,12.666666666666666,0.009999999999999998,0.025,0.0049999999999999975,0.0006259006026889315,0.00038335641147764266,-0.003166914347015976,0.0008874272010663692
QQQ250702C00568000,2025-06-27 20:04:18+00:00,568.0,0.02,0.02,0.03,-0.03,-60.000004,122.0,0,0.147469462890625,False,REGULAR,USD,QQQ,2025-07-02,2,548.0900268554688,1.036326100036448,2025-06-29 12:49:54.360049,6,6,122.0,0.009999999999999998,0.025,-0.005000000000000001,0.0006015217896413413,0.00035241504564564034,-0.003198870833629233,0.000855455593680919
QQQ250702C00570000,2025-06-27 16:14:06+00:00,570.0,0.03,0.01,0.02,0.0,0.0,7.0,58,0.1523522265625,False,REGULAR,USD,QQQ,2025-07-02,2,548.0900268554688,1.0399751355999567,2025-06-29 12:49:54.360049,6,6,0.11864406779661017,0.01,0.015,0.015,0.0002847956112309759,0.0001704868293144838,-0.0016497525667595317,0.0004275437577765914
QQQ250702C00575000,2025-06-27 19:49:23+00:00,575.0,0.01,0.01,0.02,-0.02,-66.66667,6.0,4,0.18164880859375,False,REGULAR,USD,QQQ,2025-07-02,2,548.0900268554688,1.0490977245087283,2025-06-29 12:49:54.360049,6,6,1.2,0.01,0.015,-0.004999999999999999,0.00020196659178947643,0.00010377573655152236,-0.0014242133365900502,0.0003102910926464059
QQQ250702C00580000,2025-06-27 18:10:27+00:00,580.0,0.01,0.0,0.01,-0.01,-50.0,200.0,3,0.195320546875,False,REGULAR,USD,QQQ,2025-07-02,2,548.0900268554688,1.0582203134174997,2025-06-29 12:49:54.360049,6,6,50.0,0.01,0.005,0.005,5.0590416115078404e-05,2.629422825894106e-05,-0.00041658339077292443,8.453747865671345e-05
QQQ250702C00585000,2025-06-27 14:26:03+00:00,585.0,0.01,0.0,0.01,-0.02,-66.66667,3.0,5,0.2226640234374999,False,REGULAR,USD,QQQ,2025-07-02,2,548.0900268554688,1.0673429023262713,2025-06-29 12:49:54.360049,6,6,0.5,0.01,0.005,0.005,4.2613261878282446e-05,1.96144353467384e-05,-0.00040336876694100157,7.188972017116581e-05
QQQ250703C00415000,2025-06-20 19:47:43+00:00,415.0,111.31,131.14,135.04,0.0,0.0,1.0,2,0.500005,True,REGULAR,USD,QQQ,2025-07-03,3,548.0900268554688,0.7571748794280386,2025-06-29 12:49:54.505794,6,6,0.3333333333333333,3.9000000000000057,133.08999999999997,-21.779999999999973,0.9999999996543082,8.797190738749576e-11,-0.056825966160561465,1.0860518135889723e-09
QQQ250703C00420000,2025-06-23 16:41:55+00:00,420.0,107.06,126.15,130.06,0.0,0.0,1.0,0,0.7500025,True,REGULAR,USD,QQQ,2025-07-03,3,548.0900268554688,0.7662974683368101,2025-06-29 12:49:54.505794,6,6,1.0,3.9099999999999966,128.10500000000002,-21.045000000000016,0.999961702725668,4.29813390040563e-06,-0.058502602377740805,7.959299400022481e-05
QQQ250703C00425000,2025-06-20 18:11:34+00:00,425.0,102.11,121.15,125.08,0.0,0.0,3.0,6,0.7539087109375,True,REGULAR,USD,QQQ,2025-07-03,3,548.0900268554688,0.7754200572455817,2025-06-29 12:49:54.505794,6,6,0.42857142857142855,3.9299999999999926,123.11500000000001,-21.00500000000001,0.9999155607518104,9.013400910086084e-06,-0.060296990497626796,0.0001677797873093857
QQQ250703C00430000,2025-06-26 18:06:10+00:00,430.0,116.15,116.16,120.08,0.0,0.0,1.0,8,0.73437765625,True,REGULAR,USD,QQQ,2025-07-03,3,548.0900268554688,0.7845426461543533,2025-06-29 12:49:54.505794,6,6,0.1111111111111111,3.9200000000000017,118.12,-1.9699999999999989,0.9998852439374045,1.2344497761965102e-05,-0.06161078943033273,0.00022383349173906553
QQQ250703C00435000,2025-06-20 19:48:29+00:00,435.0,91.33,111.16,115.09,0.0,0.0,1.0,2,0.7148466015625,True,REGULAR,USD,QQQ,2025-07-03,3,548.0900268554688,0.7936652350631248,2025-06-29 12:49:54.505794,6,6,0.3333333333333333,3.930000000000007,113.125,-21.795,0.999843668421068,1.694510263857815e-05,-0.06311591774455454,0.000299081293424413
QQQ250703C00440000,2025-06-24 16:59:26+00:00,440.0,100.18,106.17,110.09,0.0,0.0,1.0,1,0.6914093359375001,True,REGULAR,USD,QQQ,2025-07-03,3,548.0900268554688,0.8027878239718964,2025-06-29 12:49:54.505794,6,6,0.5,3.9200000000000017,108.13,-7.949999999999989,0.999801655523567,2.188793859781276e-05,-0.06453990381613617,0.00037365628421241526
QQQ250703C00445000,2025-06-26 15:04:42+00:00,445.0,99.46,101.17,105.1,0.0,0.0,2.0,4,0.6660189648437502,True,REGULAR,USD,QQQ,2025-07-03,3,548.0900268554688,0.8119104128806679,2025-06-29 12:49:54.505794,6,6,0.4,3.9299999999999926,103.13499999999999,-3.674999999999997,0.9997565252595517,2.7514621484859995e-05,-0.06593776876505754,0.00045246222627115854
QQQ250703C00450000,2025-06-25 15:36:14+00:00,450.0,91.5,96.17,100.09,0.0,0.0,5.0,39,0.6250037500000001,True,REGULAR,USD,QQQ,2025-07-03,3,548.0900268554688,0.8210330017894395,2025-06-29 12:49:54.505794,6,6,0.125,3.9200000000000017,98.13,-6.6299999999999955,0.9997806932650314,2.6595339156820946e-05,-0.06587695865256595,0.00041041227886737226
QQQ250703C00455000,2025-06-26 19:31:02+00:00,455.0,91.8,91.18,95.11,0.0,0.0,1.0,6,0.6132851171875001,True,REGULAR,USD,QQQ,2025-07-03,3,548.0900268554688,0.830155590698211,2025-06-29 12:49:54.505794,6,6,0.14285714285714285,3.9299999999999926,93.14500000000001,-1.345000000000013,0.999641581883534,4.2826682210216615e-05,-0.06890443153609528,0.0006484986047341275
QQQ250703C00460000,2025-06-20 17:28:31+00:00,460.0,66.6,86.18,90.11,0.0,0.0,48.0,52,0.5820354296875,True,REGULAR,USD,QQQ,2025-07-03,3,548.0900268554688,0.8392781796069826,2025-06-29 12:49:54.505794,6,6,0.9056603773584906,3.9299999999999926,88.14500000000001,-21.545000000000016,0.9996026972158746,4.9655214607071404e-05,-0.06987977159874374,0.000713586252532096
QQQ250703C00465000,2025-06-23 19:21:54+00:00,465.0,65.94,81.19,85.12,0.0,0.0,1.0,58,0.56055126953125,True,REGULAR,USD,QQQ,2025-07-03,3,548.0900268554688,0.8484007685157541,2025-06-29 12:49:54.505794,6,6,0.01694915254237288,3.930000000000007,83.155,-17.215000000000003,0.9994594494171722,6.857896997791616e-05,-0.07249884711317238,0.0009491579463092626
QQQ250703C00470000,2025-06-26 18:34:43+00:00,470.0,76.9,76.19,80.12,0.0,0.0,110.0,154,0.5273484765625001,True,REGULAR,USD,QQQ,2025-07-03,3,548.0900268554688,0.8575233574245257,2025-06-29 12:49:54.505794,6,6,0.7096774193548387,3.930000000000007,78.155,-1.2549999999999955,0.9994178884024291,7.806407048126208e-05,-0.07324645989375234,0.0010164384333999374
QQQ250703C00475000,2025-06-27 16:27:45+00:00,475.0,74.44,71.2,75.13,10.040001,15.590063,4.0,133,0.5029346582031251,True,REGULAR,USD,QQQ,2025-07-03,3,548.0900268554688,0.8666459463332972,2025-06-29 12:49:54.505794,6,6,0.029850746268656716,3.9299999999999926,73.16499999999999,1.2750000000000057,0.9992398859438556,0.00010470031587721136,-0.0758821052832106,0.0013001448684764596
QQQ250703C00476000,2025-06-27 14:17:10+00:00,476.0,73.69,70.2,74.13,0.0,0.0,1.0,0,0.8776867700195312,True,REGULAR,USD,QQQ,2025-07-03,3,548.0900268554688,0.8684704641150516,2025-06-29 12:49:54.505794,6,6,1.0,3.9299999999999926,72.16499999999999,1.5250000000000057,0.9654090144712247,0.0017547450829319467,-0.6187527230439396,0.03802644933309928
QQQ250703C00479000,2025-06-27 16:20:45+00:00,479.0,70.73,67.2,71.14,2.77,4.075927,4.0,0,0.848634326171875,True,REGULAR,USD,QQQ,2025-07-03,3,548.0900268554688,0.8739440174603145,2025-06-29 12:49:54.505794,6,6,4.0,3.9399999999999977,69.17,1.5600000000000023,0.9636812184245409,0.0018888200022127185,-0.622550755938337,0.0395770443140085
QQQ250703C00480000,2025-06-27 14:40:50+00:00,480.0,69.64,66.2,70.14,2.699997,4.033458,1.0,78,0.8385025915527342,True,REGULAR,USD,QQQ,2025-07-03,3,548.0900268554688,0.8757685352420688,2025-06-29 12:49:54.505794,6,6,0.012658227848101266,3.9399999999999977,68.17,1.4699999999999989,0.9631469442145324,0.0019346188197234767,-0.6226117000778804,0.04005271929995234
QQQ250703C00485000,2025-06-27 18:45:49+00:00,485.0,61.03,61.2,65.14,0.75,1.2441938,2.0,87,0.7883321948242188,True,REGULAR,USD,QQQ,2025-07-03,3,548.0900268554688,0.8848911241508404,2025-06-29 12:49:54.505794,6,6,0.022727272727272728,3.9399999999999977,63.17,-2.1400000000000006,0.9601614962404057,0.0021926623616665753,-0.6240839295629943,0.04267889970463412
QQQ250703C00490000,2025-06-27 17:46:02+00:00,490.0,57.99,56.21,60.15,3.710003,6.834935,41.0,237,0.7390162817382812,True,REGULAR,USD,QQQ,2025-07-03,3,548.0900268554688,0.8940137130596119,2025-06-29 12:49:54.505794,6,6,0.1722689075630252,3.9399999999999977,58.18,-0.18999999999999773,0.9565341953092934,0.0025100623028160842,-0.6278631727527942,0.04580055045398751
QQQ250703C00491000,2025-06-20 19:37:49+00:00,491.0,36.23,55.21,59.17,0.0,0.0,6.0,130,0.7307155834960937,True,REGULAR,USD,QQQ,2025-07-03,3,548.0900268554688,0.8958382308413662,2025-06-29 12:49:54.505794,6,6,0.04580152671755725,3.960000000000001,57.19,-20.96,0.9554085930145272,0.0025914550338874843,-0.6331964880088827,0.04675458822076646
QQQ250703C00492000,2025-06-20 18:59:31+00:00,492.0,35.07,54.21,58.16,0.0,0.0,9.0,46,0.719729365234375,True,REGULAR,USD,QQQ,2025-07-03,3,548.0900268554688,0.8976627486231205,2025-06-29 12:49:54.505794,6,6,0.19148936170212766,3.9499999999999957,56.185,-21.115000000000002,0.9548183677437069,0.002659012207068414,-0.6306969133712735,0.04725216840335418
QQQ250703C00493000,2025-06-20 15:02:00+00:00,493.0,33.96,53.21,57.16,0.0,0.0,4.0,26,0.7095976306152343,True,REGULAR,USD,QQQ,2025-07-03,3,548.0900268554688,0.8994872664048748,2025-06-29 12:49:54.505794,6,6,0.14814814814814814,3.9499999999999957,55.185,-21.225,0.9540227949058924,0.002735094535208405,-0.6306925071319628,0.04791998661036811
QQQ250703C00494000,2025-06-27 19:28:26+00:00,494.0,52.69,52.22,56.17,19.89,60.640247,1.0,105,0.7004424487304688,True,REGULAR,USD,QQQ,2025-07-03,3,548.0900268554688,0.901311784186629,2025-06-29 12:49:54.505794,6,6,0.009433962264150943,3.950000000000003,54.195,-1.5050000000000026,0.9529796807492567,0.0028211881862189505,-0.6336022726641466,0.04879066121589288
QQQ250703C00495000,2025-06-26 14:07:06+00:00,495.0,49.2,51.22,55.17,0.0,0.0,2.0,137,0.6903107141113283,True,REGULAR,USD,QQQ,2025-07-03,3,548.0900268554688,0.9031363019683836,2025-06-29 12:49:54.505794,6,6,0.014492753623188406,3.950000000000003,53.195,-3.9949999999999974,0.9521229663446942,0.002904308013034787,-0.6336151961502348,0.04950162736835112
QQQ250703C00496000,2025-06-27 14:15:34+00:00,496.0,53.96,50.22,54.17,4.3899994,8.856162,1.0,54,0.6801789794921876,True,REGULAR,USD,QQQ,2025-07-03,3,548.0900268554688,0.9049608197501378,2025-06-29 12:49:54.505794,6,6,0.01818181818181818,3.950000000000003,52.195,1.7650000000000006,0.9512357896140566,0.0029911796639553474,-0.6336285499879191,0.05023401550331728
QQQ250703C00497000,2025-06-23 19:20:04+00:00,497.0,35.3,49.22,53.17,0.0,0.0,6.0,84,0.670047244873047,True,REGULAR,USD,QQQ,2025-07-03,3,548.0900268554688,0.906785337531892,2025-06-29 12:49:54.505794,6,6,0.07058823529411765,3.950000000000003,51.195,-15.895000000000003,0.95031638335529,0.003082039999007352,-0.6336436650631343,0.05098892855004061
QQQ250703C00497500,2025-06-24 17:01:49+00:00,497.5,43.03,48.72,52.68,0.0,0.0,2.0,25,0.6657748266601564,True,REGULAR,USD,QQQ,2025-07-03,3,548.0900268554688,0.9076975964227691,2025-06-29 12:49:54.505794,6,6,0.07692307692307693,3.960000000000001,50.7,-7.670000000000002,0.9496486436306849,0.0031350149626657793,-0.6360856132314872,0.051534631826045715
QQQ250703C00498000,2025-06-27 19:17:18+00:00,498.0,48.66,48.22,52.18,16.490002,51.258945,17.0,197,0.6607699938964844,True,REGULAR,USD,QQQ,2025-07-03,3,548.0900268554688,0.9086098553136464,2025-06-29 12:49:54.505794,6,6,0.08585858585858586,3.960000000000001,50.2,-1.5400000000000063,0.9491497803258507,0.0031836637715905447,-0.6362920154476402,0.05194092721060065
QQQ250703C00499000,2025-06-18 19:46:07+00:00,499.0,32.8,47.22,51.18,0.0,0.0,2.0,56,0.6506382592773439,True,REGULAR,USD,QQQ,2025-07-03,3,548.0900268554688,0.9104343730954008,2025-06-29 12:49:54.505794,6,6,0.03508771929824561,3.960000000000001,49.2,-16.400000000000006,0.948154561200333,0.0032834756827995683,-0.6363340350077188,0.05274795065130927
QQQ250703C00500000,2025-06-27 19:50:11+00:00,500.0,47.91,46.23,50.18,0.49000168,1.0333229,24.0,153,0.6403844555664062,True,REGULAR,USD,QQQ,2025-07-03,3,548.0900268554688,0.912258890877155,2025-06-29 12:49:54.505794,6,6,0.15584415584415584,3.950000000000003,48.205,-0.2950000000000017,0.9471527703435438,0.003387131727296897,-0.636001020696179,0.05355562080795541
QQQ250703C00502000,2025-06-26 18:31:33+00:00,502.0,44.86,44.23,48.19,0.0,0.0,2.0,25,0.6208534008789064,True,REGULAR,USD,QQQ,2025-07-03,3,548.0900268554688,0.9159079264406635,2025-06-29 12:49:54.505794,6,6,0.07692307692307693,3.960000000000001,46.209999999999994,-1.3499999999999943,0.9447584250819371,0.0036183990366402776,-0.6384419199700313,0.055467387740317745
QQQ250703C00502500,2025-06-10 14:18:07+00:00,502.5,32.65,43.73,47.66,0.0,0.0,2.0,6,0.6132851171875001,True,REGULAR,USD,QQQ,2025-07-03,3,548.0900268554688,0.9168201853315407,2025-06-29 12:49:54.505794,6,6,0.2857142857142857,3.9299999999999997,45.69499999999999,-13.044999999999995,0.9448811649660404,0.0036566215905796404,-0.6305292763217901,0.05537001413959377
QQQ250703C00503000,2025-06-26 19:54:02+00:00,503.0,44.24,43.23,47.21,0.0,0.0,15.0,250,0.6123085644531252,True,REGULAR,USD,QQQ,2025-07-03,3,548.0900268554688,0.9177324442224178,2025-06-29 12:49:54.505794,6,6,0.05976095617529881,3.980000000000004,45.22,-0.9799999999999969,0.943137390307129,0.0037535449046921785,-0.6436160706659252,0.05674716103547846
QQQ250703C00504000,2025-06-27 16:46:45+00:00,504.0,45.31,42.24,46.2,19.660002,76.64718,3.0,85,0.6012002770996094,True,REGULAR,USD,QQQ,2025-07-03,3,548.0900268554688,0.9195569620041724,2025-06-29 12:49:54.505794,6,6,0.03488372093023256,3.960000000000001,44.22,1.0900000000000034,0.942191227128601,0.003872863179326215,-0.6406074233270751,0.057488836095709005
QQQ250703C00505000,2025-06-27 18:30:07+00:00,505.0,42.16,41.24,45.2,0.18999863,0.45270106,7.0,350,0.590946473388672,True,REGULAR,USD,QQQ,2025-07-03,3,548.0900268554688,0.9213814797859264,2025-06-29 12:49:54.505794,6,6,0.019943019943019943,3.960000000000001,43.22,-1.0600000000000023,0.9409505864700481,0.00400631637638525,-0.6403468318885349,0.0584555265786296
QQQ250703C00506000,2025-06-27 14:15:50+00:00,506.0,43.95,40.24,44.21,6.66,17.860014,1.0,162,0.5815471533203125,True,REGULAR,USD,QQQ,2025-07-03,3,548.0900268554688,0.9232059975676808,2025-06-29 12:49:54.505794,6,6,0.006134969325153374,3.969999999999999,42.225,1.7250000000000014,0.9393910649589641,0.004155055785803631,-0.6428964059164878,0.059661474532691335
QQQ250703C00507000,2025-06-27 19:17:53+00:00,507.0,39.37,39.24,43.21,0.55999756,1.4429207,2.0,167,0.5711712805175782,True,REGULAR,USD,QQQ,2025-07-03,3,548.0900268554688,0.9250305153494351,2025-06-29 12:49:54.505794,6,6,0.011904761904761904,3.969999999999999,41.225,-1.855000000000004,0.9380681282824131,0.00430251625016413,-0.6422792259678701,0.06067657679037646
QQQ250703C00507500,2025-06-27 19:25:15+00:00,507.5,39.8,38.75,42.71,13.34,50.415726,1.0,33,0.5660443786621094,True,REGULAR,USD,QQQ,2025-07-03,3,548.0900268554688,0.9259427742403122,2025-06-29 12:49:54.505794,6,6,0.029411764705882353,3.960000000000001,40.730000000000004,-0.9300000000000068,0.9373643818284606,0.004379914843336495,-0.6421765751036714,0.061213658755117965
QQQ250703C00508000,2025-06-27 17:29:08+00:00,508.0,41.49,38.25,42.21,6.75,19.43005,10.0,209,0.5607954077148438,True,REGULAR,USD,QQQ,2025-07-03,3,548.0900268554688,0.9268550331311894,2025-06-29 12:49:54.505794,6,6,0.047619047619047616,3.960000000000001,40.230000000000004,1.259999999999998,0.936684215109013,0.004458262084878744,-0.6416724295569851,0.06173084667511433
QQQ250703C00509000,2025-06-27 16:52:29+00:00,509.0,40.37,37.25,41.22,4.2299995,11.704481,4.0,146,0.5512740185546876,True,REGULAR,USD,QQQ,2025-07-03,3,548.0900268554688,0.9286795509129436,2025-06-29 12:49:54.505794,6,6,0.027210884353741496,3.969999999999999,39.235,1.134999999999998,0.934947048580196,0.004631694433800401,-0.6439409153398065,0.06304339814297708
QQQ250703C00510000,2025-06-27 19:18:28+00:00,510.0,36.79,36.54,40.22,1.3600006,3.8385565,22.0,786,0.5408981457519533,True,REGULAR,USD,QQQ,2025-07-03,3,548.0900268554688,0.930504068694698,2025-06-29 12:49:54.505794,6,6,0.02795425667090216,3.6799999999999997,38.379999999999995,-1.5899999999999963,0.9334187294616905,0.0048062754601728985,-0.6433819319234103,0.06418836890295455
QQQ250703C00511000,2025-06-26 17:08:10+00:00,511.0,34.6,35.26,39.21,0.0,0.0,1.0,205,0.5296677893066408,True,REGULAR,USD,QQQ,2025-07-03,3,548.0900268554688,0.9323285864764524,2025-06-29 12:49:54.505794,6,6,0.0048543689320388345,3.950000000000003,37.235,-2.634999999999998,0.9321197052580464,0.00498205577973224,-0.639935577718301,0.06515448827548508
QQQ250703C00512000,2025-06-27 19:10:00+00:00,512.0,34.1,34.27,38.23,-0.060001373,-0.17564805,403.0,169,0.5207567456054687,True,REGULAR,USD,QQQ,2025-07-03,3,548.0900268554688,0.9341531042582066,2025-06-29 12:49:54.505794,6,6,2.3705882352941177,3.9599999999999937,36.25,-2.1499999999999986,0.9299028061911718,0.00519439339826978,-0.6444095636115102,0.06678853720985167
QQQ250703C00512500,2025-06-26 15:06:09+00:00,512.5,32.28,33.77,37.73,0.0,0.0,1.0,89,0.5155077746582031,True,REGULAR,USD,QQQ,2025-07-03,3,548.0900268554688,0.9350653631490838,2025-06-29 12:49:54.505794,6,6,0.011111111111111112,3.9599999999999937,35.75,-3.469999999999999,0.9290460835281784,0.0052965116810384525,-0.6439539143123567,0.06741512490041913
QQQ250703C00513000,2025-06-27 13:38:17+00:00,513.0,35.32,33.27,37.23,1.3899994,4.096668,1.0,63,0.5102588037109376,True,REGULAR,USD,QQQ,2025-07-03,3,548.0900268554688,0.935977622039961,2025-06-29 12:49:54.505794,6,6,0.015625,3.9599999999999937,35.25,0.07000000000000028,0.9281669538538253,0.005401809898237546,-0.6435025424108183,0.0680553062089929
QQQ250703C00514000,2025-06-27 16:50:19+00:00,514.0,35.62,32.28,36.25,2.6299973,7.972104,2.0,97,0.5012256909179689,True,REGULAR,USD,QQQ,2025-07-03,3,548.0900268554688,0.9378021398217152,2025-06-29 12:49:54.505794,6,6,0.02040816326530612,3.969999999999999,34.265,1.3549999999999969,0.9257633292949605,0.005639444270243333,-0.6477135756553525,0.06979138581256639
QQQ250703C00515000,2025-06-27 19:17:01+00:00,515.0,31.64,31.29,33.52,-0.050001144,-0.1577821,9.0,407,0.3249579223632812,True,REGULAR,USD,QQQ,2025-07-03,3,548.0900268554688,0.9396266576034696,2025-06-29 12:49:54.505794,6,6,0.022058823529411766,2.230000000000004,32.405,-0.7650000000000006,0.9839210189298313,0.002489423753412133,-0.17747567083205365,0.01997368277601801
QQQ250703C00516000,2025-06-27 19:53:06+00:00,516.0,31.97,30.3,34.25,1.75,5.7908673,10.0,219,0.4801077380371094,True,REGULAR,USD,QQQ,2025-07-03,3,548.0900268554688,0.941451175385224,2025-06-29 12:49:54.505794,6,6,0.045454545454545456,3.9499999999999993,32.275,-0.3049999999999997,0.9218058588511922,0.006124891874105958,-0.6456417465582986,0.07260546672360847
QQQ250703C00517000,2025-06-27 14:23:00+00:00,517.0,33.03,29.31,33.26,4.8999996,17.419125,1.0,138,0.4702201416015625,True,REGULAR,USD,QQQ,2025-07-03,3,548.0900268554688,0.9432756931669782,2025-06-29 12:49:54.505794,6,6,0.007194244604316547,3.9499999999999993,31.284999999999997,1.7450000000000045,0.9193636970956005,0.00640095822656476,-0.647028804438814,0.07431532996538585
QQQ250703C00517500,2025-06-23 18:06:19+00:00,517.5,17.39,28.81,32.76,0.0,0.0,28.0,189,0.4648491015625,True,REGULAR,USD,QQQ,2025-07-03,3,548.0900268554688,0.9441879520578554,2025-06-29 12:49:54.505794,6,6,0.14736842105263157,3.9499999999999993,30.784999999999997,-13.394999999999996,0.9182751353266851,0.006540762850918933,-0.6462175788837987,0.07507106699983776
QQQ250703C00518000,2025-06-27 17:19:46+00:00,518.0,31.62,28.32,32.28,7.950001,33.586823,41.0,77,0.460942890625,True,REGULAR,USD,QQQ,2025-07-03,3,548.0900268554688,0.9451002109487324,2025-06-29 12:49:54.505794,6,6,0.5256410256410257,3.960000000000001,30.3,1.3200000000000003,0.9164998956650867,0.006703750497355915,-0.6506674820985583,0.0762951889195218
QQQ250703C00519000,2025-06-26 16:09:45+00:00,519.0,26.87,27.33,31.21,0.0,0.0,1.0,53,0.4454401159667969,True,REGULAR,USD,QQQ,2025-07-03,3,548.0900268554688,0.9469247287304868,2025-06-29 12:49:54.505794,6,6,0.018518518518518517,3.8800000000000026,29.27,-2.3999999999999986,0.9163319107641208,0.006947546841453488,-0.6319385764900248,0.07641049264701696
QQQ250703C00520000,2025-06-27 19:55:17+00:00,520.0,28.57,26.34,30.32,1.2999992,4.7671404,43.0,518,0.4421442504882812,True,REGULAR,USD,QQQ,2025-07-03,3,548.0900268554688,0.9487492465122412,2025-06-29 12:49:54.505794,6,6,0.08285163776493257,3.9800000000000004,28.33,0.240000000000002,0.9103292654968761,0.007371361945697562,-0.6573466191386405,0.08047183557829753
QQQ250703C00521000,2025-06-27 19:53:06+00:00,521.0,27.01,25.35,29.46,3.3899994,14.3522415,13.0,151,0.4405573522949219,True,REGULAR,USD,QQQ,2025-07-03,3,548.0900268554688,0.9505737642939954,2025-06-29 12:49:54.505794,6,6,0.08552631578947369,4.109999999999999,27.405,-0.3949999999999996,0.9030925502240615,0.007834564411713386,-0.6896754216149101,0.0852215636538544
QQQ250703C00522000,2025-06-27 19:18:14+00:00,522.0,24.6,24.37,28.3,2.1800003,9.723462,2.0,105,0.4190731921386719,True,REGULAR,USD,QQQ,2025-07-03,3,548.0900268554688,0.9523982820757498,2025-06-29 12:49:54.505794,6,6,0.018867924528301886,3.9299999999999997,26.335,-1.7349999999999994,0.9054962899954108,0.008085405046473326,-0.6485896512348917,0.08366115401730663
QQQ250703C00522500,2025-06-27 13:49:00+00:00,522.5,26.19,23.87,27.8,15.070001,135.52159,1.0,286,0.4135800830078124,True,REGULAR,USD,QQQ,2025-07-03,3,548.0900268554688,0.9533105409666268,2025-06-29 12:49:54.505794,6,6,0.003484320557491289,3.9299999999999997,25.835,0.3550000000000004,0.9040419694727138,0.008285444428467539,-0.64741044446372,0.08460725682488665
QQQ250703C00523000,2025-06-27 17:29:53+00:00,523.0,26.75,23.38,27.32,2.7000008,11.226615,11.0,222,0.4094297338867187,True,REGULAR,USD,QQQ,2025-07-03,3,548.0900268554688,0.954222799857504,2025-06-29 12:49:54.505794,6,6,0.04932735426008968,3.9400000000000013,25.35,1.3999999999999986,0.901823768691378,0.008511006728121705,-0.6512237425804217,0.08603843506337876
QQQ250703C00524000,2025-06-27 19:50:30+00:00,524.0,24.28,22.4,26.35,1.2300014,5.336232,24.0,294,0.40039662109375,True,REGULAR,USD,QQQ,2025-07-03,3,548.0900268554688,0.9560473176392584,2025-06-29 12:49:54.505794,6,6,0.08135593220338982,3.950000000000003,24.375,-0.09499999999999886,0.8975492887136752,0.00897797792012641,-0.6562223761902911,0.0887566958579133
QQQ250703C00525000,2025-06-27 20:00:56+00:00,525.0,23.36,21.41,25.37,1.2000008,5.415166,198.0,648,0.3905090246582031,True,REGULAR,USD,QQQ,2025-07-03,3,548.0900268554688,0.9578718354210128,2025-06-29 12:49:54.505794,6,6,0.3050847457627119,3.960000000000001,23.39,-0.030000000000001137,0.8934428997028703,0.009471165556135681,-0.6581057707820194,0.09132016606345628
QQQ250703C00526000,2025-06-27 18:30:07+00:00,526.0,21.08,20.43,24.43,2.3199997,12.366735,13.0,241,0.3829407409667968,True,REGULAR,USD,QQQ,2025-07-03,3,548.0900268554688,0.959696353202767,2025-06-29 12:49:54.505794,6,6,0.05371900826446281,4.0,22.43,-1.3500000000000014,0.8876545236619078,0.010032363683645943,-0.6688529183465182,0.09485648561765127
QQQ250703C00527000,2025-06-27 19:46:24+00:00,527.0,20.93,19.45,23.46,0.9899998,4.9648933,90.0,340,0.3735414208984374,True,REGULAR,USD,QQQ,2025-07-03,3,548.0900268554688,0.9615208709845212,2025-06-29 12:49:54.505794,6,6,0.26392961876832843,4.010000000000002,21.455,-0.5249999999999986,0.882534404170199,0.01061606990122807,-0.6727624077983693,0.09791173029068373
QQQ250703C00527500,2025-06-27 19:40:04+00:00,527.5,20.21,18.97,22.99,3.6299992,21.893843,16.0,320,0.3695131408691406,True,REGULAR,USD,QQQ,2025-07-03,3,548.0900268554688,0.9624331298753984,2025-06-29 12:49:54.505794,6,6,0.04984423676012461,4.02,20.979999999999997,-0.769999999999996,0.8794064945896753,0.010932799210753177,-0.6773128271900537,0.09974553159464775
QQQ250703C00528000,2025-06-27 19:18:20+00:00,528.0,18.83,18.48,22.51,-0.15999985,-0.8425479,27.0,718,0.3649965844726562,True,REGULAR,USD,QQQ,2025-07-03,3,548.0900268554688,0.9633453887662756,2025-06-29 12:49:54.505794,6,6,0.037552155771905425,4.030000000000001,20.495,-1.6650000000000027,0.8764628249356783,0.011257127529069043,-0.6800130512492704,0.10144918820298043
QQQ250703C00529000,2025-06-27 19:57:49+00:00,529.0,19.89,17.52,21.58,1.289999,6.9354787,62.0,509,0.3574893353271484,True,REGULAR,USD,QQQ,2025-07-03,3,548.0900268554688,0.96516990654803,2025-06-29 12:49:54.505794,6,6,0.12156862745098039,4.059999999999999,19.549999999999997,0.3400000000000034,0.8692222691916631,0.011958194905585378,-0.6913423754093008,0.10555064890637145
QQQ250703C00530000,2025-06-27 19:55:17+00:00,530.0,18.65,16.55,20.64,1.7299995,10.224584,326.0,1683,0.3491276025390625,True,REGULAR,USD,QQQ,2025-07-03,3,548.0900268554688,0.9669944243297842,2025-06-29 12:49:54.505794,6,6,0.19358669833729217,4.09,18.595,0.054999999999999716,0.8619621950920482,0.012707389651264153,-0.6994305835178171,0.10953999650437701
QQQ250703C00531000,2025-06-27 19:57:41+00:00,531.0,18.05,15.6,19.71,1.289999,7.696892,43.0,680,0.3411931115722656,True,REGULAR,USD,QQQ,2025-07-03,3,548.0900268554688,0.9688189421115384,2025-06-29 12:49:54.505794,6,6,0.0631424375917768,4.110000000000001,17.655,0.3949999999999996,0.8537926266828568,0.013518935081470479,-0.7091807228016545,0.11388720287787547
QQQ250703C00532000,2025-06-27 19:49:28+00:00,532.0,16.09,14.65,18.8,0.6999998,4.5484066,54.0,463,0.33399103515625,True,REGULAR,USD,QQQ,2025-07-03,3,548.0900268554688,0.9706434598932928,2025-06-29 12:49:54.505794,6,6,0.11637931034482758,4.15,16.725,-0.6350000000000016,0.8444091414549035,0.014394325692455585,-0.7217346384509005,0.1187020787082724
QQQ250703C00532500,2025-06-27 14:20:28+00:00,532.5,17.81,14.19,18.35,2.6699991,17.635397,8.0,656,0.3304510314941405,True,REGULAR,USD,QQQ,2025-07-03,3,548.0900268554688,0.97155571878417,2025-06-29 12:49:54.505794,6,6,0.0121765601217656,4.160000000000002,16.27,1.5399999999999991,0.8393805472124252,0.014855477611367343,-0.7282097691918119,0.12120650278534015
QQQ250703C00533000,2025-06-27 19:47:58+00:00,533.0,15.42,13.72,17.71,0.71000004,4.8266487,112.0,464,0.3170234313964843,True,REGULAR,USD,QQQ,2025-07-03,3,548.0900268554688,0.9724679776750472,2025-06-29 12:49:54.505794,6,6,0.24086021505376345,3.99,15.715,-0.29499999999999993,0.8413521259694194,0.01536003204342577,-0.696156398621649,0.12023078249611391
QQQ250703C00534000,2025-06-27 18:48:00+00:00,534.0,13.19,12.8,16.84,-0.3000002,-2.223871,46.0,1547,0.3114692877197265,True,REGULAR,USD,QQQ,2025-07-03,3,548.0900268554688,0.9742924954568016,2025-06-29 12:49:54.505794,6,6,0.029715762273901807,4.039999999999999,14.82,-1.6300000000000008,0.8291915275018551,0.016400261977344986,-0.7148298067747703,0.1261241361747483
QQQ250703C00535000,2025-06-27 19:58:40+00:00,535.0,14.16,11.88,15.92,1.71,13.73494,307.0,1719,0.3029854858398437,True,REGULAR,USD,QQQ,2025-07-03,3,548.0900268554688,0.9761170132385558,2025-06-29 12:49:54.505794,6,6,0.17848837209302326,4.039999999999999,13.9,0.2599999999999998,0.8182490289697973,0.017535211754522016,-0.7218283783601253,0.13117921538784386
QQQ250703C00536000,2025-06-27 20:14:10+00:00,536.0,13.11,10.98,15.0,0.8800001,7.195422,152.0,430,0.2941965112304687,True,REGULAR,USD,QQQ,2025-07-03,3,548.0900268554688,0.97794153102031,2025-06-29 12:49:54.505794,6,6,0.35266821345707655,4.02,12.99,0.11999999999999922,0.8064905949004068,0.018772312868173362,-0.7272599570813314,0.13636015668632898
QQQ250703C00537000,2025-06-27 19:53:30+00:00,537.0,11.93,12.01,14.17,0.49000072,4.283223,68.0,331,0.2893137475585937,True,REGULAR,USD,QQQ,2025-07-03,3,548.0900268554688,0.9797660488020644,2025-06-29 12:49:54.505794,6,6,0.20481927710843373,2.16,13.09,-1.1600000000000001,0.7904908799757286,0.020019958858631587,-0.7471411739883776,0.14300935275385132
QQQ250703C00537500,2025-06-27 19:54:00+00:00,537.5,11.37,9.66,13.85,0.39000034,3.5519156,6.0,240,0.2910837493896483,True,REGULAR,USD,QQQ,2025-07-03,3,548.0900268554688,0.9806783076929416,2025-06-29 12:49:54.505794,6,6,0.024896265560165973,4.1899999999999995,11.754999999999999,-0.3849999999999998,0.7787876654626252,0.020535829754550584,-0.7727624886267425,0.1475918597622803
QQQ250703C00538000,2025-06-27 20:13:32+00:00,538.0,11.43,9.23,13.42,1.1700001,11.403509,122.0,618,0.2875437457275389,True,REGULAR,USD,QQQ,2025-07-03,3,548.0900268554688,0.9815905665838188,2025-06-29 12:49:54.505794,6,6,0.19709208400646203,4.1899999999999995,11.325,0.10500000000000043,0.7708264111434053,0.02120922164729393,-0.7778261955444985,0.15057776479913837
QQQ250703C00539000,2025-06-27 19:30:40+00:00,539.0,9.5,8.38,12.56,0.27999973,3.0368733,60.0,253,0.280158565673828,True,REGULAR,USD,QQQ,2025-07-03,3,548.0900268554688,0.983415084365573,2025-06-29 12:49:54.505794,6,6,0.23622047244094488,4.18,10.47,-0.9700000000000006,0.7540619384402625,0.022628483249263007,-0.7859349472550557,0.1565278210631652
QQQ250703C00540000,2025-06-27 20:12:30+00:00,540.0,9.7,9.31,11.73,0.97999954,11.238526,2043.0,13353,0.2735668347167969,True,REGULAR,USD,QQQ,2025-07-03,3,548.0900268554688,0.9852396021473272,2025-06-29 12:49:54.505794,6,6,0.1529878688033548,2.42,10.52,-0.8200000000000003,0.7351776250834383,0.024087487010069217,-0.7955768874533709,0.16269984099116055
QQQ250703C00541000,2025-06-27 20:07:53+00:00,541.0,8.99,6.74,9.51,1.1699996,14.961632,173.0,1286,0.2051471087646484,True,REGULAR,USD,QQQ,2025-07-03,3,548.0900268554688,0.9870641199290816,2025-06-29 12:49:54.505794,6,6,0.13442113442113443,2.7699999999999996,8.125,0.8650000000000002,0.767752169536422,0.029949952372595047,-0.5751409390113295,0.15170284526343955
QQQ250703C00542000,2025-06-27 19:58:31+00:00,542.0,8.15,6.1,9.5,1.0199995,14.305743,704.0,1249,0.2344436907958984,True,REGULAR,USD,QQQ,2025-07-03,3,548.0900268554688,0.988888637710836,2025-06-29 12:49:54.505794,6,6,0.5632,3.4000000000000004,7.8,0.35000000000000053,0.7107794162714657,0.02934666205546458,-0.7159774883538748,0.16987499237190096
QQQ250703C00542500,2025-06-27 19:53:03+00:00,542.5,7.38,5.57,9.76,0.52,7.5801744,154.0,349,0.2588575091552735,True,REGULAR,USD,QQQ,2025-07-03,3,548.0900268554688,0.9898008966017132,2025-06-29 12:49:54.505794,6,6,0.44,4.1899999999999995,7.665,-0.28500000000000014,0.6794188114271795,0.02782360219481999,-0.8170558283914876,0.17783052590728363
QQQ250703C00543000,2025-06-27 20:11:50+00:00,543.0,7.36,7.01,9.39,0.96000004,15.000001,1879.0,1463,0.2564161273193359,True,REGULAR,USD,QQQ,2025-07-03,3,548.0900268554688,0.9907131554925904,2025-06-29 12:49:54.505794,6,6,1.2834699453551912,2.380000000000001,8.2,-0.839999999999999,0.666642423378023,0.028538073051468067,-0.8210756477287807,0.18067670909489608
QQQ250703C00544000,2025-06-27 19:59:34+00:00,544.0,6.8,6.51,6.61,1.0700002,18.67365,645.0,1015,0.1668784484863281,True,REGULAR,USD,QQQ,2025-07-03,3,548.0900268554688,0.9925376732743446,2025-06-29 12:49:54.505794,6,6,0.6348425196850394,0.10000000000000053,6.5600000000000005,0.23999999999999932,0.7018813762159806,0.04181081679175551,-0.5310392788199289,0.17227453829543948
QQQ250703C00545000,2025-06-27 20:14:46+00:00,545.0,5.85,5.82,5.91,0.6500001,12.500003,5865.0,14232,0.1639487902832031,True,REGULAR,USD,QQQ,2025-07-03,3,548.0900268554688,0.9943621910560988,2025-06-29 12:49:54.505794,6,6,0.4120705402936837,0.08999999999999986,5.865,-0.015000000000000568,0.6610967698214992,0.044921570481080475,-0.5458093092122716,0.1818424763743637
QQQ250703C00546000,2025-06-27 20:04:41+00:00,546.0,5.2,5.17,5.24,0.5499997,11.8279505,2008.0,1173,0.1608970629882812,True,REGULAR,USD,QQQ,2025-07-03,3,548.0900268554688,0.9961867088378532,2025-06-29 12:49:54.505794,6,6,1.7103918228279387,0.07000000000000028,5.205,-0.004999999999999893,0.6169139477569597,0.04774102499744214,-0.5542969619003663,0.18965838372680724
QQQ250703C00547000,2025-06-27 20:13:30+00:00,547.0,4.55,4.55,4.61,0.4500003,10.975617,5884.0,1173,0.1580894738769531,True,REGULAR,USD,QQQ,2025-07-03,3,548.0900268554688,0.9980112266196076,2025-06-29 12:49:54.505794,6,6,5.0119250425894375,0.0600000000000005,4.58,-0.03000000000000025,0.5693576802166485,0.050016200390746036,-0.5566189624855211,0.19522967891841975
QQQ250703C00547500,2025-06-27 20:01:13+00:00,547.5,4.31,4.25,4.31,0.47000003,12.239584,1550.0,467,0.156685679321289,True,REGULAR,USD,QQQ,2025-07-03,3,548.0900268554688,0.9989234855104848,2025-06-29 12:49:54.505794,6,6,3.3119658119658117,0.05999999999999961,4.279999999999999,0.03000000000000025,0.5445318373693945,0.05092109028199922,-0.5548435621880572,0.19699680756632276
QQQ250703C00548000,2025-06-27 20:11:22+00:00,548.0,3.99,3.97,4.02,0.46000004,13.031162,6366.0,680,0.155281884765625,True,REGULAR,USD,QQQ,2025-07-03,3,548.0900268554688,0.9998357444013618,2025-06-29 12:49:54.505794,6,6,9.348017621145374,0.04999999999999938,3.995,-0.004999999999999893,0.5191018430217783,0.05164460525777611,-0.5509763784999384,0.1980058153826067
QQQ250703C00549000,2025-06-27 20:14:44+00:00,549.0,3.41,3.43,3.48,0.25,7.911392,3844.0,655,0.1529625720214844,False,REGULAR,USD,QQQ,2025-07-03,3,548.0900268554688,1.001660262183116,2025-06-29 12:49:54.505794,6,6,5.859756097560975,0.04999999999999982,3.455,-0.04499999999999993,0.46690379256754894,0.052307127734527975,-0.5383157550762833,0.19755054856348103
QQQ250703C00550000,2025-06-27 20:14:55+00:00,550.0,2.94,2.93,2.97,0.20000005,7.299272,16852.0,5725,0.1501549829101562,False,REGULAR,USD,QQQ,2025-07-03,3,548.0900268554688,1.0034847799648705,2025-06-29 12:49:54.505794,6,6,2.9430667132378625,0.040000000000000036,2.95,-0.010000000000000231,0.41350074545916915,0.05220745069197856,-0.5151301173511703,0.1935550136926539
QQQ250703C00551000,2025-06-27 20:11:19+00:00,551.0,2.51,2.47,2.52,-0.09,-3.4615386,1222.0,456,0.1480798083496094,False,REGULAR,USD,QQQ,2025-07-03,3,548.0900268554688,1.0053092977466247,2025-06-29 12:49:54.505794,6,6,2.673960612691466,0.04999999999999982,2.495,0.01499999999999968,0.3605040073687772,0.05086927783076846,-0.4858376584158533,0.18598743517085642
QQQ250703C00552000,2025-06-27 20:14:28+00:00,552.0,2.04,2.06,2.1,0.03,1.4925373,4353.0,244,0.1453942883300781,False,REGULAR,USD,QQQ,2025-07-03,3,548.0900268554688,1.007133815528379,2025-06-29 12:49:54.505794,6,6,17.76734693877551,0.040000000000000036,2.08,-0.040000000000000036,0.3080047133967555,0.04869457232995817,-0.4465315418049261,0.17480751194380365
QQQ250703C00552500,2025-06-27 20:14:10+00:00,552.5,1.88,1.88,1.92,0.0,0.0,1184.0,174,0.1446008392333984,False,REGULAR,USD,QQQ,2025-07-03,3,548.0900268554688,1.0080460744192563,2025-06-29 12:49:54.505794,6,6,6.765714285714286,0.040000000000000036,1.9,-0.020000000000000018,0.28318639084007247,0.04710613129029097,-0.42641155963094995,0.1681823595628809
QQQ250703C00553000,2025-06-27 20:11:05+00:00,553.0,1.74,1.71,1.74,0.03,1.754386,1911.0,302,0.1434411828613281,False,REGULAR,USD,QQQ,2025-07-03,3,548.0900268554688,1.0089583333101333,2025-06-29 12:49:54.505794,6,6,6.306930693069307,0.030000000000000027,1.725,0.014999999999999902,0.2585888970079053,0.04538088897864941,-0.4035029676627245,0.16072337614371845
QQQ250703C00554000,2025-06-27 20:07:26+00:00,554.0,1.42,1.39,1.42,-0.13,-8.387097,1514.0,1030,0.1413660083007812,False,REGULAR,USD,QQQ,2025-07-03,3,548.0900268554688,1.0107828510918877,2025-06-29 12:49:54.505794,6,6,1.4684772065955383,0.030000000000000027,1.4049999999999998,0.015000000000000124,0.2123284293047465,0.04129439551585848,-0.3554220937373702,0.1441346168044192
QQQ250703C00555000,2025-06-27 20:14:20+00:00,555.0,1.11,1.12,1.15,-0.06999993,-5.932198,14312.0,3299,0.139657041015625,False,REGULAR,USD,QQQ,2025-07-03,3,548.0900268554688,1.012607368873642,2025-06-29 12:49:54.505794,6,6,4.336969696969697,0.029999999999999805,1.135,-0.02499999999999991,0.17087067925465815,0.036585110617050054,-0.30637983742395103,0.12615352734653557
QQQ250703C00556000,2025-06-27 20:06:17+00:00,556.0,0.89,0.89,0.92,-0.2,-18.348623,764.0,335,0.1381922119140625,False,REGULAR,USD,QQQ,2025-07-03,3,548.0900268554688,1.0144318866553963,2025-06-29 12:49:54.505794,6,6,2.2738095238095237,0.030000000000000027,0.905,-0.015000000000000013,0.13466026650003404,0.0315643153621325,-0.25809977525647165,0.10769911426238077
QQQ250703C00557000,2025-06-27 20:10:11+00:00,557.0,0.71,0.7,0.73,-0.16,-18.390804,495.0,211,0.1369715209960937,False,REGULAR,USD,QQQ,2025-07-03,3,548.0900268554688,1.0162564044371507,2025-06-29 12:49:54.505794,6,6,2.3349056603773586,0.030000000000000027,0.715,-0.0050000000000000044,0.10396251762297765,0.02652517647520525,-0.2125453457147526,0.08970584675113377
QQQ250703C00558000,2025-06-27 20:11:23+00:00,558.0,0.57,0.55,0.57,-0.08,-12.307693,2134.0,1412,0.135750830078125,False,REGULAR,USD,QQQ,2025-07-03,3,548.0900268554688,1.018080922218905,2025-06-29 12:49:54.505794,6,6,1.5102618542108988,0.019999999999999907,0.56,0.009999999999999898,0.07831851561648144,0.02168793010954398,-0.1703166992821578,0.07269303282796923
QQQ250703C00559000,2025-06-27 20:14:34+00:00,559.0,0.41,0.42,0.44,-0.16,-28.070175,1167.0,50,0.1345301391601562,False,REGULAR,USD,QQQ,2025-07-03,3,548.0900268554688,1.0199054400006593,2025-06-29 12:49:54.505794,6,6,22.88235294117647,0.020000000000000018,0.43,-0.020000000000000018,0.05748493344406115,0.017231103964283193,-0.13262510267079758,0.05723542127625917
QQQ250703C00560000,2025-06-27 20:14:55+00:00,560.0,0.34,0.32,0.34,-0.099999994,-22.727272,6634.0,8208,0.1340418627929687,False,REGULAR,USD,QQQ,2025-07-03,3,548.0900268554688,1.0217299577824135,2025-06-29 12:49:54.505794,6,6,0.808137410159581,0.020000000000000018,0.33,0.010000000000000009,0.04189505188148192,0.013433060249709054,-0.10245006875499957,0.044457763051011207
QQQ250703C00561000,2025-06-27 20:14:44+00:00,561.0,0.26,0.25,0.26,-0.09,-25.714287,806.0,192,0.1335535864257812,False,REGULAR,USD,QQQ,2025-07-03,3,548.0900268554688,1.023554475564168,2025-06-29 12:49:54.505794,6,6,4.176165803108808,0.010000000000000009,0.255,0.0050000000000000044,0.029862131879778625,0.010214003388242208,-0.07720170393163533,0.03368090420287109
QQQ250703C00562000,2025-06-27 20:03:55+00:00,562.0,0.2,0.19,0.2,-0.07,-25.925926,862.0,263,0.1335535864257812,False,REGULAR,USD,QQQ,2025-07-03,3,548.0900268554688,1.025378993345922,2025-06-29 12:49:54.505794,6,6,3.265151515151515,0.010000000000000009,0.195,0.0050000000000000044,0.021182699795602517,0.00765990159009682,-0.05780648042944886,0.025258696502534695
QQQ250703C00563000,2025-06-27 20:09:30+00:00,563.0,0.14,0.14,0.16,-0.06,-29.999998,384.0,32,0.13477427734375,False,REGULAR,USD,QQQ,2025-07-03,3,548.0900268554688,1.0272035111276765,2025-06-29 12:49:54.505794,6,6,11.636363636363637,0.01999999999999999,0.15000000000000002,-0.010000000000000009,0.015506146635814726,0.005818442592068666,-0.044650403039322,0.019361810046930727
QQQ250703C00564000,2025-06-27 19:57:48+00:00,564.0,0.12,0.11,0.12,-0.07,-36.842106,341.0,23,0.13477427734375,False,REGULAR,USD,QQQ,2025-07-03,3,548.0900268554688,1.029028028909431,2025-06-29 12:49:54.505794,6,6,14.208333333333334,0.009999999999999995,0.11499999999999999,0.0050000000000000044,0.010663230073532646,0.004208961495939411,-0.03225809008946037,0.014006001037169384
QQQ250703C00565000,2025-06-27 20:14:20+00:00,565.0,0.09,0.08,0.09,-0.049999997,-35.714283,799.0,2304,0.13477427734375,False,REGULAR,USD,QQQ,2025-07-03,3,548.0900268554688,1.030852546691185,2025-06-29 12:49:54.505794,6,6,0.34663774403470715,0.009999999999999995,0.08499999999999999,0.0050000000000000044,0.00719980856478168,0.0029830145169906816,-0.02283561238452799,0.009926463917327375
QQQ250703C00566000,2025-06-27 19:47:07+00:00,566.0,0.07,0.07,0.08,-0.05,-41.666664,535.0,335,0.13868048828125,False,REGULAR,USD,QQQ,2025-07-03,3,548.0900268554688,1.0326770644729395,2025-06-29 12:49:54.505794,6,6,1.5922619047619047,0.009999999999999995,0.07500000000000001,-0.0050000000000000044,0.005892650005962686,0.0024282225655485375,-0.019658289994709262,0.008314498175625329
QQQ250703C00567000,2025-06-27 19:51:58+00:00,567.0,0.05,0.05,0.06,-0.04,-44.444443,894.0,17,0.13868048828125,False,REGULAR,USD,QQQ,2025-07-03,3,548.0900268554688,1.0345015822546937,2025-06-29 12:49:54.505794,6,6,49.666666666666664,0.009999999999999995,0.055,-0.0049999999999999975,0.003919697879849403,0.0016882657323222018,-0.013654569955283219,0.005780805495559142
QQQ250703C00568000,2025-06-27 20:03:13+00:00,568.0,0.04,0.04,0.05,-0.03,-42.85714,347.0,17,0.14063359375,False,REGULAR,USD,QQQ,2025-07-03,3,548.0900268554688,1.036326100036448,2025-06-29 12:49:54.505794,6,6,19.27777777777778,0.010000000000000002,0.045,-0.0049999999999999975,0.0028899394368407084,0.001265891964446337,-0.010518960337610196,0.0043955973966795245
QQQ250703C00569000,2025-06-27 19:57:21+00:00,569.0,0.04,0.03,0.04,-0.04,-50.0,533.0,26,0.14258669921875,False,REGULAR,USD,QQQ,2025-07-03,3,548.0900268554688,1.0381506178182025,2025-06-29 12:49:54.505794,6,6,19.74074074074074,0.010000000000000002,0.035,0.0049999999999999975,0.0021308811259156,0.000947845316532071,-0.008089442962471256,0.0033369421183544966
QQQ250703C00570000,2025-06-27 20:14:38+00:00,570.0,0.02,0.03,0.04,-0.04,-66.66667,1026.0,1793,0.148446015625,False,REGULAR,USD,QQQ,2025-07-03,3,548.0900268554688,1.0399751355999567,2025-06-29 12:49:54.505794,6,6,0.5719063545150501,0.010000000000000002,0.035,-0.015000000000000003,0.002018550844569781,0.000866778247224175,-0.008011023888848761,0.003176937994390723
QQQ250703C00571000,2025-06-27 20:14:26+00:00,571.0,0.03,0.02,0.03,-0.03,-50.0,182.0,100,0.148446015625,False,REGULAR,USD,QQQ,2025-07-03,3,548.0900268554688,1.0417996533817109,2025-06-29 12:49:54.505794,6,6,1.801980198019802,0.009999999999999998,0.025,0.0049999999999999975,0.0013257523049253934,0.0005909988146875076,-0.005458418898302002,0.00216614410321609
QQQ250703C00572000,2025-06-27 20:03:50+00:00,572.0,0.02,0.02,0.03,-0.03,-60.000004,230.0,3,0.15430533203125,False,REGULAR,USD,QQQ,2025-07-03,3,548.0900268554688,1.0436241711634653,2025-06-29 12:49:54.505794,6,6,57.5,0.009999999999999998,0.025,-0.005000000000000001,0.0012809740338443772,0.0005509745866097185,-0.0054943143666361565,0.0020991558842218074
QQQ250703C00574000,2025-06-27 16:40:06+00:00,574.0,0.05,0.01,0.02,0.0,0.0,1.0,0,0.157234990234375,False,REGULAR,USD,QQQ,2025-07-03,3,548.0900268554688,1.047273206726974,2025-06-29 12:49:54.505794,6,6,1.0,0.01,0.015,0.035,0.0006768927915524481,0.0003009465408784802,-0.003112369969836301,0.0011683440291542762
QQQ250703C00575000,2025-06-27 19:48:11+00:00,575.0,0.02,0.01,0.02,-0.030000001,-60.000004,17.0,248,0.16211775390625,False,REGULAR,USD,QQQ,2025-07-03,3,548.0900268554688,1.0490977245087283,2025-06-29 12:49:54.505794,6,6,0.06827309236947791,0.01,0.015,0.005000000000000001,0.0006280787962433651,0.00027240099130709447,-0.0029930940142423226,0.0010903638673467047
QQQ250703C00580000,2025-06-27 19:57:41+00:00,580.0,0.02,0.0,0.02,-0.01,-33.333336,1208.0,351,0.187508125,False,REGULAR,USD,QQQ,2025-07-03,3,548.0900268554688,1.0582203134174997,2025-06-29 12:49:54.505794,6,6,3.4318181818181817,0.02,0.01,0.01,0.000490053520078253,0.00018722685980464938,-0.0027455064358832063,0.0008668030562968405
QQQ250703C00585000,2025-06-27 16:01:58+00:00,585.0,0.02,0.0,0.01,0.0,0.0,7.0,158,0.1992267578125,False,REGULAR,USD,QQQ,2025-07-03,3,548.0900268554688,1.0673429023262713,2025-06-29 12:49:54.505794,6,6,0.0440251572327044,0.01,0.005,0.015,0.00017411023763565155,6.724868660025036e-05,-0.0011114131217120201,0.00033079860062730856
QQQ250703C00590000,2025-06-27 18:16:21+00:00,590.0,0.01,0.0,0.01,0.0,0.0,368.0,755,0.2226640234374999,False,REGULAR,USD,QQQ,2025-07-03,3,548.0900268554688,1.0764654912350429,2025-06-29 12:49:54.505794,6,6,0.48677248677248675,0.01,0.005,0.005,0.00014751034610044553,5.15211963016022e-05,-0.0010621762742831955,0.0002832488664239153
QQQ250703C00595000,2025-06-26 20:08:30+00:00,595.0,0.01,0.0,0.01,0.0,0.0,16.0,225,0.2461012890625,False,REGULAR,USD,QQQ,2025-07-03,3,548.0900268554688,1.0855880801438145,2025-06-29 12:49:54.505794,6,6,0.07079646017699115,0.01,0.005,0.005,0.00013054608004791545,4.1571846526521426e-05,-0.0010458637975728745,0.00025260700711733836
QQQ250703C00600000,2025-06-27 14:09:58+00:00,600.0,0.01,0.0,0.01,0.0,0.0,10.0,101,0.26563234375,False,REGULAR,USD,QQQ,2025-07-03,3,548.0900268554688,1.0947106690525858,2025-06-29 12:49:54.505794,6,6,0.09803921568627451,0.01,0.005,0.005,9.632904523417442e-05,2.8954701643418954e-05,-0.00084793151693631,0.00018990318032107846
QQQ250703C00605000,2025-06-26 18:07:55+00:00,605.0,0.01,0.0,0.01,0.0,0.0,4.0,212,0.2890696093749999,False,REGULAR,USD,QQQ,2025-07-03,3,548.0900268554688,1.1038332579613577,2025-06-29 12:49:54.505794,6,6,0.018779342723004695,0.01,0.005,0.005,9.17240167747947e-05,2.5409800119893833e-05,-0.0008805936945736404,0.00018135764761169357
QQQ250703C00610000,2025-06-27 16:28:48+00:00,610.0,0.01,0.0,0.01,-0.01,-50.0,2.0,3,0.3125068749999999,False,REGULAR,USD,QQQ,2025-07-03,3,548.0900268554688,1.112955846870129,2025-06-29 12:49:54.505794,6,6,0.5,0.01,0.005,0.005,8.887958323998109e-05,2.281818120162037e-05,-0.0009236533311418332,0.00017606490235437945
TSLA250703C00100000,2025-06-27 14:46:59+00:00,100.0,225.89,223.1,224.6,0.15,0.06644812,1.0,1,3.6250009375,True,REGULAR,USD,TSLA,2025-07-03,3,323.6300048828125,0.3089948351241731,2025-06-29 12:49:54.895442,6,6,0.5,1.5,223.85,2.039999999999992,0.9999076834304198,3.452452457353402e-06,-0.0201976282146706,0.00010773623137691336
TSLA250703C00105000,2025-06-27 15:20:29+00:00,105.0,219.84,218.05,219.6,0.44,0.20054695,2.0,0,3.31250171875,True,REGULAR,USD,TSLA,2025-07-03,3,323.6300048828125,0.3244445768803818,2025-06-29 12:49:54.895442,6,6,2.0,1.549999999999983,218.825,1.0150000000000148,0.999951860164794,2.045747756726321e-06,-0.01759597599338563,5.833566402611182e-05
TSLA250703C00115000,2025-06-03 15:06:22+00:00,115.0,236.05,208.1,209.6,0.0,0.0,5.0,5,3.210939472656249,True,REGULAR,USD,TSLA,2025-07-03,3,323.6300048828125,0.3553440603927991,2025-06-29 12:49:54.895442,6,6,0.8333333333333334,1.5,208.85,27.200000000000017,0.999892738834727,4.487730447719131e-06,-0.022380275196868478,0.00012404659061705212
TSLA250703C00120000,2025-06-27 19:19:51+00:00,120.0,200.14,203.15,204.6,-5.1600037,-2.5133967,2.0,2,3.18750203125,True,REGULAR,USD,TSLA,2025-07-03,3,323.6300048828125,0.3707938021490077,2025-06-29 12:49:54.895442,6,6,0.6666666666666666,1.4499999999999886,203.875,-3.7350000000000136,0.9998275950673677,7.053190049776306e-06,-0.02670498612662545,0.00019353610935036604
TSLA250703C00140000,2025-06-26 16:44:15+00:00,140.0,189.18,183.15,184.6,0.0,0.0,3.0,4,2.718753203125,True,REGULAR,USD,TSLA,2025-07-03,3,323.6300048828125,0.4325927691738424,2025-06-29 12:49:54.895442,6,6,0.6,1.4499999999999886,183.875,5.305000000000007,0.9997879320109881,1.0034878948298134e-05,-0.029802262847697263,0.00023485936034620637
TSLA250703C00150000,2025-06-26 18:51:16+00:00,150.0,177.17,173.2,174.65,0.0,0.0,4.0,22,2.636722158203125,True,REGULAR,USD,TSLA,2025-07-03,3,323.6300048828125,0.4634922526862597,2025-06-29 12:49:54.895442,6,6,0.17391304347826086,1.450000000000017,173.925,3.244999999999976,0.9995781923421143,1.9623167381477543e-05,-0.040093245997998975,0.0004454094500509071
TSLA250703C00155000,2025-06-27 19:54:58+00:00,155.0,168.65,168.55,169.45,-3.9000092,-2.2602196,31.0,3239,2.6679720800781253,True,REGULAR,USD,TSLA,2025-07-03,3,323.6300048828125,0.4789419944424684,2025-06-29 12:49:54.895442,6,6,0.009567901234567902,0.8999999999999773,169.0,-0.3499999999999943,0.9992278491779297,3.391298236339547e-05,-0.055821569428651414,0.0007788847743059608
TSLA250703C00160000,2025-06-26 15:04:19+00:00,160.0,169.55,163.2,164.65,0.0,0.0,3.0,15,2.42969142578125,True,REGULAR,USD,TSLA,2025-07-03,3,323.6300048828125,0.494391736198677,2025-06-29 12:49:54.895442,6,6,0.1875,1.450000000000017,163.925,5.625,0.9995334306160474,2.33822499576624e-05,-0.04169132325253217,0.0004890613808728775
TSLA250703C00170000,2025-06-27 16:09:37+00:00,170.0,154.69,153.25,154.65,-4.0599976,-2.557479,1.0,13,2.281254296875,True,REGULAR,USD,TSLA,2025-07-03,3,323.6300048828125,0.5252912197110944,2025-06-29 12:49:54.895442,6,6,0.07142857142857142,1.4000000000000057,153.95,0.7400000000000091,0.999355219665296,3.358849834555384e-05,-0.048326986250533784,0.0006596145664935502
TSLA250703C00175000,2025-06-27 19:59:08+00:00,175.0,148.8,148.2,149.75,-5.1299896,-3.3326771,1.0,1,2.226566933593749,True,REGULAR,USD,TSLA,2025-07-03,3,323.6300048828125,0.540740961467303,2025-06-29 12:49:54.895442,6,6,0.5,1.5500000000000114,148.975,-0.17499999999998295,0.9991800559651869,4.2945966813540064e-05,-0.0544712922823223,0.0008231596789970748
TSLA250703C00180000,2025-06-27 16:33:01+00:00,180.0,145.1,143.3,144.7,-2.4299927,-1.6471177,31.0,31,2.166020209960937,True,REGULAR,USD,TSLA,2025-07-03,3,323.6300048828125,0.5561907032235117,2025-06-29 12:49:54.895442,6,6,0.96875,1.3999999999999773,144.0,1.0999999999999943,0.9989914730934749,5.339656781206118e-05,-0.060543023617021796,0.0009956387638871624
TSLA250703C00185000,2025-06-20 18:10:22+00:00,185.0,139.66,138.25,139.75,0.0,0.0,4.0,4,2.0742235644531246,True,REGULAR,USD,TSLA,2025-07-03,3,323.6300048828125,0.5716404449797203,2025-06-29 12:49:54.895442,6,6,0.8,1.5,139.0,0.6599999999999966,0.9989302473091757,5.8857132976835566e-05,-0.06161365241034764,0.0010509465207409416
TSLA250703C00190000,2025-06-27 18:05:23+00:00,190.0,133.49,133.3,134.7,-18.48999,-12.166069,1.0,10,1.984375078125,True,REGULAR,USD,TSLA,2025-07-03,3,323.6300048828125,0.5870901867359289,2025-06-29 12:49:54.895442,6,6,0.09090909090909091,1.3999999999999773,134.0,-0.5099999999999909,0.99886563768238,6.49192211699151e-05,-0.06264090593159252,0.001108978215090483
TSLA250703C00195000,2025-06-27 19:50:01+00:00,195.0,127.93,128.25,129.8,3.340004,2.6807961,3.0,43,1.9238285058593751,True,REGULAR,USD,TSLA,2025-07-03,3,323.6300048828125,0.6025399284921377,2025-06-29 12:49:54.895442,6,6,0.06818181818181818,1.5500000000000114,129.025,-1.0949999999999989,0.9986239894626787,7.99020185523623e-05,-0.06906641879534854,0.001323274843510791
TSLA250703C00200000,2025-06-27 19:29:26+00:00,200.0,121.0,123.35,124.75,-5.8799973,-4.634298,6.0,99,1.86328193359375,True,REGULAR,USD,TSLA,2025-07-03,3,323.6300048828125,0.6179896702483463,2025-06-29 12:49:54.895442,6,6,0.06,1.4000000000000057,124.05,-3.049999999999997,0.9983376211243102,9.802575205631151e-05,-0.07613690092380074,0.0015723336384345012
TSLA250703C00205000,2025-06-27 15:34:39+00:00,205.0,121.46,118.3,119.8,-28.640007,-19.080616,6.0,2,1.77734486328125,True,REGULAR,USD,TSLA,2025-07-03,3,323.6300048828125,0.633439412004555,2025-06-29 12:49:54.895442,6,6,2.0,1.5,119.05,2.4099999999999966,0.9982314229914764,0.00010872476417448714,-0.07726569197653645,0.0016635127258194072
TSLA250703C00210000,2025-06-27 18:35:40+00:00,210.0,110.75,113.35,114.75,-7.330002,-6.2076573,2.0,72,1.6933609082031251,True,REGULAR,USD,TSLA,2025-07-03,3,323.6300048828125,0.6488891537607636,2025-06-29 12:49:54.895442,6,6,0.0273972602739726,1.4000000000000057,114.05,-3.299999999999997,0.9981139926576266,0.00012098697838616062,-0.07844292777482485,0.0017636569334172454
TSLA250703C00215000,2025-06-27 19:41:51+00:00,215.0,108.14,108.35,109.85,-5.0699997,-4.4784026,3.0,48,1.65234548828125,True,REGULAR,USD,TSLA,2025-07-03,3,323.6300048828125,0.6643388955169722,2025-06-29 12:49:54.895442,6,6,0.061224489795918366,1.5,109.1,-0.9599999999999937,0.9975050324453079,0.00015979256851172865,-0.0919182470948103,0.0022729160032459255
TSLA250703C00220000,2025-06-27 18:01:57+00:00,220.0,103.24,103.4,104.8,-3.790001,-3.5410643,2.0,54,1.5693380908203125,True,REGULAR,USD,TSLA,2025-07-03,3,323.6300048828125,0.679788637273181,2025-06-29 12:49:54.895442,6,6,0.03636363636363636,1.3999999999999915,104.1,-0.8599999999999994,0.9973391034477155,0.00017832458427114874,-0.0930127893357748,0.002409093667705508
TSLA250703C00225000,2025-06-27 14:07:56+00:00,225.0,102.81,98.35,99.85,2.209999,2.196818,7.0,63,1.4882838085937498,True,REGULAR,USD,TSLA,2025-07-03,3,323.6300048828125,0.6952383790293896,2025-06-29 12:49:54.895442,6,6,0.109375,1.5,99.1,3.710000000000008,0.9971499820219122,0.00020005766610950188,-0.09425477990922686,0.0025631079920165694
TSLA250703C00230000,2025-06-27 18:16:45+00:00,230.0,92.61,93.4,94.8,-4.4000015,-4.5356164,10.0,79,1.41015919921875,True,REGULAR,USD,TSLA,2025-07-03,3,323.6300048828125,0.7106881207855983,2025-06-29 12:49:54.895442,6,6,0.125,1.3999999999999915,94.1,-1.4899999999999949,0.9969141589227187,0.00022682327945234169,-0.09606566300124196,0.0027534786917765906
TSLA250703C00235000,2025-06-27 16:40:30+00:00,235.0,90.17,88.4,89.85,-1.6100006,-1.7541955,5.0,29,1.3476595117187498,True,REGULAR,USD,TSLA,2025-07-03,3,323.6300048828125,0.7261378625418069,2025-06-29 12:49:54.895442,6,6,0.16666666666666666,1.4499999999999886,89.125,1.0450000000000017,0.9963593793016642,0.00027537160158362526,-0.10376621755891108,0.0031946646868934304
TSLA250703C00240000,2025-06-27 19:26:53+00:00,240.0,80.3,83.85,84.4,-6.899994,-7.912837,65.0,2401,1.2695349023437497,True,REGULAR,USD,TSLA,2025-07-03,3,323.6300048828125,0.7415876042980155,2025-06-29 12:49:54.895442,6,6,0.027060782681099085,0.5500000000000114,84.125,-3.825000000000003,0.9960770201478782,0.0003125649420495886,-0.10496057551087208,0.0034159449247686464
TSLA250703C00245000,2025-06-27 19:53:30+00:00,245.0,78.45,78.45,79.85,-3.6800003,-4.4807014,22.0,41,1.2070352148437498,True,REGULAR,USD,TSLA,2025-07-03,3,323.6300048828125,0.7570373460542242,2025-06-29 12:49:54.895442,6,6,0.5238095238095238,1.3999999999999915,79.15,-0.7000000000000028,0.9953666081439444,0.0003814995179349767,-0.1130810934275423,0.003964056939348123
TSLA250703C00250000,2025-06-27 19:53:24+00:00,250.0,73.0,73.85,74.4,-5.540001,-7.0537314,131.0,108,1.119145029296875,True,REGULAR,USD,TSLA,2025-07-03,3,323.6300048828125,0.7724870878104328,2025-06-29 12:49:54.895442,6,6,1.201834862385321,0.5500000000000114,74.125,-1.125,0.9953252300982752,0.00041473698424966004,-0.10854657797598993,0.003995628344868271
TSLA250703C00252500,2025-06-27 18:12:17+00:00,252.5,71.0,71.05,72.35,-2.82,-3.820103,8.0,4,1.1181684716796876,True,REGULAR,USD,TSLA,2025-07-03,3,323.6300048828125,0.7802119586885372,2025-06-29 12:49:54.895442,6,6,1.6,1.2999999999999972,71.69999999999999,-0.6999999999999886,0.9938431895165524,0.0005302507189618926,-0.12941237443073042,0.005104044573748106
TSLA250703C00255000,2025-06-27 19:54:23+00:00,255.0,68.81,68.6,69.8,-4.9300003,-6.6856527,22.0,71,1.0800827246093752,True,REGULAR,USD,TSLA,2025-07-03,3,323.6300048828125,0.7879368295666416,2025-06-29 12:49:54.895442,6,6,0.3055555555555556,1.2000000000000028,69.19999999999999,-0.38999999999998636,0.9935616033046507,0.0005711185236409773,-0.13021295102371247,0.005310179672905032
TSLA250703C00257500,2025-06-27 18:04:13+00:00,257.5,66.16,66.2,67.3,-26.34,-28.475676,6.0,1,1.0634812451171878,True,REGULAR,USD,TSLA,2025-07-03,3,323.6300048828125,0.7956617004447458,2025-06-29 12:49:54.895442,6,6,3.0,1.0999999999999943,66.75,-0.5900000000000034,0.9923094281071363,0.000678529110713457,-0.14501130738247484,0.006211897342490719
TSLA250703C00260000,2025-06-27 19:54:50+00:00,260.0,64.05,63.9,64.65,-2.199997,-3.3207502,461.0,140,1.0351610742187505,True,REGULAR,USD,TSLA,2025-07-03,3,323.6300048828125,0.8033865713228502,2025-06-29 12:49:54.895442,6,6,3.269503546099291,0.7500000000000071,64.275,-0.22500000000000853,0.9914376338556611,0.0007660780350830032,-0.15298781916658877,0.0068266382988881125
TSLA250703C00262500,2025-06-27 19:33:50+00:00,262.5,59.63,61.25,62.3,-20.87,-25.925467,13.0,1,0.9970703417968748,True,REGULAR,USD,TSLA,2025-07-03,3,323.6300048828125,0.8111114422009545,2025-06-29 12:49:54.895442,6,6,6.5,1.0499999999999972,61.775,-2.144999999999996,0.9910022714998613,0.0008306860697415763,-0.15401776408029738,0.00712998597588867
TSLA250703C00265000,2025-06-27 19:55:36+00:00,265.0,58.98,58.75,59.85,-4.330002,-6.839365,55.0,143,0.9682620361328124,True,REGULAR,USD,TSLA,2025-07-03,3,323.6300048828125,0.8188363130790588,2025-06-29 12:49:54.895442,6,6,0.3819444444444444,1.1000000000000014,59.3,-0.3200000000000003,0.9899764972927472,0.0009400827722950955,-0.16228075178806534,0.007835828967386459
TSLA250703C00267500,2025-06-27 19:33:50+00:00,267.5,54.68,56.3,57.4,-4.13,-7.0226154,11.0,4,0.9467778759765624,True,REGULAR,USD,TSLA,2025-07-03,3,323.6300048828125,0.8265611839571632,2025-06-29 12:49:54.895442,6,6,2.2,1.1000000000000014,56.849999999999994,-2.1699999999999946,0.9883010028998442,0.0010998709829232167,-0.17754751235173225,0.00896428788440269
TSLA250703C00270000,2025-06-27 19:53:30+00:00,270.0,53.25,54.0,54.65,-4.6500015,-8.031091,164.0,287,0.9003916210937499,True,REGULAR,USD,TSLA,2025-07-03,3,323.6300048828125,0.8342860548352675,2025-06-29 12:49:54.895442,6,6,0.5694444444444444,0.6499999999999986,54.325,-1.0750000000000028,0.9882554529307613,0.0011604413014011396,-0.1714126983483225,0.008994573440213488
TSLA250703C00275000,2025-06-27 19:59:08+00:00,275.0,49.3,49.1,49.7,-3.3199997,-6.3093877,164.0,283,0.8466812207031249,True,REGULAR,USD,TSLA,2025-07-03,3,323.6300048828125,0.8497357965914761,2025-06-29 12:49:54.895442,6,6,0.5774647887323944,0.6000000000000014,49.400000000000006,-0.10000000000000853,0.9848070175574594,0.001541303142909399,-0.1954901480887432,0.011233987624042065
TSLA250703C00277500,2025-06-27 18:58:10+00:00,277.5,42.15,46.5,47.6,-24.12,-36.396557,24.0,1,0.8466812207031249,True,REGULAR,USD,TSLA,2025-07-03,3,323.6300048828125,0.8574606674695805,2025-06-29 12:49:54.895442,6,6,12.0,1.1000000000000014,47.05,-4.899999999999999,0.9796770656303142,0.0019757146373479612,-0.24027804129939456,0.014400252076765168
TSLA250703C00280000,2025-06-27 19:58:17+00:00,280.0,44.45,44.35,44.8,-3.2299995,-6.7743278,513.0,506,0.8127460131835937,True,REGULAR,USD,TSLA,2025-07-03,3,323.6300048828125,0.8651855383476849,2025-06-29 12:49:54.895442,6,6,1.0118343195266273,0.44999999999999574,44.575,-0.125,0.9776645164009301,0.0022292958939610736,-0.24859929447995716,0.015597267255541709
TSLA250703C00282500,2025-06-27 19:40:11+00:00,282.5,41.3,41.65,42.75,-6.85,-14.2263775,17.0,34,0.799806689453125,True,REGULAR,USD,TSLA,2025-07-03,3,323.6300048828125,0.8729104092257891,2025-06-29 12:49:54.895442,6,6,0.4857142857142857,1.1000000000000014,42.2,-0.9000000000000057,0.9723460483042596,0.002709744153483922,-0.286120262476432,0.018656890815420286
TSLA250703C00285000,2025-06-27 19:59:32+00:00,285.0,39.9,39.55,40.0,-3.3999977,-7.8521886,135.0,873,0.7736839038085939,True,REGULAR,USD,TSLA,2025-07-03,3,323.6300048828125,0.8806352801038935,2025-06-29 12:49:54.895442,6,6,0.15446224256292906,0.45000000000000284,39.775,0.125,0.9680686458913381,0.0031562722796189685,-0.30863644415563285,0.021021513090371254
TSLA250703C00287500,2025-06-27 19:17:43+00:00,287.5,33.74,36.9,37.95,-8.16,-19.47494,55.0,9,0.7592797509765626,True,REGULAR,USD,TSLA,2025-07-03,3,323.6300048828125,0.8883601509819978,2025-06-29 12:49:54.895442,6,6,5.5,1.0500000000000043,37.425,-3.684999999999995,0.9608043910522307,0.0038048293904598155,-0.3522925199122197,0.024869265307508503
TSLA250703C00290000,2025-06-27 19:59:40+00:00,290.0,35.1,34.85,35.3,-2.8500023,-7.509887,723.0,459,0.7412135253906249,True,REGULAR,USD,TSLA,2025-07-03,3,323.6300048828125,0.8960850218601021,2025-06-29 12:49:54.895442,6,6,1.5717391304347825,0.44999999999999574,35.075,0.02499999999999858,0.9527867871505326,0.004529911356215092,-0.39462499809154444,0.028904069244204047
TSLA250703C00292500,2025-06-27 19:58:28+00:00,292.5,32.52,32.45,33.0,-5.029999,-13.395471,1431.0,197,0.7202176416015625,True,REGULAR,USD,TSLA,2025-07-03,3,323.6300048828125,0.9038098927382064,2025-06-29 12:49:54.895442,6,6,7.2272727272727275,0.5499999999999972,32.725,-0.2049999999999983,0.9438410819370051,0.005351673767433902,-0.4357744227335871,0.033180225738730564
TSLA250703C00295000,2025-06-27 19:56:13+00:00,295.0,30.2,30.15,30.65,-4.7299995,-13.541368,394.0,499,0.6997100341796876,True,REGULAR,USD,TSLA,2025-07-03,3,323.6300048828125,0.9115347636163108,2025-06-29 12:49:54.895442,6,6,0.788,0.5,30.4,-0.1999999999999993,0.9329787691544604,0.006324443105267047,-0.4815941768327487,0.03809485648529595
TSLA250703C00297500,2025-06-27 19:58:28+00:00,297.5,28.02,27.95,28.6,-4.029999,-12.574099,1555.0,224,0.700198310546875,True,REGULAR,USD,TSLA,2025-07-03,3,323.6300048828125,0.9192596344944152,2025-06-29 12:49:54.895442,6,6,6.911111111111111,0.6500000000000021,28.275,-0.254999999999999,0.9137808720188663,0.007655630617048949,-0.5753148247870025,0.046145353685087674
TSLA250703C00300000,2025-06-27 19:59:18+00:00,300.0,26.1,25.8,26.45,-2.4499989,-8.581432,2731.0,4508,0.6912872668457033,True,REGULAR,USD,TSLA,2025-07-03,3,323.6300048828125,0.9269845053725194,2025-06-29 12:49:54.895442,6,6,0.6056775338212464,0.6499999999999986,26.125,-0.02499999999999858,0.8939223968941707,0.00903159627626896,-0.6554674268427414,0.05374635583984779
TSLA250703C00302500,2025-06-27 19:54:50+00:00,302.5,23.85,23.8,24.4,-2.3999996,-9.142856,919.0,479,0.6894562304687502,True,REGULAR,USD,TSLA,2025-07-03,3,323.6300048828125,0.9347093762506238,2025-06-29 12:49:54.895442,6,6,1.9145833333333333,0.5999999999999979,24.1,-0.25,0.8682250435338774,0.010556098247770719,-0.7553228525843874,0.06265216370643305
TSLA250703C00305000,2025-06-27 19:59:59+00:00,305.0,22.0,21.85,22.25,-4.049999,-15.547022,1435.0,1222,0.6790803576660158,True,REGULAR,USD,TSLA,2025-07-03,3,323.6300048828125,0.942434247128728,2025-06-29 12:49:54.895442,6,6,1.1733442354865087,0.3999999999999986,22.05,-0.05000000000000071,0.8414626780333775,0.012138552781515488,-0.8376280535019149,0.07096006908432013
TSLA250703C00307500,2025-06-27 19:59:59+00:00,307.5,20.05,19.9,20.35,-2.25,-10.089686,1369.0,512,0.6739534558105471,True,REGULAR,USD,TSLA,2025-07-03,3,323.6300048828125,0.9501591180068324,2025-06-29 12:49:54.895442,6,6,2.668615984405458,0.45000000000000284,20.125,-0.07499999999999929,0.8089482227866336,0.013769982074248873,-0.9307048906303571,0.07988941284835939
TSLA250703C00310000,2025-06-27 19:59:58+00:00,310.0,18.15,18.05,18.4,-2.25,-11.029412,2971.0,1008,0.6647982739257814,True,REGULAR,USD,TSLA,2025-07-03,3,323.6300048828125,0.9578839888849368,2025-06-29 12:49:54.895442,6,6,2.9444995044598614,0.34999999999999787,18.225,-0.07500000000000284,0.7736374942786071,0.015428551502488086,-1.0103695261763679,0.08829599147109299
TSLA250703C00312500,2025-06-27 19:59:59+00:00,312.5,16.45,16.3,16.6,-2.8999996,-14.987079,1629.0,513,0.659183095703125,True,REGULAR,USD,TSLA,2025-07-03,3,323.6300048828125,0.9656088597630412,2025-06-29 12:49:54.895442,6,6,3.169260700389105,0.3000000000000007,16.450000000000003,-3.552713678800501e-15,0.7331476290963019,0.016995454458315573,-1.0900614564764928,0.09644168587789599
TSLA250703C00315000,2025-06-27 19:59:18+00:00,315.0,14.7,14.65,14.95,-2.500001,-14.534889,2449.0,1130,0.6562534375000001,True,REGULAR,USD,TSLA,2025-07-03,3,323.6300048828125,0.9733337306411456,2025-06-29 12:49:54.895442,6,6,2.165340406719717,0.29999999999999893,14.8,-0.10000000000000142,0.6882671090970955,0.018366960151295814,-1.1636602643324718,0.10376116156840899
TSLA250703C00317500,2025-06-27 19:59:52+00:00,317.5,13.2,13.05,13.35,-2.1999998,-14.285713,4977.0,615,0.65039412109375,True,REGULAR,USD,TSLA,2025-07-03,3,323.6300048828125,0.9810586015192496,2025-06-29 12:49:54.895442,6,6,8.079545454545455,0.29999999999999893,13.2,0.0,0.640863160817368,0.019588815041685182,-1.2157684336886438,0.10967577766402577
TSLA250703C00320000,2025-06-27 19:59:58+00:00,320.0,11.65,11.6,11.85,-2.1000004,-15.272731,24229.0,2837,0.64648791015625,True,REGULAR,USD,TSLA,2025-07-03,3,323.6300048828125,0.988783472397354,2025-06-29 12:49:54.895442,6,6,8.537350246652572,0.25,11.725,-0.07499999999999929,0.590477193991259,0.020489051904199734,-1.2534884898561087,0.11402713698250644
TSLA250703C00322500,2025-06-27 19:59:57+00:00,322.5,10.31,10.3,10.5,-2.1399994,-17.18875,12533.0,1278,0.6458775646972656,True,REGULAR,USD,TSLA,2025-07-03,3,323.6300048828125,0.9965083432754585,2025-06-29 12:49:54.895442,6,6,9.799061767005472,0.1999999999999993,10.4,-0.08999999999999986,0.538251837082436,0.020955324471106734,-1.276947797418952,0.1165119682031561
TSLA250703C00325000,2025-06-27 19:59:58+00:00,325.0,9.1,9.05,9.25,-2.0,-18.018017,30316.0,3290,0.6434361828613282,False,REGULAR,USD,TSLA,2025-07-03,3,323.6300048828125,1.0042332141535628,2025-06-29 12:49:54.895442,6,6,9.211789729565481,0.1999999999999993,9.15,-0.05000000000000071,0.48555988285474316,0.021118204527946292,-1.2749942952056286,0.1169737521095246
TSLA250703C00327500,2025-06-27 19:59:56+00:00,327.5,8.0,7.95,8.1,-1.8000002,-18.367348,16327.0,2047,0.642703768310547,False,REGULAR,USD,TSLA,2025-07-03,3,323.6300048828125,1.0119580850316672,2025-06-29 12:49:54.895442,6,6,7.97216796875,0.14999999999999947,8.025,-0.025000000000000355,0.4333608826327459,0.02086028884416162,-1.25469124369362,0.11541363346484007
TSLA250703C00330000,2025-06-27 19:59:59+00:00,330.0,7.05,6.95,7.1,-1.6499996,-18.965513,28074.0,6602,0.6435582519531251,False,REGULAR,USD,TSLA,2025-07-03,3,323.6300048828125,1.019682955909771,2025-06-29 12:49:54.895442,6,6,4.251703771013176,0.14999999999999947,7.025,0.024999999999999467,0.38290398089138,0.02021126283823184,-1.21730776260726,0.1119714399124919
TSLA250703C00332500,2025-06-27 19:59:54+00:00,332.5,6.2,6.05,6.3,-1.5500002,-20.000002,5000.0,1874,0.6481968774414062,False,REGULAR,USD,TSLA,2025-07-03,3,323.6300048828125,1.0274078267878757,2025-06-29 12:49:54.895442,6,6,2.6666666666666665,0.25,6.175,0.025000000000000355,0.3358771089075294,0.01917563910734062,-1.1702774067934012,0.10699974234982303
TSLA250703C00335000,2025-06-27 19:59:59+00:00,335.0,5.35,5.25,5.4,-1.4500003,-21.323534,22622.0,2949,0.6466099792480469,False,REGULAR,USD,TSLA,2025-07-03,3,323.6300048828125,1.03513269766598,2025-06-29 12:49:54.895442,6,6,7.668474576271186,0.15000000000000036,5.325,0.024999999999999467,0.2902323596298729,0.018049687548393794,-1.095160357281386,0.10047037913063844
TSLA250703C00337500,2025-06-27 19:59:59+00:00,337.5,4.55,4.55,4.65,-1.3999996,-23.529406,13112.0,1412,0.6477086010742188,False,REGULAR,USD,TSLA,2025-07-03,3,323.6300048828125,1.0428575685440844,2025-06-29 12:49:54.895442,6,6,9.279547062986554,0.10000000000000053,4.6,-0.04999999999999982,0.24879574404033677,0.01667879233437392,-1.0145739493381651,0.09299727335513856
TSLA250703C00340000,2025-06-27 19:59:59+00:00,340.0,3.95,3.95,4.05,-1.2,-23.300972,20496.0,8429,0.6523472265625001,False,REGULAR,USD,TSLA,2025-07-03,3,323.6300048828125,1.0505824394221888,2025-06-29 12:49:54.895442,6,6,2.4313167259786477,0.09999999999999964,4.0,-0.04999999999999982,0.21248479625178762,0.015161676065885055,-0.9348322713559915,0.08514359507340277
TSLA250703C00342500,2025-06-27 19:59:45+00:00,342.5,3.45,3.4,3.55,-1.05,-23.333332,3699.0,9552,0.6573520593261719,False,REGULAR,USD,TSLA,2025-07-03,3,323.6300048828125,1.0583073103002931,2025-06-29 12:49:54.895442,6,6,0.387208206846017,0.1499999999999999,3.4749999999999996,-0.024999999999999467,0.18029731263817017,0.013619236954200307,-0.8520935763536045,0.07706847291204205
TSLA250703C00345000,2025-06-27 19:59:59+00:00,345.0,2.98,2.97,3.05,-0.9200001,-23.589745,9559.0,8504,0.6621127539062501,False,REGULAR,USD,TSLA,2025-07-03,3,323.6300048828125,1.0660321811783973,2025-06-29 12:49:54.895442,6,6,1.1239271017048795,0.07999999999999963,3.01,-0.029999999999999805,0.15188382423643298,0.012102202986230264,-0.7677364420361299,0.06897986440004486
TSLA250703C00347500,2025-06-27 19:59:59+00:00,347.5,2.64,2.57,2.74,-0.8599999,-24.571426,3349.0,9146,0.6720003503417971,False,REGULAR,USD,TSLA,2025-07-03,3,323.6300048828125,1.0737570520565016,2025-06-29 12:49:54.895442,6,6,0.3661309719033563,0.17000000000000037,2.6550000000000002,-0.015000000000000124,0.12905283104514997,0.010675059852196614,-0.6971977269948332,0.06175409591303881
TSLA250703C00350000,2025-06-27 19:59:59+00:00,350.0,2.28,2.23,2.28,-0.72,-24.0,29921.0,14444,0.6726106958007814,False,REGULAR,USD,TSLA,2025-07-03,3,323.6300048828125,1.081481922934606,2025-06-29 12:49:54.895442,6,6,2.071374177916234,0.04999999999999982,2.255,0.02499999999999991,0.10613355469930408,0.009285916111498765,-0.6073069416191246,0.05376683531865552
TSLA250703C00352500,2025-06-27 19:59:59+00:00,352.5,1.94,1.94,1.99,-0.72,-27.06767,2524.0,1796,0.6799348413085939,False,REGULAR,USD,TSLA,2025-07-03,3,323.6300048828125,1.0892067938127103,2025-06-29 12:49:54.895442,6,6,1.404563160823595,0.050000000000000044,1.9649999999999999,-0.02499999999999991,0.08871309683421669,0.008053371457747755,-0.5380028437927298,0.04713798098998691
TSLA250703C00355000,2025-06-27 19:59:56+00:00,355.0,1.71,1.69,1.75,-0.5899999,-25.65217,8513.0,4672,0.6882355395507813,False,REGULAR,USD,TSLA,2025-07-03,3,323.6300048828125,1.0969316646908147,2025-06-29 12:49:54.895442,6,6,1.821741921677723,0.06000000000000005,1.72,-0.010000000000000009,0.07423286075687265,0.00695534431815013,-0.4758817041395033,0.041208013514121095
TSLA250703C00357500,2025-06-27 19:59:52+00:00,357.5,1.5,1.47,1.51,-0.5,-25.0,2206.0,1894,0.6940948559570312,False,REGULAR,USD,TSLA,2025-07-03,3,323.6300048828125,1.104656535568919,2025-06-29 12:49:54.895442,6,6,1.1641160949868075,0.040000000000000036,1.49,0.010000000000000009,0.061322580477152694,0.005950047011303485,-0.4139218334066867,0.03555209295102308
TSLA250703C00360000,2025-06-27 19:59:59+00:00,360.0,1.31,1.29,1.32,-0.42000008,-24.27746,19692.0,7065,0.7023955541992188,False,REGULAR,USD,TSLA,2025-07-03,3,323.6300048828125,1.1123814064470234,2025-06-29 12:49:54.895442,6,6,2.7868666855363715,0.030000000000000027,1.3050000000000002,0.004999999999999893,0.051107588597409895,0.005092653443555288,-0.36268761958971657,0.030792987607049266
TSLA250703C00362500,2025-06-27 19:59:52+00:00,362.5,1.15,1.13,1.16,-0.38,-24.836601,1846.0,1184,0.7106962524414062,False,REGULAR,USD,TSLA,2025-07-03,3,323.6300048828125,1.1201062773251276,2025-06-29 12:49:54.895442,6,6,1.5578059071729957,0.030000000000000027,1.145,0.004999999999999893,0.0425546319100258,0.004345341057101686,-0.3167338045192222,0.026584827351138998
TSLA250703C00365000,2025-06-27 19:59:58+00:00,365.0,1.01,1.0,1.02,-0.32000005,-24.060154,5103.0,8027,0.719729365234375,False,REGULAR,USD,TSLA,2025-07-03,3,323.6300048828125,1.127831148203232,2025-06-29 12:49:54.895442,6,6,0.6356502242152466,0.020000000000000018,1.01,0.0,0.035561755469415014,0.0037072446420617798,-0.2770638213626964,0.022969229043223616
TSLA250703C00367500,2025-06-27 19:59:57+00:00,367.5,0.88,0.88,0.9,-0.33000004,-27.272732,1163.0,6815,0.72851833984375,False,REGULAR,USD,TSLA,2025-07-03,3,323.6300048828125,1.1355560190813363,2025-06-29 12:49:54.895442,6,6,0.17062793427230047,0.020000000000000018,0.89,-0.010000000000000009,0.029682955277222117,0.003155336977395851,-0.24155412047336555,0.019788468597607297
TSLA250703C00370000,2025-06-27 19:59:55+00:00,370.0,0.76,0.78,0.8,-0.27999997,-26.923075,4885.0,10675,0.7377955908203124,False,REGULAR,USD,TSLA,2025-07-03,3,323.6300048828125,1.1432808899594409,2025-06-29 12:49:54.895442,6,6,0.4575683776695392,0.020000000000000018,0.79,-0.030000000000000027,0.024864495594729162,0.0026876312099522012,-0.2109770576618498,0.017069927673661174
TSLA250703C00372500,2025-06-27 19:59:50+00:00,372.5,0.7,0.69,0.72,-0.21000004,-23.076925,532.0,924,0.7480493945312501,False,REGULAR,USD,TSLA,2025-07-03,3,323.6300048828125,1.151005760837545,2025-06-29 12:49:54.895442,6,6,0.5751351351351351,0.030000000000000027,0.705,-0.0050000000000000044,0.020987776167248222,0.00229802439233663,-0.18540490561818465,0.014798267030562251
TSLA250703C00375000,2025-06-27 19:59:57+00:00,375.0,0.63,0.62,0.64,-0.17000002,-21.250002,3168.0,4357,0.7583031982421876,False,REGULAR,USD,TSLA,2025-07-03,3,323.6300048828125,1.1587306317156494,2025-06-29 12:49:54.895442,6,6,0.7269389628269849,0.020000000000000018,0.63,0.0,0.017748783227526967,0.0019659792327396466,-0.16296344350355835,0.012833578264216754
TSLA250703C00377500,2025-06-27 19:54:40+00:00,377.5,0.55,0.54,0.57,-0.18,-24.657534,873.0,5057,0.7656273437500001,False,REGULAR,USD,TSLA,2025-07-03,3,323.6300048828125,1.1664555025937535,2025-06-29 12:49:54.895442,6,6,0.17259786476868327,0.029999999999999916,0.5549999999999999,-0.004999999999999893,0.014718358124797168,0.0016585987701034873,-0.14012935202732102,0.01093162497927091
TSLA250703C00380000,2025-06-27 19:59:59+00:00,380.0,0.49,0.49,0.51,-0.14999998,-23.437496,11629.0,11674,0.7763694238281251,False,REGULAR,USD,TSLA,2025-07-03,3,323.6300048828125,1.174180373471858,2025-06-29 12:49:54.895442,6,6,0.9960599571734475,0.020000000000000018,0.5,-0.010000000000000009,0.012536688138446989,0.001424156263990104,-0.12370235801627594,0.009518138439471418
TSLA250703C00382500,2025-06-27 19:59:49+00:00,382.5,0.46,0.44,0.47,-0.12,-20.689655,1062.0,586,0.788088056640625,False,REGULAR,USD,TSLA,2025-07-03,3,323.6300048828125,1.1819052443499622,2025-06-29 12:49:54.895442,6,6,1.809199318568995,0.02999999999999997,0.45499999999999996,0.00500000000000006,0.010789930657808533,0.0012316209996116438,-0.11021610681751312,0.008355602687336863
TSLA250703C00385000,2025-06-27 19:59:28+00:00,385.0,0.39,0.39,0.42,-0.120000005,-23.529413,2286.0,1900,0.7963887548828125,False,REGULAR,USD,TSLA,2025-07-03,3,323.6300048828125,1.1896301152280666,2025-06-29 12:49:54.895442,6,6,1.2025249868490269,0.02999999999999997,0.405,-0.015000000000000013,0.009058553297007494,0.0010461651760401,-0.0955895057542927,0.007172182442424109
TSLA250703C00387500,2025-06-27 19:57:02+00:00,387.5,0.35,0.35,0.38,-0.1,-22.222223,282.0,490,0.805666005859375,False,REGULAR,USD,TSLA,2025-07-03,3,323.6300048828125,1.197354986106171,2025-06-29 12:49:54.895442,6,6,0.5743380855397149,0.030000000000000027,0.365,-0.015000000000000013,0.0076799194848190065,0.0008945680698016999,-0.08364265257753596,0.0062043227523044045
TSLA250703C00390000,2025-06-27 19:59:45+00:00,390.0,0.32,0.32,0.34,-0.06999999,-17.948717,2195.0,3299,0.815431533203125,False,REGULAR,USD,TSLA,2025-07-03,3,323.6300048828125,1.205079856984275,2025-06-29 12:49:54.895442,6,6,0.6651515151515152,0.020000000000000018,0.33,-0.010000000000000009,0.0065532069490689794,0.0007683972313408632,-0.07358902586830182,0.005393854697849654
TSLA250703C00392500,2025-06-27 19:59:44+00:00,392.5,0.31,0.29,0.31,-0.05,-13.888888,212.0,414,0.8261736132812498,False,REGULAR,USD,TSLA,2025-07-03,3,323.6300048828125,1.2128047278623797,2025-06-29 12:49:54.895442,6,6,0.5108433734939759,0.020000000000000018,0.3,0.010000000000000009,0.005655343011248181,0.0006655703734770508,-0.06542438684544581,0.004733596683234837
TSLA250703C00395000,2025-06-27 19:59:45+00:00,395.0,0.28,0.26,0.28,-0.050000012,-15.151519,1397.0,1531,0.8349625878906248,False,REGULAR,USD,TSLA,2025-07-03,3,323.6300048828125,1.2205295987404838,2025-06-29 12:49:54.895442,6,6,0.9118798955613577,0.020000000000000018,0.27,0.010000000000000009,0.0048075560082732295,0.0005699553094246231,-0.05721796412287155,0.004096696303810013
TSLA250703C00397500,2025-06-27 19:59:57+00:00,397.5,0.26,0.24,0.26,-0.04,-13.333334,220.0,396,0.8466812207031249,False,REGULAR,USD,TSLA,2025-07-03,3,323.6300048828125,1.2282544696185882,2025-06-29 12:49:54.895442,6,6,0.5541561712846348,0.020000000000000018,0.25,0.010000000000000009,0.004210930311795578,0.0004993444949177193,-0.05154111556847986,0.0036395370384117486
TSLA250703C00400000,2025-06-27 19:59:56+00:00,400.0,0.22,0.22,0.23,-0.050000012,-18.518522,10123.0,14313,0.8554701953125,False,REGULAR,USD,TSLA,2025-07-03,3,323.6300048828125,1.2359793404966926,2025-06-29 12:49:54.895442,6,6,0.7072097247450049,0.010000000000000009,0.225,-0.0050000000000000044,0.00359783602571504,0.0004292269214469156,-0.04522411513746222,0.003160951166907372
TSLA250703C00402500,2025-06-27 19:59:13+00:00,402.5,0.2,0.19,0.21,-0.05,-20.0,307.0,917,0.86132951171875,False,REGULAR,USD,TSLA,2025-07-03,3,323.6300048828125,1.243704211374797,2025-06-29 12:49:54.895442,6,6,0.3344226579520697,0.01999999999999999,0.2,0.0,0.0029922750087786,0.0003611947978362108,-0.03857592223210702,0.002678161510399627
TSLA250703C00405000,2025-06-27 19:59:57+00:00,405.0,0.18,0.17,0.2,-0.03999999,-18.181814,455.0,1322,0.8730481445312499,False,REGULAR,USD,TSLA,2025-07-03,3,323.6300048828125,1.2514290822529013,2025-06-29 12:49:54.895442,6,6,0.3439153439153439,0.03,0.185,-0.0050000000000000044,0.0026443035222268197,0.0003187394659329143,-0.03497127069044099,0.0023955210095861624
TSLA250703C00407500,2025-06-27 19:57:52+00:00,407.5,0.18,0.16,0.18,-0.03,-14.285713,162.0,204,0.8828136718749999,False,REGULAR,USD,TSLA,2025-07-03,3,323.6300048828125,1.2591539531310056,2025-06-29 12:49:54.895442,6,6,0.7902439024390244,0.01999999999999999,0.16999999999999998,0.010000000000000009,0.0022979894533004756,0.000277629848440727,-0.031143612813034963,0.002109896521698067
TSLA250703C00410000,2025-06-27 19:59:57+00:00,410.0,0.14,0.14,0.16,-0.049999997,-26.315788,1724.0,1717,0.8876964355468748,False,REGULAR,USD,TSLA,2025-07-03,3,323.6300048828125,1.26687882400911,2025-06-29 12:49:54.895442,6,6,1.0034924330616997,0.01999999999999999,0.15000000000000002,-0.010000000000000009,0.00190163107871954,0.00023253038039365792,-0.026371936668222073,0.0017769292155723454
TSLA250703C00412500,2025-06-27 19:38:11+00:00,412.5,0.1,0.13,0.15,-0.08,-44.444443,142.0,115,0.8984385156249999,False,REGULAR,USD,TSLA,2025-07-03,3,323.6300048828125,1.274603694887214,2025-06-29 12:49:54.895442,6,6,1.2241379310344827,0.01999999999999999,0.14,-0.04000000000000001,0.0016779912589517383,0.00020503476671486815,-0.02381805284745121,0.0015857759240413805
TSLA250703C00415000,2025-06-27 19:58:13+00:00,415.0,0.14,0.11,0.14,-0.010000005,-6.66667,791.0,1307,0.90429783203125,False,REGULAR,USD,TSLA,2025-07-03,3,323.6300048828125,1.2823285657653185,2025-06-29 12:49:54.895442,6,6,0.6047400611620795,0.030000000000000013,0.125,0.015000000000000013,0.0014074270773064695,0.00017352704134460437,-0.02042036738280077,0.0013508421444358581
TSLA250703C00417500,2025-06-27 19:55:06+00:00,417.5,0.11,0.1,0.13,-0.04,-26.666664,134.0,104,0.914063359375,False,REGULAR,USD,TSLA,2025-07-03,3,323.6300048828125,1.2900534366434229,2025-06-29 12:49:54.895442,6,6,1.276190476190476,0.03,0.115,-0.0050000000000000044,0.001235189951376282,0.0001523632764553308,-0.01831800310363742,0.0011988988772883389
TSLA250703C00420000,2025-06-27 19:59:06+00:00,420.0,0.1,0.09,0.12,-0.029999994,-23.07692,2081.0,3557,0.92187578125,False,REGULAR,USD,TSLA,2025-07-03,3,323.6300048828125,1.2977783075215272,2025-06-29 12:49:54.895442,6,6,0.5848791455874086,0.03,0.105,-0.0049999999999999906,0.0010630695553210956,0.00013166992774413854,-0.016100901695355215,0.001044924597972633
TSLA250703C00422500,2025-06-27 19:54:09+00:00,422.5,0.09,0.08,0.11,-0.04,-30.769232,879.0,500,0.929688203125,False,REGULAR,USD,TSLA,2025-07-03,3,323.6300048828125,1.3055031783996316,2025-06-29 12:49:54.895442,6,6,1.7544910179640718,0.03,0.095,-0.0050000000000000044,0.0009168775178599582,0.00011398404027043095,-0.01417464645834296,0.0009122362308602043
TSLA250703C00425000,2025-06-27 19:59:49+00:00,425.0,0.1,0.07,0.1,0.0,0.0,399.0,1223,0.93554751953125,False,REGULAR,USD,TSLA,2025-07-03,3,323.6300048828125,1.313228049277736,2025-06-29 12:49:54.895442,6,6,0.32598039215686275,0.03,0.085,0.015,0.0007742732027417295,9.695701670400035e-05,-0.012209018722917778,0.0007808561687723983
TSLA250703C00427500,2025-06-27 19:53:22+00:00,427.5,0.07,0.07,0.09,-0.03,-29.999998,114.0,582,0.945313046875,False,REGULAR,USD,TSLA,2025-07-03,3,323.6300048828125,1.3209529201558403,2025-06-29 12:49:54.895442,6,6,0.1955403087478559,0.01999999999999999,0.08,-0.009999999999999995,0.0006864614299999148,8.587942782262396e-05,-0.011040450221059261,0.0006988609013510337
TSLA250703C00430000,2025-06-27 19:59:58+00:00,430.0,0.09,0.06,0.08,0.0,0.0,1545.0,3183,0.9492192578125,False,REGULAR,USD,TSLA,2025-07-03,3,323.6300048828125,1.3286777910339445,2025-06-29 12:49:54.895442,6,6,0.48523869346733667,0.020000000000000004,0.07,0.01999999999999999,0.0005679246675485692,7.179287112494244e-05,-0.009305492220782906,0.0005866428911831451
TSLA250703C00432500,2025-06-27 19:47:44+00:00,432.5,0.05,0.05,0.08,-0.05,-50.0,86.0,69,0.9570316796875,False,REGULAR,USD,TSLA,2025-07-03,3,323.6300048828125,1.3364026619120488,2025-06-29 12:49:54.895442,6,6,1.2285714285714286,0.03,0.065,-0.015,0.0004937568914374839,6.255939570772785e-05,-0.008242309179429799,0.000515400468371174
TSLA250703C00435000,2025-06-27 19:52:07+00:00,435.0,0.06,0.05,0.07,-0.010000002,-14.285716,485.0,912,0.9648441015625,False,REGULAR,USD,TSLA,2025-07-03,3,323.6300048828125,1.3441275327901532,2025-06-29 12:49:54.895442,6,6,0.5312157721796276,0.020000000000000004,0.060000000000000005,-6.938893903907228e-18,0.0004302327965496071,5.461875916796282e-05,-0.007313739620014495,0.000453654189155695
TSLA250703C00437500,2025-06-27 19:27:15+00:00,437.5,0.04,0.04,0.07,-0.04,-50.0,82.0,114,0.9726565234375,False,REGULAR,USD,TSLA,2025-07-03,3,323.6300048828125,1.3518524036682575,2025-06-29 12:49:54.895442,6,6,0.7130434782608696,0.030000000000000006,0.05500000000000001,-0.015000000000000006,0.00037571941356856833,4.777906900635189e-05,-0.0065016040916053165,0.00040005816336473023
TSLA250703C00440000,2025-06-27 19:55:00+00:00,440.0,0.05,0.04,0.06,-0.02,-28.571426,748.0,2031,0.9804689453125,False,REGULAR,USD,TSLA,2025-07-03,3,323.6300048828125,1.359577274546362,2025-06-29 12:49:54.895442,6,6,0.36811023622047245,0.019999999999999997,0.05,0.0,0.00032884715495123685,4.187809163225182e-05,-0.005790280707423787,0.0003534652106313729
TSLA250703C00442500,2025-06-27 19:31:11+00:00,442.5,0.04,0.04,0.05,-0.04,-50.0,143.0,55,0.98437515625,False,REGULAR,USD,TSLA,2025-07-03,3,323.6300048828125,1.3673021454244665,2025-06-29 12:49:54.895442,6,6,2.5535714285714284,0.010000000000000002,0.045,-0.0049999999999999975,0.0002738754239975335,3.518205984455645e-05,-0.0049030929735442,0.00029813149455477586
TSLA250703C00445000,2025-06-27 19:52:19+00:00,445.0,0.04,0.03,0.05,-0.010000002,-20.000004,190.0,906,0.9882813671875,False,REGULAR,USD,TSLA,2025-07-03,3,323.6300048828125,1.3750270163025706,2025-06-29 12:49:54.895442,6,6,0.20948180815876516,0.020000000000000004,0.04,0.0,0.00022820666262641587,2.9562081906695194e-05,-0.004152474463212106,0.0002515020753576871
TSLA250703C00447500,2025-06-27 19:51:05+00:00,447.5,0.04,0.02,0.05,-0.02,-33.333336,3.0,811,0.992187578125,False,REGULAR,USD,TSLA,2025-07-03,3,323.6300048828125,1.3827518871806748,2025-06-29 12:49:54.895442,6,6,0.003694581280788177,0.030000000000000002,0.035,0.0049999999999999975,0.00019025779887060402,2.484597395321745e-05,-0.0035175323636374213,0.0002122148451187961
TSLA250703C00450000,2025-06-27 19:59:25+00:00,450.0,0.03,0.02,0.04,-0.03,-50.0,988.0,7578,0.992187578125,False,REGULAR,USD,TSLA,2025-07-03,3,323.6300048828125,1.3904767580587791,2025-06-29 12:49:54.895442,6,6,0.13036020583190394,0.02,0.03,0.0,0.0001500724002198636,1.989983838107195e-05,-0.0028171922379599465,0.0001699688298748052
TSLA250703C00452500,2025-06-27 19:02:09+00:00,452.5,0.03,0.02,0.04,-0.02,-40.0,12.0,388,1.0078174609375,False,REGULAR,USD,TSLA,2025-07-03,3,323.6300048828125,1.3982016289368835,2025-06-29 12:49:54.895442,6,6,0.030848329048843187,0.02,0.03,0.0,0.00014825041917762054,1.9368366151234405e-05,-0.002828912127522772,0.00016803541192598914
TSLA250703C00455000,2025-06-27 19:37:18+00:00,455.0,0.02,0.01,0.03,-0.01,-33.333336,82.0,1528,0.98437515625,False,REGULAR,USD,TSLA,2025-07-03,3,323.6300048828125,1.405926499814988,2025-06-29 12:49:54.895442,6,6,0.053629823413996074,0.019999999999999997,0.02,0.0,8.215032992818344e-05,1.1392576190492622e-05,-0.0015874306372305233,9.654027596756085e-05
TSLA250703C00457500,2025-06-27 19:25:00+00:00,457.5,0.03,0.01,0.03,-0.01,-25.0,12.0,32,0.9960937890625,False,REGULAR,USD,TSLA,2025-07-03,3,323.6300048828125,1.4136513706930922,2025-06-29 12:49:54.895442,6,6,0.36363636363636365,0.019999999999999997,0.02,0.009999999999999998,7.726260167512822e-05,1.0627049494326518e-05,-0.0015161758139165724,9.112528198649251e-05
TSLA250703C00460000,2025-06-27 19:53:22+00:00,460.0,0.02,0.01,0.03,-0.01,-33.333336,93.0,1253,1.015629921875,False,REGULAR,USD,TSLA,2025-07-03,3,323.6300048828125,1.4213762415711966,2025-06-29 12:49:54.895442,6,6,0.07416267942583732,0.019999999999999997,0.02,0.0,8.21708553314899e-05,1.1044579275673281e-05,-0.0016381023828051246,9.656296978114551e-05
TSLA250703C00462500,2025-06-27 15:59:20+00:00,462.5,0.02,0.01,0.03,-0.01,-33.333336,1.0,9,1.0312548437500002,False,REGULAR,USD,TSLA,2025-07-03,3,323.6300048828125,1.4291011124493007,2025-06-29 12:49:54.895442,6,6,0.1,0.019999999999999997,0.02,0.0,8.234492731613954e-05,1.0898916760611755e-05,-0.001666562926182588,9.675541654465983e-05
TSLA250703C00465000,2025-06-27 17:25:48+00:00,465.0,0.01,0.01,0.03,-0.02,-66.66667,26.0,626,1.0390673046875003,False,REGULAR,USD,TSLA,2025-07-03,3,323.6300048828125,1.436825983327405,2025-06-29 12:49:54.895442,6,6,0.04146730462519936,0.019999999999999997,0.02,-0.01,7.35258791564115e-05,9.723023612957836e-06,-0.0015093220582502683,8.69703003323209e-05
TSLA250703C00467500,2025-06-27 19:49:00+00:00,467.5,0.02,0.0,0.03,0.0,0.0,3508.0,14,1.0312548437500002,False,REGULAR,USD,TSLA,2025-07-03,3,323.6300048828125,1.4445508542055094,2025-06-29 12:49:54.895442,6,6,233.86666666666667,0.03,0.015,0.005000000000000001,5.1626946886174236e-05,7.01961950235493e-06,-0.0010733162665858117,6.231685440427626e-05
TSLA250703C00470000,2025-06-27 19:57:25+00:00,470.0,0.01,0.01,0.02,-0.01,-50.0,363.0,1061,1.0468797656250002,False,REGULAR,USD,TSLA,2025-07-03,3,323.6300048828125,1.4522757250836138,2025-06-29 12:49:54.895442,6,6,0.3418079096045198,0.01,0.015,-0.004999999999999999,5.23031166098358e-05,7.000290871730472e-06,-0.0011030079892905334,6.308684976229288e-05
TSLA250703C00472500,2025-06-27 19:48:48+00:00,472.5,0.01,0.01,0.02,-0.03,-75.0,93.0,8,1.0546922265625,False,REGULAR,USD,TSLA,2025-07-03,3,323.6300048828125,1.4600005959617182,2025-06-29 12:49:54.895442,6,6,10.333333333333334,0.01,0.015,-0.004999999999999999,4.697851743646738e-05,6.278674098611182e-06,-0.0010040987508950505,5.7005877612293e-05
TSLA250703C00475000,2025-06-27 15:49:56+00:00,475.0,0.02,0.0,0.02,0.0,0.0,2.0,3432,1.0312548437500002,False,REGULAR,USD,TSLA,2025-07-03,3,323.6300048828125,1.4677254668398223,2025-06-29 12:49:54.895442,6,6,0.0005825808330905913,0.02,0.01,0.01,2.5277460119020937e-05,3.572421990489993e-06,-0.00054618925978383,3.171426898243057e-05
TSLA250703C00480000,2025-06-27 16:18:17+00:00,480.0,0.01,0.01,0.02,-0.01,-50.0,81.0,1200,1.09375453125,False,REGULAR,USD,TSLA,2025-07-03,3,323.6300048828125,1.483175208596031,2025-06-29 12:49:54.895442,6,6,0.06744379683597003,0.01,0.015,-0.004999999999999999,4.3991979266044074e-05,5.690225705460103e-06,-0.000978568061560624,5.35766195811636e-05
TSLA250703C00485000,2025-06-27 13:30:03+00:00,485.0,0.03,0.0,0.02,0.01,50.0,2.0,147,1.078129609375,False,REGULAR,USD,TSLA,2025-07-03,3,323.6300048828125,1.4986249503522395,2025-06-29 12:49:54.895442,6,6,0.013513513513513514,0.02,0.01,0.019999999999999997,2.1960376356696143e-05,2.990405548584958e-06,-0.0004996613639310335,2.77540913375674e-05
TSLA250703C00490000,2025-06-27 18:33:37+00:00,490.0,0.01,0.0,0.02,-0.01,-50.0,230.0,908,1.109379453125,False,REGULAR,USD,TSLA,2025-07-03,3,323.6300048828125,1.5140746921084485,2025-06-29 12:49:54.895442,6,6,0.253025302530253,0.02,0.01,0.0,2.351510980026485e-05,3.1009462334984744e-06,-0.0005485764591242188,2.9614220386394028e-05
TSLA250703C00495000,2025-06-27 19:55:48+00:00,495.0,0.01,0.0,0.02,-0.01,-50.0,21.0,31,1.140629296875,False,REGULAR,USD,TSLA,2025-07-03,3,323.6300048828125,1.5295244338646572,2025-06-29 12:49:54.895442,6,6,0.65625,0.02,0.01,0.0,2.51967658075483e-05,3.220090324745886e-06,-0.0006021711659717831,3.1618300742234645e-05
TSLA250703C00500000,2025-06-27 19:52:48+00:00,500.0,0.01,0.0,0.01,0.0,0.0,242.0,3100,1.09375453125,False,REGULAR,USD,TSLA,2025-07-03,3,323.6300048828125,1.5449741756208657,2025-06-29 12:49:54.895442,6,6,0.0780393421476943,0.01,0.005,0.005,7.347113951558057e-06,1.0403815473326352e-06,-0.00017888845165067922,9.795767209588374e-06
TSLA250703C00505000,2025-06-27 13:55:33+00:00,505.0,0.01,0.0,0.01,0.0,0.0,1.0,21,1.125004375,False,REGULAR,USD,TSLA,2025-07-03,3,323.6300048828125,1.5604239173770744,2025-06-29 12:49:54.895442,6,6,0.045454545454545456,0.01,0.005,0.005,8.250946659501823e-06,1.1297792186121164e-06,-0.00020551048681077114,1.0941421357593504e-05
TSLA250703C00510000,2025-06-27 15:49:39+00:00,510.0,0.01,0.0,0.01,-0.01,-50.0,7.0,556,1.15625421875,False,REGULAR,USD,TSLA,2025-07-03,3,323.6300048828125,1.5758736591332831,2025-06-29 12:49:54.895442,6,6,0.012567324955116697,0.01,0.005,0.005,9.244676125819545e-06,1.2250484314241083e-06,-0.00023538289279770517,1.2193616690211655e-05
TSLA250703C00520000,2025-06-27 17:36:15+00:00,520.0,0.01,0.0,0.01,0.0,0.0,10.0,894,1.1875040625,False,REGULAR,USD,TSLA,2025-07-03,3,323.6300048828125,1.6067731426457004,2025-06-29 12:49:54.895442,6,6,0.0111731843575419,0.01,0.005,0.005,6.892086873859097e-06,9.015646840994988e-07,-0.00018270589766925972,9.216328481434659e-06
TSLA250703C00530000,2025-06-26 17:59:04+00:00,530.0,0.01,0.0,0.01,0.0,0.0,34.0,5914,1.25000375,False,REGULAR,USD,TSLA,2025-07-03,3,323.6300048828125,1.6376726261581176,2025-06-29 12:49:54.895442,6,6,0.005748098055790364,0.01,0.005,0.005,8.834837953601046e-06,1.0852599300228217e-06,-0.00024367628013415005,1.167806892059962e-05
TSLA250703C00540000,2025-06-27 17:33:15+00:00,540.0,0.01,0.0,0.01,0.0,0.0,55.0,3159,1.2812535937499998,False,REGULAR,USD,TSLA,2025-07-03,3,323.6300048828125,1.668572109670535,2025-06-29 12:49:54.895442,6,6,0.01740506329113924,0.01,0.005,0.005,6.9353728735905944e-06,8.406019745249802e-07,-0.00019828649364684694,9.271530945217847e-06
TSLA250703C00550000,2025-06-27 19:57:35+00:00,550.0,0.01,0.0,0.01,0.0,0.0,177.0,4894,1.3125034374999998,False,REGULAR,USD,TSLA,2025-07-03,3,323.6300048828125,1.6994715931829525,2025-06-29 12:49:54.895442,6,6,0.03615934627170582,0.01,0.005,0.005,5.568523123571219e-06,6.65512651702568e-07,-0.00016472801326139337,7.5193918160195516e-06
TSLA250703C00560000,2025-06-26 14:01:59+00:00,560.0,0.01,0.0,0.01,0.0,0.0,269.0,412,1.375003125,False,REGULAR,USD,TSLA,2025-07-03,3,323.6300048828125,1.7303710766953695,2025-06-29 12:49:54.895442,6,6,0.6513317191283293,0.01,0.005,0.005,7.350559461110232e-06,8.279478559730898e-07,-0.00022490474069548558,9.800147695420692e-06
TSLA250703C00570000,2025-06-25 18:16:18+00:00,570.0,0.01,0.0,0.01,0.0,0.0,198.0,494,1.40625296875,False,REGULAR,USD,TSLA,2025-07-03,3,323.6300048828125,1.761270560207787,2025-06-29 12:49:54.895442,6,6,0.4,0.01,0.005,0.005,6.131532090460998e-06,6.809561113481006e-07,-0.0001934708066263625,8.243440811307099e-06
TSLA250703C00580000,2025-06-25 18:15:50+00:00,580.0,0.01,0.0,0.01,0.0,0.0,719.0,894,1.4375028125,False,REGULAR,USD,TSLA,2025-07-03,3,323.6300048828125,1.7921700437202042,2025-06-29 12:49:54.895442,6,6,0.8033519553072626,0.01,0.005,0.005,5.2057855163105635e-06,5.697913214342784e-07,-0.00016915514153445453,7.050996239553084e-06
TSLA250703C00590000,2025-06-25 18:13:54+00:00,590.0,0.01,0.0,0.01,0.0,0.0,3891.0,3837,1.46875265625,False,REGULAR,USD,TSLA,2025-07-03,3,323.6300048828125,1.8230695272326216,2025-06-29 12:49:54.895442,6,6,1.0138092756644086,0.01,0.005,0.005,4.493268332287081e-06,4.84521426231615e-07,-0.00015015716918539897,6.126149653310735e-06
TSLA250703C00600000,2025-06-26 15:32:18+00:00,600.0,0.01,0.0,0.01,0.0,0.0,3134.0,3521,1.5000025,False,REGULAR,USD,TSLA,2025-07-03,3,323.6300048828125,1.8539690107450388,2025-06-29 12:49:54.895442,6,6,0.8898353208404316,0.01,0.005,0.005,3.938367220203558e-06,4.1826853239291446e-07,-0.0001351947448432357,5.400986916482948e-06
TSLA250703C00610000,2025-06-25 17:13:14+00:00,610.0,0.01,0.0,0.01,0.0,0.0,2053.0,2040,1.5625021874999998,False,REGULAR,USD,TSLA,2025-07-03,3,323.6300048828125,1.8848684942574565,2025-06-29 12:49:54.895442,6,6,1.0058794708476237,0.01,0.005,0.005,5.390103474331219e-06,5.419173732440367e-07,-0.0001900551963842117,7.289196501793319e-06
TSLA250703C00620000,2025-06-25 17:30:27+00:00,620.0,0.01,0.0,0.01,0.0,0.0,15359.0,14162,1.5937520312499998,False,REGULAR,USD,TSLA,2025-07-03,3,323.6300048828125,1.9157679777698733,2025-06-29 12:49:54.895442,6,6,1.0844453858645766,0.01,0.005,0.005,4.8368204456016496e-06,4.790831988984845e-07,-0.00017480131470853046,6.5729093361841985e-06
TSLA250703C00630000,2025-06-25 15:58:21+00:00,630.0,0.01,0.0,0.01,0.0,0.0,8411.0,8429,1.625001875,False,REGULAR,USD,TSLA,2025-07-03,3,323.6300048828125,1.946667461282291,2025-06-29 12:49:54.895442,6,6,0.9977461447212337,0.01,0.005,0.005,4.393334765996921e-06,4.2862128328100125e-07,-0.00016257784803470104,5.995888505588405e-06
TSLA250703C00640000,2025-06-25 15:09:13+00:00,640.0,0.01,0.0,0.01,0.0,0.0,1.0,407,1.65625171875,False,REGULAR,USD,TSLA,2025-07-03,3,323.6300048828125,1.977566944794708,2025-06-29 12:49:54.895442,6,6,0.0024509803921568627,0.01,0.005,0.005,4.035966083794408e-06,3.8777885046284136e-07,-0.00015279357677285937,5.52887040939779e-06
TSLA250703C00650000,2025-06-25 15:14:32+00:00,650.0,0.01,0.0,0.01,0.0,0.0,435.0,1113,1.6875015625,False,REGULAR,USD,TSLA,2025-07-03,3,323.6300048828125,2.0084664283071256,2025-06-29 12:49:54.895442,6,6,0.3904847396768402,0.01,0.005,0.005,3.7470445722873345e-06,3.5450693599797614e-07,-0.00014500081964602307,5.149853446122755e-06
TSLA250703C00660000,2025-06-25 15:10:55+00:00,660.0,0.01,0.0,0.01,0.0,0.0,2.0,41,1.71875140625,False,REGULAR,USD,TSLA,2025-07-03,3,323.6300048828125,2.039365911819542,2025-06-29 12:49:54.895442,6,6,0.047619047619047616,0.01,0.005,0.005,3.513244916719275e-06,3.2726337561460207e-07,-0.00013885789019014817,4.84212974303981e-06
TSLA250703C00670000,2025-06-23 19:11:09+00:00,670.0,0.02,0.0,0.01,0.0,0.0,4.0,124,1.75000125,False,REGULAR,USD,TSLA,2025-07-03,3,323.6300048828125,2.07026539533196,2025-06-29 12:49:54.895442,6,6,0.032,0.01,0.005,0.015,3.3244211028626908e-06,3.0487532428348604e-07,-0.00013410230646136555,4.592895708989271e-06
TSLA250703C00680000,2025-06-27 18:16:15+00:00,680.0,0.01,0.0,0.01,0.0,0.0,1.0,2614,1.8125009375,False,REGULAR,USD,TSLA,2025-07-03,3,323.6300048828125,2.101164878844377,2025-06-29 12:49:54.895442,6,6,0.0003824091778202677,0.01,0.005,0.005,4.627379163020513e-06,4.038195812263317e-07,-0.0001905333463714883,6.300740071947024e-06
TSLA250711C00050000,2025-06-24 19:56:34+00:00,50.0,290.85,273.15,274.55,0.0,0.0,2.0,4,3.5468761328125,True,REGULAR,USD,TSLA,2025-07-11,11,323.6300048828125,0.1544974175620865,2025-06-29 12:49:55.049723,6,6,0.4,1.400000000000034,273.85,17.0,0.9995861906016674,7.484100534878428e-06,-0.020325665966037985,0.0008378822976932516
TSLA250711C00060000,2025-06-25 13:53:50+00:00,60.0,272.0,263.15,264.55,0.0,0.0,2.0,2,3.19531451171875,True,REGULAR,USD,TSLA,2025-07-11,11,323.6300048828125,0.1853969010745038,2025-06-29 12:49:55.049723,6,6,0.6666666666666666,1.400000000000034,263.85,8.149999999999977,0.9995469575867756,9.035416389780009e-06,-0.021419131447227943,0.0009112953694807033
TSLA250711C00090000,2025-06-23 15:37:38+00:00,90.0,264.76,233.25,234.65,0.0,0.0,1.0,2,2.699222001953125,True,REGULAR,USD,TSLA,2025-07-11,11,323.6300048828125,0.2780953516117558,2025-06-29 12:49:55.049723,6,6,0.3333333333333333,1.4000000000000057,233.95,30.810000000000002,0.9985046399961128,3.208690426921569e-05,-0.04577507138197142,0.002733781524543055
TSLA250711C00100000,2025-06-27 19:05:07+00:00,100.0,219.7,223.25,224.65,26.479996,13.704583,2.0,13,2.4843787890625,True,REGULAR,USD,TSLA,2025-07-11,11,323.6300048828125,0.3089948351241731,2025-06-29 12:49:55.049723,6,6,0.14285714285714285,1.4000000000000057,223.95,-4.25,0.9983706240412038,3.769922129832949e-05,-0.046979984972634135,0.0029562936643402703
TSLA250711C00120000,2025-06-27 19:05:07+00:00,120.0,199.74,203.35,204.7,0.37,0.18558457,2.0,0,2.214848212890624,True,REGULAR,USD,TSLA,2025-07-11,11,323.6300048828125,0.3707938021490077,2025-06-29 12:49:55.049723,6,6,2.0,1.3499999999999943,204.02499999999998,-4.284999999999968,0.997252114961147,6.792998132905643e-05,-0.06408665629092154,0.004749007376650683
TSLA250711C00135000,2025-06-25 13:42:41+00:00,135.0,201.35,188.35,189.8,0.0,0.0,2.0,2,2.0156299609375,True,REGULAR,USD,TSLA,2025-07-11,11,323.6300048828125,0.4171430274176337,2025-06-29 12:49:55.049723,6,6,0.6666666666666666,1.450000000000017,189.075,12.275000000000006,0.9962963435349442,9.764304235319888e-05,-0.07519790902673062,0.0062122580590507235
TSLA250711C00140000,2025-06-27 16:07:13+00:00,140.0,185.37,183.45,184.75,-1.0700073,-0.5739151,1.0,8,1.958984580078125,True,REGULAR,USD,TSLA,2025-07-11,11,323.6300048828125,0.4325927691738424,2025-06-29 12:49:55.049723,6,6,0.1111111111111111,1.3000000000000114,184.1,1.2700000000000102,0.9958360170071056,0.0001115830090851678,-0.08038065494539322,0.006899640562884881
TSLA250711C00150000,2025-06-26 13:33:07+00:00,150.0,180.25,173.5,174.8,0.0,0.0,16.0,30,1.8466804541015625,True,REGULAR,USD,TSLA,2025-07-11,11,323.6300048828125,0.4634922526862597,2025-06-29 12:49:55.049723,6,6,0.5161290322580645,1.3000000000000114,174.15,6.099999999999994,0.9948208536723803,0.00014380737299617006,-0.09062382596253309,0.008382436759797645
TSLA250711C00155000,2025-06-27 19:53:30+00:00,155.0,168.45,168.5,169.85,0.0,0.0,1.0,0,1.791016669921875,True,REGULAR,USD,TSLA,2025-07-11,11,323.6300048828125,0.4789419944424684,2025-06-29 12:49:55.049723,6,6,1.0,1.3499999999999943,169.175,-0.7250000000000227,0.9942648657558292,0.00016234220070279016,-0.09563335689509231,0.009177585460491166
TSLA250711C00160000,2025-06-06 19:20:36+00:00,160.0,137.95,163.55,164.85,0.0,0.0,3.0,2,1.7353528857421874,True,REGULAR,USD,TSLA,2025-07-11,11,323.6300048828125,0.494391736198677,2025-06-29 12:49:55.049723,6,6,1.0,1.299999999999983,164.2,-26.25,0.9936829556572443,0.00018253500987569415,-0.10044199973543466,0.009998419544193787
TSLA250711C00170000,2025-06-27 14:05:23+00:00,170.0,156.75,153.6,154.9,3.5200043,2.297203,14.0,1,1.625978432617187,True,REGULAR,USD,TSLA,2025-07-11,11,323.6300048828125,0.5252912197110944,2025-06-29 12:49:55.049723,6,6,7.0,1.3000000000000114,154.25,2.5,0.9923936863555066,0.00022952801700689885,-0.109945390377345,0.011780069850178976
TSLA250711C00175000,2025-06-26 16:58:27+00:00,175.0,154.13,148.6,149.95,0.0,0.0,2.0,6,1.572267763671875,True,REGULAR,USD,TSLA,2025-07-11,11,323.6300048828125,0.540740961467303,2025-06-29 12:49:55.049723,6,6,0.2857142857142857,1.3499999999999943,149.27499999999998,4.855000000000018,0.9916787076530017,0.0002568812252766595,-0.11463983919987374,0.012748416815026878
TSLA250711C00180000,2025-06-24 16:15:34+00:00,180.0,164.17,143.7,144.95,0.0,0.0,3.0,15,1.5302757861328122,True,REGULAR,USD,TSLA,2025-07-11,11,323.6300048828125,0.5561907032235117,2025-06-29 12:49:55.049723,6,6,0.1875,1.25,144.325,19.845,0.990531906816312,0.0002955460484242332,-0.12345745149171981,0.01427553008650933
TSLA250711C00185000,2025-06-27 17:13:31+00:00,185.0,140.25,138.7,140.05,1.9700012,1.4246466,11.0,9,1.4873072509765624,True,REGULAR,USD,TSLA,2025-07-11,11,323.6300048828125,0.5716404449797203,2025-06-29 12:49:55.049723,6,6,1.1,1.3500000000000227,139.375,0.875,0.989301358747566,0.00033830045493958225,-0.13215347538510788,0.01588183418083236
TSLA250711C00190000,2025-06-27 15:20:35+00:00,190.0,135.5,133.75,135.0,-2.1799927,-1.5833765,1.0,14,1.423831005859375,True,REGULAR,USD,TSLA,2025-07-11,11,323.6300048828125,0.5870901867359289,2025-06-29 12:49:55.049723,6,6,0.06666666666666667,1.25,134.375,1.125,0.9888236584389049,0.0003670728116994393,-0.1322158538786736,0.01649711663020379
TSLA250711C00195000,2025-06-17 14:20:27+00:00,195.0,129.75,128.75,130.05,0.0,0.0,10.0,65,1.3720734521484377,True,REGULAR,USD,TSLA,2025-07-11,11,323.6300048828125,0.6025399284921377,2025-06-29 12:49:55.049723,6,6,0.15151515151515152,1.3000000000000114,129.4,0.3499999999999943,0.9878478037304261,0.00040963220573304437,-0.13672821278661315,0.017740621722319275
TSLA250711C00200000,2025-06-26 14:32:05+00:00,200.0,127.85,123.85,125.1,0.0,0.0,21.0,103,1.3369173779296872,True,REGULAR,USD,TSLA,2025-07-11,11,323.6300048828125,0.6179896702483463,2025-06-29 12:49:55.049723,6,6,0.20192307692307693,1.25,124.475,3.375,0.9859626112347603,0.0004762156667243344,-0.1487989767852015,0.020095815169380783
TSLA250711C00205000,2025-06-26 16:37:47+00:00,205.0,124.82,118.85,120.1,0.0,0.0,1.0,8,1.276370805664062,True,REGULAR,USD,TSLA,2025-07-11,11,323.6300048828125,0.633439412004555,2025-06-29 12:49:55.049723,6,6,0.1111111111111111,1.25,119.475,5.344999999999999,0.985305238455382,0.0005188558898338799,-0.14860953810273805,0.02090359552239783
TSLA250711C00210000,2025-06-16 16:26:18+00:00,210.0,122.24,113.9,115.1,0.0,0.0,2.0,3,1.2255898095703124,True,REGULAR,USD,TSLA,2025-07-11,11,323.6300048828125,0.6488891537607636,2025-06-29 12:49:55.049723,6,6,0.5,1.1999999999999886,114.5,7.739999999999995,0.9840721086841654,0.0005790734263947083,-0.15275544790141962,0.02240145139146716
TSLA250711C00215000,2025-06-27 19:41:51+00:00,215.0,108.54,108.9,110.15,-4.970001,-4.37847,1.0,12,1.1748088134765624,True,REGULAR,USD,TSLA,2025-07-11,11,323.6300048828125,0.6643388955169722,2025-06-29 12:49:55.049723,6,6,0.07692307692307693,1.25,109.525,-0.9849999999999994,0.9827681363601174,0.0006461890245351562,-0.15654193774517586,0.023962060123428063
TSLA250711C00220000,2025-06-27 16:32:57+00:00,220.0,105.63,104.0,105.2,-3.4900055,-3.1983185,2.0,46,1.137211345214844,True,REGULAR,USD,TSLA,2025-07-11,11,323.6300048828125,0.679788637273181,2025-06-29 12:49:55.049723,6,6,0.0425531914893617,1.2000000000000028,104.6,1.0300000000000011,0.9803689990191895,0.0007459402795704516,-0.16756192891582194,0.02677581032948782
TSLA250711C00225000,2025-06-27 17:04:17+00:00,225.0,100.46,99.05,100.25,-3.840004,-3.681691,7.0,16,1.092289694824219,True,REGULAR,USD,TSLA,2025-07-11,11,323.6300048828125,0.6952383790293896,2025-06-29 12:49:55.049723,6,6,0.4117647058823529,1.2000000000000028,99.65,0.8099999999999881,0.9782946111001014,0.0008455854749966551,-0.17448738495257526,0.029153636257372852
TSLA250711C00230000,2025-06-27 19:33:09+00:00,230.0,92.63,94.15,95.2,-3.8700027,-4.0103655,52.0,16,1.0417528381347658,True,REGULAR,USD,TSLA,2025-07-11,11,323.6300048828125,0.7106881207855983,2025-06-29 12:49:55.049723,6,6,3.0588235294117645,1.0499999999999972,94.67500000000001,-2.045000000000016,0.976549766555034,0.0009463283813321638,-0.17769332116381711,0.031117445515285
TSLA250711C00235000,2025-06-27 13:41:47+00:00,235.0,88.73,89.2,90.25,-6.0699997,-6.402953,1.0,21,0.9965820654296876,True,REGULAR,USD,TSLA,2025-07-11,11,323.6300048828125,0.7261378625418069,2025-06-29 12:49:55.049723,6,6,0.045454545454545456,1.0499999999999972,89.725,-0.9949999999999903,0.974108972022964,0.0010749160244401612,-0.18408593251773564,0.03381309968144413
TSLA250711C00240000,2025-06-27 19:41:31+00:00,240.0,83.82,84.4,85.1,-4.3600006,-4.9444327,8.0,2137,0.9467778759765624,True,REGULAR,USD,TSLA,2025-07-11,11,323.6300048828125,0.7415876042980155,2025-06-29 12:49:55.049723,6,6,0.0037418147801683817,0.6999999999999886,84.75,-0.9300000000000068,0.9719518337936482,0.0012096249553790257,-0.18706908982039352,0.03614899429292296
TSLA250711C00245000,2025-06-27 13:49:01+00:00,245.0,81.0,79.35,80.3,-1.4100037,-1.7109618,1.0,13,0.9057626611328125,True,REGULAR,USD,TSLA,2025-07-11,11,323.6300048828125,0.7570373460542242,2025-06-29 12:49:55.049723,6,6,0.07142857142857142,0.9500000000000028,79.82499999999999,1.1750000000000114,0.9684421424610424,0.0013943316327937744,-0.19614430555645096,0.039863724611927866
TSLA250711C00250000,2025-06-27 18:28:58+00:00,250.0,72.15,74.55,75.2,-6.0199966,-7.70116,37.0,2089,0.8598646826171875,True,REGULAR,USD,TSLA,2025-07-11,11,323.6300048828125,0.7724870878104328,2025-06-29 12:49:55.049723,6,6,0.01770334928229665,0.6500000000000057,74.875,-2.7249999999999943,0.9651650230774,0.0015933003426619717,-0.20157223285201967,0.04324392856566454
TSLA250711C00255000,2025-06-27 19:33:05+00:00,255.0,67.99,69.5,70.45,-4.2300034,-5.8571076,26.0,83,0.8215349877929687,True,REGULAR,USD,TSLA,2025-07-11,11,323.6300048828125,0.7879368295666416,2025-06-29 12:49:55.049723,6,6,0.30952380952380953,0.9500000000000028,69.975,-1.9849999999999994,0.960201365488944,0.0018593830624882273,-0.21305857323814328,0.048216126165943354
TSLA250711C00260000,2025-06-27 19:33:30+00:00,260.0,63.05,64.65,65.55,-6.6499977,-9.540887,61.0,163,0.7849142602539063,True,REGULAR,USD,TSLA,2025-07-11,11,323.6300048828125,0.8033865713228502,2025-06-29 12:49:55.049723,6,6,0.3719512195121951,0.8999999999999915,65.1,-2.049999999999997,0.9540832506524436,0.0021845931256411887,-0.22651009559116303,0.05412403451937592
TSLA250711C00265000,2025-06-27 19:56:57+00:00,265.0,59.97,59.75,60.7,-4.4000015,-6.8354845,17.0,149,0.7463404272460938,True,REGULAR,USD,TSLA,2025-07-11,11,323.6300048828125,0.8188363130790588,2025-06-29 12:49:55.049723,6,6,0.11333333333333333,0.9500000000000028,60.225,-0.25500000000000256,0.9472814342867116,0.002565449195115206,-0.23880287189779545,0.06043628570616261
TSLA250711C00270000,2025-06-27 19:47:22+00:00,270.0,54.5,54.95,55.85,-4.830002,-8.140909,83.0,103,0.7116728051757812,True,REGULAR,USD,TSLA,2025-07-11,11,323.6300048828125,0.8342860548352675,2025-06-29 12:49:55.049723,6,6,0.7980769230769231,0.8999999999999986,55.400000000000006,-0.9000000000000057,0.938275164748906,0.0030460762207114994,-0.25538891588701523,0.06842558470998805
TSLA250711C00275000,2025-06-27 19:47:44+00:00,275.0,50.0,50.15,51.1,-4.580002,-8.391355,23.0,311,0.6792024267578126,True,REGULAR,USD,TSLA,2025-07-11,11,323.6300048828125,0.8497357965914761,2025-06-29 12:49:55.049723,6,6,0.07371794871794872,0.9500000000000028,50.625,-0.625,0.9268473208590418,0.0036396057769783117,-0.2750875065183952,0.0780280861714842
TSLA250711C00280000,2025-06-27 19:00:01+00:00,280.0,41.19,45.65,46.35,-8.010002,-16.28049,144.0,1620,0.6567417138671876,True,REGULAR,USD,TSLA,2025-07-11,11,323.6300048828125,0.8651855383476849,2025-06-29 12:49:55.049723,6,6,0.08883405305367058,0.7000000000000028,46.0,-4.810000000000002,0.9099391697144844,0.00440337530103118,-0.306573843363603,0.09128043148682696
TSLA250711C00285000,2025-06-27 19:56:17+00:00,285.0,41.12,41.15,41.8,-3.380001,-7.5955076,31.0,313,0.6359899682617188,True,REGULAR,USD,TSLA,2025-07-11,11,323.6300048828125,0.8806352801038935,2025-06-29 12:49:55.049723,6,6,0.09872611464968153,0.6499999999999986,41.474999999999994,-0.3549999999999969,0.8887948202476106,0.005303748853737536,-0.34156857806961166,0.10647081944037039
TSLA250711C00290000,2025-06-27 19:35:07+00:00,290.0,35.25,36.7,37.1,-3.8400002,-9.823484,113.0,1657,0.6051064880371095,True,REGULAR,USD,TSLA,2025-07-11,11,323.6300048828125,0.8960850218601021,2025-06-29 12:49:55.049723,6,6,0.06815440289505428,0.3999999999999986,36.900000000000006,-1.6500000000000057,0.8667926790851714,0.006328165164697842,-0.3658755192723372,0.1208667920298644
TSLA250711C00295000,2025-06-27 19:20:20+00:00,295.0,29.65,32.3,33.2,-7.500002,-20.18843,21.0,666,0.5952799261474608,True,REGULAR,USD,TSLA,2025-07-11,11,323.6300048828125,0.9115347636163108,2025-06-29 12:49:55.049723,6,6,0.031484257871064465,0.9000000000000057,32.75,-3.1000000000000014,0.8321169599869855,0.007505792968058888,-0.41408219813288477,0.14103119928863697
TSLA250711C00297500,2025-06-27 19:54:40+00:00,297.5,30.55,30.25,31.15,-4.209999,-12.111621,96.0,198,0.5880168151855469,True,REGULAR,USD,TSLA,2025-07-11,11,323.6300048828125,0.9192596344944152,2025-06-29 12:49:55.049723,6,6,0.4824120603015075,0.8999999999999986,30.7,-0.14999999999999858,0.813405568978102,0.008123062293141805,-0.4349054524533333,0.15076721394925888
TSLA250711C00300000,2025-06-27 19:59:29+00:00,300.0,28.65,28.35,29.15,-2.6800003,-8.554103,243.0,2068,0.5837443969726561,True,REGULAR,USD,TSLA,2025-07-11,11,323.6300048828125,0.9269845053725194,2025-06-29 12:49:55.049723,6,6,0.11744804253262446,0.7999999999999972,28.75,-0.10000000000000142,0.792094950827514,0.008735939916627428,-0.4583633410716776,0.1609643661446651
TSLA250711C00302500,2025-06-27 19:56:37+00:00,302.5,26.63,26.35,27.25,-3.5200005,-11.67496,227.0,91,0.5766643896484375,True,REGULAR,USD,TSLA,2025-07-11,11,323.6300048828125,0.9347093762506238,2025-06-29 12:49:55.049723,6,6,2.467391304347826,0.8999999999999986,26.8,-0.1700000000000017,0.7702188558074361,0.009367361341157036,-0.47749468041394366,0.17050526226545018
TSLA250711C00305000,2025-06-27 19:55:48+00:00,305.0,24.7,24.5,25.4,-3.2799988,-11.722655,316.0,502,0.5721478332519532,True,REGULAR,USD,TSLA,2025-07-11,11,323.6300048828125,0.942434247128728,2025-06-29 12:49:55.049723,6,6,0.6282306163021869,0.8999999999999986,24.95,-0.25,0.7459356825803665,0.009970346241702116,-0.4980240744960103,0.1800594330029866
TSLA250711C00307500,2025-06-27 19:59:16+00:00,307.5,23.1,22.9,23.6,-2.8500004,-10.98266,450.0,189,0.5718426605224609,True,REGULAR,USD,TSLA,2025-07-11,11,323.6300048828125,0.9501591180068324,2025-06-29 12:49:55.049723,6,6,2.3684210526315788,0.7000000000000028,23.25,-0.14999999999999858,0.7189829231331769,0.010496176693966509,-0.5212397933730588,0.18945456083953874
TSLA250711C00310000,2025-06-27 19:57:10+00:00,310.0,21.45,21.2,21.9,-3.5999985,-14.371252,647.0,587,0.5684857604980469,True,REGULAR,USD,TSLA,2025-07-11,11,323.6300048828125,0.9578839888849368,2025-06-29 12:49:55.049723,6,6,1.1003401360544218,0.6999999999999993,21.549999999999997,-0.09999999999999787,0.691678775960115,0.011019742673131168,-0.538779277167194,0.1977372201421087
TSLA250711C00312500,2025-06-27 19:57:10+00:00,312.5,19.85,19.6,20.2,-3.5499992,-15.170938,1125.0,247,0.5644574804687501,True,REGULAR,USD,TSLA,2025-07-11,11,323.6300048828125,0.9656088597630412,2025-06-29 12:49:55.049723,6,6,4.536290322580645,0.5999999999999979,19.9,-0.04999999999999716,0.6633108170950079,0.01151061042074443,-0.5529754291294549,0.20508172820322876
TSLA250711C00315000,2025-06-27 19:59:52+00:00,315.0,18.4,18.15,18.7,-2.3500004,-11.325303,908.0,608,0.5650678259277344,True,REGULAR,USD,TSLA,2025-07-11,11,323.6300048828125,0.9733337306411456,2025-06-29 12:49:55.049723,6,6,1.4909688013136289,0.5500000000000007,18.424999999999997,-0.02499999999999858,0.6330484374456999,0.011860901802429928,-0.5690270338346487,0.2115512864258172
TSLA250711C00317500,2025-06-27 19:59:40+00:00,317.5,16.8,16.75,17.0,-3.8500004,-18.64407,557.0,219,0.5594526477050781,True,REGULAR,USD,TSLA,2025-07-11,11,323.6300048828125,0.9810586015192496,2025-06-29 12:49:55.049723,6,6,2.5318181818181817,0.25,16.875,-0.07499999999999929,0.6029441930797244,0.012267570519715672,-0.5754236843633956,0.21663033784688857
TSLA250711C00320000,2025-06-27 19:59:52+00:00,320.0,15.5,15.4,15.6,-2.2999992,-12.921345,2669.0,980,0.5582319567871095,True,REGULAR,USD,TSLA,2025-07-11,11,323.6300048828125,0.988783472397354,2025-06-29 12:49:55.049723,6,6,2.720693170234455,0.1999999999999993,15.5,0.0,0.5715808884902109,0.012514968861957743,-0.582884511056768,0.22051688463897276
TSLA250711C00322500,2025-06-27 19:59:42+00:00,322.5,14.2,14.1,14.35,-2.2699995,-13.782633,1378.0,392,0.5581098876953126,True,REGULAR,USD,TSLA,2025-07-11,11,323.6300048828125,0.9965083432754585,2025-06-29 12:49:55.049723,6,6,3.5063613231552164,0.25,14.225,-0.025000000000000355,0.5398665893409956,0.012659482265498434,-0.5878694498336606,0.22301446954630752
TSLA250711C00325000,2025-06-27 19:59:58+00:00,325.0,13.0,12.9,13.2,-2.0500002,-13.6212635,2968.0,1645,0.5590254058837891,False,REGULAR,USD,TSLA,2025-07-11,11,323.6300048828125,1.0042332141535628,2025-06-29 12:49:55.049723,6,6,1.8031591737545565,0.29999999999999893,13.05,-0.05000000000000071,0.5081866023300399,0.01269955128134751,-0.5902823740062065,0.2240873299847843
TSLA250711C00327500,2025-06-27 19:59:40+00:00,327.5,11.85,11.8,12.05,-2.12,-15.175375,3048.0,850,0.5590864404296876,False,REGULAR,USD,TSLA,2025-07-11,11,323.6300048828125,1.0119580850316672,2025-06-29 12:49:55.049723,6,6,3.581668625146886,0.25,11.925,-0.07500000000000107,0.4767064986197423,0.012679183306874082,-0.5882526687332664,0.22375235774101024
TSLA250711C00330000,2025-06-27 19:59:52+00:00,330.0,10.8,10.7,10.95,-2.0,-15.625,5119.0,3360,0.5572554040527344,False,REGULAR,USD,TSLA,2025-07-11,11,323.6300048828125,1.019682955909771,2025-06-29 12:49:55.049723,6,6,1.5230586135078845,0.25,10.825,-0.02499999999999858,0.4453017150075162,0.01262261152446431,-0.5807716469303671,0.22202449226508406
TSLA250711C00332500,2025-06-27 19:59:37+00:00,332.5,9.8,9.75,10.05,-2.0999994,-17.647055,1073.0,655,0.5596967858886719,False,REGULAR,USD,TSLA,2025-07-11,11,323.6300048828125,1.0274078267878757,2025-06-29 12:49:55.049723,6,6,1.6356707317073171,0.3000000000000007,9.9,-0.09999999999999964,0.41519818462766617,0.012399270091304317,-0.5744643352385763,0.219051541377255
TSLA250711C00335000,2025-06-27 19:59:59+00:00,335.0,9.0,8.85,9.1,-1.75,-16.27907,1422.0,1506,0.5594526477050781,False,REGULAR,USD,TSLA,2025-07-11,11,323.6300048828125,1.03513269766598,2025-06-29 12:49:55.049723,6,6,0.9435965494359655,0.25,8.975,0.025000000000000355,0.3853511834002469,0.012164719109228415,-0.5622473145554888,0.21481410734174702
TSLA250711C00337500,2025-06-27 19:58:07+00:00,337.5,8.05,8.05,8.35,-1.6999998,-17.435894,668.0,629,0.5627485131835939,False,REGULAR,USD,TSLA,2025-07-11,11,323.6300048828125,1.0428575685440844,2025-06-29 12:49:55.049723,6,6,1.0603174603174603,0.29999999999999893,8.2,-0.14999999999999858,0.3574496277410208,0.011803818056701098,-0.551172651597781,0.2096690093370734
TSLA250711C00340000,2025-06-27 19:59:55+00:00,340.0,7.39,7.3,7.5,-1.6100001,-17.88889,2914.0,2395,0.5623212713623047,False,REGULAR,USD,TSLA,2025-07-11,11,323.6300048828125,1.0505824394221888,2025-06-29 12:49:55.049723,6,6,1.2161936560934892,0.20000000000000018,7.4,-0.010000000000000675,0.3295206861017629,0.011456459716054097,-0.5334683069459325,0.2033444506502903
TSLA250711C00342500,2025-06-27 19:59:40+00:00,342.5,6.7,6.6,6.9,-1.5,-18.292683,822.0,701,0.565983344116211,False,REGULAR,USD,TSLA,2025-07-11,11,323.6300048828125,1.0583073103002931,2025-06-29 12:49:55.049723,6,6,1.170940170940171,0.3000000000000007,6.75,-0.04999999999999982,0.3042169783464683,0.011003095721366117,-0.5183881666821043,0.196569404619989
TSLA250711C00345000,2025-06-27 19:59:18+00:00,345.0,6.05,6.0,6.1,-1.3499999,-18.24324,1459.0,1507,0.5648236877441408,False,REGULAR,USD,TSLA,2025-07-11,11,323.6300048828125,1.0660321811783973,2025-06-29 12:49:55.049723,6,6,0.9675066312997348,0.09999999999999964,6.05,0.0,0.27835512024191555,0.010577640383416572,-0.49578893710938987,0.18858149752349349
TSLA250711C00347500,2025-06-27 19:59:17+00:00,347.5,5.45,5.4,5.7,-1.95,-26.351353,777.0,843,0.5706830041503907,False,REGULAR,USD,TSLA,2025-07-11,11,323.6300048828125,1.0737570520565016,2025-06-29 12:49:55.049723,6,6,0.9206161137440758,0.2999999999999998,5.550000000000001,-0.10000000000000053,0.2566949618698623,0.010049897691447788,-0.4803320809343149,0.18103142069081177
TSLA250711C00350000,2025-06-27 19:59:59+00:00,350.0,4.95,4.9,5.05,-1.25,-20.161291,6774.0,4742,0.5704388659667969,False,REGULAR,USD,TSLA,2025-07-11,11,323.6300048828125,1.081481922934606,2025-06-29 12:49:55.049723,6,6,1.4282099936748893,0.14999999999999947,4.975,-0.024999999999999467,0.23383392832939603,0.00956227519829002,-0.4562255575595421,0.17217406232480745
TSLA250711C00352500,2025-06-27 19:55:29+00:00,352.5,4.37,4.45,4.65,-1.78,-28.943092,565.0,485,0.5756878369140624,False,REGULAR,USD,TSLA,2025-07-11,11,323.6300048828125,1.0892067938127103,2025-06-29 12:49:55.049723,6,6,1.162551440329218,0.20000000000000018,4.550000000000001,-0.1800000000000006,0.21477336345615833,0.009028463906969373,-0.4383062904028872,0.16405833524024746
TSLA250711C00355000,2025-06-27 19:59:44+00:00,355.0,4.05,4.0,4.2,-1.0299997,-20.275585,1908.0,1439,0.5773968041992188,False,REGULAR,USD,TSLA,2025-07-11,11,323.6300048828125,1.0969316646908147,2025-06-29 12:49:55.049723,6,6,1.325,0.20000000000000018,4.1,-0.04999999999999982,0.1954908626307733,0.008512188730772176,-0.4153663454008617,0.15513614672658976
TSLA250711C00357500,2025-06-27 19:54:10+00:00,357.5,3.6,3.6,3.9,-1.25,-25.773197,174.0,182,0.5827678442382812,False,REGULAR,USD,TSLA,2025-07-11,11,323.6300048828125,1.104656535568919,2025-06-29 12:49:55.049723,6,6,0.9508196721311475,0.2999999999999998,3.75,-0.1499999999999999,0.17921280502100162,0.007992329510060675,-0.39696796783353416,0.14701658873679904
TSLA250711C00360000,2025-06-27 19:59:42+00:00,360.0,3.35,3.3,3.4,-0.9000001,-21.176472,2505.0,3238,0.5830119824218749,False,REGULAR,USD,TSLA,2025-07-11,11,323.6300048828125,1.1123814064470234,2025-06-29 12:49:55.049723,6,6,0.7733868477925285,0.10000000000000009,3.3499999999999996,4.440892098500626e-16,0.1618715260664651,0.007484858006172926,-0.37182693142449397,0.13773947611922632
TSLA250711C00362500,2025-06-27 19:53:20+00:00,362.5,2.81,3.0,3.2,-1.1,-28.132994,199.0,364,0.5907023352050782,False,REGULAR,USD,TSLA,2025-07-11,11,323.6300048828125,1.1201062773251276,2025-06-29 12:49:55.049723,6,6,0.5452054794520548,0.20000000000000018,3.1,-0.29000000000000004,0.1491448635414666,0.006998862306218373,-0.3566569131390056,0.1304948935405816
TSLA250711C00365000,2025-06-27 19:59:27+00:00,365.0,2.74,2.73,2.8,-0.79999995,-22.59887,751.0,1233,0.590946473388672,False,REGULAR,USD,TSLA,2025-07-11,11,323.6300048828125,1.127831148203232,2025-06-29 12:49:55.049723,6,6,0.6085899513776337,0.06999999999999984,2.7649999999999997,-0.024999999999999467,0.1342268230460663,0.006513852157055208,-0.33202492861490013,0.12150199889321224
TSLA250711C00367500,2025-06-27 19:59:30+00:00,367.5,2.5,2.48,2.66,-0.9,-26.470587,345.0,148,0.5991251025390626,False,REGULAR,USD,TSLA,2025-07-11,11,323.6300048828125,1.1355560190813363,2025-06-29 12:49:55.049723,6,6,2.315436241610738,0.18000000000000016,2.5700000000000003,-0.07000000000000028,0.12389312586796325,0.0060777263645019515,-0.31822639037424044,0.11493598966031436
TSLA250711C00370000,2025-06-27 19:59:51+00:00,370.0,2.3,2.26,2.33,-0.56999993,-19.860626,1353.0,2412,0.5998575170898439,False,REGULAR,USD,TSLA,2025-07-11,11,323.6300048828125,1.1432808899594409,2025-06-29 12:49:55.049723,6,6,0.5607128056361376,0.07000000000000028,2.295,0.004999999999999893,0.1113633746807906,0.005628945895135233,-0.29530028274731623,0.10657922554402907
TSLA250711C00372500,2025-06-27 19:58:19+00:00,372.5,2.08,2.07,2.2,-0.84,-28.767124,341.0,308,0.6079140771484376,False,REGULAR,USD,TSLA,2025-07-11,11,323.6300048828125,1.151005760837545,2025-06-29 12:49:55.049723,6,6,1.103559870550162,0.13000000000000034,2.135,-0.054999999999999716,0.10283352814985514,0.0052441063269273395,-0.28239444734414076,0.10062619922215317
TSLA250711C00375000,2025-06-27 19:59:37+00:00,375.0,1.9,1.89,2.03,-0.5200001,-21.487608,651.0,1708,0.6132851171875001,False,REGULAR,USD,TSLA,2025-07-11,11,323.6300048828125,1.1587306317156494,2025-06-29 12:49:55.049723,6,6,0.38092451726155646,0.1399999999999999,1.96,-0.06000000000000005,0.09402237066523217,0.004868116169220256,-0.26666975486239836,0.09423684533463467
TSLA250711C00377500,2025-06-27 19:55:10+00:00,377.5,1.71,1.73,1.78,-0.51,-22.972973,135.0,140,0.6146278771972657,False,REGULAR,USD,TSLA,2025-07-11,11,323.6300048828125,1.1664555025937535,2025-06-29 12:49:55.049723,6,6,0.9574468085106383,0.050000000000000044,1.755,-0.04499999999999993,0.08448048701161354,0.00448566231418065,-0.24669270332948123,0.08702343280835917
TSLA250711C00380000,2025-06-27 19:59:52+00:00,380.0,1.6,1.59,1.62,-0.38,-19.19192,1760.0,3118,0.619388571777344,False,REGULAR,USD,TSLA,2025-07-11,11,323.6300048828125,1.174180373471858,2025-06-29 12:49:55.049723,6,6,0.5642834241744149,0.030000000000000027,1.605,-0.004999999999999893,0.0770004289236091,0.004150196482109675,-0.23169399417975955,0.08113892065155014
TSLA250711C00382500,2025-06-27 19:50:01+00:00,382.5,1.38,1.47,1.5,-0.52,-27.36842,120.0,248,0.6257361645507813,False,REGULAR,USD,TSLA,2025-07-11,11,323.6300048828125,1.1819052443499622,2025-06-29 12:49:55.049723,6,6,0.4819277108433735,0.030000000000000027,1.4849999999999999,-0.10499999999999998,0.07073356290500014,0.0038500246154825083,-0.21927324335396842,0.07604175688334118
TSLA250711C00385000,2025-06-27 19:59:54+00:00,385.0,1.38,1.35,1.39,-0.28999996,-17.365269,874.0,1297,0.6315954809570312,False,REGULAR,USD,TSLA,2025-07-11,11,323.6300048828125,1.1896301152280666,2025-06-29 12:49:55.049723,6,6,0.6733436055469953,0.039999999999999813,1.37,0.009999999999999787,0.06487193412887463,0.003567766612476545,-0.20694088548100625,0.07112672811385666
TSLA250711C00387500,2025-06-27 19:59:49+00:00,387.5,1.26,1.25,1.29,-0.29,-18.709677,53.0,280,0.637698935546875,False,REGULAR,USD,TSLA,2025-07-11,11,323.6300048828125,1.197354986106171,2025-06-29 12:49:55.049723,6,6,0.18861209964412812,0.040000000000000036,1.27,-0.010000000000000009,0.05961383727557928,0.0033081437961533064,-0.19553688059494892,0.06658822697870566
TSLA250711C00390000,2025-06-27 19:59:40+00:00,390.0,1.17,1.16,1.2,-0.23000002,-16.428574,1254.0,1138,0.6442906665039063,False,REGULAR,USD,TSLA,2025-07-11,11,323.6300048828125,1.205079856984275,2025-06-29 12:49:55.049723,6,6,1.1009657594381037,0.040000000000000036,1.18,-0.010000000000000009,0.05497241670898729,0.0030719579960334516,-0.18528508172832042,0.06247330666139653
TSLA250711C00392500,2025-06-27 19:54:52+00:00,392.5,1.08,1.07,1.11,-0.28,-20.588236,138.0,70,0.6496617065429688,False,REGULAR,USD,TSLA,2025-07-11,11,323.6300048828125,1.2128047278623797,2025-06-29 12:49:55.049723,6,6,1.943661971830986,0.040000000000000036,1.09,-0.010000000000000009,0.05040347197050262,0.00284383988241028,-0.17434179493985175,0.05831627689662623
TSLA250711C00395000,2025-06-27 19:59:56+00:00,395.0,1.0,1.0,1.03,-0.21000004,-17.355375,1259.0,3729,0.6562534375000001,False,REGULAR,USD,TSLA,2025-07-11,11,323.6300048828125,1.2205295987404838,2025-06-29 12:49:55.049723,6,6,0.3375335120643432,0.030000000000000027,1.0150000000000001,-0.015000000000000124,0.04656975621924042,0.0026426881674377436,-0.16526292230535844,0.05474127288410562
TSLA250711C00397500,2025-06-27 19:54:45+00:00,397.5,0.96,0.93,0.96,-0.13,-11.926606,388.0,336,0.6623568920898439,False,REGULAR,USD,TSLA,2025-07-11,11,323.6300048828125,1.2282544696185882,2025-06-29 12:49:55.049723,6,6,1.1513353115727003,0.029999999999999916,0.9450000000000001,0.014999999999999902,0.04295242940690035,0.0024532764929649548,-0.15623911789037281,0.051290382452915805
TSLA250711C00400000,2025-06-27 19:59:56+00:00,400.0,0.88,0.88,0.9,-0.100000024,-10.204084,3482.0,5433,0.6699251757812501,False,REGULAR,USD,TSLA,2025-07-11,11,323.6300048828125,1.2359793404966926,2025-06-29 12:49:55.049723,6,6,0.6407802723592197,0.020000000000000018,0.89,-0.010000000000000009,0.04000673415320652,0.0022898631843149453,-0.14914103824118674,0.04842093974099038
TSLA250711C00402500,2025-06-27 19:59:30+00:00,402.5,0.82,0.82,0.84,-0.18,-18.0,65.0,84,0.6760286303710938,False,REGULAR,USD,TSLA,2025-07-11,11,323.6300048828125,1.243704211374797,2025-06-29 12:49:55.049723,6,6,0.7647058823529411,0.020000000000000018,0.83,-0.010000000000000009,0.03698185359551309,0.002128339427387578,-0.14112097949661995,0.04541542259807768
TSLA250711C00405000,2025-06-27 19:59:56+00:00,405.0,0.79,0.76,0.87,-0.13999999,-15.053762,188.0,669,0.6887238159179689,False,REGULAR,USD,TSLA,2025-07-11,11,323.6300048828125,1.2514290822529013,2025-06-29 12:49:55.049723,6,6,0.28059701492537314,0.10999999999999999,0.815,-0.02499999999999991,0.035654378732928524,0.0020275224266717916,-0.1394933311460568,0.044076606259851714
TSLA250711C00407500,2025-06-27 19:57:51+00:00,407.5,0.72,0.71,0.82,-0.13,-15.294117,132.0,79,0.6953155468750001,False,REGULAR,USD,TSLA,2025-07-11,11,323.6300048828125,1.2591539531310056,2025-06-29 12:49:55.049723,6,6,1.65,0.10999999999999999,0.7649999999999999,-0.04499999999999993,0.03316022836371345,0.00189211727880839,-0.13264943422928907,0.04152669537532511
TSLA250711C00410000,2025-06-27 19:59:41+00:00,410.0,0.67,0.67,0.7,-0.050000012,-6.9444456,547.0,1106,0.6958038232421876,False,REGULAR,USD,TSLA,2025-07-11,11,323.6300048828125,1.26687882400911,2025-06-29 12:49:55.049723,6,6,0.4941282746160795,0.029999999999999916,0.685,-0.015000000000000013,0.029680318261975112,0.0017251691869647886,-0.12109084294444215,0.037889239092172476
TSLA250711C00412500,2025-06-27 19:41:03+00:00,412.5,0.58,0.63,0.66,-0.1,-14.705883,29.0,71,0.702151416015625,False,REGULAR,USD,TSLA,2025-07-11,11,323.6300048828125,1.274603694887214,2025-06-29 12:49:55.049723,6,6,0.4027777777777778,0.030000000000000027,0.645,-0.06500000000000006,0.027603585044598485,0.0016094850389079336,-0.11501638039998442,0.0356709848707385
TSLA250711C00415000,2025-06-27 19:59:16+00:00,415.0,0.6,0.59,0.62,-0.00999999,-1.6393427,171.0,333,0.7084990087890625,False,REGULAR,USD,TSLA,2025-07-11,11,323.6300048828125,1.2823285657653185,2025-06-29 12:49:55.049723,6,6,0.5119760479041916,0.030000000000000027,0.605,-0.0050000000000000044,0.025701827221819414,0.0015027358895638187,-0.10931551302168033,0.03360619058297934
TSLA250711C00417500,2025-06-27 19:43:00+00:00,417.5,0.52,0.56,0.58,-0.06,-10.344828,8.0,58,0.7148466015625,False,REGULAR,USD,TSLA,2025-07-11,11,323.6300048828125,1.2900534366434229,2025-06-29 12:49:55.049723,6,6,0.13559322033898305,0.019999999999999907,0.5700000000000001,-0.050000000000000044,0.02395889877884255,0.001404204410923447,-0.10396570315478224,0.0316840412501877
TSLA250711C00420000,2025-06-27 19:58:44+00:00,420.0,0.54,0.53,0.55,0.01000005,1.886802,383.0,778,0.7216824707031251,False,REGULAR,USD,TSLA,2025-07-11,11,323.6300048828125,1.2977783075215272,2025-06-29 12:49:55.049723,6,6,0.49165596919127086,0.020000000000000018,0.54,0.0,0.02243709534179088,0.0013161439281571677,-0.09929927338531416,0.02998105571399315
TSLA250711C00422500,2025-06-27 19:48:48+00:00,422.5,0.48,0.5,0.52,-0.03,-5.882353,11.0,161,0.7280300634765625,False,REGULAR,USD,TSLA,2025-07-11,11,323.6300048828125,1.3055031783996316,2025-06-29 12:49:55.049723,6,6,0.06790123456790123,0.020000000000000018,0.51,-0.030000000000000027,0.020965548819326572,0.0012319991786038614,-0.09457580388448666,0.02831112401098684
TSLA250711C00425000,2025-06-27 19:56:06+00:00,425.0,0.48,0.48,0.5,0.00999999,2.1276574,433.0,487,0.73633076171875,False,REGULAR,USD,TSLA,2025-07-11,11,323.6300048828125,1.313228049277736,2025-06-29 12:49:55.049723,6,6,0.8872950819672131,0.020000000000000018,0.49,-0.010000000000000009,0.019891609637704047,0.001165021726697434,-0.09146857053980612,0.027077237192876497
TSLA250711C00427500,2025-06-27 18:04:33+00:00,427.5,0.36,0.45,0.47,-0.08,-18.181818,5.0,29,0.7417018017578124,False,REGULAR,USD,TSLA,2025-07-11,11,323.6300048828125,1.3209529201558403,2025-06-29 12:49:55.049723,6,6,0.16666666666666666,0.019999999999999962,0.45999999999999996,-0.09999999999999998,0.018501718202240985,0.0010875180705796855,-0.08661948446092635,0.025460281222329302
TSLA250711C00430000,2025-06-27 19:50:31+00:00,430.0,0.41,0.42,0.45,-0.00999999,-2.3809502,90.0,976,0.7480493945312501,False,REGULAR,USD,TSLA,2025-07-11,11,323.6300048828125,1.3286777910339445,2025-06-29 12:49:55.049723,6,6,0.09211873080859775,0.030000000000000027,0.435,-0.025000000000000022,0.017350452599902942,0.0010208004019432058,-0.08268975924321023,0.024102855016914605
TSLA250711C00432500,2025-06-27 16:51:06+00:00,432.5,0.29,0.4,0.42,-0.36,-55.384617,11.0,120,0.7539087109375,False,REGULAR,USD,TSLA,2025-07-11,11,323.6300048828125,1.3364026619120488,2025-06-29 12:49:55.049723,6,6,0.09090909090909091,0.019999999999999962,0.41000000000000003,-0.12000000000000005,0.016230021276415096,0.0009566514880476726,-0.07870002728342727,0.022765117330574906
TSLA250711C00435000,2025-06-27 19:36:15+00:00,435.0,0.33,0.38,0.4,-0.049999982,-13.15789,89.0,306,0.7602563037109377,False,REGULAR,USD,TSLA,2025-07-11,11,323.6300048828125,1.3441275327901532,2025-06-29 12:49:55.049723,6,6,0.2899022801302932,0.020000000000000018,0.39,-0.06,0.015254596696604698,0.0008995433963291998,-0.07524210704623405,0.021586365674836072
TSLA250711C00437500,2025-06-27 17:40:24+00:00,437.5,0.3,0.36,0.38,-0.2,-40.0,5.0,10,0.7666038964843751,False,REGULAR,USD,TSLA,2025-07-11,11,323.6300048828125,1.3518524036682575,2025-06-29 12:49:55.049723,6,6,0.45454545454545453,0.020000000000000018,0.37,-0.07,0.014354248617667941,0.0008466206272272846,-0.07199249827170975,0.020486003761482685
TSLA250711C00440000,2025-06-27 19:48:09+00:00,440.0,0.33,0.34,0.36,0.02000001,6.4516163,227.0,935,0.7719749365234375,False,REGULAR,USD,TSLA,2025-07-11,11,323.6300048828125,1.359577274546362,2025-06-29 12:49:55.049723,6,6,0.24252136752136752,0.019999999999999962,0.35,-0.019999999999999962,0.013420044101048544,0.0007933315757532589,-0.06840038294348082,0.019331044515047805
TSLA250711C00442500,2025-06-27 19:44:59+00:00,442.5,0.29,0.32,0.64,0.01,3.5714283,197.0,122,0.82226740234375,False,REGULAR,USD,TSLA,2025-07-11,11,323.6300048828125,1.3673021454244665,2025-06-29 12:49:55.049723,6,6,1.6016260162601625,0.32,0.48,-0.19,0.01744392008705398,0.0009329333239768661,-0.09123588228948903,0.02421369457468393
TSLA250711C00445000,2025-06-27 19:59:41+00:00,445.0,0.31,0.31,0.33,-0.03999999,-11.428569,285.0,247,0.7851583984375,False,REGULAR,USD,TSLA,2025-07-11,11,323.6300048828125,1.3750270163025706,2025-06-29 12:49:55.049723,6,6,1.1491935483870968,0.020000000000000018,0.32,-0.010000000000000009,0.011994855580786412,0.000707794573904328,-0.06311094855358806,0.01754130458560341
TSLA250711C00447500,2025-06-27 18:39:50+00:00,447.5,0.19,0.28,0.31,-0.13,-40.625,20.0,56,0.788088056640625,False,REGULAR,USD,TSLA,2025-07-11,11,323.6300048828125,1.3827518871806748,2025-06-29 12:49:55.049723,6,6,0.3508771929824561,0.02999999999999997,0.29500000000000004,-0.10500000000000004,0.011029699841442479,0.0006556130051042773,-0.058888388574304874,0.016308712847898834
TSLA250711C00450000,2025-06-27 19:59:54+00:00,450.0,0.28,0.26,0.29,0.049999997,21.739128,5727.0,1266,0.7915059912109376,False,REGULAR,USD,TSLA,2025-07-11,11,323.6300048828125,1.3904767580587791,2025-06-29 12:49:55.049723,6,6,4.5201262825572215,0.02999999999999997,0.275,0.0050000000000000044,0.010186407209112418,0.0006090854396617627,-0.05517852121233525,0.015217026766404684
TSLA250711C00452500,2025-06-27 19:48:48+00:00,452.5,0.24,0.25,0.28,0.01,4.347826,22.0,6,0.79883013671875,False,REGULAR,USD,TSLA,2025-07-11,11,323.6300048828125,1.3982016289368835,2025-06-29 12:49:55.049723,6,6,3.142857142857143,0.030000000000000027,0.265,-0.025000000000000022,0.009724040686308971,0.0005795166585169803,-0.05346956806322754,0.014612271923382318
TSLA250711C00455000,2025-06-27 19:29:33+00:00,455.0,0.2,0.23,0.56,0.010000005,5.2631607,101.0,407,0.8564467480468749,False,REGULAR,USD,TSLA,2025-07-11,11,323.6300048828125,1.405926499814988,2025-06-29 12:49:55.049723,6,6,0.24754901960784315,0.33000000000000007,0.395,-0.195,0.013656589847116098,0.0007259513564059304,-0.07697347628095953,0.019624801198637867
TSLA250711C00457500,2025-06-27 14:21:31+00:00,457.5,0.22,0.22,0.25,0.02,9.999999,53.0,12,0.807619111328125,False,REGULAR,USD,TSLA,2025-07-11,11,323.6300048828125,1.4136513706930922,2025-06-29 12:49:55.049723,6,6,4.076923076923077,0.03,0.235,-0.014999999999999986,0.008464158271836879,0.0005076243342022406,-0.047862463359992245,0.012940361252983361
TSLA250711C00460000,2025-06-27 19:33:26+00:00,460.0,0.19,0.21,0.54,0.00999999,5.55555,89.0,393,0.8725598681640624,False,REGULAR,USD,TSLA,2025-07-11,11,323.6300048828125,1.4213762415711966,2025-06-29 12:49:55.049723,6,6,0.22588832487309646,0.33000000000000007,0.375,-0.185,0.012687822401180248,0.0006686513043260129,-0.07357491153660903,0.018415872982661383
TSLA250711C00462500,2025-06-27 18:51:18+00:00,462.5,0.14,0.19,0.22,-0.03,-17.647058,5.0,15,0.81445498046875,False,REGULAR,USD,TSLA,2025-07-11,11,323.6300048828125,1.4291011124493007,2025-06-29 12:49:55.049723,6,6,0.3125,0.03,0.20500000000000002,-0.065,0.00726449175189835,0.0004400358403483681,-0.04218680382590916,0.011312341684110619
TSLA250711C00465000,2025-06-27 15:49:47+00:00,465.0,0.15,0.18,0.2,-0.019999996,-11.764703,67.0,299,0.8173846386718748,False,REGULAR,USD,TSLA,2025-07-11,11,323.6300048828125,1.436825983327405,2025-06-29 12:49:55.049723,6,6,0.22333333333333333,0.020000000000000018,0.19,-0.04000000000000001,0.006706041915130823,0.00040856636781198564,-0.03944843303658922,0.010541112918736117
TSLA250711C00470000,2025-06-27 19:58:27+00:00,470.0,0.17,0.16,0.19,0.030000001,21.428572,125.0,934,0.8291032714843749,False,REGULAR,USD,TSLA,2025-07-11,11,323.6300048828125,1.4522757250836138,2025-06-29 12:49:55.049723,6,6,0.13368983957219252,0.03,0.175,-0.004999999999999977,0.006036988622669643,0.00036701250979685165,-0.036452771079768284,0.009604767947331956
TSLA250711C00475000,2025-06-27 19:59:37+00:00,475.0,0.16,0.14,0.17,0.02,14.285713,529.0,37,0.8369156933593749,False,REGULAR,USD,TSLA,2025-07-11,11,323.6300048828125,1.4677254668398223,2025-06-29 12:49:55.049723,6,6,13.921052631578947,0.03,0.15500000000000003,0.004999999999999977,0.00526335150974465,0.0003219014769937709,-0.03257203156591793,0.008503585079198087
TSLA250711C00480000,2025-06-27 19:29:37+00:00,480.0,0.11,0.12,0.15,0.0,0.0,55.0,1388,0.842775009765625,False,REGULAR,USD,TSLA,2025-07-11,11,323.6300048828125,1.483175208596031,2025-06-29 12:49:55.049723,6,6,0.03959683225341973,0.03,0.135,-0.02500000000000001,0.00451649368750715,0.00027890769384424557,-0.028613684061853484,0.007419412617602459
TSLA250711C00485000,2025-06-27 19:29:26+00:00,485.0,0.1,0.11,0.14,0.0,0.0,25.0,102,0.8535170898437501,False,REGULAR,USD,TSLA,2025-07-11,11,323.6300048828125,1.4986249503522395,2025-06-29 12:49:55.049723,6,6,0.24271844660194175,0.030000000000000013,0.125,-0.024999999999999994,0.004072134974791548,0.00025104335730630027,-0.026411609426595414,0.006763295079389059
TSLA250711C00490000,2025-06-27 19:49:33+00:00,490.0,0.12,0.1,0.12,0.029999994,33.333324,390.0,373,0.860352958984375,False,REGULAR,USD,TSLA,2025-07-11,11,323.6300048828125,1.5140746921084485,2025-06-29 12:49:55.049723,6,6,1.0427807486631016,0.01999999999999999,0.11,0.009999999999999995,0.0035459839809337396,0.00021999857680047026,-0.02351434201698537,0.005974394662803928
TSLA250711C00495000,2025-06-27 19:04:30+00:00,495.0,0.09,0.08,0.11,-0.08,-47.058823,15.0,12,0.8652357226562499,False,REGULAR,USD,TSLA,2025-07-11,11,323.6300048828125,1.5295244338646572,2025-06-29 12:49:55.049723,6,6,1.1538461538461537,0.03,0.095,-0.0050000000000000044,0.003034361056720539,0.00019015395278286306,-0.020553046536282007,0.005193225484220434
TSLA250711C00500000,2025-06-27 19:59:07+00:00,500.0,0.09,0.08,0.1,0.020000003,28.571432,138.0,1351,0.87695435546875,False,REGULAR,USD,TSLA,2025-07-11,11,323.6300048828125,1.5449741756208657,2025-06-29 12:49:55.049723,6,6,0.10207100591715976,0.020000000000000004,0.09,0.0,0.002791025855731607,0.0001739937791634303,-0.0193165967539007,0.004816239672958135
TSLA250711C00505000,2025-06-27 15:48:31+00:00,505.0,0.07,0.06,0.09,-0.19,-73.07693,1.0,1,0.8789074609374999,False,REGULAR,USD,TSLA,2025-07-11,11,323.6300048828125,1.5604239173770744,2025-06-29 12:49:55.049723,6,6,0.5,0.03,0.075,-0.0049999999999999906,0.0023267463795888857,0.00014728116244163404,-0.016421997617508732,0.004085900012796582
TSLA250711C00510000,2025-06-27 19:09:37+00:00,510.0,0.05,0.05,0.08,-0.029999997,-37.499996,13.0,350,0.8828136718749999,False,REGULAR,USD,TSLA,2025-07-11,11,323.6300048828125,1.5758736591332831,2025-06-29 12:49:55.049723,6,6,0.037037037037037035,0.03,0.065,-0.015,0.0019809641168342163,0.00012672536138003362,-0.014254265579124152,0.0035312622274729037
TSLA250711C00515000,2025-06-27 14:00:16+00:00,515.0,0.05,0.05,0.07,-0.05,-50.0,20.0,10,0.8906260937499999,False,REGULAR,USD,TSLA,2025-07-11,11,323.6300048828125,1.5913234008894916,2025-06-29 12:49:55.049723,6,6,1.8181818181818181,0.020000000000000004,0.060000000000000005,-0.010000000000000002,0.001763374828457716,0.00011300692175552722,-0.012935699714408198,0.0031768582735504118
TSLA250711C00520000,2025-06-27 13:55:44+00:00,520.0,0.04,0.04,0.07,0.0,0.0,1.0,542,0.9003916210937499,False,REGULAR,USD,TSLA,2025-07-11,11,323.6300048828125,1.6067731426457004,2025-06-29 12:49:55.049723,6,6,0.001841620626151013,0.030000000000000006,0.05500000000000001,-0.015000000000000006,0.001608848738897022,0.00010282574294546419,-0.012028483013912164,0.0029223395872066344
TSLA250711C00530000,2025-06-27 19:27:40+00:00,530.0,0.03,0.02,0.05,-0.01,-25.0,10.0,441,0.8945323046874999,False,REGULAR,USD,TSLA,2025-07-11,11,323.6300048828125,1.6376726261581176,2025-06-29 12:49:55.049723,6,6,0.02262443438914027,0.030000000000000002,0.035,-0.0050000000000000044,0.0010037630852524578,6.722906480664496e-05,-0.007760999263632368,0.0018982371969457812
TSLA250711C00540000,2025-06-25 19:38:54+00:00,540.0,0.06,0.02,0.04,0.0,0.0,14.0,468,0.9101571484375,False,REGULAR,USD,TSLA,2025-07-11,11,323.6300048828125,1.668572109670535,2025-06-29 12:49:55.049723,6,6,0.029850746268656716,0.02,0.03,0.03,0.000811620048992004,5.435353783517014e-05,-0.006494532706591573,0.001561498538074787
TSLA250711C00545000,2025-06-27 14:08:14+00:00,545.0,0.02,0.01,0.04,-0.04,-66.66667,1.0,1,0.914063359375,False,REGULAR,USD,TSLA,2025-07-11,11,323.6300048828125,1.6840218514267438,2025-06-29 12:49:55.049723,6,6,0.5,0.03,0.025,-0.005000000000000001,0.0006976161924572306,4.707698958887672e-05,-0.005672991457508837,0.00135825828911476
TSLA250711C00550000,2025-06-27 19:03:01+00:00,550.0,0.02,0.01,0.04,0.0,0.0,82.0,260,0.9257819921875,False,REGULAR,USD,TSLA,2025-07-11,11,323.6300048828125,1.6994715931829525,2025-06-29 12:49:55.049723,6,6,0.31417624521072796,0.03,0.025,-0.005000000000000001,0.0006637044150027151,4.439290904762242e-05,-0.005487109933276268,0.0012972381560493198
TSLA250711C00560000,2025-06-27 14:31:14+00:00,560.0,0.01,0.01,0.03,-0.03,-75.0,1.0,64,0.937500625,False,REGULAR,USD,TSLA,2025-07-11,11,323.6300048828125,1.7303710766953695,2025-06-29 12:49:55.049723,6,6,0.015384615384615385,0.019999999999999997,0.02,-0.01,0.0005217023485346745,3.509478269725393e-05,-0.0044476516965691205,0.0010385119633828798
TSLA250711C00570000,2025-06-26 18:04:26+00:00,570.0,0.01,0.0,0.03,0.0,0.0,1.0,343,0.937500625,False,REGULAR,USD,TSLA,2025-07-11,11,323.6300048828125,1.761270560207787,2025-06-29 12:49:55.049723,6,6,0.0029069767441860465,0.03,0.015,-0.004999999999999999,0.000352911983255439,2.4424486309897247e-05,-0.0030949611365435575,0.0007227604584739146
TSLA250711C00580000,2025-06-26 17:36:44+00:00,580.0,0.01,0.0,0.02,0.0,0.0,2.0,226,0.937500625,False,REGULAR,USD,TSLA,2025-07-11,11,323.6300048828125,1.7921700437202042,2025-06-29 12:49:55.049723,6,6,0.00881057268722467,0.02,0.01,0.0,0.00023777044260777947,1.6909971475046576e-05,-0.0021424862899340133,0.0005003936861154358
TSLA250711C00590000,2025-06-25 19:51:16+00:00,590.0,0.02,0.0,0.02,0.0,0.0,1.0,74,0.9687503125,False,REGULAR,USD,TSLA,2025-07-11,11,323.6300048828125,1.8230695272326216,2025-06-29 12:49:55.049723,6,6,0.013333333333333334,0.02,0.01,0.01,0.000252807756466647,1.7327598035711076e-05,-0.002343868353240788,0.0005298434873987046
TSLA250711C00600000,2025-06-27 17:10:57+00:00,600.0,0.01,0.0,0.02,0.0,0.0,21.0,378,0.98437515625,False,REGULAR,USD,TSLA,2025-07-11,11,323.6300048828125,1.8539690107450388,2025-06-29 12:49:55.049723,6,6,0.055408970976253295,0.02,0.01,0.0,0.00021722391102095527,1.4802192999691264e-05,-0.002067123781821648,0.0004599218972493731
TSLA250711C00610000,2025-06-26 13:30:00+00:00,610.0,0.02,0.0,0.02,0.0,0.0,6208.0,4992,1.015629921875,False,REGULAR,USD,TSLA,2025-07-11,11,323.6300048828125,1.8848684942574565,2025-06-29 12:49:55.049723,6,6,1.2433406769477269,0.02,0.01,0.01,0.0002340637163665864,1.5382016787845876e-05,-0.0022863896492406805,0.000493112655449104
TSLA250711C00620000,2025-06-27 17:38:07+00:00,620.0,0.01,0.0,0.02,0.0,0.0,2.0,5165,1.0312548437500002,False,REGULAR,USD,TSLA,2025-07-11,11,323.6300048828125,1.9157679777698733,2025-06-29 12:49:55.049723,6,6,0.00038714672861014324,0.02,0.01,0.0,0.00020505453958518462,1.338874282055409e-05,-0.002051598329943867,0.00043581601082382985
TSLA250711C00630000,2025-06-27 15:26:25+00:00,630.0,0.01,0.0,0.02,0.0,0.0,10.0,175,1.0625046875000002,False,REGULAR,USD,TSLA,2025-07-11,11,323.6300048828125,1.946667461282291,2025-06-29 12:49:55.049723,6,6,0.056818181818181816,0.02,0.01,0.0,0.0002232399187857123,1.4067941099834905e-05,-0.002288052413294732,0.0004718009122975541
TSLA250711C00640000,2025-06-27 14:22:13+00:00,640.0,0.01,0.0,0.02,0.0,0.0,1.0,27,1.078129609375,False,REGULAR,USD,TSLA,2025-07-11,11,323.6300048828125,1.977566944794708,2025-06-29 12:49:55.049723,6,6,0.03571428571428571,0.02,0.01,0.0,0.0001989042851392976,1.2447443247780518e-05,-0.002084278433286396,0.0004235927405450813
TSLA250711C00650000,2025-06-23 19:19:27+00:00,650.0,0.02,0.0,0.02,0.0,0.0,31.0,46,1.109379453125,False,REGULAR,USD,TSLA,2025-07-11,11,323.6300048828125,2.0084664283071256,2025-06-29 12:49:55.049723,6,6,0.6595744680851063,0.02,0.01,0.01,0.00021828572055478533,1.3194215062991959e-05,-0.002339030214680783,0.00046202029918902766
TSLA250711C00660000,2025-06-27 19:34:37+00:00,660.0,0.02,0.0,0.02,0.01,100.0,102.0,17,1.125004375,False,REGULAR,USD,TSLA,2025-07-11,11,323.6300048828125,2.039365911819542,2025-06-29 12:49:55.049723,6,6,5.666666666666667,0.02,0.01,0.01,0.00019737939304067718,1.1843336724829135e-05,-0.002158931724879115,0.0004205577773562527
TSLA250711C00670000,2025-06-27 14:22:15+00:00,670.0,0.01,0.0,0.02,0.0,0.0,2.0,61,1.140629296875,False,REGULAR,USD,TSLA,2025-07-11,11,323.6300048828125,2.07026539533196,2025-06-29 12:49:55.049723,6,6,0.03225806451612903,0.02,0.01,0.0,0.00017967205772633654,1.0698584824595083e-05,-0.002004647593758375,0.00038518399819499345
TSLA250711C00680000,2025-06-27 19:56:43+00:00,680.0,0.01,0.0,0.02,0.0,0.0,16.0,327,1.171879140625,False,REGULAR,USD,TSLA,2025-07-11,11,323.6300048828125,2.101164878844377,2025-06-29 12:49:55.049723,6,6,0.04878048780487805,0.02,0.01,0.0,0.00019961733340753357,1.1490006767191093e-05,-0.002272339490053352,0.00042501131138633175
TSLA250718C00100000,2025-06-26 19:36:24+00:00,100.0,228.35,223.3,224.85,0.0,0.0,11.0,540,2.1464890087890627,True,REGULAR,USD,TSLA,2025-07-18,18,323.6300048828125,0.3089948351241731,2025-06-29 12:49:55.256830,6,6,0.02033271719038817,1.549999999999983,224.075,4.275000000000006,0.9966086383001183,6.622700660911597e-05,-0.05726840778757155,0.007342449953757804
TSLA250718C00105000,2025-06-23 14:28:46+00:00,105.0,248.3,218.3,219.95,0.0,0.0,4.0,72,2.1035203662109367,True,REGULAR,USD,TSLA,2025-07-18,18,323.6300048828125,0.3244445768803818,2025-06-29 12:49:55.256830,6,6,0.0547945205479452,1.6499999999999773,219.125,29.17500000000001,0.9959580343380476,7.910126124397812e-05,-0.0643560863439978,0.008594237074510718
TSLA250718C00110000,2025-06-24 16:18:15+00:00,110.0,233.98,213.35,214.9,0.0,0.0,1.0,62,2.021489321289063,True,REGULAR,USD,TSLA,2025-07-18,18,323.6300048828125,0.3398943186365905,2025-06-29 12:49:55.256830,6,6,0.015873015873015872,1.5500000000000114,214.125,19.85499999999999,0.9957783151907323,8.557833585715231e-05,-0.06498851919454036,0.008935368930419718
TSLA250718C00115000,2025-06-27 19:29:27+00:00,115.0,206.9,208.35,210.0,-0.3600006,-0.17369518,4.0,68,1.9785157324218752,True,REGULAR,USD,TSLA,2025-07-18,18,323.6300048828125,0.3553440603927991,2025-06-29 12:49:55.256830,6,6,0.057971014492753624,1.6500000000000057,209.175,-2.2750000000000057,0.995062759072131,0.00010055314433988348,-0.07193503718921415,0.010275722415862864
TSLA250718C00120000,2025-06-24 16:16:21+00:00,120.0,224.27,203.4,204.95,0.0,0.0,1.0,86,1.90234423828125,True,REGULAR,USD,TSLA,2025-07-18,18,323.6300048828125,0.3707938021490077,2025-06-29 12:49:55.256830,6,6,0.011494252873563218,1.549999999999983,204.175,20.095,0.9948487762819805,0.0001086061600622859,-0.07252530196683091,0.010671384455384186
TSLA250718C00125000,2025-06-27 19:29:27+00:00,125.0,196.95,198.4,200.05,0.16999817,0.08638997,4.0,106,1.860352260742188,True,REGULAR,USD,TSLA,2025-07-18,18,323.6300048828125,0.3862435439052164,2025-06-29 12:49:55.256830,6,6,0.037383177570093455,1.6500000000000057,199.22500000000002,-2.275000000000034,0.9940513475240697,0.0001262057438507511,-0.079445271615506,0.012126947780567993
TSLA250718C00130000,2025-06-18 17:36:08+00:00,130.0,191.52,193.5,195.0,0.0,0.0,4.0,159,1.8027353613281247,True,REGULAR,USD,TSLA,2025-07-18,18,323.6300048828125,0.4016932856614251,2025-06-29 12:49:55.256830,6,6,0.025,1.5,194.25,-2.7299999999999898,0.9935150237442485,0.00014058705303052869,-0.0829862126667271,0.013090447862151456
TSLA250718C00135000,2025-06-09 18:57:21+00:00,135.0,166.37,188.45,190.1,0.0,0.0,1.0,36,1.7470715771484375,True,REGULAR,USD,TSLA,2025-07-18,18,323.6300048828125,0.4171430274176337,2025-06-29 12:49:55.256830,6,6,0.02702702702702703,1.6500000000000057,189.27499999999998,-22.904999999999973,0.992934605354427,0.00015647996415085386,-0.08661533034087758,0.014120388196414056
TSLA250718C00140000,2025-06-27 19:50:05+00:00,140.0,183.44,183.55,185.1,-31.319992,-14.583719,6.0,165,1.7041030419921874,True,REGULAR,USD,TSLA,2025-07-18,18,323.6300048828125,0.4325927691738424,2025-06-29 12:49:55.256830,6,6,0.03614457831325301,1.549999999999983,184.325,-0.8849999999999909,0.9920244539929111,0.00017849601622458683,-0.09309676114054156,0.01571091864161383
TSLA250718C00145000,2025-06-17 15:49:30+00:00,145.0,174.87,178.55,180.2,0.0,0.0,5.0,15,1.6601579492187502,True,REGULAR,USD,TSLA,2025-07-18,18,323.6300048828125,0.448042510930051,2025-06-29 12:49:55.256830,6,6,0.3125,1.6499999999999773,179.375,-4.5049999999999955,0.9910759877547093,0.00020221241622263175,-0.09932498849707223,0.01733941447897823
TSLA250718C00150000,2025-06-27 16:43:10+00:00,150.0,175.05,173.6,175.15,-1.5,-0.84961766,1.0,239,1.5961934252929684,True,REGULAR,USD,TSLA,2025-07-18,18,323.6300048828125,0.4634922526862597,2025-06-29 12:49:55.256830,6,6,0.004166666666666667,1.5500000000000114,174.375,0.6750000000000114,0.9907024290126518,0.00021800436482992882,-0.09972131037179478,0.017973303455746492
TSLA250718C00155000,2025-06-23 15:40:13+00:00,155.0,199.72,169.05,170.05,0.0,0.0,1.0,3274,1.5981465405273436,True,REGULAR,USD,TSLA,2025-07-18,18,323.6300048828125,0.4789419944424684,2025-06-29 12:49:55.256830,6,6,0.0003053435114503817,1.0,169.55,30.169999999999987,0.9880494351296336,0.0002709659170141728,-0.11987153376817795,0.022367037535188636
TSLA250718C00160000,2025-06-26 17:01:03+00:00,160.0,169.2,164.15,164.9,0.0,0.0,6.0,3505,1.5278343920898436,True,REGULAR,USD,TSLA,2025-07-18,18,323.6300048828125,0.494391736198677,2025-06-29 12:49:55.256830,6,6,0.0017113519680547634,0.75,164.525,4.674999999999983,0.9878740242591385,0.0002870398033118994,-0.1173878677549432,0.02265142902967034
TSLA250718C00165000,2025-06-23 19:55:39+00:00,165.0,184.89,158.7,160.35,0.0,0.0,6.0,27,1.4677760986328123,True,REGULAR,USD,TSLA,2025-07-18,18,323.6300048828125,0.5098414779548857,2025-06-29 12:49:55.256830,6,6,0.21428571428571427,1.6500000000000057,159.52499999999998,25.36500000000001,0.9873663188629653,0.00030959073615818643,-0.11760966508671818,0.023470641960513988
TSLA250718C00170000,2025-06-26 19:33:40+00:00,170.0,158.4,153.8,155.35,0.0,0.0,12.0,69,1.4248075634765625,True,REGULAR,USD,TSLA,2025-07-18,18,323.6300048828125,0.5252912197110944,2025-06-29 12:49:55.256830,6,6,0.17142857142857143,1.549999999999983,154.575,3.825000000000017,0.9861222722076998,0.00034588300483538926,-0.12328230434037632,0.025454386567867627
TSLA250718C00175000,2025-06-05 17:03:55+00:00,175.0,130.38,148.75,150.45,0.0,0.0,51.0,95,1.3745148461914063,True,REGULAR,USD,TSLA,2025-07-18,18,323.6300048828125,0.540740961467303,2025-06-29 12:49:55.256830,6,6,0.53125,1.6999999999999886,149.6,-19.22,0.9851815398489332,0.0003793723000652208,-0.12601245155371815,0.026933466471597257
TSLA250718C00180000,2025-06-25 14:01:17+00:00,180.0,151.95,143.85,145.4,0.0,0.0,1.0,470,1.325686965332031,True,REGULAR,USD,TSLA,2025-07-18,18,323.6300048828125,0.5561907032235117,2025-06-29 12:49:55.256830,6,6,0.0021231422505307855,1.5500000000000114,144.625,7.324999999999989,0.984154328207719,0.00041664932122115715,-0.12887029060401278,0.02852915213909712
TSLA250718C00185000,2025-06-20 16:17:26+00:00,185.0,138.0,141.4,142.7,0.0,0.0,56.0,0,1.6745621740722658,True,REGULAR,USD,TSLA,2025-07-18,18,323.6300048828125,0.5716404449797203,2025-06-29 12:49:55.256830,6,6,56.0,1.299999999999983,142.05,-4.050000000000011,0.955098552784104,0.0007862152609928962,-0.3392519009166598,0.06800172766978484
TSLA250718C00190000,2025-06-25 19:53:02+00:00,190.0,138.4,133.95,135.5,0.0,0.0,8.0,108,1.241703010253906,True,REGULAR,USD,TSLA,2025-07-18,18,323.6300048828125,0.5870901867359289,2025-06-29 12:49:55.256830,6,6,0.07339449541284404,1.5500000000000114,134.725,3.6750000000000114,0.981155711359517,0.0005158103112444767,-0.13913932402128848,0.03308148175238757
TSLA250718C00195000,2025-06-27 19:56:49+00:00,195.0,129.49,128.95,130.55,-33.45999,-20.533901,4.0,221,1.1943399658203124,True,REGULAR,USD,TSLA,2025-07-18,18,323.6300048828125,0.6025399284921377,2025-06-29 12:49:55.256830,6,6,0.018018018018018018,1.6000000000000227,129.75,-0.2599999999999909,0.9799140543554379,0.0005661365348456068,-0.14152579518385927,0.03492419044551954
TSLA250718C00200000,2025-06-27 19:06:30+00:00,200.0,120.7,124.5,125.15,-6.2000046,-4.8857403,139.0,853,1.158207333984375,True,REGULAR,USD,TSLA,2025-07-18,18,323.6300048828125,0.6179896702483463,2025-06-29 12:49:55.256830,6,6,0.16276346604215455,0.6500000000000057,124.825,-4.125,0.9777530815607292,0.0006365095303580334,-0.14874472382274576,0.03807749953723407
TSLA250718C00205000,2025-06-27 14:31:39+00:00,205.0,121.13,119.0,120.65,-1.7700043,-1.4401987,2.0,201,1.1069380590820312,True,REGULAR,USD,TSLA,2025-07-18,18,323.6300048828125,0.633439412004555,2025-06-29 12:49:55.256830,6,6,0.009900990099009901,1.6500000000000057,119.825,1.3049999999999926,0.9767252808146828,0.000691827207129447,-0.14850155639358134,0.0395547056713236
TSLA250718C00210000,2025-06-26 16:37:31+00:00,210.0,120.17,114.1,115.65,0.0,0.0,4.0,186,1.0664109179687502,True,REGULAR,USD,TSLA,2025-07-18,18,323.6300048828125,0.6488891537607636,2025-06-29 12:49:55.256830,6,6,0.0213903743315508,1.5500000000000114,114.875,5.295000000000002,0.9747138484062765,0.0007698874476473156,-0.15308374867613944,0.042406167249026065
TSLA250718C00215000,2025-06-27 14:49:59+00:00,215.0,112.23,109.1,110.75,-2.649994,-2.3067496,12.0,394,1.0256396374511718,True,REGULAR,USD,TSLA,2025-07-18,18,323.6300048828125,0.6643388955169722,2025-06-29 12:49:55.256830,6,6,0.030379746835443037,1.6500000000000057,109.925,2.305000000000007,0.9725877889014048,0.0008563750614520615,-0.1572986897110462,0.045366576612796375
TSLA250718C00220000,2025-06-27 19:29:26+00:00,220.0,101.72,104.65,105.3,-6.669998,-6.1537027,52.0,957,0.9848634326171876,True,REGULAR,USD,TSLA,2025-07-18,18,323.6300048828125,0.679788637273181,2025-06-29 12:49:55.256830,6,6,0.054279749478079335,0.6499999999999915,104.975,-3.2549999999999955,0.9703128948159606,0.0009529826167122912,-0.16124698603770554,0.048477274143403
TSLA250718C00225000,2025-06-26 16:30:16+00:00,225.0,105.0,99.25,100.85,0.0,0.0,2.0,347,0.948242705078125,True,REGULAR,USD,TSLA,2025-07-18,18,323.6300048828125,0.6952383790293896,2025-06-29 12:49:55.256830,6,6,0.005747126436781609,1.5999999999999943,100.05,4.950000000000003,0.9673512478244432,0.0010707947521143859,-0.1673097499364587,0.052444861714486916
TSLA250718C00230000,2025-06-27 19:56:03+00:00,230.0,94.98,94.8,95.45,-5.0199966,-5.0199966,39.0,969,0.911133701171875,True,REGULAR,USD,TSLA,2025-07-18,18,323.6300048828125,0.7106881207855983,2025-06-29 12:49:55.256830,6,6,0.04020618556701031,0.6500000000000057,95.125,-0.14499999999999602,0.964168441208902,0.0012029649375120198,-0.17298526092792776,0.05661249302380377
TSLA250718C00235000,2025-06-27 15:52:28+00:00,235.0,91.55,89.85,90.55,-3.949997,-4.136122,3.0,921,0.8737805590820311,True,REGULAR,USD,TSLA,2025-07-18,18,323.6300048828125,0.7261378625418069,2025-06-29 12:49:55.256830,6,6,0.0032537960954446853,0.7000000000000028,90.19999999999999,1.3500000000000085,0.9607068212551463,0.0013525014272080564,-0.17837951085074136,0.061040391447656536
TSLA250718C00240000,2025-06-27 15:29:25+00:00,240.0,87.1,85.0,85.75,-1.050003,-1.1911548,7.0,2065,0.8481460498046874,True,REGULAR,USD,TSLA,2025-07-18,18,323.6300048828125,0.7415876042980155,2025-06-29 12:49:55.256830,6,6,0.003388189738625363,0.75,85.375,1.7249999999999943,0.9549198287902179,0.0015572585958141035,-0.19135350380011845,0.0682195076515217
TSLA250718C00245000,2025-06-27 19:50:07+00:00,245.0,79.22,80.1,80.7,-5.119995,-6.0706606,78.0,1717,0.8037129003906249,True,REGULAR,USD,TSLA,2025-07-18,18,323.6300048828125,0.7570373460542242,2025-06-29 12:49:55.256830,6,6,0.04540162980209546,0.6000000000000085,80.4,-1.1800000000000068,0.9518006030730003,0.0017339887735639957,-0.19187511481312633,0.07198208479502999
TSLA250718C00250000,2025-06-27 19:16:55+00:00,250.0,72.08,75.25,75.9,-5.0999985,-6.6079273,175.0,2646,0.7753928710937501,True,REGULAR,USD,TSLA,2025-07-18,18,323.6300048828125,0.7724870878104328,2025-06-29 12:49:55.256830,6,6,0.06611258027956177,0.6500000000000057,75.575,-3.4950000000000045,0.9451519551626465,0.0019918562522913664,-0.20336175946530322,0.07977319699574785
TSLA250718C00255000,2025-06-27 19:47:07+00:00,255.0,69.8,70.4,71.05,-4.399994,-5.929911,53.0,2387,0.7429224926757811,True,REGULAR,USD,TSLA,2025-07-18,18,323.6300048828125,0.7879368295666416,2025-06-29 12:49:55.256830,6,6,0.02219430485762144,0.6499999999999915,70.725,-0.9249999999999972,0.9384721069145184,0.002275380269978786,-0.21209381709561503,0.08731215258390264
TSLA250718C00260000,2025-06-27 19:55:36+00:00,260.0,65.63,65.6,66.2,-2.1600037,-3.186316,171.0,3614,0.7111845288085938,True,REGULAR,USD,TSLA,2025-07-18,18,323.6300048828125,0.8033865713228502,2025-06-29 12:49:55.256830,6,6,0.04730290456431535,0.6000000000000085,65.9,-0.27000000000001023,0.930661304268107,0.0026078208874127915,-0.22146810116862345,0.09579376882402739
TSLA250718C00265000,2025-06-27 19:38:41+00:00,265.0,59.87,60.85,61.6,-4.460003,-6.933006,40.0,2006,0.6900665759277345,True,REGULAR,USD,TSLA,2025-07-18,18,323.6300048828125,0.8188363130790588,2025-06-29 12:49:55.256830,6,6,0.019930244145490782,0.75,61.225,-1.355000000000004,0.9187912467625263,0.0030318094565860757,-0.23948207476231598,0.10806127710697236
TSLA250718C00270000,2025-06-27 19:29:26+00:00,270.0,53.88,56.15,56.8,-5.619999,-9.445376,238.0,15760,0.6600375793457032,True,REGULAR,USD,TSLA,2025-07-18,18,323.6300048828125,0.8342860548352675,2025-06-29 12:49:55.256830,6,6,0.015100564684981917,0.6499999999999986,56.474999999999994,-2.5949999999999918,0.9076128331392163,0.003490473602341308,-0.2506725911323708,0.11899541308579083
TSLA250718C00275000,2025-06-27 19:56:03+00:00,275.0,51.78,51.7,52.05,-3.170002,-5.768884,100.0,2210,0.637698935546875,True,REGULAR,USD,TSLA,2025-07-18,18,323.6300048828125,0.8497357965914761,2025-06-29 12:49:55.256830,6,6,0.045228403437358664,0.3499999999999943,51.875,-0.09499999999999886,0.892148425622241,0.004045084835218998,-0.2684627811585046,0.13323567500959788
TSLA250718C00280000,2025-06-27 19:56:07+00:00,280.0,47.19,47.15,47.6,-4.3600006,-8.4578085,145.0,2475,0.6176796044921876,True,REGULAR,USD,TSLA,2025-07-18,18,323.6300048828125,0.8651855383476849,2025-06-29 12:49:55.256830,6,6,0.058562197092084003,0.45000000000000284,47.375,-0.18500000000000227,0.873331526935921,0.004680291043446418,-0.28843553070813327,0.14931839807279196
TSLA250718C00285000,2025-06-27 19:53:32+00:00,285.0,42.57,42.95,43.3,-3.0299988,-6.644735,60.0,1591,0.606571317138672,True,REGULAR,USD,TSLA,2025-07-18,18,323.6300048828125,0.8806352801038935,2025-06-29 12:49:55.256830,6,6,0.03768844221105527,0.3499999999999943,43.125,-0.5549999999999997,0.8483335591573049,0.005387974713368416,-0.3161432839804722,0.16880473290100018
TSLA250718C00290000,2025-06-27 19:57:56+00:00,290.0,38.85,38.8,39.1,-4.450001,-10.277138,240.0,2308,0.5930216479492189,True,REGULAR,USD,TSLA,2025-07-18,18,323.6300048828125,0.8960850218601021,2025-06-29 12:49:55.256830,6,6,0.1039411000433088,0.30000000000000426,38.95,-0.10000000000000142,0.8206182777278397,0.006143499059663253,-0.34105000868157004,0.1881757014942963
TSLA250718C00295000,2025-06-27 19:53:43+00:00,295.0,34.49,34.8,35.2,-4.529999,-11.609427,36.0,1975,0.5835002587890624,True,REGULAR,USD,TSLA,2025-07-18,18,323.6300048828125,0.9115347636163108,2025-06-29 12:49:55.256830,6,6,0.018218623481781375,0.4000000000000057,35.0,-0.509999999999998,0.7877513799733635,0.006915556361377226,-0.3679828565916225,0.2084228731136117
TSLA250718C00297500,2025-06-27 19:26:46+00:00,297.5,30.25,32.75,33.6,-7.4900017,-19.846321,5.0,11,0.5824016369628906,True,REGULAR,USD,TSLA,2025-07-18,18,323.6300048828125,0.9192596344944152,2025-06-29 12:49:55.256830,6,6,0.4166666666666667,0.8500000000000014,33.175,-2.924999999999997,0.768725791104009,0.007276959779496202,-0.3837116390254894,0.2189020162383707
TSLA250718C00300000,2025-06-27 19:57:14+00:00,300.0,31.15,31.05,31.35,-3.0300007,-8.864835,238.0,8409,0.5732464550781251,True,REGULAR,USD,TSLA,2025-07-18,18,323.6300048828125,0.9269845053725194,2025-06-29 12:49:55.256830,6,6,0.028299643281807372,0.3000000000000007,31.200000000000003,-0.05000000000000426,0.751305810269417,0.007691886167788641,-0.39172919722926874,0.22774635054026796
TSLA250718C00302500,2025-06-27 19:20:20+00:00,302.5,26.75,29.1,29.85,-6.25,-18.939394,22.0,44,0.572391971435547,True,REGULAR,USD,TSLA,2025-07-18,18,323.6300048828125,0.9347093762506238,2025-06-29 12:49:55.256830,6,6,0.4888888888888889,0.75,29.475,-2.7250000000000014,0.7304385948539649,0.008031135469152299,-0.4059120432744691,0.23743661132558563
TSLA250718C00305000,2025-06-27 19:57:01+00:00,305.0,27.55,27.5,27.9,-4.450001,-13.906252,184.0,1921,0.5675702423095703,True,REGULAR,USD,TSLA,2025-07-18,18,323.6300048828125,0.942434247128728,2025-06-29 12:49:55.256830,6,6,0.09573361082206035,0.3999999999999986,27.7,-0.14999999999999858,0.709861969397503,0.008393647078341988,-0.4156679330583356,0.24606368427320724
TSLA250718C00307500,2025-06-27 19:56:00+00:00,307.5,25.8,25.9,26.5,-3.2000008,-11.034486,191.0,128,0.5710492114257812,True,REGULAR,USD,TSLA,2025-07-18,18,323.6300048828125,0.9501591180068324,2025-06-29 12:49:55.256830,6,6,1.4806201550387597,0.6000000000000014,26.2,-0.3999999999999986,0.6865199498457176,0.00863786707221744,-0.43104081409850276,0.2547752596015499
TSLA250718C00310000,2025-06-27 19:59:31+00:00,310.0,24.4,24.3,24.65,-2.6000004,-9.629631,360.0,3210,0.5642133422851563,True,REGULAR,USD,TSLA,2025-07-18,18,323.6300048828125,0.9578839888849368,2025-06-29 12:49:55.256830,6,6,0.11211460604173155,0.34999999999999787,24.475,-0.07500000000000284,0.6648534771007043,0.008986035014572494,-0.4366036776139139,0.26187175495795095
TSLA250718C00312500,2025-06-27 19:51:24+00:00,312.5,21.9,22.75,23.4,-3.8500004,-14.951457,284.0,197,0.5670209313964845,True,REGULAR,USD,TSLA,2025-07-18,18,323.6300048828125,0.9656088597630412,2025-06-29 12:49:55.256830,6,6,1.4343434343434343,0.6499999999999986,23.075,-1.1750000000000007,0.6407525207704995,0.009173950850121073,-0.44849493674984425,0.2686783671606623
TSLA250718C00315000,2025-06-27 19:59:54+00:00,315.0,21.37,21.25,21.6,-2.4299984,-10.210077,372.0,2192,0.5590864404296876,True,REGULAR,USD,TSLA,2025-07-18,18,323.6300048828125,0.9733337306411456,2025-06-29 12:49:55.256830,6,6,0.16963064295485636,0.3500000000000014,21.425,-0.054999999999999716,0.6177717077949129,0.009492857281222195,-0.45024556195074883,0.2741278192720442
TSLA250718C00317500,2025-06-27 19:56:40+00:00,317.5,19.7,19.85,20.3,-3.1999989,-13.973795,297.0,156,0.559574716796875,True,REGULAR,USD,TSLA,2025-07-18,18,323.6300048828125,0.9810586015192496,2025-06-29 12:49:55.256830,6,6,1.89171974522293,0.4499999999999993,20.075000000000003,-0.37500000000000355,0.5932312809549753,0.009647904221182203,-0.45705552579041814,0.2788484708138871
TSLA250718C00320000,2025-06-27 19:59:58+00:00,320.0,18.6,18.55,18.85,-2.4499989,-11.638949,3287.0,19048,0.557194369506836,True,REGULAR,USD,TSLA,2025-07-18,18,323.6300048828125,0.988783472397354,2025-06-29 12:49:55.256830,6,6,0.17255498976324216,0.3000000000000007,18.700000000000003,-0.10000000000000142,0.568657213611563,0.009814518773447014,-0.4598989668125731,0.2824573820155522
TSLA250718C00322500,2025-06-27 19:59:41+00:00,322.5,17.35,17.25,17.65,-2.75,-13.681592,1109.0,279,0.5570112658691408,True,REGULAR,USD,TSLA,2025-07-18,18,323.6300048828125,0.9965083432754585,2025-06-29 12:49:55.256830,6,6,3.960714285714286,0.3999999999999986,17.45,-0.09999999999999787,0.5438187245750361,0.009905517821335563,-0.4627352548903889,0.28498261221925153
TSLA250718C00325000,2025-06-27 19:59:54+00:00,325.0,16.15,16.1,16.45,-2.0500011,-11.263742,2549.0,4188,0.5573774731445313,False,REGULAR,USD,TSLA,2025-07-18,18,323.6300048828125,1.0042332141535628,2025-06-29 12:49:55.256830,6,6,0.6084984483170208,0.34999999999999787,16.275,-0.125,0.5190148267998775,0.009947830357204708,-0.46426487352200707,0.28638810983688556
TSLA250718C00327500,2025-06-27 19:59:55+00:00,327.5,15.0,14.9,15.25,-1.9500008,-11.504429,1275.0,820,0.5549971258544923,False,REGULAR,USD,TSLA,2025-07-18,18,323.6300048828125,1.0119580850316672,2025-06-29 12:49:55.256830,6,6,1.5529841656516443,0.34999999999999964,15.075,-0.07499999999999929,0.49408853228652644,0.010000761019846892,-0.4618854399361358,0.286682368397877
TSLA250718C00330000,2025-06-27 19:59:59+00:00,330.0,13.94,13.85,14.2,-2.0600004,-12.875003,3851.0,8323,0.5556685058593751,False,REGULAR,USD,TSLA,2025-07-18,18,323.6300048828125,1.019682955909771,2025-06-29 12:49:55.256830,6,6,0.4626381547333013,0.34999999999999964,14.024999999999999,-0.08499999999999908,0.4695987867768572,0.009960754432524163,-0.4602426450029654,0.2858809496836162
TSLA250718C00332500,2025-06-27 19:53:33+00:00,332.5,12.59,12.85,13.3,-2.3000002,-15.4466095,411.0,763,0.5577436804199221,False,REGULAR,USD,TSLA,2025-07-18,18,323.6300048828125,1.0274078267878757,2025-06-29 12:49:55.256830,6,6,0.5379581151832461,0.45000000000000107,13.075,-0.48499999999999943,0.4457252861620746,0.009860358531815144,-0.4581370522837372,0.28405639101167235
TSLA250718C00335000,2025-06-27 19:59:15+00:00,335.0,11.96,11.95,12.25,-2.1899996,-15.47703,1156.0,7067,0.5571333349609376,False,REGULAR,USD,TSLA,2025-07-18,18,323.6300048828125,1.03513269766598,2025-06-29 12:49:55.256830,6,6,0.16355404640633842,0.3000000000000007,12.1,-0.1399999999999988,0.42179710996067366,0.009771461505222576,-0.4522887545976094,0.28118740906089923
TSLA250718C00337500,2025-06-27 19:53:30+00:00,337.5,10.8,11.05,11.4,-2.4499998,-18.490564,337.0,789,0.5581098876953126,False,REGULAR,USD,TSLA,2025-07-18,18,323.6300048828125,1.0428575685440844,2025-06-29 12:49:55.256830,6,6,0.42658227848101266,0.34999999999999964,11.225000000000001,-0.4250000000000007,0.39869551081813503,0.009623655345113634,-0.44630616160835085,0.2774194957637087
TSLA250718C00340000,2025-06-27 19:59:46+00:00,340.0,10.3,10.25,10.45,-1.6999998,-14.166665,5278.0,34411,0.5573164385986329,False,REGULAR,USD,TSLA,2025-07-18,18,323.6300048828125,1.0505824394221888,2025-06-29 12:49:55.256830,6,6,0.1533767290480065,0.1999999999999993,10.35,-0.049999999999998934,0.37566059872895663,0.009472459989016075,-0.43744453958024937,0.2726728094905306
TSLA250718C00342500,2025-06-27 19:59:11+00:00,342.5,9.52,9.45,9.65,-1.9799995,-17.217388,301.0,472,0.5573164385986329,False,REGULAR,USD,TSLA,2025-07-18,18,323.6300048828125,1.0583073103002931,2025-06-29 12:49:55.256830,6,6,0.6363636363636364,0.20000000000000107,9.55,-0.030000000000001137,0.35342435125152605,0.009280154858656737,-0.4279979812332509,0.26713714291233154
TSLA250718C00345000,2025-06-27 19:59:58+00:00,345.0,8.8,8.75,9.0,-1.8000002,-16.981134,691.0,3291,0.5600629931640625,False,REGULAR,USD,TSLA,2025-07-18,18,323.6300048828125,1.0660321811783973,2025-06-29 12:49:55.256830,6,6,0.20990279465370595,0.25,8.875,-0.07499999999999929,0.332829189707578,0.00902793169068144,-0.4199122469636147,0.26115740324797243
TSLA250718C00350000,2025-06-27 19:59:57+00:00,350.0,7.51,7.5,7.6,-1.4499998,-16.183033,8369.0,20524,0.561527822265625,False,REGULAR,USD,TSLA,2025-07-18,18,323.6300048828125,1.081481922934606,2025-06-29 12:49:55.256830,6,6,0.40774665042630936,0.09999999999999964,7.55,-0.040000000000000036,0.2925156485561144,0.008516343484739371,-0.397288353114087,0.2470026705454096
TSLA250718C00355000,2025-06-27 19:59:58+00:00,355.0,6.38,6.4,6.5,-1.4200001,-18.205128,2183.0,4115,0.5652509295654298,False,REGULAR,USD,TSLA,2025-07-18,18,323.6300048828125,1.0969316646908147,2025-06-29 12:49:55.256830,6,6,0.5303692905733722,0.09999999999999964,6.45,-0.07000000000000028,0.256352381090789,0.007926350244662171,-0.37391273123879437,0.23141512698025646
TSLA250718C00360000,2025-06-27 19:59:30+00:00,360.0,5.5,5.45,5.55,-1.0500002,-16.030537,3001.0,12680,0.5690961059570312,False,REGULAR,USD,TSLA,2025-07-18,18,323.6300048828125,1.1123814064470234,2025-06-29 12:49:55.256830,6,6,0.23665326078384985,0.09999999999999964,5.5,0.0,0.223619310694482,0.007307230220737297,-0.34877969191100017,0.21479076488660787
TSLA250718C00365000,2025-06-27 19:59:40+00:00,365.0,4.7,4.65,4.75,-1.0,-17.54386,1295.0,3812,0.5738568005371094,False,REGULAR,USD,TSLA,2025-07-18,18,323.6300048828125,1.127831148203232,2025-06-29 12:49:55.256830,6,6,0.3396275898242853,0.09999999999999964,4.7,0.0,0.19464499754382653,0.006677707493255126,-0.32356185775808416,0.19792840475875
TSLA250718C00370000,2025-06-27 19:59:54+00:00,370.0,4.01,4.0,4.05,-0.9899998,-19.799995,1439.0,9139,0.5792278405761719,False,REGULAR,USD,TSLA,2025-07-18,18,323.6300048828125,1.1432808899594409,2025-06-29 12:49:55.256830,6,6,0.1574398249452954,0.04999999999999982,4.025,-0.015000000000000568,0.16915500688553442,0.006059489317464412,-0.298695097602434,0.18128532622953628
TSLA250718C00375000,2025-06-27 19:59:57+00:00,375.0,3.45,3.4,3.5,-0.74999976,-17.857138,1152.0,8378,0.584843018798828,False,REGULAR,USD,TSLA,2025-07-18,18,323.6300048828125,1.1587306317156494,2025-06-29 12:49:55.256830,6,6,0.13748657357679914,0.10000000000000009,3.45,0.0,0.14676066213455374,0.0054667857978772955,-0.2743730613389532,0.16513858837317816
TSLA250718C00380000,2025-06-27 19:59:44+00:00,380.0,2.96,2.93,3.0,-0.63999987,-17.777775,1919.0,9269,0.590946473388672,False,REGULAR,USD,TSLA,2025-07-18,18,323.6300048828125,1.174180373471858,2025-06-29 12:49:55.256830,6,6,0.2070118662351672,0.06999999999999984,2.965,-0.004999999999999893,0.12731802806223352,0.004909463717014481,-0.2512780548066758,0.1498509153767265
TSLA250718C00385000,2025-06-27 19:57:26+00:00,385.0,2.53,2.53,2.66,-0.56999993,-18.387096,678.0,5409,0.5999795861816408,False,REGULAR,USD,TSLA,2025-07-18,18,323.6300048828125,1.1896301152280666,2025-06-29 12:49:55.256830,6,6,0.12532347504621072,0.13000000000000034,2.5949999999999998,-0.06499999999999995,0.11158722880912142,0.004405781090535229,-0.23219157232427387,0.13653267178732378
TSLA250718C00390000,2025-06-27 19:59:43+00:00,390.0,2.21,2.19,2.3,-0.53999996,-19.636362,742.0,6692,0.6066933862304689,False,REGULAR,USD,TSLA,2025-07-18,18,323.6300048828125,1.205079856984275,2025-06-29 12:49:55.256830,6,6,0.11086209472583296,0.10999999999999988,2.245,-0.03500000000000014,0.09698208772305289,0.003935691182949671,-0.21188383265316554,0.12332964308007313
TSLA250718C00395000,2025-06-27 19:56:53+00:00,395.0,1.89,1.91,1.95,-0.45999992,-19.574465,1930.0,2293,0.6123085644531252,False,REGULAR,USD,TSLA,2025-07-18,18,323.6300048828125,1.2205295987404838,2025-06-29 12:49:55.256830,6,6,0.8413251961639059,0.040000000000000036,1.93,-0.040000000000000036,0.0838743112690774,0.003500910789676827,-0.1918192337823478,0.11072063769522013
TSLA250718C00400000,2025-06-27 19:59:56+00:00,400.0,1.67,1.67,1.7,-0.34000003,-16.915424,12068.0,27621,0.6198768481445314,False,REGULAR,USD,TSLA,2025-07-18,18,323.6300048828125,1.2359793404966926,2025-06-29 12:49:55.256830,6,6,0.43689812468322353,0.030000000000000027,1.685,-0.015000000000000124,0.0732036030979031,0.003119173178813287,-0.1750154916166859,0.09986702305192406
TSLA250718C00405000,2025-06-27 19:56:20+00:00,405.0,1.47,1.47,1.5,-0.30999994,-17.415728,1690.0,9420,0.6285437536621095,False,REGULAR,USD,TSLA,2025-07-18,18,323.6300048828125,1.2514290822529013,2025-06-29 12:49:55.256830,6,6,0.1793864770194247,0.030000000000000027,1.4849999999999999,-0.014999999999999902,0.06433080490407447,0.0027844175010132417,-0.16051399105502318,0.09039555381035258
TSLA250718C00410000,2025-06-27 19:53:32+00:00,410.0,1.26,1.29,1.33,-0.26999998,-17.647058,661.0,6897,0.6369665209960937,False,REGULAR,USD,TSLA,2025-07-18,18,323.6300048828125,1.26687882400911,2025-06-29 12:49:55.256830,6,6,0.09582487677587706,0.040000000000000036,1.31,-0.050000000000000044,0.05657458195469872,0.0024847663287162745,-0.14700628934098964,0.08174841855418373
TSLA250718C00415000,2025-06-27 19:56:23+00:00,415.0,1.16,1.14,1.18,-0.22000003,-15.942031,699.0,3092,0.6452672192382812,False,REGULAR,USD,TSLA,2025-07-18,18,323.6300048828125,1.2823285657653185,2025-06-29 12:49:55.256830,6,6,0.2259941804073715,0.040000000000000036,1.16,0.0,0.04982262750734761,0.00221768389039018,-0.134564335934447,0.07391225367141482
TSLA250718C00420000,2025-06-27 19:59:22+00:00,420.0,1.04,1.01,1.05,-0.13,-11.111112,877.0,10526,0.6538120556640626,False,REGULAR,USD,TSLA,2025-07-18,18,323.6300048828125,1.2977783075215272,2025-06-29 12:49:55.256830,6,6,0.08330958487698299,0.040000000000000036,1.03,0.010000000000000009,0.04403603777038049,0.001982348281169913,-0.12342159628606597,0.0669437571565782
TSLA250718C00425000,2025-06-27 19:56:54+00:00,425.0,0.91,0.9,0.94,-0.12999994,-12.499994,199.0,3326,0.6626010302734376,False,REGULAR,USD,TSLA,2025-07-18,18,323.6300048828125,1.313228049277736,2025-06-29 12:49:55.256830,6,6,0.0598136459272618,0.039999999999999925,0.9199999999999999,-0.009999999999999898,0.03907513326151165,0.0017755013020155578,-0.11347569734480316,0.06076455225752395
TSLA250718C00430000,2025-06-27 19:57:22+00:00,430.0,0.82,0.82,0.9,-0.100000024,-10.869568,622.0,4872,0.6765169067382814,False,REGULAR,USD,TSLA,2025-07-18,18,323.6300048828125,1.3286777910339445,2025-06-29 12:49:55.256830,6,6,0.12764210958341884,0.08000000000000007,0.86,-0.040000000000000036,0.03592398181999579,0.0016235773931246012,-0.10811416271473395,0.056732098753501055
TSLA250718C00435000,2025-06-27 19:26:38+00:00,435.0,0.63,0.73,0.76,-0.24000001,-27.586206,102.0,5288,0.6806672558593752,False,REGULAR,USD,TSLA,2025-07-18,18,323.6300048828125,1.3441275327901532,2025-06-29 12:49:55.256830,6,6,0.019285309132161088,0.030000000000000027,0.745,-0.11499999999999999,0.031113954477763977,0.0014335678812065242,-0.09659570089058632,0.05039997503537703
TSLA250718C00440000,2025-06-27 19:56:38+00:00,440.0,0.66,0.66,0.69,-0.06999999,-9.58904,193.0,6523,0.6899445068359377,False,REGULAR,USD,TSLA,2025-07-18,18,323.6300048828125,1.359577274546362,2025-06-29 12:49:55.256830,6,6,0.02958307786633967,0.029999999999999916,0.675,-0.015000000000000013,0.02792905370355645,0.0012930206767391322,-0.08947883478684032,0.04607834066288163
TSLA250718C00445000,2025-06-27 19:57:55+00:00,445.0,0.61,0.59,0.62,-0.099999964,-14.084503,56.0,3840,0.6977569287109376,False,REGULAR,USD,TSLA,2025-07-18,18,323.6300048828125,1.3750270163025706,2025-06-29 12:49:55.256830,6,6,0.014579536579015881,0.030000000000000027,0.605,0.0050000000000000044,0.024885313417068587,0.0011609960787089977,-0.08214063377272544,0.04184196875514586
TSLA250718C00450000,2025-06-27 19:59:40+00:00,450.0,0.55,0.54,0.57,-0.029999971,-5.172409,1631.0,21485,0.7077665942382813,False,REGULAR,USD,TSLA,2025-07-18,18,323.6300048828125,1.3904767580587791,2025-06-29 12:49:55.256830,6,6,0.07590989481522852,0.029999999999999916,0.5549999999999999,-0.004999999999999893,0.022585156117442204,0.0010549410138742652,-0.07676543228912831,0.03856518667549369
TSLA250718C00455000,2025-06-27 19:53:30+00:00,455.0,0.48,0.49,0.52,-0.030000001,-5.8823533,289.0,3708,0.7163114306640624,False,REGULAR,USD,TSLA,2025-07-18,18,323.6300048828125,1.405926499814988,2025-06-29 12:49:55.256830,6,6,0.07791857643569695,0.030000000000000027,0.505,-0.025000000000000022,0.020341366847932696,0.0009541142240131389,-0.07109077804745793,0.03530038582531227
TSLA250718C00460000,2025-06-27 19:55:00+00:00,460.0,0.46,0.44,0.47,0.02000001,4.545457,996.0,5141,0.7236355761718749,False,REGULAR,USD,TSLA,2025-07-18,18,323.6300048828125,1.4213762415711966,2025-06-29 12:49:55.256830,6,6,0.19369894982497082,0.02999999999999997,0.45499999999999996,0.00500000000000006,0.01820025304203983,0.0008592671687066885,-0.06531911411317491,0.032116286876907665
TSLA250718C00465000,2025-06-27 19:57:49+00:00,465.0,0.42,0.4,0.43,0.0,0.0,120.0,3372,0.7319362744140624,False,REGULAR,USD,TSLA,2025-07-18,18,323.6300048828125,1.436825983327405,2025-06-29 12:49:55.256830,6,6,0.03557663800770827,0.02999999999999997,0.41500000000000004,0.004999999999999949,0.016447009803491893,0.0007791101459011959,-0.06057409763278595,0.029454342413655264
TSLA250718C00470000,2025-06-27 19:52:16+00:00,470.0,0.34,0.37,0.39,-0.03999999,-10.526314,135.0,7166,0.7407252490234374,False,REGULAR,USD,TSLA,2025-07-18,18,323.6300048828125,1.4522757250836138,2025-06-29 12:49:55.256830,6,6,0.018836333193804938,0.020000000000000018,0.38,-0.03999999999999998,0.014960265077284882,0.0007097644986390882,-0.056499690486212346,0.02715492587689964
TSLA250718C00475000,2025-06-27 19:41:51+00:00,475.0,0.33,0.34,0.36,-0.00999999,-2.9411738,314.0,7474,0.7495142236328125,False,REGULAR,USD,TSLA,2025-07-18,18,323.6300048828125,1.4677254668398223,2025-06-29 12:49:55.256830,6,6,0.0420066889632107,0.019999999999999962,0.35,-0.019999999999999962,0.013645905774571684,0.0006480295463281279,-0.0528025581897515,0.025087182360051207
TSLA250718C00480000,2025-06-27 19:28:49+00:00,480.0,0.27,0.31,0.33,-0.060000002,-18.181818,1195.0,4946,0.7568383691406251,False,REGULAR,USD,TSLA,2025-07-18,18,323.6300048828125,1.483175208596031,2025-06-29 12:49:55.256830,6,6,0.2415605417424702,0.020000000000000018,0.32,-0.04999999999999999,0.012331460995592344,0.000587948621189877,-0.0488357240453881,0.022983688006082085
TSLA250718C00485000,2025-06-27 19:29:37+00:00,485.0,0.25,0.27,0.3,-0.050000012,-16.66667,34.0,2021,0.7617211328125001,False,REGULAR,USD,TSLA,2025-07-18,18,323.6300048828125,1.4986249503522395,2025-06-29 12:49:55.256830,6,6,0.016815034619188922,0.02999999999999997,0.28500000000000003,-0.03500000000000003,0.010940662216729239,0.0005265309885515785,-0.04429031673458116,0.020715582092006756
TSLA250718C00490000,2025-06-27 19:58:53+00:00,490.0,0.26,0.26,0.28,0.0,0.0,69.0,3611,0.772463212890625,False,REGULAR,USD,TSLA,2025-07-18,18,323.6300048828125,1.5140746921084485,2025-06-29 12:49:55.256830,6,6,0.01910299003322259,0.020000000000000018,0.27,-0.010000000000000009,0.010225635560344429,0.0004895203236944045,-0.042336663012197726,0.019531056380902415
TSLA250718C00495000,2025-06-27 19:57:24+00:00,495.0,0.24,0.23,0.25,0.00999999,4.3478217,22.0,723,0.7763694238281251,False,REGULAR,USD,TSLA,2025-07-18,18,323.6300048828125,1.5295244338646572,2025-06-29 12:49:55.256830,6,6,0.03038674033149171,0.01999999999999999,0.24,0.0,0.009031554823182969,0.00043696438207349266,-0.03816674938621561,0.017522322178498605
TSLA250718C00500000,2025-06-27 19:59:49+00:00,500.0,0.22,0.21,0.23,0.0,0.0,2690.0,18484,0.7841818457031251,False,REGULAR,USD,TSLA,2025-07-18,18,323.6300048828125,1.5449741756208657,2025-06-29 12:49:55.256830,6,6,0.14552339734920205,0.020000000000000018,0.22,0.0,0.008270510048623387,0.00040046771377453427,-0.03567914053330167,0.016220397487066097
TSLA250718C00505000,2025-06-27 19:42:30+00:00,505.0,0.18,0.19,0.21,0.0,0.0,34.0,2817,0.790041162109375,False,REGULAR,USD,TSLA,2025-07-18,18,323.6300048828125,1.5604239173770744,2025-06-29 12:49:55.256830,6,6,0.0120652945351313,0.01999999999999999,0.2,-0.020000000000000018,0.007458306096896057,0.0003629478080295822,-0.03281516608709098,0.014810546951653607
TSLA250718C00510000,2025-06-27 19:44:34+00:00,510.0,0.17,0.18,0.2,-0.019999996,-10.526314,39.0,4139,0.799806689453125,False,REGULAR,USD,TSLA,2025-07-18,18,323.6300048828125,1.5758736591332831,2025-06-29 12:49:55.256830,6,6,0.009420289855072464,0.020000000000000018,0.19,-0.01999999999999999,0.006985876019080084,0.00033841217273121313,-0.03135189491219531,0.013980033389804357
TSLA250718C00515000,2025-06-27 19:30:30+00:00,515.0,0.16,0.16,0.18,-0.02000001,-11.111116,42.0,552,0.8037129003906249,False,REGULAR,USD,TSLA,2025-07-18,18,323.6300048828125,1.5913234008894916,2025-06-29 12:49:55.256830,6,6,0.0759493670886076,0.01999999999999999,0.16999999999999998,-0.009999999999999981,0.00621247803292855,0.00030358090717832526,-0.02839562453519329,0.012602380670405094
TSLA250718C00520000,2025-06-27 19:15:31+00:00,520.0,0.12,0.15,0.17,-0.030000009,-20.000004,96.0,4155,0.8125018749999999,False,REGULAR,USD,TSLA,2025-07-18,18,323.6300048828125,1.6067731426457004,2025-06-29 12:49:55.256830,6,6,0.023099133782483156,0.020000000000000018,0.16,-0.04000000000000001,0.005794702341985573,0.00028232490394938375,-0.026983486497971276,0.011848155929324864
TSLA250718C00530000,2025-06-27 19:15:25+00:00,530.0,0.1,0.12,0.14,-0.050000004,-33.333336,93.0,1658,0.8203142968749999,False,REGULAR,USD,TSLA,2025-07-18,18,323.6300048828125,1.6376726261581176,2025-06-29 12:49:55.256830,6,6,0.05605786618444846,0.020000000000000018,0.13,-0.03,0.004617877290924409,0.00022848523050171624,-0.02225299854065282,0.009680897303042642
TSLA250718C00540000,2025-06-27 17:19:17+00:00,540.0,0.08,0.1,0.12,-0.020000003,-20.000004,109.0,928,0.8320329296874999,False,REGULAR,USD,TSLA,2025-07-18,18,323.6300048828125,1.668572109670535,2025-06-29 12:49:55.256830,6,6,0.11733046286329386,0.01999999999999999,0.11,-0.03,0.0038480646357247888,0.00019136641041912097,-0.01916870426182056,0.008224006136291692
TSLA250718C00550000,2025-06-27 19:43:54+00:00,550.0,0.09,0.08,0.11,0.0,0.0,36.0,3734,0.8457046679687499,False,REGULAR,USD,TSLA,2025-07-18,18,323.6300048828125,1.6994715931829525,2025-06-29 12:49:55.256830,6,6,0.00963855421686747,0.03,0.095,-0.0050000000000000044,0.0032965698628099407,0.00016386158570060158,-0.016952922401401605,0.007157693231275988
TSLA250718C00560000,2025-06-27 19:51:07+00:00,560.0,0.07,0.07,0.09,-0.009999998,-12.499998,6.0,1817,0.8554701953125,False,REGULAR,USD,TSLA,2025-07-18,18,323.6300048828125,1.7303710766953695,2025-06-29 12:49:55.256830,6,6,0.0033003300330033004,0.01999999999999999,0.08,-0.009999999999999995,0.002731339307285998,0.0001367392409792623,-0.014472007060880872,0.006041923864585221
TSLA250718C00570000,2025-06-27 18:17:13+00:00,570.0,0.05,0.05,0.08,-0.009999998,-16.666664,38.0,1195,0.86132951171875,False,REGULAR,USD,TSLA,2025-07-18,18,323.6300048828125,1.761270560207787,2025-06-29 12:49:55.256830,6,6,0.03177257525083612,0.03,0.065,-0.015,0.002180877662226446,0.00011079165012663681,-0.011884414176691026,0.004928940308448826
TSLA250718C00580000,2025-06-27 18:18:42+00:00,580.0,0.04,0.04,0.06,-0.02,-33.333336,15.0,2449,0.8632826171875,False,REGULAR,USD,TSLA,2025-07-18,18,323.6300048828125,1.7921700437202042,2025-06-29 12:49:55.256830,6,6,0.006122448979591836,0.019999999999999997,0.05,-0.010000000000000002,0.0016700127806260493,8.673657763555863e-05,-0.0093444926153378,0.0038675192016467534
TSLA250718C00590000,2025-06-27 19:33:54+00:00,590.0,0.03,0.03,0.05,-0.020000001,-40.000004,5.0,1972,0.867188828125,False,REGULAR,USD,TSLA,2025-07-18,18,323.6300048828125,1.8230695272326216,2025-06-29 12:49:55.256830,6,6,0.002534211860111505,0.020000000000000004,0.04,-0.010000000000000002,0.0013094250057091854,6.915912058701717e-05,-0.00751698291605031,0.0030977069970154142
TSLA250718C00600000,2025-06-27 19:58:01+00:00,600.0,0.04,0.03,0.05,-0.010000002,-20.000004,331.0,9101,0.8906260937499999,False,REGULAR,USD,TSLA,2025-07-18,18,323.6300048828125,1.8539690107450388,2025-06-29 12:49:55.256830,6,6,0.036365633926609534,0.020000000000000004,0.04,0.0,0.0013066178868367335,6.720717645027843e-05,-0.007703439054601098,0.0030916353554942227
TSLA250718C00610000,2025-06-27 19:40:10+00:00,610.0,0.03,0.02,0.04,0.0,0.0,52.0,743,0.8906260937499999,False,REGULAR,USD,TSLA,2025-07-18,18,323.6300048828125,1.8848684942574565,2025-06-29 12:49:55.256830,6,6,0.06989247311827956,0.02,0.03,0.0,0.0009891013784971339,5.20777866324195e-05,-0.005968338078402675,0.002395659732971947
TSLA250718C00620000,2025-06-27 16:41:13+00:00,620.0,0.03,0.02,0.03,-0.01,-25.0,54.0,1763,0.8945323046874999,False,REGULAR,USD,TSLA,2025-07-18,18,323.6300048828125,1.9157679777698733,2025-06-29 12:49:55.256830,6,6,0.030612244897959183,0.009999999999999998,0.025,0.0049999999999999975,0.0007862316210861263,4.1985825085976916e-05,-0.004853312038074532,0.0019398847165742479
TSLA250718C00630000,2025-06-27 18:22:06+00:00,630.0,0.02,0.02,0.03,-0.02,-50.0,7.0,1447,0.914063359375,False,REGULAR,USD,TSLA,2025-07-18,18,323.6300048828125,1.946667461282291,2025-06-29 12:49:55.256830,6,6,0.004834254143646409,0.009999999999999998,0.025,-0.005000000000000001,0.0007675642310160456,4.018947973867533e-05,-0.004849944090629446,0.0018974305328079402
TSLA250718C00640000,2025-06-27 19:58:58+00:00,640.0,0.01,0.01,0.03,-0.01,-50.0,25.0,1000,0.9179695703125,False,REGULAR,USD,TSLA,2025-07-18,18,323.6300048828125,1.977566944794708,2025-06-29 12:49:55.256830,6,6,0.024975024975024976,0.019999999999999997,0.02,-0.01,0.000617077215713711,3.272289054212369e-05,-0.003982180482846916,0.0015515191663320834
TSLA250718C00650000,2025-06-27 19:34:27+00:00,650.0,0.03,0.01,0.03,0.02,200.0,149.0,2916,0.937500625,False,REGULAR,USD,TSLA,2025-07-18,18,323.6300048828125,2.0084664283071256,2025-06-29 12:49:55.256830,6,6,0.051079876585533084,0.019999999999999997,0.02,0.009999999999999998,0.0006109100547435016,3.174531060830582e-05,-0.004028760041720201,0.0015371928186169663
TSLA250718C00660000,2025-06-27 19:10:33+00:00,660.0,0.02,0.0,0.02,0.0,0.0,6.0,952,0.9062509375,False,REGULAR,USD,TSLA,2025-07-18,18,323.6300048828125,2.039365911819542,2025-06-29 12:49:55.256830,6,6,0.0062959076600209865,0.02,0.01,0.01,0.00030383714271860473,1.718458385391333e-05,-0.002037742536819771,0.0008043863434050949
TSLA250718C00670000,2025-06-27 14:02:09+00:00,670.0,0.01,0.01,0.02,-0.01,-50.0,10.0,559,0.95312546875,False,REGULAR,USD,TSLA,2025-07-18,18,323.6300048828125,2.07026539533196,2025-06-29 12:49:55.256830,6,6,0.017857142857142856,0.01,0.015,-0.004999999999999999,0.00044934150054995453,2.3500123694007204e-05,-0.003081857025221502,0.0011569042674185403
TSLA250718C00680000,2025-06-26 14:30:46+00:00,680.0,0.02,0.0,0.02,0.0,0.0,8.0,930,0.937500625,False,REGULAR,USD,TSLA,2025-07-18,18,323.6300048828125,2.101164878844377,2025-06-29 12:49:55.256830,6,6,0.008592910848549946,0.02,0.01,0.01,0.0002798127174730468,1.53854704745135e-05,-0.0019518998784291705,0.0007450056172478474
TSLA250718C00690000,2025-06-27 15:02:28+00:00,690.0,0.02,0.0,0.02,-0.01,-33.333336,1.0,861,0.95312546875,False,REGULAR,USD,TSLA,2025-07-18,18,323.6300048828125,2.1320643623567945,2025-06-29 12:49:55.256830,6,6,0.001160092807424594,0.02,0.01,0.01,0.00027065981006888136,1.4671606550721601e-05,-0.0019236706475772045,0.0007222789313549061
TSLA250718C00700000,2025-06-27 19:10:50+00:00,700.0,0.02,0.01,0.02,0.01,100.0,10.0,4662,1.000005,False,REGULAR,USD,TSLA,2025-07-18,18,323.6300048828125,2.162963845869212,2025-06-29 12:49:55.256830,6,6,0.002144542140253056,0.01,0.015,0.005000000000000001,0.00040132199530527933,2.0169559249608987e-05,-0.002910663817890949,0.0010417794340201211
TSLA250718C00710000,2025-06-26 17:37:01+00:00,710.0,0.02,0.0,0.02,0.0,0.0,41.0,1658,0.98437515625,False,REGULAR,USD,TSLA,2025-07-18,18,323.6300048828125,2.193863329381629,2025-06-29 12:49:55.256830,6,6,0.02471368294153104,0.02,0.01,0.01,0.00025686891529772834,1.3530117540178116e-05,-0.001891827589159427,0.0006879223413712452
TSLA250718C00720000,2025-06-26 15:20:34+00:00,720.0,0.01,0.01,0.02,0.0,0.0,12.0,1681,1.0312548437500002,False,REGULAR,USD,TSLA,2025-07-18,18,323.6300048828125,2.224762812894047,2025-06-29 12:49:55.256830,6,6,0.007134363852556481,0.01,0.015,-0.004999999999999999,0.0003806610292566063,1.8621943324376146e-05,-0.0028573231172968182,0.0009919007124080071
TSLA250718C00730000,2025-06-27 13:30:03+00:00,730.0,0.02,0.0,0.02,0.0,0.0,1.0,783,1.015629921875,False,REGULAR,USD,TSLA,2025-07-18,18,323.6300048828125,2.255662296406464,2025-06-29 12:49:55.256830,6,6,0.0012755102040816326,0.02,0.01,0.01,0.0002479775149886214,1.2690054280789543e-05,-0.0018884586522100193,0.0006656963370633836
TSLA250718C00740000,2025-06-27 19:08:02+00:00,740.0,0.01,0.01,0.02,-0.01,-50.0,8.0,502,1.0625046875000002,False,REGULAR,USD,TSLA,2025-07-18,18,323.6300048828125,2.2865617799188813,2025-06-29 12:49:55.256830,6,6,0.015904572564612324,0.01,0.015,-0.004999999999999999,0.00036672821530697047,1.7459061048083354e-05,-0.0028431765259353124,0.0009581399276682005
TSLA250718C00750000,2025-06-27 15:15:17+00:00,750.0,0.01,0.01,0.02,0.0,0.0,350.0,2074,1.078129609375,False,REGULAR,USD,TSLA,2025-07-18,18,323.6300048828125,2.3174612634312988,2025-06-29 12:49:55.256830,6,6,0.1686746987951807,0.01,0.015,-0.004999999999999999,0.00036184989763611986,1.6993319260287045e-05,-0.0028490721138747384,0.0009462946624780532
TSLA250718C00760000,2025-06-26 13:55:47+00:00,760.0,0.01,0.01,0.02,0.0,0.0,2.0,827,1.09375453125,False,REGULAR,USD,TSLA,2025-07-18,18,323.6300048828125,2.348360746943716,2025-06-29 12:49:55.256830,6,6,0.0024154589371980675,0.01,0.015,-0.004999999999999999,0.00035818680056612926,1.6592964797511596e-05,-0.002862929359853146,0.0009373915995917797
TSLA250718C00770000,2025-06-27 17:12:12+00:00,770.0,0.01,0.0,0.02,-0.01,-50.0,434.0,3549,1.078129609375,False,REGULAR,USD,TSLA,2025-07-18,18,323.6300048828125,2.379260230456133,2025-06-29 12:49:55.256830,6,6,0.12225352112676056,0.02,0.01,0.0,0.0002411845964367591,1.1648735862028068e-05,-0.0019527364320261306,0.0006486747175176443
TSLA250718C00780000,2025-06-27 17:11:55+00:00,780.0,0.01,0.0,0.02,0.0,0.0,105.0,781,1.09375453125,False,REGULAR,USD,TSLA,2025-07-18,18,323.6300048828125,2.4101597139685507,2025-06-29 12:49:55.256830,6,6,0.13427109974424553,0.02,0.01,0.0,0.0002413492864528567,1.1489639402755978e-05,-0.0019821441903956722,0.0006490878266732271
TSLA250718C00790000,2025-06-24 14:52:15+00:00,790.0,0.02,0.0,0.02,0.0,0.0,3.0,906,1.109379453125,False,REGULAR,USD,TSLA,2025-07-18,18,323.6300048828125,2.441059197480968,2025-06-29 12:49:55.256830,6,6,0.0033076074972436605,0.02,0.01,0.01,0.00024215740221510427,1.1363185914236267e-05,-0.002016587235122887,0.000651114595255868
TSLA250718C00800000,2025-06-27 18:24:05+00:00,800.0,0.01,0.0,0.02,0.0,0.0,105.0,4377,1.125004375,False,REGULAR,USD,TSLA,2025-07-18,18,323.6300048828125,2.471958680993385,2025-06-29 12:49:55.256830,6,6,0.023983554134307902,0.02,0.01,0.0,0.00024357290641200096,1.1266439478905074e-05,-0.0020559879636231,0.0006546634572901387
TSLA250718C00810000,2025-06-26 19:53:04+00:00,810.0,0.01,0.0,0.02,0.0,0.0,20.0,346,1.140629296875,False,REGULAR,USD,TSLA,2025-07-18,18,323.6300048828125,2.5028581645058026,2025-06-29 12:49:55.256830,6,6,0.05763688760806916,0.02,0.01,0.0,0.0002455661901526557,1.1196885872093684e-05,-0.0021003018345411486,0.0006596582129880617
TSLA250718C00820000,2025-06-26 16:00:04+00:00,820.0,0.01,0.0,0.02,0.0,0.0,101.0,1413,1.15625421875,False,REGULAR,USD,TSLA,2025-07-18,18,323.6300048828125,2.53375764801822,2025-06-29 12:49:55.256830,6,6,0.07142857142857142,0.02,0.01,0.0,0.00024811313276776185,1.115236673324989e-05,-0.0021495135006678323,0.00066603579897245
TSLA250718C00830000,2025-06-27 14:52:09+00:00,830.0,0.01,0.0,0.02,-0.01,-50.0,33.0,289,1.171879140625,False,REGULAR,USD,TSLA,2025-07-18,18,323.6300048828125,2.564657131530637,2025-06-29 12:49:55.256830,6,6,0.11379310344827587,0.02,0.01,0.0,0.00025119432534042793,1.1131025238112314e-05,-0.0022036335966046936,0.0006737444358771236
TSLA250718C00840000,2025-06-27 14:52:10+00:00,840.0,0.01,0.0,0.02,-0.02,-66.66667,25.0,830,1.171879140625,False,REGULAR,USD,TSLA,2025-07-18,18,323.6300048828125,2.5955566150430545,2025-06-29 12:49:55.256830,6,6,0.030084235860409144,0.02,0.01,0.0,0.00021134246805842082,9.474006667411792e-06,-0.0018754934376386493,0.0005734475613060378
TSLA250718C00850000,2025-06-27 14:52:07+00:00,850.0,0.01,0.0,0.02,0.0,0.0,32.0,1295,1.1875040625,False,REGULAR,USD,TSLA,2025-07-18,18,323.6300048828125,2.626456098555472,2025-06-29 12:49:55.256830,6,6,0.024691358024691357,0.02,0.01,0.0,0.0002153331139290644,9.514083938891855e-06,-0.0019338701430382315,0.0005835516252614788
TSLA250718C00860000,2025-06-26 15:06:31+00:00,860.0,0.01,0.0,0.02,0.0,0.0,1.0,1607,1.203128984375,False,REGULAR,USD,TSLA,2025-07-18,18,323.6300048828125,2.657355582067889,2025-06-29 12:49:55.256830,6,6,0.0006218905472636816,0.02,0.01,0.0,0.00021975319306299432,9.570352468792017e-06,-0.0019967202401921028,0.0005947265439639241
TSLA250718C00870000,2025-06-23 16:39:51+00:00,870.0,0.02,0.0,0.02,0.0,0.0,1.0,1069,1.21875390625,False,REGULAR,USD,TSLA,2025-07-18,18,323.6300048828125,2.6882550655803064,2025-06-29 12:49:55.256830,6,6,0.0009345794392523365,0.02,0.01,0.01,0.0002246003479711303,9.642020973675408e-06,-0.0020641470951170745,0.0006069617073883754
TSLA250718C00880000,2025-06-27 19:14:04+00:00,880.0,0.01,0.0,0.02,-0.01,-50.0,64.0,1232,1.234378828125,False,REGULAR,USD,TSLA,2025-07-18,18,323.6300048828125,2.719154549092724,2025-06-29 12:49:55.256830,6,6,0.05190592051905921,0.02,0.01,0.0,0.0002298741360781809,9.728409939360412e-06,-0.0021362679863293015,0.0006202510771564851
TSLA250718C00890000,2025-06-11 15:04:02+00:00,890.0,0.05,0.0,0.02,0.0,0.0,1.0,906,1.25000375,False,REGULAR,USD,TSLA,2025-07-18,18,323.6300048828125,2.7500540326051413,2025-06-29 12:49:55.256830,6,6,0.0011025358324145535,0.02,0.01,0.04,0.00023557582449565122,9.828936570858062e-06,-0.0022132132802042907,0.0006345926658598855
TSLA250718C00900000,2025-06-27 14:51:53+00:00,900.0,0.01,0.0,0.02,0.0,0.0,17.0,1246,1.25000375,False,REGULAR,USD,TSLA,2025-07-18,18,323.6300048828125,2.7809535161175583,2025-06-29 12:49:55.256830,6,6,0.0136327185244587,0.02,0.01,0.0,0.00020243069326319135,8.531592926117559e-06,-0.001921006278018494,0.0005508313396861849
TSLA250718C00910000,2025-06-25 16:01:23+00:00,910.0,0.01,0.0,0.02,0.0,0.0,1.0,488,1.2656286718749998,False,REGULAR,USD,TSLA,2025-07-18,18,323.6300048828125,2.811852999629976,2025-06-29 12:49:55.256830,6,6,0.002044989775051125,0.02,0.01,0.0,0.00020849077405952823,8.66164805952461e-06,-0.0019992525212661413,0.0005662184786943043
TSLA250718C00920000,2025-06-24 14:14:45+00:00,920.0,0.01,0.0,0.01,0.0,0.0,209.0,596,1.21875390625,False,REGULAR,USD,TSLA,2025-07-18,18,323.6300048828125,2.842752483142393,2025-06-29 12:49:55.256830,6,6,0.3500837520938023,0.01,0.005,0.005,0.00010127278046069568,4.5733455082882845e-06,-0.0009788477342840623,0.0002878904335269767
TSLA250718C00930000,2025-06-18 14:26:42+00:00,930.0,0.02,0.0,0.02,0.0,0.0,1.0,328,1.2968785156249998,False,REGULAR,USD,TSLA,2025-07-18,18,323.6300048828125,2.87365196665481,2025-06-29 12:49:55.256830,6,6,0.00303951367781155,0.02,0.01,0.01,0.00022179820245031603,8.955624134955966e-06,-0.002170240362073002,0.0005998910104944569
TSLA250718C00940000,2025-06-25 14:00:10+00:00,940.0,0.05,0.0,0.02,0.0,0.0,8.0,175,1.2968785156249998,False,REGULAR,USD,TSLA,2025-07-18,18,323.6300048828125,2.904551450167228,2025-06-29 12:49:55.256830,6,6,0.045454545454545456,0.02,0.01,0.04,0.00019274314834548108,7.854938593295707e-06,-0.0019034386056575269,0.000526161770424417
TSLA250718C00950000,2025-06-23 16:44:36+00:00,950.0,0.01,0.0,0.02,0.0,0.0,15.0,957,1.3125034374999998,False,REGULAR,USD,TSLA,2025-07-18,18,323.6300048828125,2.935450933679645,2025-06-29 12:49:55.256830,6,6,0.015657620041753653,0.02,0.01,0.0,0.00019974285670110818,8.024496837957812e-06,-0.0019915766903920505,0.0005439956914115741
TSLA250718C00960000,2025-06-27 16:46:29+00:00,960.0,0.01,0.0,0.01,0.0,0.0,122.0,33969,1.2812535937499998,False,REGULAR,USD,TSLA,2025-07-18,18,323.6300048828125,2.966350417192062,2025-06-29 12:49:55.256830,6,6,0.003591404180158964,0.01,0.005,0.005,0.00012099038123959716,5.140954936243235e-06,-0.00121586269529925,0.0003402170650832784
TSLA250725C00050000,2025-06-25 14:12:44+00:00,50.0,272.95,273.15,274.75,0.0,0.0,2.0,1,2.7148469628906247,True,REGULAR,USD,TSLA,2025-07-25,25,323.6300048828125,0.1544974175620865,2025-06-29 12:49:55.407025,6,6,1.0,1.6000000000000227,273.95,-1.0,0.9985986372743298,1.994395723379645e-05,-0.027838357431113618,0.0038841982769307693
TSLA250725C00060000,2025-06-23 16:42:46+00:00,60.0,290.92,263.2,264.8,0.0,0.0,1.0,1,2.5273474316406244,True,REGULAR,USD,TSLA,2025-07-25,25,323.6300048828125,0.1853969010745038,2025-06-29 12:49:55.407025,6,6,0.5,1.6000000000000227,264.0,26.920000000000016,0.9980352544354635,2.914417069045753e-05,-0.03479244354876812,0.005283982292951007
TSLA250725C00070000,2025-06-23 16:42:46+00:00,70.0,280.75,253.25,254.85,0.0,0.0,2.0,17,2.3593791015624994,True,REGULAR,USD,TSLA,2025-07-25,25,323.6300048828125,0.2162963845869212,2025-06-29 12:49:55.407025,6,6,0.1111111111111111,1.5999999999999943,254.05,26.69999999999999,0.9973961535084896,4.0291916399735695e-05,-0.04159534044757888,0.0068196228343121446
TSLA250725C00110000,2025-06-18 13:32:27+00:00,110.0,205.35,213.55,215.1,0.0,0.0,1.0,2,1.8544929150390623,True,REGULAR,USD,TSLA,2025-07-25,25,323.6300048828125,0.3398943186365905,2025-06-29 12:49:55.407025,6,6,0.3333333333333333,1.549999999999983,214.325,-8.974999999999994,0.9933035312510574,0.00011930040795192093,-0.07353166174716602,0.015871274792882945
TSLA250725C00115000,2025-06-20 14:01:30+00:00,115.0,210.45,208.6,210.15,0.0,0.0,5.0,5,1.8066415917968748,True,REGULAR,USD,TSLA,2025-07-25,25,323.6300048828125,0.3553440603927991,2025-06-29 12:49:55.407025,6,6,0.8333333333333334,1.5500000000000114,209.375,1.0749999999999886,0.9924910558870732,0.00013548056099869438,-0.0787510602259235,0.017558753995770032
TSLA250725C00130000,2025-06-23 13:33:34+00:00,130.0,205.32,193.7,195.2,0.0,0.0,1.0,1,1.6357440087890622,True,REGULAR,USD,TSLA,2025-07-25,25,323.6300048828125,0.4016932856614251,2025-06-29 12:49:55.407025,6,6,0.5,1.5,194.45,10.870000000000005,0.990678066958759,0.00018092391628306523,-0.08672020292300779,0.021230294665941965
TSLA250725C00140000,2025-06-18 18:20:32+00:00,140.0,185.07,183.8,185.3,0.0,0.0,3.0,4,1.5468772656249998,True,REGULAR,USD,TSLA,2025-07-25,25,323.6300048828125,0.4325927691738424,2025-06-29 12:49:55.407025,6,6,0.6,1.5,184.55,0.5199999999999818,0.9887183040828644,0.00022595571855554616,-0.09610561257858959,0.02507401593610632
TSLA250725C00145000,2025-06-24 18:54:44+00:00,145.0,198.43,178.85,180.4,0.0,0.0,2.0,9,1.5107446337890624,True,REGULAR,USD,TSLA,2025-07-25,25,323.6300048828125,0.448042510930051,2025-06-29 12:49:55.407025,6,6,0.2,1.5500000000000114,179.625,18.805000000000007,0.9873559653111311,0.0002554058655913711,-0.1027814015988393,0.02768003475145968
TSLA250725C00150000,2025-06-23 15:50:13+00:00,150.0,205.07,173.9,175.4,0.0,0.0,1.0,5,1.4594753588867184,True,REGULAR,USD,TSLA,2025-07-25,25,323.6300048828125,0.4634922526862597,2025-06-29 12:49:55.407025,6,6,0.16666666666666666,1.5,174.65,30.419999999999987,0.9865561900932497,0.00027877318006845164,-0.10498694717347568,0.029187201744783287
TSLA250725C00165000,2025-06-23 19:55:38+00:00,165.0,185.22,159.05,160.55,0.0,0.0,9.0,8,1.3320345898437496,True,REGULAR,USD,TSLA,2025-07-25,25,323.6300048828125,0.5098414779548857,2025-06-29 12:49:55.407025,6,6,1.0,1.5,159.8,25.419999999999987,0.9828503796588464,0.0003764976760236073,-0.11750208946244892,0.035976797872396014
TSLA250725C00170000,2025-06-26 19:33:40+00:00,170.0,158.7,154.15,155.5,0.0,0.0,15.0,23,1.28515982421875,True,REGULAR,USD,TSLA,2025-07-25,25,323.6300048828125,0.5252912197110944,2025-06-29 12:49:55.407025,6,6,0.625,1.3499999999999943,154.825,3.875,0.9818024284432096,0.0004104901151125685,-0.11956345508118378,0.037844654761306634
TSLA250725C00180000,2025-06-25 19:45:46+00:00,180.0,149.23,144.25,145.6,0.0,0.0,1.0,26,1.2041055419921871,True,REGULAR,USD,TSLA,2025-07-25,25,323.6300048828125,0.5561907032235117,2025-06-29 12:49:55.407025,6,6,0.037037037037037035,1.3499999999999943,144.925,4.304999999999978,0.9788233893091381,0.000498313112434074,-0.12717091525406066,0.04304389608344869
TSLA250725C00190000,2025-06-24 16:48:54+00:00,190.0,154.5,134.7,135.45,0.0,0.0,1.0,2589,1.1328168359375002,True,REGULAR,USD,TSLA,2025-07-25,25,323.6300048828125,0.5870901867359289,2025-06-29 12:49:55.407025,6,6,0.0003861003861003861,0.75,135.075,19.42500000000001,0.9747774643556655,0.0006136796498252681,-0.13766963304287602,0.04987077538054787
TSLA250725C00195000,2025-06-23 13:34:04+00:00,195.0,139.8,129.55,130.75,0.0,0.0,1.0,3,1.0971724829101563,True,REGULAR,USD,TSLA,2025-07-25,25,323.6300048828125,0.6025399284921377,2025-06-29 12:49:55.407025,6,6,0.25,1.1999999999999886,130.15,9.650000000000006,0.9725571308181876,0.0006799155049251537,-0.14268618039100392,0.053514879982002946
TSLA250725C00200000,2025-06-27 19:10:21+00:00,200.0,121.0,124.65,125.75,-7.0,-5.46875,37.0,2649,1.0576218994140625,True,REGULAR,USD,TSLA,2025-07-25,25,323.6300048828125,0.6179896702483463,2025-06-29 12:49:55.407025,6,6,0.013962264150943397,1.0999999999999943,125.2,-4.200000000000003,0.9705914687930881,0.0007471334057363702,-0.14574966044367968,0.05668567123109595
TSLA250725C00205000,2025-06-25 15:14:36+00:00,205.0,122.8,119.75,120.9,0.0,0.0,1.0,7,1.0288134497070316,True,REGULAR,USD,TSLA,2025-07-25,25,323.6300048828125,0.633439412004555,2025-06-29 12:49:55.407025,6,6,0.125,1.1500000000000057,120.325,2.4749999999999943,0.967343960858058,0.0008375973333654963,-0.15356858484124025,0.06181823810303897
TSLA250725C00210000,2025-06-27 18:00:50+00:00,210.0,114.67,114.85,115.9,-20.580002,-15.216267,1.0,14,0.9895020581054688,True,REGULAR,USD,TSLA,2025-07-25,25,323.6300048828125,0.6488891537607636,2025-06-29 12:49:55.407025,6,6,0.06666666666666667,1.0500000000000114,115.375,-0.7049999999999983,0.9650682020266151,0.0009205066568744605,-0.15625629215101927,0.06534138552566397
TSLA250725C00215000,2025-06-27 19:40:27+00:00,215.0,109.58,109.95,111.1,4.300003,4.0843496,5.0,6,0.962646857910156,True,REGULAR,USD,TSLA,2025-07-25,25,323.6300048828125,0.6643388955169722,2025-06-29 12:49:55.407025,6,6,0.7142857142857143,1.1499999999999915,110.525,-0.9450000000000074,0.9610363443291134,0.0010345753658930477,-0.1649848395051913,0.07144532805032433
TSLA250725C00220000,2025-06-26 13:32:20+00:00,220.0,112.4,105.05,106.15,0.0,0.0,1.0,19,0.9262702685546876,True,REGULAR,USD,TSLA,2025-07-25,25,323.6300048828125,0.679788637273181,2025-06-29 12:49:55.407025,6,6,0.05,1.1000000000000085,105.6,6.800000000000011,0.9579636824399704,0.0011435494346859656,-0.1687372855985085,0.07598666282085137
TSLA250725C00225000,2025-06-27 19:50:00+00:00,225.0,99.95,100.2,101.35,-2.4000015,-2.3448966,6.0,12,0.900269552001953,True,REGULAR,USD,TSLA,2025-07-25,25,323.6300048828125,0.6952383790293896,2025-06-29 12:49:55.407025,6,6,0.46153846153846156,1.1499999999999915,100.775,-0.8250000000000028,0.9530464390431816,0.0012862663139566878,-0.1779849273405631,0.08307075582801669
TSLA250725C00230000,2025-06-26 13:35:16+00:00,230.0,101.5,95.35,96.4,0.0,0.0,6.0,8,0.8657239990234374,True,REGULAR,USD,TSLA,2025-07-25,25,323.6300048828125,0.7106881207855983,2025-06-29 12:49:55.407025,6,6,0.6666666666666666,1.0500000000000114,95.875,5.625,0.9490544545563734,0.0014277078051530324,-0.18242916550687155,0.08866730213606962
TSLA250725C00235000,2025-06-27 19:23:02+00:00,235.0,87.92,90.5,91.65,-2.9300003,-3.2250967,5.0,16,0.8400894897460938,True,REGULAR,USD,TSLA,2025-07-25,25,323.6300048828125,0.7261378625418069,2025-06-29 12:49:55.407025,6,6,0.29411764705882354,1.1500000000000057,91.075,-3.155000000000001,0.9430654518105706,0.0016066176590991404,-0.19198087857283808,0.09682394895335596
TSLA250725C00240000,2025-06-25 16:49:10+00:00,240.0,88.75,85.75,86.8,0.0,0.0,5.0,31,0.8129901513671874,True,REGULAR,USD,TSLA,2025-07-25,25,323.6300048828125,0.7415876042980155,2025-06-29 12:49:55.407025,6,6,0.15625,1.0499999999999972,86.275,2.4749999999999943,0.9366915554975342,0.0018040115042916515,-0.20074929281180956,0.1052129726236056
TSLA250725C00245000,2025-06-25 15:33:13+00:00,245.0,83.5,81.0,82.1,0.0,0.0,4.0,6,0.7902853002929688,True,REGULAR,USD,TSLA,2025-07-25,25,323.6300048828125,0.7570373460542242,2025-06-29 12:49:55.407025,6,6,0.5714285714285714,1.0999999999999943,81.55,1.9500000000000028,0.9286412909658499,0.0020357855663034772,-0.21238830637441825,0.1154145701965736
TSLA250725C00250000,2025-06-27 18:40:32+00:00,250.0,71.85,76.3,77.35,-7.1500015,-9.050634,7.0,42,0.7656273437500001,True,REGULAR,USD,TSLA,2025-07-25,25,323.6300048828125,0.7724870878104328,2025-06-29 12:49:55.407025,6,6,0.16279069767441862,1.0499999999999972,76.82499999999999,-4.974999999999994,0.9200740973043243,0.0022909638164936193,-0.22291263407618506,0.1258288911017785
TSLA250725C00255000,2025-06-27 19:43:16+00:00,255.0,70.95,71.65,72.75,-4.550003,-6.026494,7.0,39,0.7457300817871093,True,REGULAR,USD,TSLA,2025-07-25,25,323.6300048828125,0.7879368295666416,2025-06-29 12:49:55.407025,6,6,0.175,1.0999999999999943,72.2,-1.25,0.9092794231210235,0.0025862994938330975,-0.2367502786370192,0.13835828843499148
TSLA250725C00260000,2025-06-27 19:30:34+00:00,260.0,65.24,67.15,68.2,-6.260002,-8.755248,6.0,39,0.7291286853027343,True,REGULAR,USD,TSLA,2025-07-25,25,323.6300048828125,0.8033865713228502,2025-06-29 12:49:55.407025,6,6,0.15,1.0499999999999972,67.67500000000001,-2.4350000000000165,0.8962740267390845,0.0029185058414502086,-0.25305116021742596,0.1526544452082669
TSLA250725C00265000,2025-06-27 19:55:00+00:00,265.0,63.5,62.75,63.65,-4.300003,-6.342187,6.0,80,0.7121610815429689,True,REGULAR,USD,TSLA,2025-07-25,25,323.6300048828125,0.8188363130790588,2025-06-29 12:49:55.407025,6,6,0.07407407407407407,0.8999999999999986,63.2,0.29999999999999716,0.8817823135337775,0.0032815520240993628,-0.2692030698517782,0.16764948899560175
TSLA250725C00270000,2025-06-27 19:31:09+00:00,270.0,56.53,58.5,59.15,-4.420002,-7.251849,67.0,131,0.6969024450683594,True,REGULAR,USD,TSLA,2025-07-25,25,323.6300048828125,0.8342860548352675,2025-06-29 12:49:55.407025,6,6,0.5075757575757576,0.6499999999999986,58.825,-2.2950000000000017,0.8650609286161163,0.0036772063313920424,-0.28651296363702944,0.18383774797197905
TSLA250725C00275000,2025-06-27 18:47:43+00:00,275.0,51.0,54.35,54.95,-7.669998,-13.073118,19.0,201,0.6872589868164063,True,REGULAR,USD,TSLA,2025-07-25,25,323.6300048828125,0.8497357965914761,2025-06-29 12:49:55.407025,6,6,0.09405940594059406,0.6000000000000014,54.650000000000006,-3.6500000000000057,0.8447722614134785,0.004097602904600501,-0.30763838151708894,0.20202029469096197
TSLA250725C00280000,2025-06-27 19:06:52+00:00,280.0,47.11,50.25,50.85,-6.209999,-11.64666,58.0,135,0.6763948376464846,True,REGULAR,USD,TSLA,2025-07-25,25,323.6300048828125,0.8651855383476849,2025-06-29 12:49:55.407025,6,6,0.4264705882352941,0.6000000000000014,50.55,-3.4399999999999977,0.8227520748485333,0.004536046207732586,-0.32729999978005364,0.2201012241955538
TSLA250725C00285000,2025-06-27 19:08:24+00:00,285.0,43.5,46.35,47.0,-6.029999,-12.1744375,38.0,67,0.6699251757812501,True,REGULAR,USD,TSLA,2025-07-25,25,323.6300048828125,0.8806352801038935,2025-06-29 12:49:55.407025,6,6,0.5588235294117647,0.6499999999999986,46.675,-3.174999999999997,0.7973499494902705,0.0049731000143487395,-0.3491859732999936,0.23900016243342329
TSLA250725C00290000,2025-06-27 19:54:17+00:00,290.0,42.2,42.5,43.1,-3.9199982,-8.499563,64.0,85,0.6585727502441407,True,REGULAR,USD,TSLA,2025-07-25,25,323.6300048828125,0.8960850218601021,2025-06-29 12:49:55.407025,6,6,0.7441860465116279,0.6000000000000014,42.8,-0.5999999999999943,0.7711488752929422,0.005428446392155127,-0.36613546605765757,0.2564625842371575
TSLA250725C00295000,2025-06-27 18:48:56+00:00,295.0,36.25,38.95,39.5,-5.8499985,-13.895483,35.0,673,0.6532017102050782,True,REGULAR,USD,TSLA,2025-07-25,25,323.6300048828125,0.9115347636163108,2025-06-29 12:49:55.407025,6,6,0.05192878338278932,0.5499999999999972,39.225,-2.9750000000000014,0.741292240157652,0.005847855257898312,-0.3854962461161196,0.27402401898756534
TSLA250725C00300000,2025-06-27 19:47:58+00:00,300.0,35.26,35.55,36.2,-2.9400024,-7.696341,97.0,511,0.6500889483642578,True,REGULAR,USD,TSLA,2025-07-25,25,323.6300048828125,0.9269845053725194,2025-06-29 12:49:55.407025,6,6,0.189453125,0.6500000000000057,35.875,-0.615000000000002,0.7091252579589824,0.006225571564976826,-0.40403559805938155,0.29033321056299344
TSLA250725C00305000,2025-06-27 19:36:27+00:00,305.0,31.22,32.1,33.1,-3.4100018,-9.846958,91.0,416,0.644107562866211,True,REGULAR,USD,TSLA,2025-07-25,25,323.6300048828125,0.942434247128728,2025-06-29 12:49:55.407025,6,6,0.2182254196642686,1.0,32.6,-1.3800000000000026,0.6759193242205006,0.006589668943323291,-0.41777655765756294,0.3044855583590904
TSLA250725C00310000,2025-06-27 19:38:54+00:00,310.0,28.8,29.45,30.0,-4.0,-12.195122,86.0,322,0.6451451501464844,True,REGULAR,USD,TSLA,2025-07-25,25,323.6300048828125,0.9578839888849368,2025-06-29 12:49:55.407025,6,6,0.26625386996904027,0.5500000000000007,29.725,-0.9250000000000007,0.640407924657296,0.006843974844558329,-0.43305440524382904,0.31674556682880106
TSLA250725C00315000,2025-06-27 19:50:12+00:00,315.0,25.6,26.6,27.3,-3.7999992,-12.925167,54.0,333,0.6437413555908205,True,REGULAR,USD,TSLA,2025-07-25,25,323.6300048828125,0.9733337306411456,2025-06-29 12:49:55.407025,6,6,0.16167664670658682,0.6999999999999993,26.950000000000003,-1.3500000000000014,0.6044929316562273,0.007064441564934629,-0.44318008337528997,0.3262375531277519
TSLA250725C00320000,2025-06-27 19:58:26+00:00,320.0,24.0,24.0,24.35,-2.42,-9.159727,776.0,734,0.637271693725586,True,REGULAR,USD,TSLA,2025-07-25,25,323.6300048828125,0.988783472397354,2025-06-29 12:49:55.407025,6,6,1.05578231292517,0.3500000000000014,24.175,-0.1750000000000007,0.5681072450110142,0.0072831964014235095,-0.4462973810713111,0.33295945630630486
TSLA250725C00325000,2025-06-27 19:59:59+00:00,325.0,21.67,21.6,21.8,-2.2299995,-9.330543,1991.0,982,0.6343420355224609,False,REGULAR,USD,TSLA,2025-07-25,25,323.6300048828125,1.0042332141535628,2025-06-29 12:49:55.407025,6,6,2.0254323499491353,0.1999999999999993,21.700000000000003,-0.030000000000001137,0.5311618928411095,0.007402639914919771,-0.4480058517643604,0.3368641695472548
TSLA250725C00330000,2025-06-27 19:59:25+00:00,330.0,19.45,19.4,19.75,-2.0,-9.324009,3221.0,1770,0.6364172100830079,False,REGULAR,USD,TSLA,2025-07-25,25,323.6300048828125,1.019682955909771,2025-06-29 12:49:55.407025,6,6,1.818746470920384,0.3500000000000014,19.575,-0.125,0.49473951484938467,0.007400448494397501,-0.44935992151790094,0.33786613172665925
TSLA250725C00335000,2025-06-27 19:59:58+00:00,335.0,17.47,17.45,17.8,-2.0300007,-10.410259,776.0,528,0.6386144537353515,False,REGULAR,USD,TSLA,2025-07-25,25,323.6300048828125,1.03513269766598,2025-06-29 12:49:55.407025,6,6,1.4669187145557656,0.3500000000000014,17.625,-0.15500000000000114,0.4591630291765174,0.007336951927058263,-0.44731240428349295,0.3361236887284711
TSLA250725C00340000,2025-06-27 19:59:18+00:00,340.0,15.65,15.55,15.9,-2.0500011,-11.581926,581.0,2896,0.6375158319091796,False,REGULAR,USD,TSLA,2025-07-25,25,323.6300048828125,1.0505824394221888,2025-06-29 12:49:55.407025,6,6,0.20055229547808076,0.34999999999999964,15.725000000000001,-0.07500000000000107,0.42394855985118596,0.0072536785486377285,-0.4396817667820417,0.3317370541881904
TSLA250725C00345000,2025-06-27 19:59:56+00:00,345.0,13.99,13.9,14.3,-1.71,-10.89172,230.0,1007,0.6398351446533204,False,REGULAR,USD,TSLA,2025-07-25,25,323.6300048828125,1.0660321811783973,2025-06-29 12:49:55.407025,6,6,0.22817460317460317,0.40000000000000036,14.100000000000001,-0.11000000000000121,0.39062792613975117,0.00708314101874985,-0.43149521248651146,0.3251162546846282
TSLA250725C00350000,2025-06-27 19:59:45+00:00,350.0,12.49,12.45,12.6,-1.5600004,-11.103206,1211.0,3380,0.6392247991943358,False,REGULAR,USD,TSLA,2025-07-25,25,323.6300048828125,1.081481922934606,2025-06-29 12:49:55.407025,6,6,0.3581780538302277,0.15000000000000036,12.524999999999999,-0.034999999999998366,0.3578852905624051,0.006895955430588192,-0.4184926797750445,0.3162224980437525
TSLA250725C00355000,2025-06-27 19:56:00+00:00,355.0,11.05,11.05,11.25,-1.5500002,-12.301589,369.0,1058,0.6403844555664062,False,REGULAR,USD,TSLA,2025-07-25,25,323.6300048828125,1.0969316646908147,2025-06-29 12:49:55.407025,6,6,0.34844192634560905,0.1999999999999993,11.15,-0.09999999999999964,0.32715229618163955,0.006653580504776133,-0.40452593313820456,0.305661613467207
TSLA250725C00360000,2025-06-27 19:59:29+00:00,360.0,9.95,9.9,10.05,-1.4000006,-12.334806,662.0,1146,0.6438023901367188,False,REGULAR,USD,TSLA,2025-07-25,25,323.6300048828125,1.1123814064470234,2025-06-29 12:49:55.407025,6,6,0.5771578029642546,0.15000000000000036,9.975000000000001,-0.02500000000000213,0.29891288942799565,0.00636584034037651,-0.3905135882509524,0.29400385874968327
TSLA250725C00365000,2025-06-27 19:59:04+00:00,365.0,8.9,8.8,8.95,-1.3000002,-12.7451,491.0,881,0.6458775646972656,False,REGULAR,USD,TSLA,2025-07-25,25,323.6300048828125,1.127831148203232,2025-06-29 12:49:55.407025,6,6,0.5566893424036281,0.14999999999999858,8.875,0.025000000000000355,0.27196079521813477,0.006066076782033089,-0.373971221834426,0.2810624359935505
TSLA250725C00370000,2025-06-27 19:57:15+00:00,370.0,7.9,7.85,8.0,-1.5999999,-16.842104,747.0,1195,0.6492954992675781,False,REGULAR,USD,TSLA,2025-07-25,25,323.6300048828125,1.1432808899594409,2025-06-29 12:49:55.407025,6,6,0.6245819397993311,0.15000000000000036,7.925,-0.024999999999999467,0.24734336327809653,0.005745608314447189,-0.35747752499034274,0.26762280143101114
TSLA250725C00375000,2025-06-27 19:59:41+00:00,375.0,7.1,7.0,7.25,-1.3499999,-15.976331,529.0,844,0.6547275738525393,False,REGULAR,USD,TSLA,2025-07-25,25,323.6300048828125,1.1587306317156494,2025-06-29 12:49:55.407025,6,6,0.6260355029585799,0.25,7.125,-0.025000000000000355,0.2253858558258891,0.005413562142767785,-0.3420297804103396,0.25426610004893035
TSLA250725C00380000,2025-06-27 19:59:45+00:00,380.0,6.3,6.25,6.35,-0.9499998,-13.103446,631.0,948,0.6558872302246095,False,REGULAR,USD,TSLA,2025-07-25,25,323.6300048828125,1.174180373471858,2025-06-29 12:49:55.407025,6,6,0.6649104320337197,0.09999999999999964,6.3,0.0,0.20336691539245205,0.005090261726052436,-0.3223902297074158,0.23950467351072105
TSLA250725C00385000,2025-06-27 19:57:06+00:00,385.0,5.6,5.55,5.7,-0.9300003,-14.241965,169.0,478,0.6597324066162109,False,REGULAR,USD,TSLA,2025-07-25,25,323.6300048828125,1.1896301152280666,2025-06-29 12:49:55.407025,6,6,0.35281837160751567,0.15000000000000036,5.625,-0.025000000000000355,0.18418623863037337,0.004763934664492432,-0.30494645999346154,0.2254645764339643
TSLA250725C00390000,2025-06-27 19:59:29+00:00,390.0,5.0,4.95,5.1,-0.8000002,-13.793106,438.0,1869,0.663638617553711,False,REGULAR,USD,TSLA,2025-07-25,25,323.6300048828125,1.205079856984275,2025-06-29 12:49:55.407025,6,6,0.23422459893048128,0.14999999999999947,5.025,-0.025000000000000355,0.16664572189577104,0.004444692942699021,-0.2876096446503019,0.21160119561549554
TSLA250725C00395000,2025-06-27 19:58:22+00:00,395.0,4.55,4.45,4.55,-0.6999998,-13.333329,1139.0,636,0.668094139404297,False,REGULAR,USD,TSLA,2025-07-25,25,323.6300048828125,1.2205295987404838,2025-06-29 12:49:55.407025,6,6,1.7880690737833596,0.09999999999999964,4.5,0.04999999999999982,0.15086079402250535,0.004136160798546164,-0.2710048440797097,0.19823474662581483
TSLA250725C00400000,2025-06-27 19:59:53+00:00,400.0,4.0,4.0,4.1,-0.6500001,-13.978497,3033.0,2584,0.6734651794433595,False,REGULAR,USD,TSLA,2025-07-25,25,323.6300048828125,1.2359793404966926,2025-06-29 12:49:55.407025,6,6,1.1733075435203095,0.09999999999999964,4.05,-0.04999999999999982,0.13687237109212463,0.0038424221126238047,-0.255605445346727,0.18563716304296224
TSLA250725C00405000,2025-06-27 19:58:08+00:00,405.0,3.65,3.6,3.7,-0.6500001,-15.116281,163.0,303,0.6789582885742189,False,REGULAR,USD,TSLA,2025-07-25,25,323.6300048828125,1.2514290822529013,2025-06-29 12:49:55.407025,6,6,0.5361842105263158,0.10000000000000009,3.6500000000000004,-4.440892098500626e-16,0.12422888917691027,0.003564218654382315,-0.24079264239547268,0.17360096586006155
TSLA250725C00410000,2025-06-27 19:57:28+00:00,410.0,3.24,3.2,3.35,-0.54999995,-14.511873,226.0,425,0.6833527758789064,False,REGULAR,USD,TSLA,2025-07-25,25,323.6300048828125,1.26687882400911,2025-06-29 12:49:55.407025,6,6,0.5305164319248826,0.1499999999999999,3.2750000000000004,-0.03500000000000014,0.1123463795744965,0.003298269323794112,-0.22555808209501066,0.16168725286773253
TSLA250725C00415000,2025-06-27 19:56:23+00:00,415.0,2.93,2.92,2.99,-0.66999984,-18.611107,126.0,303,0.6887238159179689,False,REGULAR,USD,TSLA,2025-07-25,25,323.6300048828125,1.2823285657653185,2025-06-29 12:49:55.407025,6,6,0.4144736842105263,0.07000000000000028,2.955,-0.02499999999999991,0.10194906751331617,0.0030511734889240244,-0.2118096472054919,0.15074978695523433
TSLA250725C00420000,2025-06-27 19:57:42+00:00,420.0,2.69,2.64,2.71,-0.46000004,-14.603175,116.0,667,0.694461063232422,False,REGULAR,USD,TSLA,2025-07-25,25,323.6300048828125,1.2977783075215272,2025-06-29 12:49:55.407025,6,6,0.17365269461077845,0.06999999999999984,2.675,0.015000000000000124,0.09268075540458515,0.0028215695322476937,-0.19902152596903536,0.1405669953506401
TSLA250725C00425000,2025-06-27 19:52:25+00:00,425.0,2.27,2.4,2.46,-0.56999993,-20.07042,80.0,1016,0.7004424487304688,False,REGULAR,USD,TSLA,2025-07-25,25,323.6300048828125,1.313228049277736,2025-06-29 12:49:55.407025,6,6,0.07866273352999016,0.06000000000000005,2.4299999999999997,-0.1599999999999997,0.08439285445959505,0.0026088825738234326,-0.18709204211054403,0.13109064288772354
TSLA250725C00430000,2025-06-27 19:39:23+00:00,430.0,2.09,2.18,2.24,-0.5,-19.305021,166.0,346,0.7065459033203125,False,REGULAR,USD,TSLA,2025-07-25,25,323.6300048828125,1.3286777910339445,2025-06-29 12:49:55.407025,6,6,0.4783861671469741,0.06000000000000005,2.21,-0.1200000000000001,0.07695002067001043,0.002412135115300875,-0.17591266941627226,0.12226065481054044
TSLA250725C00435000,2025-06-27 19:56:23+00:00,435.0,2.02,1.98,2.05,-0.27999997,-12.173912,38.0,202,0.7126493579101563,False,REGULAR,USD,TSLA,2025-07-25,25,323.6300048828125,1.3441275327901532,2025-06-29 12:49:55.407025,6,6,0.18719211822660098,0.06999999999999984,2.0149999999999997,0.0050000000000003375,0.0702309568153324,0.0022301004666321917,-0.16537325996592356,0.11401054731560262
TSLA250725C00440000,2025-06-27 19:58:14+00:00,440.0,1.84,1.74,1.96,-0.25999987,-12.380947,293.0,406,0.719729365234375,False,REGULAR,USD,TSLA,2025-07-25,25,323.6300048828125,1.359577274546362,2025-06-29 12:49:55.407025,6,6,0.7199017199017199,0.21999999999999997,1.85,-0.010000000000000009,0.06445642596402719,0.002066451506010109,-0.15622026527902252,0.10669379042711145
TSLA250725C00445000,2025-06-27 19:29:35+00:00,445.0,1.54,1.65,1.71,-0.39,-20.207253,20.0,224,0.7248562670898437,False,REGULAR,USD,TSLA,2025-07-25,25,323.6300048828125,1.3750270163025706,2025-06-29 12:49:55.407025,6,6,0.08888888888888889,0.06000000000000005,1.68,-0.1399999999999999,0.058687122767246115,0.0019069439143922775,-0.14615727028989772,0.0991595442516728
TSLA250725C00450000,2025-06-27 19:53:40+00:00,450.0,1.54,1.51,1.57,-0.29000008,-15.846999,118.0,1325,0.7309597216796875,False,REGULAR,USD,TSLA,2025-07-25,25,323.6300048828125,1.3904767580587791,2025-06-29 12:49:55.407025,6,6,0.0889894419306184,0.06000000000000005,1.54,0.0,0.05373913728199416,0.00176414535894032,-0.1374399249596511,0.09250655690857243
TSLA250725C00455000,2025-06-27 19:13:19+00:00,455.0,1.21,1.39,1.45,-0.31999993,-20.915028,31.0,230,0.7377955908203124,False,REGULAR,USD,TSLA,2025-07-25,25,323.6300048828125,1.405926499814988,2025-06-29 12:49:55.407025,6,6,0.1341991341991342,0.06000000000000005,1.42,-0.20999999999999996,0.04945472820382186,0.0016360665851562223,-0.12980338566612337,0.08659279025614287
TSLA250725C00460000,2025-06-27 19:57:28+00:00,460.0,1.31,1.28,1.34,-0.13000011,-9.027785,59.0,316,0.7446314599609375,False,REGULAR,USD,TSLA,2025-07-25,25,323.6300048828125,1.4213762415711966,2025-06-29 12:49:55.407025,6,6,0.1861198738170347,0.06000000000000005,1.31,0.0,0.045579503595421775,0.0015184639201927489,-0.12266807372270762,0.08111301821600835
TSLA250725C00465000,2025-06-27 19:55:00+00:00,465.0,1.23,1.18,1.22,-0.13999999,-10.218977,34.0,318,0.7500025,False,REGULAR,USD,TSLA,2025-07-25,25,323.6300048828125,1.436825983327405,2025-06-29 12:49:55.407025,6,6,0.10658307210031348,0.040000000000000036,1.2,0.030000000000000027,0.04173527335070566,0.0014041148596519821,-0.11503163353086794,0.0755457522921539
TSLA250725C00470000,2025-06-27 19:59:57+00:00,470.0,1.12,1.08,1.23,-0.110000014,-8.94309,57.0,506,0.7619652709960938,False,REGULAR,USD,TSLA,2025-07-25,25,323.6300048828125,1.4522757250836138,2025-06-29 12:49:55.407025,6,6,0.11242603550295859,0.1499999999999999,1.155,-0.03499999999999992,0.039694110984449894,0.0013269591035738233,-0.11216357107068073,0.07253329712014994
TSLA250725C00480000,2025-06-27 18:58:20+00:00,480.0,0.82,0.88,1.01,-0.18,-18.0,174.0,471,0.7683128637695313,False,REGULAR,USD,TSLA,2025-07-25,25,323.6300048828125,1.483175208596031,2025-06-29 12:49:55.407025,6,6,0.3686440677966102,0.13,0.9450000000000001,-0.1250000000000001,0.03267890884389389,0.0011222368772296804,-0.09638855542394127,0.06185393649148984
TSLA250725C00490000,2025-06-27 17:51:35+00:00,490.0,0.75,0.75,0.92,-0.26,-25.742573,29.0,248,0.7839377075195313,False,REGULAR,USD,TSLA,2025-07-25,25,323.6300048828125,1.5140746921084485,2025-06-29 12:49:55.407025,6,6,0.11646586345381527,0.17000000000000004,0.835,-0.08499999999999996,0.028551243062856266,0.0009834884858338309,-0.08789013901602478,0.055308965839367036
TSLA250725C00500000,2025-06-27 19:54:40+00:00,500.0,0.7,0.69,0.74,-0.09000003,-11.392408,144.0,1554,0.7946797875976561,False,REGULAR,USD,TSLA,2025-07-25,25,323.6300048828125,1.5449741756208657,2025-06-29 12:49:55.407025,6,6,0.09260450160771704,0.050000000000000044,0.715,-0.015000000000000013,0.024353082996795887,0.0008494356475215308,-0.07796507429581404,0.04842474623355308
TSLA250725C00510000,2025-06-27 19:22:36+00:00,510.0,0.53,0.56,0.7,-0.120000005,-18.46154,37.0,310,0.8081073876953124,False,REGULAR,USD,TSLA,2025-07-25,25,323.6300048828125,1.5758736591332831,2025-06-29 12:49:55.407025,6,6,0.1189710610932476,0.1399999999999999,0.63,-0.09999999999999998,0.021252061231321454,0.0007447392793855465,-0.07065114777518977,0.043173577889356614
TSLA250725C00520000,2025-06-27 18:52:15+00:00,520.0,0.47,0.51,0.56,-0.109999985,-18.965515,35.0,289,0.8164080859374999,False,REGULAR,USD,TSLA,2025-07-25,25,323.6300048828125,1.6067731426457004,2025-06-29 12:49:55.407025,6,6,0.1206896551724138,0.050000000000000044,0.535,-0.06500000000000006,0.018012487117975422,0.000640572170598834,-0.06199804178120201,0.03751630588856486
TSLA250725C00530000,2025-06-27 18:03:12+00:00,530.0,0.42,0.45,0.49,-0.09,-17.647058,27.0,149,0.8281267187499999,False,REGULAR,USD,TSLA,2025-07-25,25,323.6300048828125,1.6376726261581176,2025-06-29 12:49:55.407025,6,6,0.18,0.03999999999999998,0.47,-0.04999999999999999,0.015705772581721376,0.0005616655853800939,-0.05591053394980216,0.033367165480138766
TSLA250725C00540000,2025-06-27 18:57:56+00:00,540.0,0.34,0.39,0.43,-0.109999985,-24.44444,24.0,165,0.8383805224609374,False,REGULAR,USD,TSLA,2025-07-25,25,323.6300048828125,1.668572109670535,2025-06-29 12:49:55.407025,6,6,0.14457831325301204,0.03999999999999998,0.41000000000000003,-0.07,0.01362123059106931,0.0004908191294026616,-0.050057444901500846,0.029519389036256744
TSLA250725C00550000,2025-06-27 19:54:46+00:00,550.0,0.36,0.33,0.38,-0.059999973,-14.285707,24.0,370,0.8471694970703124,False,REGULAR,USD,TSLA,2025-07-25,25,323.6300048828125,1.6994715931829525,2025-06-29 12:49:55.407025,6,6,0.0646900269541779,0.04999999999999999,0.355,0.0050000000000000044,0.011738224650410986,0.0004270433602462709,-0.044456348582898805,0.025952965406292314
TSLA250725C00560000,2025-06-27 18:58:29+00:00,560.0,0.26,0.29,0.33,-0.09,-25.714287,42.0,661,0.8564467480468749,False,REGULAR,USD,TSLA,2025-07-25,25,323.6300048828125,1.7303710766953695,2025-06-29 12:49:55.407025,6,6,0.0634441087613293,0.040000000000000036,0.31,-0.04999999999999999,0.010196889679721838,0.0003737214607050289,-0.039749870631637284,0.022961121998058477
TSLA250725C00570000,2025-06-27 19:08:55+00:00,570.0,0.22,0.25,0.27,-0.18,-45.0,6.0,58,0.86132951171875,False,REGULAR,USD,TSLA,2025-07-25,25,323.6300048828125,1.761270560207787,2025-06-29 12:49:55.407025,6,6,0.1016949152542373,0.020000000000000018,0.26,-0.04000000000000001,0.00858327942470975,0.00031961833694760467,-0.034374624280584486,0.019749027698233328
TSLA250725C00580000,2025-06-27 19:16:22+00:00,580.0,0.2,0.21,0.26,-0.030000001,-13.043478,216.0,179,0.8730481445312499,False,REGULAR,USD,TSLA,2025-07-25,25,323.6300048828125,1.7921700437202042,2025-06-29 12:49:55.407025,6,6,1.2,0.05000000000000002,0.235,-0.034999999999999976,0.007671000429668872,0.0002856778796729754,-0.03155733922459303,0.017892025616376917
TSLA250725C00590000,2025-06-27 19:58:56+00:00,590.0,0.22,0.18,0.23,-0.019999996,-8.333332,11.0,125,0.8808605664062499,False,REGULAR,USD,TSLA,2025-07-25,25,323.6300048828125,1.8230695272326216,2025-06-29 12:49:55.407025,6,6,0.0873015873015873,0.05000000000000002,0.20500000000000002,0.014999999999999986,0.006665170591764559,0.0002501276205559016,-0.028120012126411038,0.015805692330042174
TSLA250725C00600000,2025-06-27 17:34:52+00:00,600.0,0.15,0.16,0.18,-0.03999999,-21.052628,8.0,414,0.8828136718749999,False,REGULAR,USD,TSLA,2025-07-25,25,323.6300048828125,1.8539690107450388,2025-06-29 12:49:55.407025,6,6,0.01927710843373494,0.01999999999999999,0.16999999999999998,-0.01999999999999999,0.005517656526696583,0.00021109581072379746,-0.023832109713721756,0.013368829014983203
TSLA250725C00610000,2025-06-26 18:27:47+00:00,610.0,0.18,0.14,0.18,0.0,0.0,12.0,236,0.8974619628906249,False,REGULAR,USD,TSLA,2025-07-25,25,323.6300048828125,1.8848684942574565,2025-06-29 12:49:55.407025,6,6,0.05063291139240506,0.03999999999999998,0.16,0.01999999999999999,0.005134054331762145,0.00019476154776635325,-0.02271837204534977,0.012539030880805262
TSLA250725C00620000,2025-06-27 18:42:28+00:00,620.0,0.12,0.12,0.16,-0.050000004,-29.411766,10.0,405,0.90429783203125,False,REGULAR,USD,TSLA,2025-07-25,25,323.6300048828125,1.9157679777698733,2025-06-29 12:49:55.407025,6,6,0.024630541871921183,0.04000000000000001,0.14,-0.020000000000000018,0.004471970491905887,0.00017090109243842212,-0.020235824674631406,0.011086667741959554
TSLA250725C00630000,2025-06-25 14:45:33+00:00,630.0,0.19,0.1,0.15,0.0,0.0,2.0,119,0.91211025390625,False,REGULAR,USD,TSLA,2025-07-25,25,323.6300048828125,1.946667461282291,2025-06-29 12:49:55.407025,6,6,0.016666666666666666,0.04999999999999999,0.125,0.065,0.003944417953207792,0.00015144270552368104,-0.01823943117628613,0.009909241243144207
TSLA250725C00640000,2025-06-27 19:21:49+00:00,640.0,0.09,0.09,0.13,-0.029999994,-24.999996,38.0,420,0.918946123046875,False,REGULAR,USD,TSLA,2025-07-25,25,323.6300048828125,1.977566944794708,2025-06-29 12:49:55.407025,6,6,0.09026128266033254,0.04000000000000001,0.11,-0.020000000000000004,0.0034594042088519164,0.00013362618596242298,-0.01633279776448606,0.008808994246530097
MSFT250703C00230000,2025-06-26 19:08:33+00:00,230.0,267.92,264.55,268.15,0.0,0.0,95.0,4,2.8554716113281247,True,REGULAR,USD,MSFT,2025-07-03,3,495.9400024414063,0.4637657758353013,2025-06-29 12:49:55.818259,6,6,19.0,3.599999999999966,266.35,1.5699999999999932,0.9990296038723052,2.5512512255355852e-05,-0.1015110324900068,0.0014727117203335008
MSFT250703C00275000,2025-06-27 19:18:22+00:00,275.0,220.96,219.6,223.25,0.0,0.0,1.0,0,2.2929730175781247,True,REGULAR,USD,MSFT,2025-07-03,3,495.9400024414063,0.5545025580639472,2025-06-29 12:49:55.818259,6,6,1.0,3.6500000000000057,221.425,-0.4650000000000034,0.9983724952419867,5.0986117988715657e-05,-0.12785847063109698,0.0023634017936972566
MSFT250703C00310000,2025-06-20 15:40:00+00:00,310.0,170.8,184.65,188.2,0.0,0.0,1.0,1,1.8701178369140623,True,REGULAR,USD,MSFT,2025-07-03,3,495.9400024414063,0.6250756109084497,2025-06-29 12:49:55.818259,6,6,0.5,3.549999999999983,186.425,-15.625,0.9978726998140532,7.974580154315087e-05,-0.13626450497145715,0.003014834455234555
MSFT250703C00320000,2025-06-26 19:19:14+00:00,320.0,179.15,174.65,178.2,0.0,0.0,1.0,0,1.7568371533203124,True,REGULAR,USD,MSFT,2025-07-03,3,495.9400024414063,0.6452393402925931,2025-06-29 12:49:55.818259,6,6,1.0,3.549999999999983,176.425,2.7249999999999943,0.9976945562938616,9.130553133350803e-05,-0.1386033955390346,0.003242763419754312
MSFT250703C00325000,2025-06-20 18:27:59+00:00,325.0,154.14,169.65,173.2,0.0,0.0,1.0,1,1.701173369140625,True,REGULAR,USD,MSFT,2025-07-03,3,495.9400024414063,0.655321204984665,2025-06-29 12:49:55.818259,6,6,0.5,3.549999999999983,171.425,-17.285000000000025,0.9975993678117869,9.781069874593892e-05,-0.139702948193344,0.0033637337044700915
MSFT250703C00350000,2025-06-27 14:54:00+00:00,350.0,147.87,144.65,148.3,5.019989,3.514168,7.0,2047,1.4570339648437498,True,REGULAR,USD,MSFT,2025-07-03,3,495.9400024414063,0.7057305284450237,2025-06-29 12:49:55.818259,6,6,0.00341796875,3.6500000000000057,146.47500000000002,1.3949999999999818,0.9966113285013365,0.000155840256412048,-0.1591547302718215,0.004590246411128644
MSFT250703C00355000,2025-06-12 14:35:30+00:00,355.0,122.17,139.7,143.3,0.0,0.0,1.0,2,1.4150419873046878,True,REGULAR,USD,MSFT,2025-07-03,3,495.9400024414063,0.7158123931370955,2025-06-29 12:49:55.818259,6,6,0.3333333333333333,3.6000000000000227,141.5,-19.33,0.9962468692996151,0.00017587603763122642,-0.16699827553020694,0.005031096750504174
MSFT250703C00360000,2025-06-23 14:03:02+00:00,360.0,116.39,134.7,138.3,0.0,0.0,1.0,1398,1.36328443359375,True,REGULAR,USD,MSFT,2025-07-03,3,495.9400024414063,0.7258942578291673,2025-06-29 12:49:55.818259,6,6,0.0007147962830593281,3.6000000000000227,136.5,-20.11,0.9960587844099407,0.00019073143855228422,-0.16845117615061295,0.005256485008124446
MSFT250703C00365000,2025-06-23 14:48:13+00:00,365.0,112.31,129.7,133.25,0.0,0.0,2.0,2,1.3027378613281246,True,REGULAR,USD,MSFT,2025-07-03,3,495.9400024414063,0.735976122521239,2025-06-29 12:49:55.818259,6,6,0.6666666666666666,3.5500000000000114,131.475,-19.164999999999992,0.9960714657912447,0.00019902056708372286,-0.16350383399149557,0.00524133193389257
MSFT250703C00370000,2025-05-28 13:58:18+00:00,370.0,93.1,124.7,128.25,0.0,0.0,1.0,1,1.2524451440429685,True,REGULAR,USD,MSFT,2025-07-03,3,495.9400024414063,0.7460579872133108,2025-06-29 12:49:55.818259,6,6,0.5,3.549999999999997,126.475,-33.375,0.9958597707762217,0.00021697158727015245,-0.16504413132095008,0.005493488874075942
MSFT250703C00375000,2025-06-27 18:46:57+00:00,375.0,121.28,119.7,123.3,27.279999,29.021275,1.0,11,1.2114297241210936,True,REGULAR,USD,MSFT,2025-07-03,3,495.9400024414063,0.7561398519053826,2025-06-29 12:49:55.818259,6,6,0.08333333333333333,3.5999999999999943,121.5,-0.21999999999999886,0.9953903261459307,0.0002469143406737747,-0.1731139051701074,0.006046878044440842
MSFT250703C00380000,2025-06-25 19:53:42+00:00,380.0,112.69,114.7,118.35,0.0,0.0,5.0,8,1.169926025390625,True,REGULAR,USD,MSFT,2025-07-03,3,495.9400024414063,0.7662217165974543,2025-06-29 12:49:55.818259,6,6,0.5555555555555556,3.6499999999999915,116.525,-3.835000000000008,0.9948778936872418,0.00028085954636466743,-0.1811947212463701,0.006642541281027872
MSFT250703C00385000,2025-06-27 19:46:12+00:00,385.0,111.02,109.7,113.35,-0.2800064,-0.25157806,7.0,10,1.1206098657226562,True,REGULAR,USD,MSFT,2025-07-03,3,495.9400024414063,0.7763035812895261,2025-06-29 12:49:55.818259,6,6,0.6363636363636364,3.6499999999999915,111.525,-0.5050000000000097,0.9945708523151194,0.0003088035475597878,-0.18299207460472425,0.006995574603715686
MSFT250703C00390000,2025-06-26 16:52:58+00:00,390.0,105.42,104.7,108.35,0.0,0.0,2.0,9,1.0717819848632817,True,REGULAR,USD,MSFT,2025-07-03,3,495.9400024414063,0.7863854459815979,2025-06-29 12:49:55.818259,6,6,0.2,3.6499999999999915,106.525,-1.105000000000004,0.9942306877156016,0.00034077685313659353,-0.1848901780624457,0.0073835158409169075
MSFT250703C00395000,2025-06-27 14:58:02+00:00,395.0,102.88,99.55,103.35,-0.030006409,-0.02915791,45.0,17,1.000005,True,REGULAR,USD,MSFT,2025-07-03,3,495.9400024414063,0.7964673106736696,2025-06-29 12:49:55.818259,6,6,2.5,3.799999999999997,101.44999999999999,1.4300000000000068,0.994766363989913,0.0003349426537342866,-0.16657353391088586,0.00677110109899885
MSFT250703C00400000,2025-06-27 19:18:22+00:00,400.0,96.14,95.25,98.35,-1.9599991,-1.9979603,23.0,41,1.0441942321777344,True,REGULAR,USD,MSFT,2025-07-03,3,495.9400024414063,0.8065491753657414,2025-06-29 12:49:55.818259,6,6,0.5476190476190477,3.0999999999999943,96.8,-0.6599999999999966,0.9899025808558796,0.0005725085096779035,-0.2643830155427464,0.01208509047861303
MSFT250703C00405000,2025-06-26 14:39:49+00:00,405.0,90.84,89.9,93.35,0.0,0.0,1.0,8,0.95312546875,True,REGULAR,USD,MSFT,2025-07-03,3,495.9400024414063,0.8166310400578132,2025-06-29 12:49:55.818259,6,6,0.1111111111111111,3.4499999999999886,91.625,-0.7849999999999966,0.9916266896299688,0.0005324029502163915,-0.21782913217551542,0.010258342569588607
MSFT250703C00410000,2025-06-27 17:44:39+00:00,410.0,87.65,84.8,88.3,7.959999,9.988705,1.0,4054,0.885743330078125,True,REGULAR,USD,MSFT,2025-07-03,3,495.9400024414063,0.826712904749885,2025-06-29 12:49:55.818259,6,6,0.0002466091245376079,3.5,86.55,1.1000000000000085,0.9921338683924036,0.0005422951638537576,-0.1989388154692526,0.009710247330787593
MSFT250703C00415000,2025-06-27 19:32:06+00:00,415.0,81.15,79.8,83.3,-2.3499985,-2.8143694,10.0,22,0.8383805224609374,True,REGULAR,USD,MSFT,2025-07-03,3,495.9400024414063,0.8367947694419567,2025-06-29 12:49:55.818259,6,6,0.43478260869565216,3.5,81.55,-0.3999999999999915,0.9915208766619005,0.0006119789498862616,-0.20116363726402187,0.010372043608579493
MSFT250703C00420000,2025-06-27 19:45:27+00:00,420.0,76.09,74.8,78.3,1.3899994,1.8607756,8.0,16,0.79101771484375,True,REGULAR,USD,MSFT,2025-07-03,3,495.9400024414063,0.8468766341340285,2025-06-29 12:49:55.818259,6,6,0.47058823529411764,3.5,76.55,-0.45999999999999375,0.9908415431922949,0.0006939522708990469,-0.20317077017295054,0.011096920657111858
MSFT250703C00425000,2025-06-26 19:07:46+00:00,425.0,73.3,69.5,73.3,0.0,0.0,1.0,87,0.7070341796875,True,REGULAR,USD,MSFT,2025-07-03,3,495.9400024414063,0.8569584988261003,2025-06-29 12:49:55.818259,6,6,0.011363636363636364,3.799999999999997,71.4,1.8999999999999915,0.992791113233804,0.0006291111455121821,-0.16365542789516738,0.00899196190621879
MSFT250703C00430000,2025-06-27 19:58:27+00:00,430.0,66.82,65.45,68.4,-1.3300018,-1.9515802,71.0,102,0.7666038964843751,True,REGULAR,USD,MSFT,2025-07-03,3,495.9400024414063,0.867040363518172,2025-06-29 12:49:55.818259,6,6,0.6893203883495146,2.950000000000003,66.92500000000001,-0.10500000000001819,0.9818460907352414,0.0012936854837566545,-0.31377172184354774,0.020048708309268554
MSFT250703C00432500,2025-06-27 18:51:49+00:00,432.5,63.81,62.45,65.9,-2.42,-3.653933,24.0,0,0.6982452050781252,True,REGULAR,USD,MSFT,2025-07-03,3,495.9400024414063,0.8720812958642079,2025-06-29 12:49:55.818259,6,6,24.0,3.450000000000003,64.17500000000001,-0.3650000000000091,0.9861084783354837,0.0011291321588694462,-0.24373663754262104,0.015938205007391227
MSFT250703C00435000,2025-06-26 19:45:31+00:00,435.0,62.48,60.45,63.4,0.0,0.0,9.0,258,0.7163114306640624,True,REGULAR,USD,MSFT,2025-07-03,3,495.9400024414063,0.8771222282102438,2025-06-29 12:49:55.818259,6,6,0.03474903474903475,2.9499999999999957,61.925,0.5549999999999997,0.9801907650970771,0.0014911831170518557,-0.31597844764543803,0.02159332540435967
MSFT250703C00437500,2025-06-27 18:31:30+00:00,437.5,58.58,57.4,60.85,-1.97,-3.2535095,25.0,0,0.6408727319335938,True,REGULAR,USD,MSFT,2025-07-03,3,495.9400024414063,0.8821631605562796,2025-06-29 12:49:55.818259,6,6,25.0,3.450000000000003,59.125,-0.5450000000000017,0.9858840263696435,0.0012473297153099865,-0.23153563539018981,0.01615993955936828
MSFT250703C00440000,2025-06-27 18:21:33+00:00,440.0,56.91,55.25,58.4,0.6100006,1.0834824,17.0,171,0.6508823974609376,True,REGULAR,USD,MSFT,2025-07-03,3,495.9400024414063,0.8872040929023156,2025-06-29 12:49:55.818259,6,6,0.09883720930232558,3.1499999999999986,56.825,0.08499999999999375,0.9805216994403417,0.0016177739735473637,-0.289815042832453,0.02128663634203435
MSFT250703C00442500,2025-06-27 18:38:00+00:00,442.5,53.9,52.4,55.85,8.29,18.175838,5.0,1,0.5932657861328126,True,REGULAR,USD,MSFT,2025-07-03,3,495.9400024414063,0.8922450252483515,2025-06-29 12:49:55.818259,6,6,2.5,3.450000000000003,54.125,-0.22500000000000142,0.9843933009087289,0.0014689140406480127,-0.23370346484771454,0.017617016257186806
MSFT250703C00445000,2025-06-27 19:50:00+00:00,445.0,49.85,50.25,53.35,-3.1000023,-5.8545837,2.0,37,0.5976602734375001,True,REGULAR,USD,MSFT,2025-07-03,3,495.9400024414063,0.8972859575943873,2025-06-29 12:49:55.818259,6,6,0.05263157894736842,3.1000000000000014,51.8,-1.9499999999999957,0.9790706251314192,0.0018725177229621066,-0.28483952616042707,0.02262387517712168
MSFT250703C00447500,2025-06-27 14:18:16+00:00,447.5,50.92,47.65,50.95,7.7,17.815826,1.0,15,0.5730023168945313,True,REGULAR,USD,MSFT,2025-07-03,3,495.9400024414063,0.9023268899404232,2025-06-29 12:49:55.818259,6,6,0.0625,3.3000000000000043,49.3,1.6200000000000045,0.9779091912443554,0.0020443218355376998,-0.28589633727620867,0.023680578915866935
MSFT250703C00450000,2025-06-27 19:58:38+00:00,450.0,46.89,45.5,48.45,-1.3600006,-2.818654,17.0,189,0.5722699023437501,True,REGULAR,USD,MSFT,2025-07-03,3,495.9400024414063,0.9073678222864592,2025-06-29 12:49:55.818259,6,6,0.08947368421052632,2.950000000000003,46.975,-0.08500000000000085,0.971771622264098,0.0025140217926078083,-0.3370617233822267,0.029084165909257297
MSFT250703C00452500,2025-06-27 19:54:45+00:00,452.5,43.2,42.55,45.85,-2.5,-5.4704595,33.0,8,0.5092822509765625,True,REGULAR,USD,MSFT,2025-07-03,3,495.9400024414063,0.9124087546324948,2025-06-29 12:49:55.818259,6,6,3.6666666666666665,3.3000000000000043,44.2,-1.0,0.9781707727741548,0.0022770850297360195,-0.2594422261302383,0.023443608427174252
MSFT250703C00455000,2025-06-27 19:14:53+00:00,455.0,40.89,39.8,43.45,-1.6300011,-3.8334925,7.0,211,0.6657748266601564,True,REGULAR,USD,MSFT,2025-07-03,3,495.9400024414063,0.9174496869785308,2025-06-29 12:49:55.818259,6,6,0.0330188679245283,3.6500000000000057,41.625,-0.7349999999999994,0.9284587263838158,0.004561095903015939,-0.7384854668011174,0.061387966022040275
MSFT250703C00457500,2025-06-27 19:50:00+00:00,457.5,37.55,37.1,40.9,0.6100006,1.6513282,3.0,69,0.631839619140625,True,REGULAR,USD,MSFT,2025-07-03,3,495.9400024414063,0.9224906193245668,2025-06-29 12:49:55.818259,6,6,0.04285714285714286,3.799999999999997,39.0,-1.4500000000000028,0.9256646606837589,0.004949097900826443,-0.723157829648943,0.06321491661971326
MSFT250703C00460000,2025-06-27 19:46:04+00:00,460.0,35.98,35.45,38.45,-3.920002,-9.824566,52.0,460,0.6059609716796877,True,REGULAR,USD,MSFT,2025-07-03,3,495.9400024414063,0.9275315516706026,2025-06-29 12:49:55.818259,6,6,0.11279826464208242,3.0,36.95,-0.970000000000006,0.9198892249482395,0.005462339103690033,-0.7331836895739748,0.06691291978929359
MSFT250703C00462500,2025-06-27 19:31:49+00:00,462.5,33.55,32.1,35.95,-0.15000153,-0.44510838,10.0,29,0.5758099060058592,True,REGULAR,USD,MSFT,2025-07-03,3,495.9400024414063,0.9325724840166384,2025-06-29 12:49:55.818259,6,6,0.3333333333333333,3.8500000000000014,34.025000000000006,-0.4750000000000085,0.914848227860478,0.006018556060359752,-0.7297391134463159,0.07005806083056655
MSFT250703C00465000,2025-06-27 19:34:18+00:00,465.0,31.36,29.9,33.45,-2.329998,-6.915993,25.0,193,0.5454147021484376,True,REGULAR,USD,MSFT,2025-07-03,3,495.9400024414063,0.9376134163626744,2025-06-29 12:49:55.818259,6,6,0.12886597938144329,3.5500000000000043,31.675,-0.3150000000000013,0.9091911886303279,0.006666163369395135,-0.7254948763149438,0.07350035950420422
MSFT250703C00467500,2025-06-27 19:45:42+00:00,467.5,28.2,27.4,30.95,-1.8499985,-6.156401,9.0,102,0.5147753601074219,True,REGULAR,USD,MSFT,2025-07-03,3,495.9400024414063,0.9426543487087105,2025-06-29 12:49:55.818259,6,6,0.08737864077669903,3.5500000000000007,29.174999999999997,-0.9749999999999979,0.9027780346073169,0.007427714631886981,-0.720433785564061,0.07729646469542466
MSFT250703C00470000,2025-06-27 19:52:25+00:00,470.0,25.25,24.6,28.45,-3.1499996,-11.091548,137.0,736,0.4838918798828125,True,REGULAR,USD,MSFT,2025-07-03,3,495.9400024414063,0.9476952810547462,2025-06-29 12:49:55.818259,6,6,0.18588873812754408,3.849999999999998,26.525,-1.2749999999999986,0.8954230642934002,0.008333315469264996,-0.7145313609671236,0.08151787072357303
MSFT250703C00472500,2025-06-27 19:14:40+00:00,472.5,23.56,23.1,25.05,-1.7900009,-7.0611477,43.0,166,0.3878235046386719,True,REGULAR,USD,MSFT,2025-07-03,3,495.9400024414063,0.952736213400782,2025-06-29 12:49:55.818259,6,6,0.25748502994011974,1.9499999999999993,24.075000000000003,-0.5150000000000041,0.9201859894019913,0.008510800923977564,-0.49048418645945885,0.06672540655429847
MSFT250703C00475000,2025-06-27 19:58:53+00:00,475.0,21.42,20.6,21.95,-1.8700008,-8.029201,110.0,561,0.3099434240722656,True,REGULAR,USD,MSFT,2025-07-03,3,495.9400024414063,0.957777145746818,2025-06-29 12:49:55.818259,6,6,0.19572953736654805,1.3499999999999979,21.275,0.14500000000000313,0.9410848647024963,0.008426709902347868,-0.3337363897812976,0.052799175366807026
MSFT250703C00477500,2025-06-27 19:54:04+00:00,477.5,18.15,18.05,19.6,-3.0300007,-14.305952,81.0,508,0.2950509948730468,True,REGULAR,USD,MSFT,2025-07-03,3,495.9400024414063,0.9628180780928538,2025-06-29 12:49:55.818259,6,6,0.15913555992141454,1.5500000000000007,18.825000000000003,-0.6750000000000043,0.925807170088448,0.010582770276185488,-0.37068791114363464,0.06312234464459682
MSFT250703C00480000,2025-06-27 19:59:08+00:00,480.0,16.87,15.75,17.1,-2.0099983,-10.646178,323.0,1688,0.266608896484375,True,REGULAR,USD,MSFT,2025-07-03,3,495.9400024414063,0.9678590104388896,2025-06-29 12:49:55.818259,6,6,0.19123741859088217,1.3500000000000014,16.425,0.4450000000000003,0.9163109999275703,0.012830703445066028,-0.36725800462784125,0.06915311927440652
MSFT250703C00482500,2025-06-27 19:54:50+00:00,482.5,13.71,13.15,15.05,-2.2699995,-14.205255,79.0,762,0.2679516564941406,True,REGULAR,USD,MSFT,2025-07-03,3,495.9400024414063,0.9728999427849256,2025-06-29 12:49:55.818259,6,6,0.10353866317169069,1.9000000000000004,14.100000000000001,-0.39000000000000057,0.8769827804320569,0.016896594417812338,-0.4663501451658697,0.09152553910151802
MSFT250703C00485000,2025-06-27 19:59:53+00:00,485.0,12.09,11.2,12.4,-2.1099997,-14.859154,296.0,1582,0.2269364416503906,True,REGULAR,USD,MSFT,2025-07-03,3,495.9400024414063,0.9779408751309616,2025-06-29 12:49:55.818259,6,6,0.18698673404927352,1.200000000000001,11.8,0.28999999999999915,0.8674568094929458,0.021011937481208026,-0.4219068320458668,0.0963955555732078
MSFT250703C00487500,2025-06-27 19:54:50+00:00,487.5,9.96,9.35,10.4,-1.6400003,-14.137934,141.0,765,0.2225419543457031,True,REGULAR,USD,MSFT,2025-07-03,3,495.9400024414063,0.9829818074769974,2025-06-29 12:49:55.818259,6,6,0.18407310704960836,1.0500000000000007,9.875,0.08500000000000085,0.81090095565563,0.027041386523589946,-0.5049825673399969,0.12165431662873624
MSFT250703C00490000,2025-06-27 19:59:08+00:00,490.0,8.0,7.65,7.9,-1.3500004,-14.438505,957.0,16281,0.1864095031738281,True,REGULAR,USD,MSFT,2025-07-03,3,495.9400024414063,0.9880227398230332,2025-06-29 12:49:55.818259,6,6,0.05877656307578921,0.25,7.775,0.22499999999999964,0.7720957967080015,0.03604361706522749,-0.47344740833773874,0.13582605464765765
MSFT250703C00492500,2025-06-27 19:59:59+00:00,492.5,5.95,5.85,6.05,-1.7000003,-22.222225,785.0,1101,0.17774259765625,True,REGULAR,USD,MSFT,2025-07-03,3,495.9400024414063,0.9930636721690692,2025-06-29 12:49:55.818259,6,6,0.7123411978221416,0.20000000000000018,5.949999999999999,8.881784197001252e-16,0.6792172591259487,0.044793940794045785,-0.5222162531552327,0.1609524028105925
MSFT250703C00495000,2025-06-27 19:59:58+00:00,495.0,4.24,4.2,4.4,-1.4100003,-24.955757,4285.0,2469,0.1690756921386719,True,REGULAR,USD,MSFT,2025-07-03,3,495.9400024414063,0.998104604515105,2025-06-29 12:49:55.818259,6,6,1.7348178137651822,0.20000000000000018,4.300000000000001,-0.0600000000000005,0.5628680638041855,0.0518260225500638,-0.5369083382326522,0.17713962605704914
MSFT250703C00497500,2025-06-27 19:59:57+00:00,497.5,2.93,2.93,3.05,-1.27,-30.238094,4238.0,1354,0.1629112030029297,False,REGULAR,USD,MSFT,2025-07-03,3,495.9400024414063,1.0031455368611408,2025-06-29 12:49:55.818259,6,6,3.1276752767527674,0.11999999999999966,2.99,-0.06000000000000005,0.4295846871335531,0.053614166080393856,-0.5082906761406265,0.1765701052700686
MSFT250703C00500000,2025-06-27 19:59:54+00:00,500.0,1.95,1.94,2.0,-1.05,-35.0,8703.0,5629,0.15821154296875,False,REGULAR,USD,MSFT,2025-07-03,3,495.9400024414063,1.0081864692071767,2025-06-29 12:49:55.818259,6,6,1.5458259325044406,0.06000000000000005,1.97,-0.020000000000000018,0.2971548410232371,0.048666678330584655,-0.430440170207622,0.15565265793177835
MSFT250703C00502500,2025-06-27 19:59:19+00:00,502.5,1.3,1.23,1.3,-0.9,-40.909092,3584.0,1002,0.15821154296875,False,REGULAR,USD,MSFT,2025-07-03,3,495.9400024414063,1.0132274015532126,2025-06-29 12:49:55.818259,6,6,3.5732801595214356,0.07000000000000006,1.2650000000000001,0.03499999999999992,0.1893416960476369,0.03806673197131385,-0.3338012074336378,0.12175040938407157
MSFT250703C00505000,2025-06-27 19:59:55+00:00,505.0,0.82,0.77,0.83,-0.59,-41.84397,7989.0,3875,0.1599205102539062,False,REGULAR,USD,MSFT,2025-07-03,3,495.9400024414063,1.0182683338992486,2025-06-29 12:49:55.818259,6,6,2.0611455108359134,0.05999999999999994,0.8,0.019999999999999907,0.11255273969395807,0.026584304585780472,-0.23666347155761736,0.08594411441468196
MSFT250703C00507500,2025-06-27 19:59:55+00:00,507.5,0.51,0.51,0.54,-0.44,-46.31579,815.0,453,0.164070859375,False,REGULAR,USD,MSFT,2025-07-03,3,495.9400024414063,1.0233092662452845,2025-06-29 12:49:55.818259,6,6,1.7951541850220265,0.030000000000000027,0.525,-0.015000000000000013,0.06501287102052196,0.017190598147666183,-0.16030376798665386,0.05701762338316045
MSFT250703C00510000,2025-06-27 19:59:24+00:00,510.0,0.38,0.34,0.37,-0.23000002,-37.70492,8354.0,3615,0.170906728515625,False,REGULAR,USD,MSFT,2025-07-03,3,495.9400024414063,1.0283501985913204,2025-06-29 12:49:55.818259,6,6,2.310287610619469,0.02999999999999997,0.355,0.025000000000000022,0.0383647871442846,0.010839723590622326,-0.10926756180748408,0.03745105349870163
MSFT250703C00512500,2025-06-27 19:58:52+00:00,512.5,0.26,0.24,0.26,-0.18,-40.909092,2022.0,315,0.1782308740234375,False,REGULAR,USD,MSFT,2025-07-03,3,495.9400024414063,1.0333911309373562,2025-06-29 12:49:55.818259,6,6,6.39873417721519,0.020000000000000018,0.25,0.010000000000000009,0.022791796447519812,0.006747835228428786,-0.073760493690851,0.024312749530015675
MSFT250703C00515000,2025-06-27 19:59:51+00:00,515.0,0.18,0.16,0.19,-0.09,-33.333336,655.0,572,0.1867757104492187,False,REGULAR,USD,MSFT,2025-07-03,3,495.9400024414063,1.038432063283392,2025-06-29 12:49:55.818259,6,6,1.1431064572425829,0.03,0.175,0.0050000000000000044,0.014103783087896489,0.004276705355175067,-0.051219785587898144,0.016147912869858692
MSFT250703C00517500,2025-06-27 19:57:15+00:00,517.5,0.12,0.11,0.13,-0.07,-36.842106,142.0,97,0.192390888671875,False,REGULAR,USD,MSFT,2025-07-03,3,495.9400024414063,1.043472995629428,2025-06-29 12:49:55.818259,6,6,1.4489795918367347,0.020000000000000004,0.12,0.0,0.008031525112944972,0.00254276200685226,-0.03225351703345495,0.009889558056435039
MSFT250703C00520000,2025-06-27 19:59:52+00:00,520.0,0.08,0.07,0.09,-0.060000002,-42.857143,647.0,665,0.198250205078125,False,REGULAR,USD,MSFT,2025-07-03,3,495.9400024414063,1.0485139279754638,2025-06-29 12:49:55.818259,6,6,0.9714714714714715,0.01999999999999999,0.08,0.0,0.004607959643071008,0.0015082965296908438,-0.0202845772907159,0.006044871135051038
MSFT250703C00522500,2025-06-27 19:54:03+00:00,522.5,0.05,0.05,0.07,-0.04,-44.444443,239.0,87,0.2075274560546874,False,REGULAR,USD,MSFT,2025-07-03,3,495.9400024414063,1.0535548603214997,2025-06-29 12:49:55.818259,6,6,2.715909090909091,0.020000000000000004,0.060000000000000005,-0.010000000000000002,0.0030567444963048,0.000997228240877247,-0.014676909828473821,0.00418366403085566
MSFT250703C00525000,2025-06-27 19:59:46+00:00,525.0,0.05,0.04,0.05,-0.029999997,-37.499996,488.0,391,0.213875048828125,False,REGULAR,USD,MSFT,2025-07-03,3,495.9400024414063,1.0585957926675356,2025-06-29 12:49:55.818259,6,6,1.2448979591836735,0.010000000000000002,0.045,0.0050000000000000044,0.0018311685050546411,0.0006085523943530419,-0.009502645918514597,0.0026311449078968217
MSFT250703C00527500,2025-06-27 14:49:02+00:00,527.5,0.04,0.0,0.38,0.0,0.0,4.0,7,0.3169013623046874,False,REGULAR,USD,MSFT,2025-07-03,3,495.9400024414063,1.0636367250135714,2025-06-29 12:49:55.818259,6,6,0.5,0.38,0.19,-0.15,0.017058484684507193,0.0029675977191156297,-0.10155972971140699,0.019011474645107183
MSFT250703C00530000,2025-06-27 19:56:01+00:00,530.0,0.06,0.0,0.03,0.009999998,19.999996,299.0,714,0.229499892578125,False,REGULAR,USD,MSFT,2025-07-03,3,495.9400024414063,1.0686776573596073,2025-06-29 12:49:55.818259,6,6,0.41818181818181815,0.03,0.015,0.045,0.0007828220729801487,0.0002605395278170301,-0.004676416697823188,0.0012087675099582945
MSFT250703C00532500,2025-06-27 19:30:17+00:00,532.5,0.02,0.0,0.36,-0.02,-50.0,5.0,1,0.3515689843749999,False,REGULAR,USD,MSFT,2025-07-03,3,495.9400024414063,1.0737185897056434,2025-06-29 12:49:55.818259,6,6,2.5,0.36,0.18,-0.16,0.013805643880431559,0.0022305895874071406,-0.09381906916053559,0.015853198402137347
MSFT250703C00535000,2025-06-27 13:36:02+00:00,535.0,0.03,0.01,0.24,0.01,50.0,15.0,28,0.3442448388671875,False,REGULAR,USD,MSFT,2025-07-03,3,495.9400024414063,1.0787595220516792,2025-06-29 12:49:55.818259,6,6,0.5172413793103449,0.22999999999999998,0.125,-0.095,0.008188986750544113,0.001445549832256854,-0.058267576944544985,0.010059749706914832
MSFT250703C00537500,2025-06-27 18:21:59+00:00,537.5,0.01,0.0,0.35,-0.01,-50.0,1.0,2,0.3862366064453124,False,REGULAR,USD,MSFT,2025-07-03,3,495.9400024414063,1.083800454397715,2025-06-29 12:49:55.818259,6,6,0.3333333333333333,0.35,0.175,-0.16499999999999998,0.011635659062351898,0.0017510937418396507,-0.08879504460966384,0.013672549314593685
MSFT250703C00540000,2025-06-27 17:23:40+00:00,540.0,0.01,0.0,0.24,-0.01,-50.0,13.0,35,0.3784241845703124,False,REGULAR,USD,MSFT,2025-07-03,3,495.9400024414063,1.088841386743751,2025-06-29 12:49:55.818259,6,6,0.3611111111111111,0.24,0.12,-0.11,0.007107869309801227,0.0011608674593606098,-0.05648884636799041,0.00888072028225962
MSFT250703C00545000,2025-06-26 19:06:08+00:00,545.0,0.02,0.0,0.23,0.0,0.0,227.0,397,0.4091855957031249,False,REGULAR,USD,MSFT,2025-07-03,3,495.9400024414063,1.0989232514358227,2025-06-29 12:49:55.818259,6,6,0.5703517587939698,0.23,0.115,-0.095,0.00598183086932489,0.0009217028151143357,-0.052397242264682814,0.0076242639135820425
MSFT250703C00550000,2025-06-27 16:01:29+00:00,550.0,0.01,0.0,0.02,0.0,0.0,170.0,20,0.3242255078124999,False,REGULAR,USD,MSFT,2025-07-03,3,495.9400024414063,1.1090051161278944,2025-06-29 12:49:55.818259,6,6,8.095238095238095,0.02,0.01,0.0,0.000240446853677089,6.173862331996788e-05,-0.0022029026129538796,0.0004046604779838183
MSFT250703C00555000,2025-06-27 15:22:01+00:00,555.0,0.01,0.0,0.01,-0.01,-50.0,2.0,2,0.3281317187499999,False,REGULAR,USD,MSFT,2025-07-03,3,495.9400024414063,1.1190869808199662,2025-06-29 12:49:55.818259,6,6,0.6666666666666666,0.01,0.005,0.005,8.719820104846953e-05,2.358930525489479e-05,-0.0008616325528919467,0.00015647682794589263
MSFT250703C00570000,2025-06-25 14:43:13+00:00,570.0,0.01,0.0,0.82,0.0,0.0,1.0,2,0.6206092626953126,False,REGULAR,USD,MSFT,2025-07-03,3,495.9400024414063,1.1493325748961816,2025-06-29 12:49:55.818259,6,6,0.3333333333333333,0.82,0.41,-0.39999999999999997,0.007378798111308623,0.0007315926884480278,-0.09543045205768667,0.009178554259401202
MSFT250703C00575000,2025-06-27 18:18:28+00:00,575.0,0.06,0.0,0.22,0.0,0.0,5.0,0,0.5400436621093752,False,REGULAR,USD,MSFT,2025-07-03,3,495.9400024414063,1.1594144395882533,2025-06-29 12:49:55.818259,6,6,5.0,0.22,0.11,-0.05,0.001402871931221611,0.00018905307098233712,-0.018671055660298155,0.0020639505125405284
MSFT250703C00600000,2025-06-27 18:47:10+00:00,600.0,0.02,0.0,0.01,0.0,0.0,2.0,0,0.500005,False,REGULAR,USD,MSFT,2025-07-03,3,495.9400024414063,1.2098237630486122,2025-06-29 12:49:55.818259,6,6,2.0,0.01,0.005,0.015,1.5216729451318884e-05,2.9701708513746043e-06,-0.0002512111274449797,3.0022195512973295e-05
MSFT250711C00350000,2025-06-25 14:32:17+00:00,350.0,144.35,145.1,148.55,0.0,0.0,2.0,2876,0.9799806689453124,True,REGULAR,USD,MSFT,2025-07-11,11,495.9400024414063,0.7057305284450237,2025-06-29 12:49:55.966171,6,6,0.0006951685783802572,3.450000000000017,146.825,-2.4749999999999943,0.9839251734076976,0.00047632054708036015,-0.20083443345216598,0.03459990651453263
MSFT250711C00355000,2025-06-13 16:16:27+00:00,355.0,124.27,140.35,143.55,0.0,0.0,3.0,3,0.9677737597656252,True,REGULAR,USD,MSFT,2025-07-11,11,495.9400024414063,0.7158123931370955,2025-06-29 12:49:55.966171,6,6,0.75,3.200000000000017,141.95,-17.679999999999993,0.9813747398595748,0.0005469812233597468,-0.21981550278687245,0.039237773966331886
MSFT250711C00365000,2025-06-12 14:19:47+00:00,365.0,113.11,130.25,133.6,0.0,0.0,3.0,7,0.8947764428710936,True,REGULAR,USD,MSFT,2025-07-11,11,495.9400024414063,0.735976122521239,2025-06-29 12:49:55.966171,6,6,0.375,3.3499999999999943,131.925,-18.815000000000012,0.9803444314294609,0.0006193149133960654,-0.21557060790779073,0.0410756249935871
MSFT250711C00370000,2025-06-16 15:19:06+00:00,370.0,111.49,125.25,128.6,0.0,0.0,2.0,2,0.8608412353515625,True,REGULAR,USD,MSFT,2025-07-11,11,495.9400024414063,0.7460579872133108,2025-06-29 12:49:55.966171,6,6,0.6666666666666666,3.3499999999999943,126.925,-15.435000000000002,0.9795779039131767,0.0006649617522633695,-0.2151676627555431,0.04243046862567835
MSFT250711C00380000,2025-06-27 18:07:02+00:00,380.0,117.51,115.3,118.6,5.760002,5.154364,9.0,4,0.7980977221679688,True,REGULAR,USD,MSFT,2025-07-11,11,495.9400024414063,0.7662217165974543,2025-06-29 12:49:55.966171,6,6,1.8,3.299999999999997,116.94999999999999,0.5600000000000165,0.9773622256101251,0.0007824808023565336,-0.21828236968072723,0.04629007270269761
MSFT250711C00385000,2025-06-26 19:19:14+00:00,385.0,112.4,110.3,113.65,0.0,0.0,11.0,14,0.7685570019531252,True,REGULAR,USD,MSFT,2025-07-11,11,495.9400024414063,0.7763035812895261,2025-06-29 12:49:55.966171,6,6,0.7333333333333333,3.3500000000000085,111.975,0.42500000000001137,0.9759133303212316,0.0008561062034703304,-0.22131661287970436,0.048771018809628794
MSFT250711C00390000,2025-06-27 17:03:38+00:00,390.0,108.58,105.25,108.65,0.5600052,0.5184273,3.0,10,0.7321804125976561,True,REGULAR,USD,MSFT,2025-07-11,11,495.9400024414063,0.7863854459815979,2025-06-29 12:49:55.966171,6,6,0.2727272727272727,3.4000000000000057,106.95,1.6299999999999955,0.9753514130239226,0.0009162085255985257,-0.21707354079501376,0.049724512667120774
MSFT250711C00395000,2025-06-26 19:23:53+00:00,395.0,103.8,100.2,103.65,0.0,0.0,5.0,6,0.6965362377929689,True,REGULAR,USD,MSFT,2025-07-11,11,495.9400024414063,0.7964673106736696,2025-06-29 12:49:55.966171,6,6,0.7142857142857143,3.450000000000003,101.92500000000001,1.8749999999999858,0.9747038613444472,0.000984263407990373,-0.2131194375261765,0.050817483613921466
MSFT250711C00400000,2025-06-27 14:29:16+00:00,400.0,98.15,95.15,98.6,10.639999,12.158609,3.0,41,0.6577182666015625,True,REGULAR,USD,MSFT,2025-07-11,11,495.9400024414063,0.8065491753657414,2025-06-29 12:49:55.966171,6,6,0.07142857142857142,3.4499999999999886,96.875,1.2750000000000057,0.9746018044637286,0.0010458755641094828,-0.20534760561439674,0.05098917910494583
MSFT250711C00405000,2025-06-27 19:00:44+00:00,405.0,91.15,90.8,92.9,-2.409996,-2.575883,4.0,41,0.6228065063476562,True,REGULAR,USD,MSFT,2025-07-11,11,495.9400024414063,0.8166310400578132,2025-06-29 12:49:55.966171,6,6,0.09523809523809523,2.1000000000000085,91.85,-0.6999999999999886,0.9739045821704629,0.0011298238761062625,-0.20120387970915687,0.052158127247744775
MSFT250711C00410000,2025-06-27 19:41:06+00:00,410.0,86.43,85.25,88.75,14.43,20.041666,1.0,5,0.6096230444335939,True,REGULAR,USD,MSFT,2025-07-11,11,495.9400024414063,0.826712904749885,2025-06-29 12:49:55.966171,6,6,0.16666666666666666,3.5,87.0,-0.5699999999999932,0.9689295722817647,0.0013345912964386301,-0.2209902405658278,0.06030700545106863
MSFT250711C00415000,2025-06-27 18:39:02+00:00,415.0,81.15,80.4,83.75,-2.6699982,-3.1853952,1.0,16,0.585941640625,True,REGULAR,USD,MSFT,2025-07-11,11,495.9400024414063,0.8367947694419567,2025-06-29 12:49:55.966171,6,6,0.058823529411764705,3.3499999999999943,82.075,-0.9249999999999972,0.9654157921432264,0.0015167582442500457,-0.22976907474987357,0.06587624367231644
MSFT250711C00420000,2025-06-27 18:49:40+00:00,420.0,76.43,75.5,78.75,-2.2200012,-2.8226335,26.0,37,0.5588423022460938,True,REGULAR,USD,MSFT,2025-07-11,11,495.9400024414063,0.8468766341340285,2025-06-29 12:49:55.966171,6,6,0.6842105263157895,3.25,77.125,-0.6949999999999932,0.9622305338949542,0.0017092756466771646,-0.23463491187233618,0.07080427471595332
MSFT250711C00425000,2025-06-27 17:06:01+00:00,425.0,73.88,70.3,73.7,8.469994,12.9490795,4.0,19,0.5144091528320311,True,REGULAR,USD,MSFT,2025-07-11,11,495.9400024414063,0.8569584988261003,2025-06-29 12:49:55.966171,6,6,0.2,3.4000000000000057,72.0,1.8799999999999955,0.9632823913215188,0.001814556279222051,-0.21732471655118007,0.06918902812719757
MSFT250711C00430000,2025-06-27 16:14:28+00:00,430.0,68.7,65.05,68.2,0.4300003,0.62985253,2.0,42,0.5783733569335938,True,REGULAR,USD,MSFT,2025-07-11,11,495.9400024414063,0.867040363518172,2025-06-29 12:49:55.966171,6,6,0.046511627906976744,3.1500000000000057,66.625,2.075000000000003,0.9313794533468337,0.0026553774998839897,-0.3532192091764045,0.11383941362674327
MSFT250711C00435000,2025-06-27 17:42:04+00:00,435.0,63.88,60.35,63.8,0.90999985,1.4451323,27.0,114,0.5798381860351562,True,REGULAR,USD,MSFT,2025-07-11,11,495.9400024414063,0.8771222282102438,2025-06-29 12:49:55.966171,6,6,0.23478260869565218,3.4499999999999957,62.075,1.8049999999999997,0.9143115739116439,0.0031359748071418674,-0.40863722821644777,0.13478373237200075
MSFT250711C00440000,2025-06-27 19:11:10+00:00,440.0,56.0,55.85,58.25,-2.7000008,-4.599661,6.0,58,0.5102588037109376,True,REGULAR,USD,MSFT,2025-07-11,11,495.9400024414063,0.8872040929023156,2025-06-29 12:49:55.966171,6,6,0.1016949152542373,2.3999999999999986,57.05,-1.0499999999999972,0.9210815912980432,0.00334941349785949,-0.34842176800746183,0.12668271810789736
MSFT250711C00445000,2025-06-27 19:44:29+00:00,445.0,51.58,50.25,53.2,2.3200035,4.709711,4.0,37,0.4715629016113281,True,REGULAR,USD,MSFT,2025-07-11,11,495.9400024414063,0.8972859575943873,2025-06-29 12:49:55.966171,6,6,0.10526315789473684,2.950000000000003,51.725,-0.14500000000000313,0.9167074642736269,0.0037748517205952337,-0.3378126138185366,0.1319464252211796
MSFT250711C00450000,2025-06-27 19:21:24+00:00,450.0,46.48,46.35,48.9,0.9599991,2.1089609,35.0,100,0.4731497998046875,True,REGULAR,USD,MSFT,2025-07-11,11,495.9400024414063,0.9073678222864592,2025-06-29 12:49:55.966171,6,6,0.3465346534653465,2.549999999999997,47.625,-1.1450000000000031,0.8930414924286669,0.0045237778065582756,-0.3952074837681015,0.15865655744251894
MSFT250711C00455000,2025-06-27 17:44:22+00:00,455.0,43.71,40.6,43.6,0.14999771,0.34434736,17.0,107,0.4204159521484375,True,REGULAR,USD,MSFT,2025-07-11,11,495.9400024414063,0.9174496869785308,2025-06-29 12:49:55.966171,6,6,0.1574074074074074,3.0,42.1,1.6099999999999994,0.8920739934605191,0.00512435811795164,-0.35980122360899097,0.1596896465941886
MSFT250711C00460000,2025-06-27 19:57:54+00:00,460.0,37.35,35.65,38.6,-1.0100021,-2.6329565,17.0,149,0.3830017755126953,True,REGULAR,USD,MSFT,2025-07-11,11,495.9400024414063,0.9275315516706026,2025-06-29 12:49:55.966171,6,6,0.11333333333333333,2.950000000000003,37.125,0.22500000000000142,0.8824547347959639,0.005978569311956506,-0.3501497011343877,0.16972904053077112
MSFT250711C00465000,2025-06-27 19:49:45+00:00,465.0,31.83,31.0,33.75,-2.0100002,-5.939717,22.0,393,0.3518131225585937,True,REGULAR,USD,MSFT,2025-07-11,11,495.9400024414063,0.9376134163626744,2025-06-29 12:49:55.966171,6,6,0.05583756345177665,2.75,32.375,-0.5450000000000017,0.8664879766277216,0.007113770565216912,-0.3509057489595187,0.18551113775710446
MSFT250711C00467500,2025-06-27 17:44:22+00:00,467.5,31.45,28.2,31.6,5.3200016,20.359747,13.0,7,0.3471744970703124,True,REGULAR,USD,MSFT,2025-07-11,11,495.9400024414063,0.9426543487087105,2025-06-29 12:49:55.966171,6,6,1.625,3.400000000000002,29.9,1.5500000000000007,0.8496644304422057,0.007812171913885461,-0.37065439120364885,0.20103779265230884
MSFT250711C00470000,2025-06-27 18:49:43+00:00,470.0,27.32,26.3,27.9,-2.6499996,-8.842175,28.0,828,0.2753368365478515,True,REGULAR,USD,MSFT,2025-07-11,11,495.9400024414063,0.9476952810547462,2025-06-29 12:49:55.966171,6,6,0.033775633293124246,1.5999999999999979,27.1,0.21999999999999886,0.8808718452329376,0.008395385442345665,-0.27043887421243207,0.17134169490309425
MSFT250711C00472500,2025-06-27 17:29:51+00:00,472.5,26.4,23.45,25.75,-0.35000038,-1.3084127,18.0,33,0.2722240747070312,True,REGULAR,USD,MSFT,2025-07-11,11,495.9400024414063,0.952736213400782,2025-06-29 12:49:55.966171,6,6,0.5294117647058824,2.3000000000000007,24.6,1.7999999999999972,0.859938117412453,0.009499583102594243,-0.2920673471502047,0.19168546246473625
MSFT250711C00475000,2025-06-27 19:43:53+00:00,475.0,22.07,22.3,23.15,-2.33,-9.54918,50.0,602,0.2487257745361328,True,REGULAR,USD,MSFT,2025-07-11,11,495.9400024414063,0.957777145746818,2025-06-29 12:49:55.966171,6,6,0.08291873963515754,0.8499999999999979,22.725,-0.6550000000000011,0.8544226550796705,0.010672069117651707,-0.27730306801893984,0.19675579010633557
MSFT250711C00477500,2025-06-27 19:54:50+00:00,477.5,20.25,19.7,20.9,-1.8799992,-8.495252,17.0,185,0.2390823162841796,True,REGULAR,USD,MSFT,2025-07-11,11,495.9400024414063,0.9628180780928538,2025-06-29 12:49:55.966171,6,6,0.0913978494623656,1.1999999999999993,20.299999999999997,-0.04999999999999716,0.8339731475065371,0.012108094942595394,-0.2869676240223963,0.2145761124648684
MSFT250711C00480000,2025-06-27 19:54:50+00:00,480.0,18.0,17.7,18.4,-1.9500008,-9.77444,62.0,767,0.2187578124999999,True,REGULAR,USD,MSFT,2025-07-11,11,495.9400024414063,0.9678590104388896,2025-06-29 12:49:55.966171,6,6,0.08072916666666667,0.6999999999999993,18.049999999999997,-0.04999999999999716,0.82092823267394,0.013887048337971664,-0.27714358613322027,0.22518093572664338
MSFT250711C00482500,2025-06-27 19:53:40+00:00,482.5,15.05,14.7,16.2,-2.4299994,-13.901599,16.0,83,0.2085040087890624,True,REGULAR,USD,MSFT,2025-07-11,11,495.9400024414063,0.9728999427849256,2025-06-29 12:49:55.966171,6,6,0.19047619047619047,1.5,15.45,-0.3999999999999986,0.7935373712556528,0.015894586811581048,-0.28449529323662076,0.24565281905274466
MSFT250711C00485000,2025-06-27 19:59:51+00:00,485.0,13.95,13.75,13.95,-1.8500004,-11.708863,50.0,591,0.1948322705078125,True,REGULAR,USD,MSFT,2025-07-11,11,495.9400024414063,0.9779408751309616,2025-06-29 12:49:55.966171,6,6,0.08445945945945946,0.1999999999999993,13.85,0.09999999999999964,0.764532513247458,0.018340072213281752,-0.2845815029563746,0.264862231295575
MSFT250711C00487500,2025-06-27 19:54:50+00:00,487.5,11.87,11.7,11.95,-1.8199997,-13.2943735,45.0,250,0.1870808831787109,True,REGULAR,USD,MSFT,2025-07-11,11,495.9400024414063,0.9829818074769974,2025-06-29 12:49:55.966171,6,6,0.17928286852589642,0.25,11.825,0.04499999999999993,0.7227897502081869,0.020797824799260234,-0.2927152673904838,0.28840675440704905
MSFT250711C00490000,2025-06-27 19:54:50+00:00,490.0,9.95,9.85,10.05,-1.7200003,-14.738647,169.0,1223,0.1795125994873047,True,REGULAR,USD,MSFT,2025-07-11,11,495.9400024414063,0.9880227398230332,2025-06-29 12:49:55.966171,6,6,0.1380718954248366,0.20000000000000107,9.95,0.0,0.6738583503754992,0.023321039286027787,-0.2976110177682051,0.31031369084624355
MSFT250711C00492500,2025-06-27 19:54:10+00:00,492.5,7.7,8.1,8.3,-2.2300005,-22.457205,84.0,393,0.1729208685302734,True,REGULAR,USD,MSFT,2025-07-11,11,495.9400024414063,0.9930636721690692,2025-06-29 12:49:55.966171,6,6,0.2131979695431472,0.20000000000000107,8.2,-0.4999999999999991,0.6167953847930564,0.025640092520190685,-0.29908977095913886,0.32864353739353197
MSFT250711C00495000,2025-06-27 19:59:51+00:00,495.0,6.63,6.55,6.7,-1.54,-18.84945,561.0,1770,0.1666953448486328,True,REGULAR,USD,MSFT,2025-07-11,11,495.9400024414063,0.998104604515105,2025-06-29 12:49:55.966171,6,6,0.3167701863354037,0.15000000000000036,6.625,0.004999999999999893,0.5525474564574184,0.027556130164179612,-0.29462325619351465,0.3404864235892899
MSFT250711C00497500,2025-06-27 19:58:51+00:00,497.5,5.25,5.15,5.3,-1.25,-19.23077,1213.0,243,0.1616905120849609,False,REGULAR,USD,MSFT,2025-07-11,11,495.9400024414063,1.0031455368611408,2025-06-29 12:49:55.966171,6,6,4.971311475409836,0.14999999999999947,5.225,0.025000000000000355,0.4823848233493782,0.028630098711194447,-0.2842543569459574,0.34313536627587893
MSFT250711C00500000,2025-06-27 19:59:59+00:00,500.0,4.05,3.95,4.1,-1.2999997,-24.299059,1072.0,1154,0.1576011975097656,False,REGULAR,USD,MSFT,2025-07-11,11,495.9400024414063,1.0081864692071767,2025-06-29 12:49:55.966171,6,6,0.9281385281385282,0.14999999999999947,4.025,0.024999999999999467,0.409339642287021,0.02863912899744386,-0.2669403187827184,0.3345626219834916
MSFT250711C00502500,2025-06-27 19:58:29+00:00,502.5,3.06,3.0,3.1,-0.89,-22.531647,645.0,871,0.15430533203125,False,REGULAR,USD,MSFT,2025-07-11,11,495.9400024414063,1.0132274015532126,2025-06-29 12:49:55.966171,6,6,0.7396788990825688,0.10000000000000009,3.05,0.010000000000000231,0.3369109556161411,0.027483967053133693,-0.2429719719470686,0.31435361065450407
MSFT250711C00505000,2025-06-27 19:59:51+00:00,505.0,2.27,2.23,2.29,-0.94000006,-29.283491,729.0,903,0.1516198120117187,False,REGULAR,USD,MSFT,2025-07-11,11,495.9400024414063,1.0182683338992486,2025-06-29 12:49:55.966171,6,6,0.8064159292035398,0.06000000000000005,2.26,0.010000000000000231,0.2684916651693968,0.025258486418724805,-0.21358986821672724,0.28387122812250426
MSFT250711C00507500,2025-06-27 19:54:30+00:00,507.5,1.49,1.61,1.67,-0.96,-39.183674,283.0,135,0.1501549829101562,False,REGULAR,USD,MSFT,2025-07-11,11,495.9400024414063,1.0233092662452845,2025-06-29 12:49:55.966171,6,6,2.0808823529411766,0.05999999999999983,1.6400000000000001,-0.15000000000000013,0.20807867839117666,0.02217309338755559,-0.18236924271577298,0.24678805509902232
MSFT250711C00510000,2025-06-27 19:58:34+00:00,510.0,1.18,1.15,1.2,-0.6400001,-35.16484,1136.0,1521,0.1493615338134765,False,REGULAR,USD,MSFT,2025-07-11,11,495.9400024414063,1.0283501985913204,2025-06-29 12:49:55.966171,6,6,0.7463863337713534,0.050000000000000044,1.1749999999999998,0.0050000000000001155,0.15694810400301606,0.01868354179248673,-0.1509534260052643,0.20685026088252
MSFT250711C00512500,2025-06-27 19:56:42+00:00,512.5,0.83,0.81,0.86,-0.47,-36.153847,582.0,718,0.1495446374511718,False,REGULAR,USD,MSFT,2025-07-11,11,495.9400024414063,1.0333911309373562,2025-06-29 12:49:55.966171,6,6,0.8094575799721836,0.04999999999999993,0.835,-0.0050000000000000044,0.11620483916735164,0.0151878641772796,-0.12223450365538786,0.16835485661633576
MSFT250711C00515000,2025-06-27 19:52:24+00:00,515.0,0.53,0.57,0.61,-0.45000005,-45.918373,201.0,940,0.1501549829101562,False,REGULAR,USD,MSFT,2025-07-11,11,495.9400024414063,1.038432063283392,2025-06-29 12:49:55.966171,6,6,0.21360255047821466,0.040000000000000036,0.59,-0.05999999999999994,0.08442699603418857,0.011976015367528365,-0.09664405760288508,0.13329387509128932
MSFT250711C00517500,2025-06-27 19:38:09+00:00,517.5,0.4,0.4,0.44,-0.3,-42.85714,46.0,63,0.1518639501953125,False,REGULAR,USD,MSFT,2025-07-11,11,495.9400024414063,1.043472995629428,2025-06-29 12:49:55.966171,6,6,0.71875,0.03999999999999998,0.42000000000000004,-0.020000000000000018,0.061318007595720724,0.009267085125355132,-0.07612796634594593,0.10431720563825865
MSFT250711C00520000,2025-06-27 19:59:27+00:00,520.0,0.32,0.28,0.32,-0.19999999,-38.461536,1379.0,543,0.1540611938476562,False,REGULAR,USD,MSFT,2025-07-11,11,495.9400024414063,1.0485139279754638,2025-06-29 12:49:55.966171,6,6,2.5349264705882355,0.03999999999999998,0.30000000000000004,0.019999999999999962,0.044415168419819136,0.007071315803007737,-0.05953329745025296,0.08075168484984979
MSFT250711C00522500,2025-06-27 19:54:56+00:00,522.5,0.22,0.2,0.23,-0.17,-43.58975,55.0,18,0.1560142993164062,False,REGULAR,USD,MSFT,2025-07-11,11,495.9400024414063,1.0535548603214997,2025-06-29 12:49:55.966171,6,6,2.8947368421052633,0.03,0.21500000000000002,0.004999999999999977,0.03165231780793816,0.00529551828592986,-0.0455561414012309,0.06123940709983443
MSFT250711C00525000,2025-06-27 19:59:53+00:00,525.0,0.17,0.15,0.18,-0.08999999,-34.615383,891.0,1099,0.1604087866210937,False,REGULAR,USD,MSFT,2025-07-11,11,495.9400024414063,1.0585957926675356,2025-06-29 12:49:55.966171,6,6,0.81,0.03,0.16499999999999998,0.005000000000000032,0.02403044691491776,0.004093764602006409,-0.0371063315360731,0.048675354200856995
MSFT250711C00530000,2025-06-27 19:47:49+00:00,530.0,0.11,0.09,0.11,-0.049999997,-31.25,226.0,109,0.168953623046875,False,REGULAR,USD,MSFT,2025-07-11,11,495.9400024414063,1.0686776573596073,2025-06-29 12:49:55.966171,6,6,2.0545454545454547,0.020000000000000004,0.1,0.009999999999999995,0.013953998672253987,0.002446413141099441,-0.02446713187148843,0.0306376471760391
MSFT250711C00535000,2025-06-27 19:54:16+00:00,535.0,0.05,0.05,0.07,-0.05,-50.0,6.0,61,0.1772543212890625,False,REGULAR,USD,MSFT,2025-07-11,11,495.9400024414063,1.0787595220516792,2025-06-29 12:49:55.966171,6,6,0.0967741935483871,0.020000000000000004,0.060000000000000005,-0.010000000000000002,0.008211935117444589,0.0014697235407381821,-0.016110642136770287,0.019310369429016917
MSFT250711C00540000,2025-06-27 19:47:49+00:00,540.0,0.04,0.0,0.24,-0.030000001,-42.857143,13.0,36,0.2348709326171875,False,REGULAR,USD,MSFT,2025-07-11,11,495.9400024414063,1.088841386743751,2025-06-29 12:49:55.966171,6,6,0.35135135135135137,0.24,0.12,-0.07999999999999999,0.02117121773404724,0.0025126808545656125,-0.04811846616236062,0.0437446255416167
MSFT250711C00545000,2025-06-27 16:58:05+00:00,545.0,0.04,0.0,0.23,0.01,33.333336,2.0,22,0.2539137109375,False,REGULAR,USD,MSFT,2025-07-11,11,495.9400024414063,1.0989232514358227,2025-06-29 12:49:55.966171,6,6,0.08695652173913043,0.23,0.115,-0.07500000000000001,0.018589435255932263,0.0020813651768749595,-0.046455186735422004,0.039173514559888024
MSFT250711C00550000,2025-06-27 16:27:54+00:00,550.0,0.04,0.0,0.22,0.02,100.0,7.0,5,0.2724682128906249,False,REGULAR,USD,MSFT,2025-07-11,11,495.9400024414063,1.1090051161278944,2025-06-29 12:49:55.966171,6,6,1.1666666666666667,0.22,0.11,-0.07,0.016509392082560075,0.0017527635003328755,-0.04494486941401359,0.03539951113245841
MSFT250711C00580000,2025-06-27 19:27:45+00:00,580.0,0.01,0.0,0.19,-0.02,-66.66667,15.0,1,0.3779359082031249,False,REGULAR,USD,MSFT,2025-07-11,11,495.9400024414063,1.169496304280325,2025-06-29 12:49:55.966171,6,6,7.5,0.19,0.095,-0.085,0.009885618378775714,0.0008109108910405974,-0.039682161084162046,0.022716916957051213
MSFT250711C00600000,2025-06-20 13:31:20+00:00,600.0,0.03,0.0,0.38,0.0,0.0,1.0,0,0.4931691308593751,False,REGULAR,USD,MSFT,2025-07-11,11,495.9400024414063,1.2098237630486122,2025-06-29 12:49:55.966171,6,6,1.0,0.38,0.19,-0.16,0.015217018824507092,0.0009029959595262186,-0.07500002376326488,0.0330095643142904
MSFT250711C00605000,2025-06-27 13:53:34+00:00,605.0,0.01,0.0,0.18,0.0,0.0,5.0,0,0.459966337890625,False,REGULAR,USD,MSFT,2025-07-11,11,495.9400024414063,1.219905627740684,2025-06-29 12:49:55.966171,6,6,5.0,0.18,0.09,-0.08,0.007538290183246193,0.0005253011253072519,-0.037944166910631565,0.017909871959195113
MSFT250718C00180000,2025-06-27 13:30:21+00:00,180.0,318.11,314.65,318.4,20.159973,6.766227,1.0,5,1.9360354760742189,True,REGULAR,USD,MSFT,2025-07-18,18,495.9400024414063,0.3629471289145836,2025-06-29 12:49:56.131543,6,6,0.16666666666666666,3.75,316.525,1.5850000000000364,0.9950317274949945,6.743194877245616e-05,-0.1093653242447423,0.01583495896583616
MSFT250718C00190000,2025-06-27 19:55:00+00:00,190.0,307.19,304.65,308.4,56.240005,22.410841,4.0,2,1.838867993164062,True,REGULAR,USD,MSFT,2025-07-18,18,495.9400024414063,0.3831108582987271,2025-06-29 12:49:56.131543,6,6,1.3333333333333333,3.75,306.525,0.6650000000000205,0.994761953318127,7.441696092871289e-05,-0.11033797964219598,0.01659817748108094
MSFT250718C00200000,2025-06-03 13:30:19+00:00,200.0,264.17,295.1,298.45,0.0,0.0,1.0,3,1.8378914355468747,True,REGULAR,USD,MSFT,2025-07-18,18,495.9400024414063,0.4032745876828707,2025-06-29 12:49:56.131543,6,6,0.25,3.349999999999966,296.775,-32.60499999999996,0.9925576636020804,0.0001016186647548591,-0.14239764872421148,0.022653288625668996
MSFT250718C00205000,2025-06-27 19:55:00+00:00,205.0,292.23,289.65,293.45,-0.01,-0.0034218447,8.0,0,1.712892060546875,True,REGULAR,USD,MSFT,2025-07-18,18,495.9400024414063,0.4133564523749425,2025-06-29 12:49:56.131543,6,6,8.0,3.8000000000000114,291.54999999999995,0.6800000000000637,0.9941188162432885,8.85463631796244e-05,-0.11509036663185084,0.018396645726263358
MSFT250718C00210000,2025-06-27 19:55:00+00:00,210.0,287.25,284.7,288.45,16.23999,5.992395,8.0,1,1.6787125439453123,True,REGULAR,USD,MSFT,2025-07-18,18,495.9400024414063,0.4234383170670142,2025-06-29 12:49:56.131543,6,6,4.0,3.75,286.575,0.6750000000000114,0.9937583311758855,9.524049445644743e-05,-0.11864425270386575,0.019392593649836302
MSFT250718C00220000,2025-06-27 19:55:00+00:00,220.0,277.25,274.75,278.5,43.75,18.736618,4.0,11,1.6123066259765624,True,REGULAR,USD,MSFT,2025-07-18,18,495.9400024414063,0.4436020464511578,2025-06-29 12:49:56.131543,6,6,0.3333333333333333,3.75,276.625,0.625,0.9929771447328426,0.00011005932204704913,-0.12591879723384433,0.021523475106616438
MSFT250718C00230000,2025-06-23 13:35:20+00:00,230.0,244.4,264.8,268.55,0.0,0.0,1.0,28,1.5468772656249998,True,REGULAR,USD,MSFT,2025-07-18,18,495.9400024414063,0.4637657758353013,2025-06-29 12:49:56.131543,6,6,0.034482758620689655,3.75,266.675,-22.275000000000006,0.992148352486925,0.00012656337474478265,-0.13286467072769415,0.02374662114502168
MSFT250718C00235000,2025-06-27 19:55:00+00:00,235.0,262.32,259.8,263.55,44.47,20.41313,4.0,1,1.5068384033203124,True,REGULAR,USD,MSFT,2025-07-18,18,495.9400024414063,0.4738476405273731,2025-06-29 12:49:56.131543,6,6,2.0,3.75,261.675,0.6449999999999818,0.9919501974136998,0.0001328053929546235,-0.13309598498940173,0.02427282426478585
MSFT250718C00240000,2025-06-25 17:25:18+00:00,240.0,251.4,254.8,258.6,0.0,0.0,5.0,92,1.4755885595703124,True,REGULAR,USD,MSFT,2025-07-18,18,495.9400024414063,0.4839295052194448,2025-06-29 12:49:56.131543,6,6,0.053763440860215055,3.8000000000000114,256.70000000000005,-5.30000000000004,0.9914918453611342,0.00014237685953828185,-0.13659687309140278,0.025482533805901646
MSFT250718C00250000,2025-06-23 15:10:30+00:00,250.0,229.61,244.85,248.6,0.0,0.0,14.0,22,1.406741247558594,True,REGULAR,USD,MSFT,2025-07-18,18,495.9400024414063,0.5040932346035883,2025-06-29 12:49:56.131543,6,6,0.6086956521739131,3.75,246.725,-17.11499999999998,0.9907836224223145,0.00016018527460015742,-0.14026713879601643,0.027332208946472723
MSFT250718C00255000,2025-06-02 15:03:53+00:00,255.0,207.4,240.55,243.6,0.0,0.0,1.0,1,1.451174619140625,True,REGULAR,USD,MSFT,2025-07-18,18,495.9400024414063,0.5141750992956602,2025-06-29 12:49:56.131543,6,6,0.5,3.049999999999983,242.075,-34.67499999999998,0.9872226581268829,0.00020634641387574514,-0.18027926595544108,0.03632072592242113
MSFT250718C00260000,2025-06-12 15:03:52+00:00,260.0,218.56,234.85,238.6,0.0,0.0,1.0,9,1.3339877050781246,True,REGULAR,USD,MSFT,2025-07-18,18,495.9400024414063,0.5242569639877319,2025-06-29 12:49:56.131543,6,6,0.1,3.75,236.725,-18.164999999999992,0.9902635558998385,0.00017722783665144494,-0.1410546572403665,0.028676205462660354
MSFT250718C00270000,2025-06-16 15:13:30+00:00,270.0,210.5,224.9,228.65,0.0,0.0,1.0,106,1.2753942480468747,True,REGULAR,USD,MSFT,2025-07-18,18,495.9400024414063,0.5444206933718755,2025-06-29 12:49:56.131543,6,6,0.009345794392523364,3.75,226.775,-16.275000000000006,0.9891941993043933,0.00020300514695888923,-0.14734118101521904,0.03140432212347863
MSFT250718C00275000,2025-06-02 16:45:46+00:00,275.0,187.62,219.9,223.65,0.0,0.0,3.0,10,1.241214731445312,True,REGULAR,USD,MSFT,2025-07-18,18,495.9400024414063,0.5545025580639472,2025-06-29 12:49:56.131543,6,6,0.2727272727272727,3.75,221.775,-34.155,0.9888762973914077,0.00021392457594124364,-0.14778726874089432,0.03220664761065007
MSFT250718C00280000,2025-06-25 13:41:08+00:00,280.0,213.9,215.65,218.65,0.0,0.0,19.0,16,1.2817418725585936,True,REGULAR,USD,MSFT,2025-07-18,18,495.9400024414063,0.5645844227560189,2025-06-29 12:49:56.131543,6,6,1.1176470588235294,3.0,217.15,-3.25,0.9845899168558232,0.00027456391217189186,-0.189075783370934,0.04268565470334265
MSFT250718C00285000,2025-05-27 14:48:55+00:00,285.0,174.68,209.6,213.6,0.0,0.0,1.0,0,1.1323285571289063,True,REGULAR,USD,MSFT,2025-07-18,18,495.9400024414063,0.5746662874480908,2025-06-29 12:49:56.131543,6,6,1.0,4.0,211.6,-36.91999999999999,0.9903210265085672,0.00020771356882471806,-0.12795839528903463,0.028528257654316828
MSFT250718C00290000,2025-06-26 18:17:16+00:00,290.0,208.5,204.95,208.6,0.0,0.0,2.0,103,1.1411175756835936,True,REGULAR,USD,MSFT,2025-07-18,18,495.9400024414063,0.5847481521401625,2025-06-29 12:49:56.131543,6,6,0.019230769230769232,3.6500000000000057,206.77499999999998,1.7250000000000227,0.9878977057674501,0.00025036388434794077,-0.14856948961432115,0.034652932748171356
MSFT250718C00300000,2025-06-16 17:30:12+00:00,300.0,181.46,195.15,198.75,0.0,0.0,1.0,368,1.1103560107421877,True,REGULAR,USD,MSFT,2025-07-18,18,495.9400024414063,0.6049118815243061,2025-06-29 12:49:56.131543,6,6,0.0027100271002710027,3.5999999999999943,196.95,-15.48999999999998,0.9850681366705458,0.0003084745492190799,-0.16802232352986385,0.04154507109045502
MSFT250718C00305000,2025-06-20 17:02:30+00:00,305.0,176.24,190.15,193.75,0.0,0.0,1.0,2,1.0783737487792968,True,REGULAR,USD,MSFT,2025-07-18,18,495.9400024414063,0.6149937462163778,2025-06-29 12:49:56.131543,6,6,0.3333333333333333,3.5999999999999943,191.95,-15.70999999999998,0.9846166047307864,0.00032585799707270135,-0.1682103143627531,0.04262217532269484
MSFT250718C00310000,2025-06-16 14:26:17+00:00,310.0,171.5,185.3,188.75,0.0,0.0,1.0,86,1.0595750146484375,True,REGULAR,USD,MSFT,2025-07-18,18,495.9400024414063,0.6250756109084497,2025-06-29 12:49:56.131543,6,6,0.011494252873563218,3.4499999999999886,187.025,-15.525000000000006,0.9832101268624953,0.00035746039697091267,-0.17633161904725744,0.04594069515587763
MSFT250718C00315000,2025-05-30 18:18:32+00:00,315.0,145.95,180.2,183.8,0.0,0.0,2.0,2,1.023930661621094,True,REGULAR,USD,MSFT,2025-07-18,18,495.9400024414063,0.6351574756005214,2025-06-29 12:49:56.131543,6,6,0.6666666666666666,3.6000000000000227,182.0,-36.05000000000001,0.9830238981032694,0.0003734097828026422,-0.17369444374080184,0.04637609319585865
MSFT250718C00320000,2025-06-23 17:54:45+00:00,320.0,168.09,175.15,178.35,0.0,0.0,5.0,79,0.9497075341796876,True,REGULAR,USD,MSFT,2025-07-18,18,495.9400024414063,0.6452393402925931,2025-06-29 12:49:56.131543,6,6,0.0625,3.1999999999999886,176.75,-8.659999999999997,0.9859029920121417,0.0003432293314927312,-0.14699734262192157,0.0395377724945421
MSFT250718C00325000,2025-06-18 13:54:49+00:00,325.0,153.82,170.35,173.2,0.0,0.0,4.0,115,0.9248054394531252,True,REGULAR,USD,MSFT,2025-07-18,18,495.9400024414063,0.655321204984665,2025-06-29 12:49:56.131543,6,6,0.034482758620689655,2.8499999999999943,171.77499999999998,-17.954999999999984,0.9850937025510131,0.00036982083239558836,-0.14988746084668816,0.041483908488990376
MSFT250718C00330000,2025-06-20 19:22:16+00:00,330.0,149.18,165.2,168.0,0.0,0.0,20.0,59,0.8623060644531251,True,REGULAR,USD,MSFT,2025-07-18,18,495.9400024414063,0.6654030696767367,2025-06-29 12:49:56.131543,6,6,0.3333333333333333,2.8000000000000114,166.6,-17.419999999999987,0.9873217150191592,0.0003449297130559642,-0.13058669067430234,0.03607696273887033
MSFT250718C00335000,2025-06-02 19:53:45+00:00,335.0,128.64,160.85,163.0,0.0,0.0,3.0,107,0.8911143701171874,True,REGULAR,USD,MSFT,2025-07-18,18,495.9400024414063,0.6754849343688084,2025-06-29 12:49:56.131543,6,6,0.027777777777777776,2.1500000000000057,161.925,-33.285000000000025,0.9818675893065948,0.0004538914876260842,-0.16588886411136441,0.04905953250448403
MSFT250718C00340000,2025-06-25 14:43:28+00:00,340.0,154.22,155.55,158.65,0.0,0.0,1.0,79,0.8869640209960936,True,REGULAR,USD,MSFT,2025-07-18,18,495.9400024414063,0.6855667990608802,2025-06-29 12:49:56.131543,6,6,0.0125,3.0999999999999943,157.10000000000002,-2.880000000000024,0.9786996755688301,0.000522822024471961,-0.18348084914279128,0.05624679722405149
MSFT250718C00345000,2025-06-20 14:45:02+00:00,345.0,136.8,150.2,153.25,0.0,0.0,1.0,451,0.8017597949218749,True,REGULAR,USD,MSFT,2025-07-18,18,495.9400024414063,0.695648663752952,2025-06-29 12:49:56.131543,6,6,0.0022123893805309734,3.0500000000000114,151.725,-14.924999999999983,0.9838694314597742,0.0004564791409676748,-0.14483947012975681,0.04439183848190397
MSFT250718C00350000,2025-06-27 15:52:31+00:00,350.0,150.15,145.75,148.65,7.2099915,5.0440683,24.0,3331,0.8413101806640625,True,REGULAR,USD,MSFT,2025-07-18,18,495.9400024414063,0.7057305284450237,2025-06-29 12:49:56.131543,6,6,0.007202881152460984,2.9000000000000057,147.2,2.950000000000017,0.9756988682805586,0.0006159438896996838,-0.19294104677008725,0.06285433210634261
MSFT250718C00355000,2025-06-25 14:35:24+00:00,355.0,139.9,140.9,143.3,0.0,0.0,20.0,199,0.799806689453125,True,REGULAR,USD,MSFT,2025-07-18,18,495.9400024414063,0.7158123931370955,2025-06-29 12:49:56.131543,6,6,0.1,2.4000000000000057,142.10000000000002,-2.200000000000017,0.9764322203229315,0.0006314340885779078,-0.182888073668465,0.061256330388671884
MSFT250718C00360000,2025-06-27 18:37:07+00:00,360.0,136.71,136.0,137.85,1.780014,1.319213,5.0,493,0.7487818090820313,True,REGULAR,USD,MSFT,2025-07-18,18,495.9400024414063,0.7258942578291673,2025-06-29 12:49:56.131543,6,6,0.010121457489878543,1.8499999999999943,136.925,-0.2150000000000034,0.9785417827238981,0.0006231841975483985,-0.16536400121616804,0.05659911461625693
MSFT250718C00365000,2025-06-20 18:11:07+00:00,365.0,115.49,130.45,134.05,0.0,0.0,4.0,739,0.7605004418945314,True,REGULAR,USD,MSFT,2025-07-18,18,495.9400024414063,0.735976122521239,2025-06-29 12:49:56.131543,6,6,0.005405405405405406,3.6000000000000227,132.25,-16.760000000000005,0.972204956065275,0.0007624294047930529,-0.19642973564562777,0.07032941881589436
MSFT250718C00370000,2025-06-27 18:17:13+00:00,370.0,127.69,125.9,128.05,-0.69000244,-0.5374688,2.0,562,0.700198310546875,True,REGULAR,USD,MSFT,2025-07-18,18,495.9400024414063,0.7460579872133108,2025-06-29 12:49:56.131543,6,6,0.003552397868561279,2.1500000000000057,126.97500000000001,0.7149999999999892,0.9760144405465926,0.0007319943842389929,-0.16974648775274076,0.062167975969669324
MSFT250718C00375000,2025-06-27 19:29:02+00:00,375.0,121.27,120.5,124.0,1.4399948,1.2016981,2.0,829,0.7039824523925782,True,REGULAR,USD,MSFT,2025-07-18,18,495.9400024414063,0.7561398519053826,2025-06-29 12:49:56.131543,6,6,0.0024096385542168677,3.5,122.25,-0.980000000000004,0.9700799794150218,0.0008756579189232947,-0.19529610930941224,0.07477117987640647
MSFT250718C00380000,2025-06-27 16:05:08+00:00,380.0,120.25,115.55,118.7,4.1900024,3.6102037,2.0,1124,0.6630893066406252,True,REGULAR,USD,MSFT,2025-07-18,18,495.9400024414063,0.7662217165974543,2025-06-29 12:49:56.131543,6,6,0.0017777777777777779,3.1500000000000057,117.125,3.125,0.9711994989807259,0.0009006820738307488,-0.18328227237555425,0.07244050407974875
MSFT250718C00385000,2025-06-27 18:20:11+00:00,385.0,112.19,110.6,114.1,-0.7299957,-0.6464716,3.0,505,0.65820654296875,True,REGULAR,USD,MSFT,2025-07-18,18,495.9400024414063,0.7763035812895261,2025-06-29 12:49:56.131543,6,6,0.005928853754940711,3.5,112.35,-0.1599999999999966,0.9657942931782572,0.0010460233626235908,-0.2028313769466709,0.08351057998838694
MSFT250718C00390000,2025-06-27 18:16:45+00:00,390.0,107.8,106.3,107.95,-0.66999817,-0.6176806,22.0,1252,0.6088906298828126,True,REGULAR,USD,MSFT,2025-07-18,18,495.9400024414063,0.7863854459815979,2025-06-29 12:49:56.131543,6,6,0.017557861133280128,1.6500000000000057,107.125,0.6749999999999972,0.9687728694181053,0.0010489091264737147,-0.18207863536426608,0.07746670346736625
MSFT250718C00395000,2025-06-27 16:02:19+00:00,395.0,105.41,101.6,103.5,5.1800003,5.1681137,4.0,1244,0.6201209863281252,True,REGULAR,USD,MSFT,2025-07-18,18,495.9400024414063,0.7964673106736696,2025-06-29 12:49:56.131543,6,6,0.00321285140562249,1.9000000000000057,102.55,2.8599999999999994,0.9590074468113717,0.0012871283888710229,-0.21779488016996218,0.09681356634477334
MSFT250718C00400000,2025-06-27 18:54:35+00:00,400.0,96.35,96.7,97.85,-1.5999985,-1.6334851,17.0,1999,0.5690961059570312,True,REGULAR,USD,MSFT,2025-07-18,18,495.9400024414063,0.8065491753657414,2025-06-29 12:49:56.131543,6,6,0.0085,1.1499999999999915,97.275,-0.9250000000000114,0.9627763382162337,0.0012966217683556974,-0.1934851290750255,0.08950284549933488
MSFT250718C00405000,2025-06-27 18:54:39+00:00,405.0,91.25,90.65,93.6,-2.540001,-2.7081788,3.0,831,0.5290574438476563,True,REGULAR,USD,MSFT,2025-07-18,18,495.9400024414063,0.8166310400578132,2025-06-29 12:49:56.131543,6,6,0.003605769230769231,2.9499999999999886,92.125,-0.875,0.9643759387726554,0.00134550355293223,-0.17969443074494554,0.08634269468282132
MSFT250718C00410000,2025-06-27 19:50:59+00:00,410.0,85.72,86.8,88.1,-3.7799988,-4.223462,8.0,2498,0.529423651123047,True,REGULAR,USD,MSFT,2025-07-18,18,495.9400024414063,0.826712904749885,2025-06-29 12:49:56.131543,6,6,0.003201280512204882,1.2999999999999972,87.44999999999999,-1.7299999999999898,0.9552802059988628,0.0016174895990912952,-0.2055855016537282,0.10386823594375164
MSFT250718C00415000,2025-06-27 19:31:41+00:00,415.0,81.95,81.0,83.05,-2.2200012,-2.6375208,21.0,2309,0.5433395275878907,True,REGULAR,USD,MSFT,2025-07-18,18,495.9400024414063,0.8367947694419567,2025-06-29 12:49:56.131543,6,6,0.00909090909090909,2.049999999999997,82.025,-0.07500000000000284,0.9403187176894396,0.001982409191197311,-0.24961794702269255,0.13064792717203902
MSFT250718C00420000,2025-06-27 19:54:50+00:00,420.0,77.3,75.95,78.2,-1.6499939,-2.0899227,54.0,8350,0.5238084729003907,True,REGULAR,USD,MSFT,2025-07-18,18,495.9400024414063,0.8468766341340285,2025-06-29 12:49:56.131543,6,6,0.0064662914621003474,2.25,77.075,0.22499999999999432,0.9342421493704562,0.0022177495298484453,-0.25770556604127687,0.14090387449521846
MSFT250718C00425000,2025-06-27 18:49:09+00:00,425.0,72.5,71.85,73.2,-1.4899979,-2.0137827,18.0,2016,0.4950001672363281,True,REGULAR,USD,MSFT,2025-07-18,18,495.9400024414063,0.8569584988261003,2025-06-29 12:49:56.131543,6,6,0.008924144769459593,1.3500000000000085,72.525,-0.025000000000005684,0.9307873592041711,0.002441549685862929,-0.25469871057061927,0.14659151479544347
MSFT250718C00430000,2025-06-27 19:25:14+00:00,430.0,66.68,66.95,68.15,-2.6299973,-3.7945423,20.0,5070,0.4635063415527344,True,REGULAR,USD,MSFT,2025-07-18,18,495.9400024414063,0.867040363518172,2025-06-29 12:49:56.131543,6,6,0.003943995267205679,1.2000000000000028,67.55000000000001,-0.8700000000000045,0.9280601466254685,0.0026860623254576967,-0.24806845735539057,0.15101138343597073
MSFT250718C00435000,2025-06-27 19:09:05+00:00,435.0,61.98,62.05,64.35,-2.2999992,-3.5780947,23.0,4580,0.4924977508544922,True,REGULAR,USD,MSFT,2025-07-18,18,495.9400024414063,0.8771222282102438,2025-06-29 12:49:56.131543,6,6,0.005020737830168085,2.299999999999997,63.199999999999996,-1.2199999999999989,0.8990233293200149,0.0032585884515994364,-0.3185108361041649,0.19465774402736127
MSFT250718C00440000,2025-06-27 19:54:50+00:00,440.0,57.02,57.1,58.45,-2.25,-3.796187,59.0,4077,0.4211483666992188,True,REGULAR,USD,MSFT,2025-07-18,18,495.9400024414063,0.8872040929023156,2025-06-29 12:49:56.131543,6,6,0.014467876410004904,1.3500000000000014,57.775000000000006,-0.7550000000000026,0.9119395137984083,0.003444803466529567,-0.2597336299545457,0.17596953668104465
MSFT250718C00445000,2025-06-27 19:16:30+00:00,445.0,52.29,52.2,53.55,-2.5499992,-4.649889,155.0,1772,0.3963683410644532,True,REGULAR,USD,MSFT,2025-07-18,18,495.9400024414063,0.8972859575943873,2025-06-29 12:49:56.131543,6,6,0.0874224478285392,1.3499999999999943,52.875,-0.5850000000000009,0.9037674942148919,0.003908729634058731,-0.2608945833159466,0.1879197866606064
MSFT250718C00450000,2025-06-27 19:07:04+00:00,450.0,46.99,46.85,48.4,-2.4099998,-4.8785424,71.0,6889,0.360235889892578,True,REGULAR,USD,MSFT,2025-07-18,18,495.9400024414063,0.9073678222864592,2025-06-29 12:49:56.131543,6,6,0.010304789550072569,1.5499999999999972,47.625,-0.634999999999998,0.9007698678218601,0.0043985994580358,-0.24680669870851757,0.19219377432314533
MSFT250718C00455000,2025-06-27 19:46:58+00:00,455.0,42.4,41.7,43.45,-2.2799988,-5.1029515,124.0,2263,0.3327703442382813,True,REGULAR,USD,MSFT,2025-07-18,18,495.9400024414063,0.9174496869785308,2025-06-29 12:49:56.131543,6,6,0.054770318021201414,1.75,42.575,-0.17500000000000426,0.8918096302216194,0.005069896673281504,-0.24371299091516185,0.2046358145772542
MSFT250718C00457500,2025-06-26 18:46:18+00:00,457.5,42.64,38.9,42.3,0.0,0.0,2.0,8,0.3682924499511719,True,REGULAR,USD,MSFT,2025-07-18,18,495.9400024414063,0.9224906193245668,2025-06-29 12:49:56.131543,6,6,0.2222222222222222,3.3999999999999986,40.599999999999994,2.0400000000000063,0.8548552922294002,0.005622988233638117,-0.3091996364287019,0.2511874348402114
MSFT250718C00460000,2025-06-27 19:52:11+00:00,460.0,36.84,36.95,38.6,-2.8100014,-7.0870147,128.0,2897,0.3087227331542969,True,REGULAR,USD,MSFT,2025-07-18,18,495.9400024414063,0.9275315516706026,2025-06-29 12:49:56.131543,6,6,0.04416839199447895,1.6499999999999986,37.775000000000006,-0.9350000000000023,0.878504001405457,0.005934960705455598,-0.24490258805731857,0.2222411003374268
MSFT250718C00462500,2025-06-26 19:55:55+00:00,462.5,37.26,34.05,36.7,0.0,0.0,2.0,40,0.3151923950195311,True,REGULAR,USD,MSFT,2025-07-18,18,495.9400024414063,0.9325724840166384,2025-06-29 12:49:56.131543,6,6,0.04878048780487805,2.6500000000000057,35.375,1.884999999999998,0.8571410523634551,0.006500322316089237,-0.2707172644318156,0.24851267381406703
MSFT250718C00465000,2025-06-27 19:54:50+00:00,465.0,33.47,32.0,34.1,-1.199997,-3.461197,70.0,3076,0.2958444439697265,True,REGULAR,USD,MSFT,2025-07-18,18,495.9400024414063,0.9376134163626744,2025-06-29 12:49:56.131543,6,6,0.022749431264218394,2.1000000000000014,33.05,0.4200000000000017,0.8533450393835262,0.0070488397467548545,-0.261095425023831,0.25294085075946016
MSFT250718C00467500,2025-06-27 19:09:22+00:00,467.5,30.43,30.15,31.4,-2.0699997,-6.3692303,4.0,29,0.2730785583496093,True,REGULAR,USD,MSFT,2025-07-18,18,495.9400024414063,0.9426543487087105,2025-06-29 12:49:56.131543,6,6,0.13333333333333333,1.25,30.775,-0.34499999999999886,0.8519452999391581,0.007685252543767074,-0.24659531280544145,0.2545561917097775
MSFT250718C00470000,2025-06-27 19:54:30+00:00,470.0,27.8,28.35,29.0,-2.9500008,-9.593498,183.0,8166,0.2604444073486328,True,REGULAR,USD,MSFT,2025-07-18,18,495.9400024414063,0.9476952810547462,2025-06-29 12:49:56.131543,6,6,0.022407248683727194,0.6499999999999986,28.675,-0.875,0.8414438275431455,0.008432394613598002,-0.2458327012735999,0.26638138861725674
MSFT250718C00472500,2025-06-27 19:59:02+00:00,472.5,26.21,25.4,26.6,-1.4400005,-5.207958,14.0,57,0.2473219799804687,True,REGULAR,USD,MSFT,2025-07-18,18,495.9400024414063,0.952736213400782,2025-06-29 12:49:56.131543,6,6,0.2413793103448276,1.2000000000000028,26.0,0.21000000000000085,0.8299346032082625,0.009292611966373888,-0.2441781953903579,0.2787651232602688
MSFT250718C00475000,2025-06-27 19:52:25+00:00,475.0,23.23,22.6,25.35,-2.92,-11.166348,345.0,5324,0.2670971728515625,True,REGULAR,USD,MSFT,2025-07-18,18,495.9400024414063,0.957777145746818,2025-06-29 12:49:56.131543,6,6,0.0647887323943662,2.75,23.975,-0.745000000000001,0.7877223242088345,0.009859463282846202,-0.2869753820303598,0.31941880859445243
MSFT250718C00477500,2025-06-27 19:54:54+00:00,477.5,21.7,20.65,23.15,-1.8699989,-7.9338098,6.0,91,0.2571790591430664,True,REGULAR,USD,MSFT,2025-07-18,18,495.9400024414063,0.9628180780928538,2025-06-29 12:49:56.131543,6,6,0.06521739130434782,2.5,21.9,-0.1999999999999993,0.7688851340554278,0.01074953290844824,-0.28856154234723963,0.33532282557907556
MSFT250718C00480000,2025-06-27 19:50:00+00:00,480.0,18.1,19.55,19.85,-3.6299992,-16.705013,236.0,8689,0.2173540179443359,True,REGULAR,USD,MSFT,2025-07-18,18,495.9400024414063,0.9678590104388896,2025-06-29 12:49:56.131543,6,6,0.02715765247410817,0.3000000000000007,19.700000000000003,-1.6000000000000014,0.7739876250252576,0.012560632557381284,-0.24972995355372124,0.3311441630460955
MSFT250718C00482500,2025-06-27 19:54:50+00:00,482.5,17.6,17.45,17.75,-2.0,-10.204082,26.0,249,0.2093584924316406,True,REGULAR,USD,MSFT,2025-07-18,18,495.9400024414063,0.9728999427849256,2025-06-29 12:49:56.131543,6,6,0.104,0.3000000000000007,17.6,0.0,0.7476842295039962,0.013849379970605862,-0.2528285448532451,0.35168903928563955
MSFT250718C00485000,2025-06-27 19:59:58+00:00,485.0,15.45,15.45,15.7,-1.920001,-11.053546,387.0,5220,0.2011798632812499,True,REGULAR,USD,MSFT,2025-07-18,18,495.9400024414063,0.9779408751309616,2025-06-29 12:49:56.131543,6,6,0.07412373108599885,0.25,15.575,-0.125,0.7179677978820497,0.015246084517097755,-0.2544742329919922,0.372032389768098
MSFT250718C00487500,2025-06-27 19:46:57+00:00,487.5,13.36,13.5,13.75,-2.0700006,-13.415429,193.0,231,0.193794683227539,True,REGULAR,USD,MSFT,2025-07-18,18,495.9400024414063,0.9829818074769974,2025-06-29 12:49:56.131543,6,6,0.8318965517241379,0.25,13.625,-0.26500000000000057,0.6835530799015457,0.01667652682938817,-0.2555257030063753,0.3919993841980163
MSFT250718C00490000,2025-06-27 19:59:49+00:00,490.0,11.93,11.7,11.95,-1.4499998,-10.837069,447.0,6662,0.1880574359130859,True,REGULAR,USD,MSFT,2025-07-18,18,495.9400024414063,0.9880227398230332,2025-06-29 12:49:56.131543,6,6,0.06708689779378658,0.25,11.825,0.10500000000000043,0.6437326786635061,0.017997866391553635,-0.256508573527302,0.4105343057046481
MSFT250718C00492500,2025-06-27 19:57:54+00:00,492.5,10.21,10.0,10.2,-1.5900002,-13.474578,92.0,600,0.1812826013183593,True,REGULAR,USD,MSFT,2025-07-18,18,495.9400024414063,0.9930636721690692,2025-06-29 12:49:56.131543,6,6,0.15307820299500832,0.1999999999999993,10.1,0.11000000000000121,0.6003596310634743,0.01934616192606814,-0.25356375649727514,0.42539155435610654
MSFT250718C00495000,2025-06-27 19:59:53+00:00,495.0,8.54,8.45,8.65,-1.4399996,-14.428854,2642.0,5164,0.1765829412841797,True,REGULAR,USD,MSFT,2025-07-18,18,495.9400024414063,0.998104604515105,2025-06-29 12:49:56.131543,6,6,0.5115198451113262,0.20000000000000107,8.55,-0.010000000000001563,0.5520599328748453,0.020338711245531625,-0.24996671979866855,0.4356222936053137
MSFT250718C00500000,2025-06-27 19:58:10+00:00,500.0,5.95,5.85,5.95,-1.1000004,-15.602842,6538.0,13475,0.1679770703125,False,REGULAR,USD,MSFT,2025-07-18,18,495.9400024414063,1.0081864692071767,2025-06-29 12:49:56.131543,6,6,0.48515880083110713,0.10000000000000053,5.9,0.04999999999999982,0.4467745554138057,0.02137237492057147,-0.23270405683326512,0.4354524184012585
MSFT250718C00505000,2025-06-27 19:59:49+00:00,505.0,3.94,3.8,3.95,-1.06,-21.199999,1140.0,6502,0.1634605139160156,False,REGULAR,USD,MSFT,2025-07-18,18,495.9400024414063,1.0182683338992486,2025-06-29 12:49:56.131543,6,6,0.17530370598185452,0.15000000000000036,3.875,0.06499999999999995,0.3399332745779598,0.020351820392523614,-0.2057637076750565,0.40350975793667293
MSFT250718C00510000,2025-06-27 19:59:40+00:00,510.0,2.45,2.0,2.84,-0.79999995,-24.615383,3417.0,26024,0.1698081066894531,False,REGULAR,USD,MSFT,2025-07-18,18,495.9400024414063,1.0283501985913204,2025-06-29 12:49:56.131543,6,6,0.13129682997118156,0.8399999999999999,2.42,0.03000000000000025,0.25555615317853075,0.017189800920908396,-0.183978245957568,0.35405211013205273
MSFT250718C00515000,2025-06-27 19:54:23+00:00,515.0,1.32,1.44,1.49,-0.66999996,-33.66834,915.0,2664,0.157662232055664,False,REGULAR,USD,MSFT,2025-07-18,18,495.9400024414063,1.038432063283392,2025-06-29 12:49:56.131543,6,6,0.3433395872420263,0.050000000000000044,1.4649999999999999,-0.1449999999999998,0.1612871689023379,0.014086048680438916,-0.1287305131570013,0.26937344217012
MSFT250718C00520000,2025-06-27 19:56:45+00:00,520.0,0.85,0.84,0.89,-0.37,-30.32787,431.0,7080,0.1579674047851562,False,REGULAR,USD,MSFT,2025-07-18,18,495.9400024414063,1.0485139279754638,2025-06-29 12:49:56.131543,6,6,0.06086710916537212,0.050000000000000044,0.865,-0.015000000000000013,0.10336120813585409,0.010333331309011306,-0.0937845179020916,0.19799114062035225
MSFT250718C00525000,2025-06-27 19:42:44+00:00,525.0,0.51,0.49,0.53,-0.25,-32.894737,59.0,1152,0.1596763720703125,False,REGULAR,USD,MSFT,2025-07-18,18,495.9400024414063,1.0585957926675356,2025-06-29 12:49:56.131543,6,6,0.05117085862966175,0.040000000000000036,0.51,0.0,0.0644304046903854,0.007160954715522306,-0.06582640699055665,0.13869139112276116
MSFT250718C00530000,2025-06-27 19:51:11+00:00,530.0,0.28,0.29,0.32,-0.19,-40.42553,1093.0,323,0.1626060302734375,False,REGULAR,USD,MSFT,2025-07-18,18,495.9400024414063,1.0686776573596073,2025-06-29 12:49:56.131543,6,6,3.373456790123457,0.030000000000000027,0.305,-0.024999999999999967,0.039792323579689697,0.004791616229180503,-0.04535102596541025,0.09450539354062598
MSFT250718C00535000,2025-06-27 19:59:51+00:00,535.0,0.19,0.17,0.2,-0.099999994,-34.482758,60.0,1567,0.167000517578125,False,REGULAR,USD,MSFT,2025-07-18,18,495.9400024414063,1.0787595220516792,2025-06-29 12:49:56.131543,6,6,0.03826530612244898,0.03,0.185,0.0050000000000000044,0.025044902854576372,0.003182471004968685,-0.03158235656022299,0.06446443683467845
MSFT250718C00540000,2025-06-27 18:51:57+00:00,540.0,0.14,0.11,0.13,-0.040000007,-22.222225,74.0,541,0.17188328125,False,REGULAR,USD,MSFT,2025-07-18,18,495.9400024414063,1.088841386743751,2025-06-29 12:49:56.131543,6,6,0.13653136531365315,0.020000000000000004,0.12,0.020000000000000018,0.01592929393828445,0.0021064815426070785,-0.022035779725652904,0.04391665099413851
MSFT250718C00545000,2025-06-26 16:07:38+00:00,545.0,0.08,0.07,0.09,0.0,0.0,3.0,159,0.178719150390625,False,REGULAR,USD,MSFT,2025-07-18,18,495.9400024414063,1.0989232514358227,2025-06-29 12:49:56.131543,6,6,0.01875,0.01999999999999999,0.08,0.0,0.010871477094961278,0.0014563675315201756,-0.01640154803718002,0.031570393832466764
MSFT250718C00550000,2025-06-27 15:14:52+00:00,550.0,0.07,0.04,0.07,0.0,0.0,15.0,87,0.187508125,False,REGULAR,USD,MSFT,2025-07-18,18,495.9400024414063,1.1090051161278944,2025-06-29 12:49:56.131543,6,6,0.17045454545454544,0.030000000000000006,0.05500000000000001,0.015,0.008093349233470347,0.0010723133387986862,-0.013245082464744993,0.02438819841851752
MSFT250718C00555000,2025-06-27 14:47:53+00:00,555.0,0.05,0.03,0.05,0.0,0.0,1.0,20,0.19336744140625,False,REGULAR,USD,MSFT,2025-07-18,18,495.9400024414063,1.1190869808199662,2025-06-29 12:49:56.131543,6,6,0.047619047619047616,0.020000000000000004,0.04,0.010000000000000002,0.005522344038404294,0.0007417308855900494,-0.009714431939537695,0.017396730450379233
MSFT250718C00560000,2025-06-27 19:58:00+00:00,560.0,0.03,0.03,0.05,0.0,0.0,167.0,1495,0.2070391796874999,False,REGULAR,USD,MSFT,2025-07-18,18,495.9400024414063,1.129168845512038,2025-06-29 12:49:56.131543,6,6,0.11163101604278075,0.020000000000000004,0.04,-0.010000000000000002,0.005149856236331603,0.0006510405540875873,-0.009747447190516227,0.01634927506912064
MSFT250718C00580000,2025-06-27 14:33:28+00:00,580.0,0.01,0.0,0.01,0.0,0.0,1.0,232,0.2226640234374999,False,REGULAR,USD,MSFT,2025-07-18,18,495.9400024414063,1.169496304280325,2025-06-29 12:49:56.131543,6,6,0.004291845493562232,0.01,0.005,0.005,0.000994416910757878,0.0001366010589413036,-0.0023485081156636753,0.003689283577583673
MSFT250718C00600000,2025-06-27 16:09:43+00:00,600.0,0.01,0.0,0.01,0.0,0.0,20.0,740,0.26563234375,False,REGULAR,USD,MSFT,2025-07-18,18,495.9400024414063,1.2098237630486122,2025-06-29 12:49:56.131543,6,6,0.02699055330634278,0.01,0.005,0.005,0.0007951121105067834,9.322411823275056e-05,-0.0022694476868530982,0.0030036350167301994
MSFT250718C00620000,2025-06-27 13:30:01+00:00,620.0,0.01,0.0,0.01,-0.02,-66.66667,9.0,257,0.304694453125,False,REGULAR,USD,MSFT,2025-07-18,18,495.9400024414063,1.2501512218168993,2025-06-29 12:49:56.131543,6,6,0.03488372093023256,0.01,0.005,0.005,0.0006203431989476933,6.464755755082576e-05,-0.00206355893212709,0.0023892114635086924
MSFT250718C00640000,2025-06-16 16:46:02+00:00,640.0,0.01,0.0,0.01,0.0,0.0,1.0,84,0.3437565625,False,REGULAR,USD,MSFT,2025-07-18,18,495.9400024414063,1.2904786805851862,2025-06-29 12:49:56.131543,6,6,0.011764705882352941,0.01,0.005,0.005,0.0005375273525360821,5.01937229948743e-05,-0.0020342130487573415,0.002092851085666786
MSFT250718C00660000,2025-06-11 14:39:41+00:00,660.0,0.01,0.0,0.01,0.0,0.0,1.0,309,0.3828186718749999,False,REGULAR,USD,MSFT,2025-07-18,18,495.9400024414063,1.3308061393534734,2025-06-29 12:49:56.131543,6,6,0.0032258064516129032,0.01,0.005,0.005,0.0005006366602514756,4.22020443166428e-05,-0.002117060324643223,0.0019595868739363804
MSFT250725C00240000,2025-06-20 16:32:22+00:00,240.0,241.0,255.15,258.75,0.0,0.0,2.0,2,1.3261752441406247,True,REGULAR,USD,MSFT,2025-07-25,25,495.9400024414063,0.4839295052194448,2025-06-29 12:49:56.269383,6,6,0.6666666666666666,3.5999999999999943,256.95,-15.949999999999989,0.9885361254294277,0.00017439857778343108,-0.13522394662875126,0.038962721071748654
MSFT250725C00300000,2025-06-09 15:03:18+00:00,300.0,172.26,195.45,198.95,0.0,0.0,1.0,1,0.992187578125,True,REGULAR,USD,MSFT,2025-07-25,25,495.9400024414063,0.6049118815243061,2025-06-29 12:49:56.269383,6,6,0.5,3.5,197.2,-24.939999999999998,0.9811846466269062,0.0003569702637196592,-0.15794573705205853,0.059666594291440965
MSFT250725C00325000,2025-06-27 13:35:44+00:00,325.0,173.67,170.6,173.9,0.0,0.0,3.0,0,0.8596205444335938,True,REGULAR,USD,MSFT,2025-07-25,25,495.9400024414063,0.655321204984665,2025-06-29 12:49:56.269383,6,6,3.0,3.3000000000000114,172.25,1.4199999999999875,0.9775872979991764,0.0004778485850748927,-0.16167811880200333,0.06919942958996522
MSFT250725C00350000,2025-06-20 18:45:37+00:00,350.0,130.0,145.5,149.2,0.0,0.0,1583.0,1583,0.7393824890136718,True,REGULAR,USD,MSFT,2025-07-25,25,495.9400024414063,0.7057305284450237,2025-06-29 12:49:56.269383,6,6,0.9993686868686869,3.6999999999999886,147.35,-17.349999999999994,0.9722886799247401,0.0006637499331965586,-0.16800737616247405,0.08267592737714073
MSFT250725C00355000,2025-06-20 19:33:16+00:00,355.0,124.47,140.55,144.2,0.0,0.0,3.0,0,0.7163114306640624,True,REGULAR,USD,MSFT,2025-07-25,25,495.9400024414063,0.7158123931370955,2025-06-29 12:49:56.269383,6,6,3.0,3.6499999999999773,142.375,-17.905,0.9709832340114171,0.0007118826414078702,-0.16940887176483163,0.08590445929508124
MSFT250725C00360000,2025-06-24 18:00:08+00:00,360.0,133.22,135.55,138.95,0.0,0.0,1.0,1,0.6790803576660158,True,REGULAR,USD,MSFT,2025-07-25,25,495.9400024414063,0.7258942578291673,2025-06-29 12:49:56.269383,6,6,0.5,3.3999999999999773,137.25,-4.030000000000001,0.9719756040564889,0.0007294860956799618,-0.16044726524938924,0.08345331851778491
MSFT250725C00365000,2025-06-25 13:59:12+00:00,365.0,130.1,130.8,134.3,0.0,0.0,3.0,4,0.6815217395019533,True,REGULAR,USD,MSFT,2025-07-25,25,495.9400024414063,0.735976122521239,2025-06-29 12:49:56.269383,6,6,0.6,3.5,132.55,-2.450000000000017,0.9661588574000264,0.0008496954383295428,-0.1803289539769482,0.09755475089703365
MSFT250725C00370000,2025-06-20 13:49:34+00:00,370.0,114.22,125.65,129.15,0.0,0.0,1.0,0,0.6435582519531251,True,REGULAR,USD,MSFT,2025-07-25,25,495.9400024414063,0.7460579872133108,2025-06-29 12:49:56.269383,6,6,1.0,3.5,127.4,-13.180000000000007,0.9674003076156522,0.0008725396357515511,-0.16989921498625343,0.09459723695009814
MSFT250725C00385000,2025-06-23 13:30:15+00:00,385.0,93.52,110.65,114.35,0.0,0.0,2.0,5,0.5783733569335938,True,REGULAR,USD,MSFT,2025-07-25,25,495.9400024414063,0.7763035812895261,2025-06-29 12:49:56.269383,6,6,0.3333333333333333,3.6999999999999886,112.5,-18.980000000000004,0.9617311510274266,0.0011073200173891925,-0.17459568304662743,0.10789140619729386
MSFT250725C00390000,2025-06-25 15:38:53+00:00,390.0,104.25,105.8,109.45,0.0,0.0,5.0,9,0.5632367895507813,True,REGULAR,USD,MSFT,2025-07-25,25,495.9400024414063,0.7863854459815979,2025-06-29 12:49:56.269383,6,6,0.5,3.6500000000000057,107.625,-3.375,0.9579327875475864,0.001227946808043781,-0.18145232625936575,0.11651343140850738
MSFT250725C00395000,2025-06-27 19:24:05+00:00,395.0,101.78,100.65,104.5,14.349998,16.413128,15.0,5,0.5354050366210938,True,REGULAR,USD,MSFT,2025-07-25,25,495.9400024414063,0.7964673106736696,2025-06-29 12:49:56.269383,6,6,2.5,3.8499999999999943,102.575,-0.7950000000000017,0.957154707811763,0.0013110691321290748,-0.17746537631334802,0.11825335434237515
MSFT250725C00400000,2025-06-27 14:27:21+00:00,400.0,98.86,96.0,99.05,20.300003,25.840128,2.0,8,0.5079394909667969,True,REGULAR,USD,MSFT,2025-07-25,25,495.9400024414063,0.8065491753657414,2025-06-29 12:49:56.269383,6,6,0.2222222222222222,3.049999999999997,97.525,1.3349999999999937,0.9563210715765682,0.001403635453804973,-0.1734852853523854,0.12010794394367055
MSFT250725C00405000,2025-06-25 13:43:23+00:00,405.0,90.36,91.3,94.15,0.0,0.0,1.0,17,0.5745892150878906,True,REGULAR,USD,MSFT,2025-07-25,25,495.9400024414063,0.8166310400578132,2025-06-29 12:49:56.269383,6,6,0.05555555555555555,2.8500000000000085,92.725,-2.364999999999995,0.9257753259880455,0.0018830937444570329,-0.25935709341802027,0.18227824339529403
MSFT250725C00410000,2025-06-27 19:48:59+00:00,410.0,87.38,86.05,89.55,2.4799957,2.9210784,9.0,13,0.5660443786621094,True,REGULAR,USD,MSFT,2025-07-25,25,495.9400024414063,0.826712904749885,2025-06-29 12:49:56.269383,6,6,0.6428571428571429,3.5,87.8,-0.4200000000000017,0.9164778540926106,0.0020903259162502706,-0.27554757615871023,0.19932873506111792
MSFT250725C00415000,2025-06-27 18:23:05+00:00,415.0,82.18,81.3,84.35,-0.3199997,-0.38787842,19.0,36,0.5303391693115236,True,REGULAR,USD,MSFT,2025-07-25,25,495.9400024414063,0.8367947694419567,2025-06-29 12:49:56.269383,6,6,0.5135135135135135,3.049999999999997,82.82499999999999,-0.6449999999999818,0.915867477933025,0.0022432925164390352,-0.26313790406367543,0.2004218356353335
MSFT250725C00420000,2025-06-27 18:53:02+00:00,420.0,77.15,76.05,79.8,-2.8300018,-3.5383868,8.0,101,0.5221605401611327,True,REGULAR,USD,MSFT,2025-07-25,25,495.9400024414063,0.8468766341340285,2025-06-29 12:49:56.269383,6,6,0.0784313725490196,3.75,77.925,-0.7749999999999915,0.9048319738858102,0.0024971385146789976,-0.2798295863553809,0.21966056982752655
MSFT250725C00425000,2025-06-27 15:52:58+00:00,425.0,76.3,71.5,74.6,1.5300064,2.046284,5.0,15,0.4870656762695313,True,REGULAR,USD,MSFT,2025-07-25,25,495.9400024414063,0.8569584988261003,2025-06-29 12:49:56.269383,6,6,0.3125,3.0999999999999943,73.05,3.25,0.9034717044354761,0.002705158856598006,-0.26727132034287415,0.2219656255347228
MSFT250725C00430000,2025-06-27 19:13:47+00:00,430.0,67.7,66.5,69.75,-2.0200043,-2.8973095,5.0,55,0.465825654296875,True,REGULAR,USD,MSFT,2025-07-25,25,495.9400024414063,0.867040363518172,2025-06-29 12:49:56.269383,6,6,0.08928571428571429,3.25,68.125,-0.42499999999999716,0.8960415593955698,0.002985837645987994,-0.26950458769930086,0.234312261612239
MSFT250725C00435000,2025-06-27 18:32:22+00:00,435.0,62.73,61.75,65.05,4.0600014,6.9200644,4.0,29,0.4494683959960937,True,REGULAR,USD,MSFT,2025-07-25,25,495.9400024414063,0.8771222282102438,2025-06-29 12:49:56.269383,6,6,0.13333333333333333,3.299999999999997,63.4,-0.6700000000000017,0.8854159795279808,0.0033186348118038342,-0.27701944376040644,0.25128354396730485
MSFT250725C00440000,2025-06-27 19:12:56+00:00,440.0,58.1,57.05,60.2,-0.6500015,-1.1063856,9.0,67,0.4269466485595704,True,REGULAR,USD,MSFT,2025-07-25,25,495.9400024414063,0.8872040929023156,2025-06-29 12:49:56.269383,6,6,0.1323529411764706,3.1500000000000057,58.625,-0.5249999999999986,0.8764875653608726,0.003683793168741839,-0.277433643153315,0.26495631246834717
MSFT250725C00445000,2025-06-27 19:01:24+00:00,445.0,52.4,51.75,55.35,-2.0999985,-3.8532083,10.0,30,0.4039366247558594,True,REGULAR,USD,MSFT,2025-07-25,25,495.9400024414063,0.8972859575943873,2025-06-29 12:49:56.269383,6,6,0.3225806451612903,3.6000000000000014,53.55,-1.1499999999999986,0.8666012775199048,0.004107441533930678,-0.2769866670458305,0.27950529936632895
MSFT250725C00450000,2025-06-27 15:13:53+00:00,450.0,50.91,47.6,50.5,4.8899994,10.6258135,11.0,83,0.380316255493164,True,REGULAR,USD,MSFT,2025-07-25,25,495.9400024414063,0.9073678222864592,2025-06-29 12:49:56.269383,6,6,0.13095238095238096,2.8999999999999986,49.05,1.8599999999999994,0.8556108159351208,0.0046042080283910745,-0.27547749773489344,0.2949886117900907
MSFT250725C00455000,2025-06-27 19:44:21+00:00,455.0,42.85,42.8,44.4,-1.6500015,-3.7078686,11.0,147,0.3183661914062499,True,REGULAR,USD,MSFT,2025-07-25,25,495.9400024414063,0.9174496869785308,2025-06-29 12:49:56.269383,6,6,0.07432432432432433,1.6000000000000014,43.599999999999994,-0.7499999999999929,0.8679633655675479,0.005174730517128177,-0.22947218274647174,0.2775364980011597
MSFT250725C00460000,2025-06-27 19:44:21+00:00,460.0,38.2,37.45,41.0,-2.1699982,-5.375274,14.0,93,0.3366765551757812,True,REGULAR,USD,MSFT,2025-07-25,25,495.9400024414063,0.9275315516706026,2025-06-29 12:49:56.269383,6,6,0.14893617021276595,3.549999999999997,39.225,-1.0249999999999986,0.8255442455169231,0.005887309896293703,-0.2752031046170069,0.33391443632247764
MSFT250725C00465000,2025-06-27 19:44:21+00:00,465.0,33.65,32.95,34.95,-3.0,-8.185538,8.0,81,0.2788158056640625,True,REGULAR,USD,MSFT,2025-07-25,25,495.9400024414063,0.9376134163626744,2025-06-29 12:49:56.269383,6,6,0.0975609756097561,2.0,33.95,-0.30000000000000426,0.8330327871671761,0.006912190103129788,-0.23272692280177612,0.3246672536750775
MSFT250725C00470000,2025-06-27 19:57:29+00:00,470.0,30.14,28.25,30.3,-1.1599998,-3.70607,16.0,159,0.2588575091552735,True,REGULAR,USD,MSFT,2025-07-25,25,495.9400024414063,0.9476952810547462,2025-06-29 12:49:56.269383,6,6,0.1,2.0500000000000007,29.275,0.865000000000002,0.8098703150727597,0.008080214912618426,-0.233172279481356,0.35236203035078695
MSFT250725C00475000,2025-06-27 19:54:30+00:00,475.0,24.55,23.9,26.35,-2.4500008,-9.074077,28.0,283,0.2534254345703125,True,REGULAR,USD,MSFT,2025-07-25,25,495.9400024414063,0.957777145746818,2025-06-29 12:49:56.269383,6,6,0.09859154929577464,2.450000000000003,25.125,-0.5749999999999993,0.7689027600835758,0.009255987517999697,-0.2488090912671181,0.39516492006179815
MSFT250725C00480000,2025-06-27 19:50:00+00:00,480.0,19.85,20.4,21.55,-2.7299995,-12.090343,81.0,858,0.2251969570922851,True,REGULAR,USD,MSFT,2025-07-25,25,495.9400024414063,0.9678590104388896,2025-06-29 12:49:56.269383,6,6,0.09429569266589057,1.1500000000000021,20.975,-1.125,0.7395242664672254,0.011107803096876256,-0.2369795306993551,0.4214015361390358
MSFT250725C00485000,2025-06-27 19:55:00+00:00,485.0,17.56,16.45,17.55,-1.1900005,-6.3466697,27.0,719,0.2112505633544921,True,REGULAR,USD,MSFT,2025-07-25,25,495.9400024414063,0.9779408751309616,2025-06-29 12:49:56.269383,6,6,0.0375,1.1000000000000014,17.0,0.5599999999999987,0.6890106159825629,0.012884625791848436,-0.2380426092724979,0.45853776468141577
MSFT250725C00490000,2025-06-27 19:28:00+00:00,490.0,13.35,13.15,13.8,-2.1499996,-13.870965,62.0,545,0.1975177905273437,True,REGULAR,USD,MSFT,2025-07-25,25,495.9400024414063,0.9880227398230332,2025-06-29 12:49:56.269383,6,6,0.11355311355311355,0.6500000000000004,13.475000000000001,-0.12500000000000178,0.6274837248361194,0.014760030339604558,-0.23467075112432279,0.4911327476644703
MSFT250725C00495000,2025-06-27 19:58:30+00:00,495.0,10.34,10.0,10.65,-1.4099998,-11.999999,156.0,1172,0.1892170922851562,True,REGULAR,USD,MSFT,2025-07-25,25,495.9400024414063,0.998104604515105,2025-06-29 12:49:56.269383,6,6,0.1329923273657289,0.6500000000000004,10.325,0.015000000000000568,0.5525980630934326,0.01610276030308241,-0.23026334755966782,0.5132939158545894
MSFT250725C00500000,2025-06-27 19:59:50+00:00,500.0,7.75,7.4,7.9,-1.5500002,-16.666668,754.0,3583,0.1812826013183593,False,REGULAR,USD,MSFT,2025-07-25,25,495.9400024414063,1.0081864692071767,2025-06-29 12:49:56.269383,6,6,0.21037946428571427,0.5,7.65,0.09999999999999964,0.4697322265107752,0.016906311548507736,-0.21797399195049613,0.5163098568430924
MSFT250725C00505000,2025-06-27 19:51:39+00:00,505.0,5.15,5.2,5.75,-1.6100001,-23.816568,156.0,1430,0.1769491485595703,False,REGULAR,USD,MSFT,2025-07-25,25,495.9400024414063,1.0182683338992486,2025-06-29 12:49:56.269383,6,6,0.1090146750524109,0.5499999999999998,5.475,-0.3249999999999993,0.3844493595968756,0.016636541940070165,-0.20080075708254713,0.49592609430731627
MSFT250725C00510000,2025-06-27 19:49:22+00:00,510.0,3.75,3.55,4.0,-0.9499998,-20.212763,143.0,771,0.1723410403442383,False,REGULAR,USD,MSFT,2025-07-25,25,495.9400024414063,1.0283501985913204,2025-06-29 12:49:56.269383,6,6,0.18523316062176165,0.4500000000000002,3.775,-0.02499999999999991,0.3010682893349677,0.015568658095578279,-0.17567990285936366,0.4520071610523737
MSFT250725C00515000,2025-06-27 19:54:48+00:00,515.0,2.45,2.27,2.65,-0.98,-28.57143,373.0,477,0.1678855184936523,False,REGULAR,USD,MSFT,2025-07-25,25,495.9400024414063,1.038432063283392,2025-06-29 12:49:56.269383,6,6,0.7803347280334728,0.3799999999999999,2.46,-0.009999999999999787,0.2241077159345477,0.013732498158469018,-0.14525759454438905,0.3883901521617911
MSFT250725C00520000,2025-06-27 19:59:49+00:00,520.0,1.57,1.4,1.76,-0.7599999,-32.618023,157.0,346,0.1666953448486328,False,REGULAR,USD,MSFT,2025-07-25,25,495.9400024414063,1.0485139279754638,2025-06-29 12:49:56.269383,6,6,0.45244956772334294,0.3600000000000001,1.58,-0.010000000000000009,0.16216681520178106,0.011344859177599125,-0.11698221093177179,0.3185869668143501
MSFT250725C00525000,2025-06-27 19:46:21+00:00,525.0,1.06,0.91,1.14,-0.5100001,-32.48408,200.0,155,0.16602396484375,False,REGULAR,USD,MSFT,2025-07-25,25,495.9400024414063,1.0585957926675356,2025-06-29 12:49:56.269383,6,6,1.2820512820512822,0.22999999999999987,1.025,0.03500000000000014,0.1131411075428283,0.00890360422609364,-0.09021522962115601,0.24902448574172759
MSFT250725C00530000,2025-06-27 19:50:01+00:00,530.0,0.62,0.58,0.75,-0.38,-38.0,44.0,70,0.1673667248535156,False,REGULAR,USD,MSFT,2025-07-25,25,495.9400024414063,1.0686776573596073,2025-06-29 12:49:56.269383,6,6,0.6197183098591549,0.17000000000000004,0.665,-0.04500000000000004,0.0783388447814342,0.006735817868013818,-0.06879039164119283,0.1899174529320945
MSFT250725C00535000,2025-06-27 19:46:21+00:00,535.0,0.46,0.29,0.49,-0.109999985,-19.298244,3.0,84,0.1690756921386719,False,REGULAR,USD,MSFT,2025-07-25,25,495.9400024414063,1.0787595220516792,2025-06-29 12:49:56.269383,6,6,0.03529411764705882,0.2,0.39,0.07,0.05328812297332121,0.004943860536322584,-0.05117092949012499,0.1408162610839643
MSFT250725C00540000,2025-06-27 18:20:19+00:00,540.0,0.32,0.26,0.44,-0.099999994,-23.809523,28.0,25,0.1814046704101562,False,REGULAR,USD,MSFT,2025-07-25,25,495.9400024414063,1.088841386743751,2025-06-29 12:49:56.269383,6,6,1.0769230769230769,0.18,0.35,-0.02999999999999997,0.04485596521317737,0.004015372415365586,-0.047509284016804584,0.1227099330531331
MSFT250725C00545000,2025-06-27 19:53:47+00:00,545.0,0.27,0.17,0.31,-0.03999999,-12.903222,4.0,19,0.1850667431640624,False,REGULAR,USD,MSFT,2025-07-25,25,495.9400024414063,1.0989232514358227,2025-06-29 12:49:56.269383,6,6,0.2,0.13999999999999999,0.24,0.030000000000000027,0.03196381057184155,0.002985274596789864,-0.036580111442738227,0.09307179533834875
MSFT250725C00550000,2025-06-27 19:09:08+00:00,550.0,0.11,0.01,0.28,-0.060000002,-35.294117,46.0,45,0.196297099609375,False,REGULAR,USD,MSFT,2025-07-25,25,495.9400024414063,1.1090051161278944,2025-06-29 12:49:56.269383,6,6,1.0,0.27,0.14500000000000002,-0.03500000000000002,0.02732790116845141,0.0024712412456514795,-0.033903993700948036,0.08172114641206867
MSFT250725C00580000,2025-06-27 18:48:10+00:00,580.0,0.04,0.02,0.17,0.0,0.0,10.0,74,0.2583081982421875,False,REGULAR,USD,MSFT,2025-07-25,25,495.9400024414063,1.169496304280325,2025-06-29 12:49:56.269383,6,6,0.13333333333333333,0.15000000000000002,0.095,-0.055,0.012819699250732243,0.0009864794330407317,-0.02302771070609225,0.042927109789156495
MSFT250725C00600000,2025-06-27 16:08:08+00:00,600.0,0.01,0.0,0.15,-0.03,-75.0,2.0,43,0.3007882421875,False,REGULAR,USD,MSFT,2025-07-25,25,495.9400024414063,1.2098237630486122,2025-06-29 12:49:56.269383,6,6,0.045454545454545456,0.15,0.075,-0.065,0.009725118775217208,0.000666265848667597,-0.020953299537380385,0.03376088576220697
