contractSymbol,lastTradeDate,strike,lastPrice,bid,ask,change,percentChange,volume,openInterest,impliedVolatility,inTheMoney,contractSize,currency,ticker,expiry,days_to_expiry,spot_price,moneyness,date_collected,bs_price,simulated_pnl_expiry,mc_price,bs_diff,mc_diff,bs_vs_mc,label,predicted_proba,delta,gamma,theta,iv_smoothed_5d,log_return,hist_vol_20d,moneyness_class,day_of_week,month,volume_oi_ratio,bid_ask_spread,mid_price,last_mid_diff,vega,daily_sentiment_score
AAPL250703C00110000,2025-06-27 19:54:05+00:00,110.0,91.49,90.35,91.55,0.48999786,0.5384592,46.0,418,2.669925200195313,True,REGULAR,USD,AAPL,2025-07-03,3,201.0800018310547,0.5470459468785008,2025-06-29 12:49:53.239946,91.19828430640506,-0.1904849194698386,90.15951508053016,0.2917156935949379,1.3304849194698392,1.0387692258749013,1,0.9999314440600275,0.9955362492650435,0.0002684929587550282,-0.1209391291520961,2.669925200195313,,,OTM,6,6,0.10978520286396182,1.2000000000000028,90.94999999999999,0.5400000000000063,0.0023823093022559837,0
AAPL250703C00140000,2025-06-26 18:49:08+00:00,140.0,61.36,60.85,61.55,0.0,0.0,2.0,1913,1.3828155859374998,True,REGULAR,USD,AAPL,2025-07-03,3,201.0800018310547,0.696240296027183,2025-06-29 12:49:53.239946,61.14924140336234,-0.20725826180340334,60.6427417381966,0.2107585966376604,0.7172582618034014,0.506499665165741,1,0.999747257010675,0.9984315639740808,0.0002016112437638711,-0.04047835909886228,2.026370393066406,0.0,,OTM,6,6,0.0010449320794148381,0.6999999999999957,61.2,0.1599999999999966,0.0009264994504035402,0
AAPL250703C00145000,2025-06-20 16:42:17+00:00,145.0,53.74,55.85,56.6,0.0,0.0,11.0,70,1.2968785156249998,True,REGULAR,USD,AAPL,2025-07-03,3,201.0800018310547,0.7211060208852966,2025-06-29 12:49:53.239946,56.1556487825504,-0.16805820239485314,55.68194179760515,-2.4156487825503987,-1.9419417976051463,0.47370698494525243,0,0.0019775653059382675,0.9977670788705921,0.00029635699492412606,-0.047398746147500406,1.7832064339192708,0.0,,OTM,6,6,0.15492957746478872,0.75,56.225,-2.4849999999999994,0.0012772638755704782,0
AAPL250703C00150000,2025-06-27 17:33:19+00:00,150.0,52.13,50.05,52.35,2.0300026,4.0519013,1.0,14,1.1484417578125,True,REGULAR,USD,AAPL,2025-07-03,3,201.0800018310547,0.7459717457434103,2025-06-29 12:49:53.239946,51.15453697206863,0.688178993224632,50.73817899322463,0.9754630279313758,1.3918210067753733,0.4163579788439975,1,0.999932306881957,0.9979527400686956,0.0003093267486007298,-0.043078318906725414,1.624515264892578,0.0,,OTM,6,6,0.06666666666666667,2.3000000000000043,51.2,0.9299999999999997,0.0011805723383083034,0
AAPL250703C00155000,2025-06-20 15:52:48+00:00,155.0,43.55,45.85,46.6,0.0,0.0,1.0,1,1.0625046875000002,True,REGULAR,USD,AAPL,2025-07-03,3,201.0800018310547,0.770837470601524,2025-06-29 12:49:53.239946,46.16132590367053,-0.07281311477054686,45.777186885229455,-2.611325903670533,-2.2271868852294574,0.38413901844107556,0,0.001884815628854634,0.9970606419707893,0.00046374200183910244,-0.05013776948390825,1.5121131494140625,0.0,,OTM,6,6,0.5,0.75,46.225,-2.6750000000000043,0.0016374703256334965,0
AAPL250703C00160000,2025-06-25 18:30:13+00:00,160.0,41.38,40.9,41.6,0.0,0.0,3.0,3,0.9726565234375,True,REGULAR,USD,AAPL,2025-07-03,3,201.0800018310547,0.7957031954596376,2025-06-29 12:49:53.239946,41.16914904260585,-0.0813961192836814,40.81860388071632,0.21085095739415038,0.5613961192836854,0.350545161889535,1,0.999036735896285,0.9958589661855175,0.0006891882128792431,-0.057905211002478744,1.1726594140625,0.0,,OTM,6,6,0.75,0.7000000000000028,41.25,0.13000000000000256,0.002227734836804291,0
AAPL250703C00165000,2025-06-27 17:33:29+00:00,165.0,37.16,35.9,36.6,0.59000015,1.6133447,21.0,5,0.85937640625,True,REGULAR,USD,AAPL,2025-07-03,3,201.0800018310547,0.8205689203177513,2025-06-29 12:49:53.239946,36.17260812017639,-0.035199520341009816,35.86480047965899,0.9873918798236048,1.2951995203410078,0.30780764051740306,1,0.9999451280388663,0.9950954051997728,0.0009072772073308236,-0.05956758774161265,1.0679715781249999,0.0,,OTM,6,6,3.5,0.7000000000000028,36.25,0.9099999999999966,0.002591132240413068,0
AAPL250703C00170000,2025-06-26 14:49:12+00:00,170.0,30.1,30.1,32.4,0.0,0.0,15.0,30,0.7480493945312501,True,REGULAR,USD,AAPL,2025-07-03,3,201.0800018310547,0.845434645175865,2025-06-29 12:49:53.239946,31.176409837936916,0.809841084925921,30.909841084925922,-1.0764098379369145,-0.809841084925921,0.2665687530109935,0,0.8892969150787681,0.9940615442678294,0.0012354890118850639,-0.06140344321843411,0.9582057539062501,0.0,,OTM,6,6,0.4838709677419355,2.299999999999997,31.25,-1.1499999999999986,0.00307139246365147,0
AAPL250703C00172500,2025-06-25 13:35:25+00:00,172.5,30.59,27.5,29.95,0.0,0.0,1.0,2,0.6738313867187502,True,REGULAR,USD,AAPL,2025-07-03,3,201.0800018310547,0.8578675076049218,2025-06-29 12:49:53.239946,28.672544083142526,0.9334303801249497,28.43343038012495,1.9174559168574739,2.15656961987505,0.23911370301757628,1,0.9999564902379566,0.9945642633142563,0.001267984470114861,-0.055356027139554106,0.8632836796875001,0.0,,OTM,6,6,0.3333333333333333,2.4499999999999993,28.725,1.8649999999999984,0.002839431016831006,0
AAPL250703C00175000,2025-06-27 18:52:37+00:00,175.0,26.25,26.0,28.0,-0.20000076,-0.75614655,17.0,42,0.9150399121093752,True,REGULAR,USD,AAPL,2025-07-03,3,201.0800018310547,0.8703003700339786,2025-06-29 12:49:53.239946,26.450758530906796,0.10592615681830608,26.105926156818306,-0.2007585309067963,0.14407384318169392,0.3448323740884902,1,0.9992956470307729,0.9573739253651904,0.005439222321800586,-0.27499802528573564,0.8337907246093751,0.0,,OTM,6,6,0.3953488372093023,2.0,27.0,-0.75,0.01654028540998782,0
AAPL250703C00177500,2025-06-27 19:25:32+00:00,177.5,24.12,22.55,25.0,-0.47999954,-1.9512177,10.0,41,0.596683720703125,True,REGULAR,USD,AAPL,2025-07-03,3,201.0800018310547,0.8827332324630355,2025-06-29 12:49:53.239946,23.688892706109755,0.9268004882731766,23.476800488273177,0.43110729389024627,0.6431995117268237,0.2120922178365774,1,0.9998972522252881,0.9903694224965524,0.002370972851387305,-0.07079006937878854,0.7585961640625001,0.0,0.0,OTM,6,6,0.23809523809523808,2.4499999999999993,23.775,0.3450000000000024,0.004701505208897205,0
AAPL250703C00180000,2025-06-27 19:53:04+00:00,180.0,21.07,21.05,21.65,-0.4300003,-2.0000014,2029.0,205,0.57617611328125,True,REGULAR,USD,AAPL,2025-07-03,3,201.0800018310547,0.8951660948920923,2025-06-29 12:49:53.239946,21.213412274291954,-0.04270745154890321,21.007292548451098,-0.14341227429195413,0.06270745154890278,0.20611972584085692,1,0.9857320909375312,0.984383689592598,0.0037323307809592463,-0.09283776553700701,0.7019561054687501,0.0,0.0,OTM,6,6,9.849514563106796,0.5999999999999979,21.35,-0.28000000000000114,0.007146633773382565,0
AAPL250703C00182500,2025-06-27 19:40:36+00:00,182.5,18.95,18.55,19.35,0.20000076,1.0666708,44.0,128,0.5546919531250001,True,REGULAR,USD,AAPL,2025-07-03,3,201.0800018310547,0.9075989573211491,2025-06-29 12:49:53.239946,18.75184677828625,0.001446856605085145,18.551446856605086,0.19815322171374916,0.39855314339491343,0.20039992168116427,1,0.9997542437958815,0.9750754836528577,0.005765166169670281,-0.12253943418543932,0.6632846171875001,0.0,0.0,OTM,6,6,0.34108527131782945,0.8000000000000007,18.950000000000003,-3.552713678800501e-15,0.010627468990617095,0
AAPL250703C00185000,2025-06-27 19:49:42+00:00,185.0,16.22,16.0,17.4,-0.4300003,-2.5825846,64.0,192,0.5620160986328125,True,REGULAR,USD,AAPL,2025-07-03,3,201.0800018310547,0.920031819750206,2025-06-29 12:49:53.239946,16.361734273797822,0.1525625098262573,16.152562509826257,-0.1417342737978231,0.06743749017374157,0.20917176397156467,1,0.9988512134940084,0.9524740148374257,0.009666339129346436,-0.19310676489270387,0.6409215595703126,0.0,0.0,OTM,6,6,0.3316062176165803,1.3999999999999986,16.7,-0.4800000000000004,0.018054145360762507,0
AAPL250703C00187500,2025-06-27 19:11:06+00:00,187.5,13.9,13.6,14.4,0.5999994,4.511274,129.0,133,0.5376022802734376,True,REGULAR,USD,AAPL,2025-07-03,3,201.0800018310547,0.9324646821792628,2025-06-29 12:49:53.239946,13.972276439606446,0.17257688982557973,13.77257688982558,-0.07227643960644592,0.12742311017442098,0.1996995497808669,1,0.9995571884724267,0.9288755873496991,0.01386907739075145,-0.24568826465573854,0.5654340332031251,0.0,0.0,OTM,6,6,0.9626865671641791,0.8000000000000007,14.0,-0.09999999999999964,0.0247784893169662,0
AAPL250703C00190000,2025-06-27 19:58:58+00:00,190.0,11.5,11.2,11.65,-0.13000011,-1.1177998,693.0,1074,0.415044912109375,True,REGULAR,USD,AAPL,2025-07-03,3,201.0800018310547,0.9448975446083197,2025-06-29 12:49:53.239946,11.365222864096438,0.011389166486077684,11.211389166486077,0.13477713590356188,0.288610833513923,0.15383369761036114,1,0.9996241426214131,0.937735044794086,0.016206686853247602,-0.17890520968345017,0.5291062714843751,0.0,0.0,OTM,6,6,0.6446511627906977,0.45000000000000107,11.425,0.07499999999999929,0.022354012342319665,0
AAPL250703C00192500,2025-06-27 19:56:37+00:00,192.5,9.09,8.8,9.15,-0.21000004,-2.258065,224.0,603,0.3457096679687499,True,REGULAR,USD,AAPL,2025-07-03,3,201.0800018310547,0.9573304070373764,2025-06-29 12:49:53.239946,8.882938242942117,-0.044246156198067155,8.755753843801934,0.20706175705788255,0.3342461561980663,0.12718439914018376,1,0.9995229405986725,0.9222113567200069,0.023093798736587345,-0.17705955450139307,0.48301298242187496,0.0,0.0,ATM,6,6,0.3708609271523179,0.34999999999999964,8.975000000000001,0.11499999999999844,0.026532187203295962,0
AAPL250703C00195000,2025-06-27 19:59:58+00:00,195.0,6.7,6.7,6.85,-0.3800001,-5.3672333,1069.0,3852,0.3061592822265625,True,REGULAR,USD,AAPL,2025-07-03,3,201.0800018310547,0.9697632694664332,2025-06-29 12:49:53.239946,6.5217904563867535,-0.28691256370910256,6.413087436290898,0.1782095436132467,0.28691256370910256,0.10870302009585586,0,0.07599971640422834,0.8717825257361606,0.03754180907381317,-0.21802592131349063,0.4333064482421875,0.0,0.0,ATM,6,6,0.27744614586036853,0.14999999999999947,6.775,-0.07500000000000018,0.03819695816350655,0
AAPL250703C00197500,2025-06-27 19:59:09+00:00,197.5,4.8,4.7,4.85,-0.14999962,-3.0302954,2790.0,1274,0.2890696093749999,True,REGULAR,USD,AAPL,2025-07-03,3,201.0800018310547,0.9821961318954902,2025-06-29 12:49:53.239946,4.405696126265553,-0.3903772039948876,4.3096227960051126,0.3943038737344464,0.49037720399488727,0.09607333026044085,1,0.9882638399223846,0.7624672875439522,0.05866007616985569,-0.2918941476406247,0.378717150390625,0.0,0.0,ATM,6,6,2.1882352941176473,0.14999999999999947,4.775,0.024999999999999467,0.05635224331196548,0
AAPL250703C00200000,2025-06-27 19:59:58+00:00,200.0,3.0,2.95,3.1,-0.29999995,-9.090908,17409.0,11336,0.2695385546875,True,REGULAR,USD,AAPL,2025-07-03,3,201.0800018310547,0.994628994324547,2025-06-29 12:49:53.239946,2.5903653376830533,-0.4410796058663853,2.508920394133615,0.4096346623169467,0.4910796058663851,0.08144494354943843,1,0.9457878049225033,0.5984837708863365,0.07870400045165955,-0.332834477986122,0.3251044052734375,0.0,0.0,ATM,6,6,1.5355914263032548,0.1499999999999999,3.0250000000000004,-0.025000000000000355,0.0704991456954599,0
AAPL250703C00202500,2025-06-27 19:59:58+00:00,202.5,1.7,1.68,1.74,-0.26999998,-13.705583,43405.0,12350,0.252937158203125,False,REGULAR,USD,AAPL,2025-07-03,3,201.0800018310547,1.0070618567536038,2025-06-29 12:49:53.239946,1.2537151856435997,-0.4795047812448483,1.2004952187551516,0.4462848143564002,0.4995047812448483,0.0532199668884481,1,0.9864195109107617,0.3907022714641073,0.08325186460944335,-0.3055984680894237,0.29268285449218745,0.0,0.0,ATM,6,6,3.514290340863088,0.06000000000000005,1.71,-0.010000000000000009,0.06997980942254399,0
AAPL250703C00205000,2025-06-27 19:59:59+00:00,205.0,0.85,0.84,0.89,-0.26999998,-24.107141,43658.0,17894,0.2475661181640625,False,REGULAR,USD,AAPL,2025-07-03,3,201.0800018310547,1.0194947191826609,2025-06-29 12:49:53.239946,0.5083268423348954,-0.3576486455634852,0.4823513544365148,0.34167315766510453,0.3676486455634852,0.025975487898380667,1,0.9799890180589734,0.20307347379370716,0.06260269895236246,-0.21803944973877257,0.27305414453125,0.0,0.0,ATM,6,6,2.439675887119307,0.050000000000000044,0.865,-0.015000000000000013,0.05150512142326669,0
AAPL250703C00207500,2025-06-27 19:59:58+00:00,207.5,0.38,0.38,0.41,-0.22000003,-36.66667,16970.0,12306,0.2461012890625,False,REGULAR,USD,AAPL,2025-07-03,3,201.0800018310547,1.0319275816117175,2025-06-29 12:49:53.239946,0.17070800455568858,-0.219274853484482,0.160725146515518,0.20929199544431143,0.219274853484482,0.009982858040170572,0,0.024320340867737125,0.08393962374975056,0.034359503817548376,-0.11755165468287704,0.2610425458984375,0.0,0.0,ATM,6,6,1.3788900625660194,0.02999999999999997,0.395,-0.015000000000000013,0.028101333131982213,0
AAPL250703C00210000,2025-06-27 19:59:59+00:00,210.0,0.19,0.18,0.19,-0.09,-32.14286,29703.0,20506,0.25196060546875,False,REGULAR,USD,AAPL,2025-07-03,3,201.0800018310547,1.0443604440407743,2025-06-29 12:49:53.239946,0.054328246331659,-0.12992005042495613,0.050079949575043865,0.135671753668341,0.13992005042495614,0.004248296756615137,1,0.9454854040163151,0.030690149978099747,0.01509545525627118,-0.053917372876003,0.2536207451171875,0.0,0.0,ATM,6,6,1.4484322426488516,0.010000000000000009,0.185,0.0050000000000000044,0.012639939924196897,0
AAPL250703C00212500,2025-06-27 19:59:49+00:00,212.5,0.11,0.09,0.11,-0.049999997,-31.25,4782.0,3687,0.27149166015625,False,REGULAR,USD,AAPL,2025-07-03,3,201.0800018310547,1.0567933064698312,2025-06-29 12:49:53.239946,0.022974606220538707,-0.06944522016999881,0.02055477983000119,0.0870253937794613,0.08944522016999881,0.0024198263905375154,1,0.9591889140720308,0.013370682274297314,0.006930029774071837,-0.028657107889570863,0.2540113662109375,0.0,0.0,ITM,6,6,1.2966377440347072,0.020000000000000004,0.1,0.009999999999999995,0.006252558230102537,0
AAPL250703C00215000,2025-06-27 19:59:55+00:00,215.0,0.07,0.05,0.07,-0.030000001,-30.000002,6584.0,21595,0.2939523730468749,False,REGULAR,USD,AAPL,2025-07-03,3,201.0800018310547,1.069226168898888,2025-06-29 12:49:53.239946,0.01123156246155399,-0.040900735481136395,0.00909926451886361,0.05876843753844602,0.0609007354811364,0.0021322979426903806,1,0.9977175963536203,0.006515364163609413,0.0034131215324588017,-0.016512983234945145,0.26221440917968747,0.0,0.0,ITM,6,6,0.30487127245786255,0.020000000000000004,0.060000000000000005,0.010000000000000002,0.0033342247772048792,0
AAPL250703C00217500,2025-06-27 19:57:18+00:00,217.5,0.04,0.04,0.05,-0.02,-33.333336,2553.0,841,0.3183661914062499,False,REGULAR,USD,AAPL,2025-07-03,3,201.0800018310547,1.0816590313279448,2025-06-29 12:49:53.239946,0.006285557271706432,-0.0353457209602867,0.004654279039713297,0.03371444272829357,0.0353457209602867,0.0016312782319931355,0,0.01365613059919438,0.003562562932178957,0.0018399410974519201,-0.010426613636065432,0.27637442382812494,0.0,0.0,ITM,6,6,3.032066508313539,0.010000000000000002,0.045,-0.0049999999999999975,0.0019466909655429094,0
AAPL250703C00220000,2025-06-27 19:57:46+00:00,220.0,0.04,0.03,0.04,-0.010000002,-20.000004,2264.0,13586,0.3476627734374999,False,REGULAR,USD,AAPL,2025-07-03,3,201.0800018310547,1.0940918937570017,2025-06-29 12:49:53.239946,0.00440710334904626,-0.026945575000055344,0.003054424999944654,0.03559289665095374,0.036945575000055346,0.0013526783491016056,1,0.9892630228933216,0.0023696899654716305,0.0011666430841929512,-0.007874998241187274,0.2966867207031249,0.0,0.0,ITM,6,6,0.1666298667844263,0.010000000000000002,0.035,0.0049999999999999975,0.0013479145228811212,0
AAPL250703C00222500,2025-06-27 19:44:12+00:00,222.5,0.02,0.02,0.03,-0.02,-50.0,46.0,197,0.3711000390625,False,REGULAR,USD,AAPL,2025-07-03,3,201.0800018310547,1.1065247561860585,2025-06-29 12:49:53.239946,0.002752552177663403,-0.01832622466342487,0.0016737753365751327,0.017247447822336597,0.01832622466342487,0.0010787768410882705,0,0.007372689229598199,0.0014428114203187097,0.0006961664950310814,-0.0053495549656572584,0.32051460742187493,0.0,0.0,ITM,6,6,0.23232323232323232,0.009999999999999998,0.025,-0.005000000000000001,0.0008585592451477582,0
AAPL250703C00225000,2025-06-27 19:59:12+00:00,225.0,0.02,0.01,0.02,0.0,0.0,215.0,8078,0.3867248828124999,False,REGULAR,USD,AAPL,2025-07-03,3,201.0800018310547,1.1189576186151151,2025-06-29 12:49:53.239946,0.0014114917740311872,-0.00921985869126489,0.0007801413087351106,0.018588508225968813,0.01921985869126489,0.0006313504652960765,1,0.9979046485944856,0.0007451164855387177,0.00036439083082568047,-0.003038799018995202,0.3435612519531249,0.0,0.0,ITM,6,6,0.02661220448075257,0.01,0.015,0.005000000000000001,0.0004683124548687026,0
AAPL250703C00230000,2025-06-27 19:58:43+00:00,230.0,0.02,0.01,0.02,0.0,0.0,575.0,3295,0.45313046875,False,REGULAR,USD,AAPL,2025-07-03,3,201.0800018310547,1.143823343473229,2025-06-29 12:49:53.239946,0.0013023350646199222,-0.009331115204201006,0.0006688847957989945,0.018697664935380078,0.019331115204201006,0.0006334502688209277,1,0.9979126557026535,0.0005966116458478895,0.0002533273929090682,-0.0028972575577614827,0.37539687109375,0.0,0.0,ITM,6,6,0.17445388349514562,0.01,0.015,0.005000000000000001,0.0003814798211093591,0
AAPL250703C00235000,2025-06-27 19:35:06+00:00,235.0,0.01,0.0,0.01,0.0,0.0,74.0,2575,0.476567734375,False,REGULAR,USD,AAPL,2025-07-03,3,201.0800018310547,1.168689068331343,2025-06-29 12:49:53.239946,0.0003695363941768545,0.00018506541713234526,0.00018506541713234526,0.009630463605823146,0.009814934582867654,0.00018447097704450926,1,0.9998409632107595,0.00017389779018082342,7.65409551877961e-05,-0.0009675881314487301,0.4070371796875,0.0,0.0,ITM,6,6,0.02872670807453416,0.01,0.005,0.005,0.00012122289861634335,0
AAPL250703C00240000,2025-06-27 17:40:28+00:00,240.0,0.01,0.0,0.06,0.0,0.0,125.0,614,0.6015664843750002,False,REGULAR,USD,AAPL,2025-07-03,3,201.0800018310547,1.1935547931894563,2025-06-29 12:49:53.239946,0.001934419129229703,0.00102205841251156,0.00102205841251156,0.008065580870770297,0.00897794158748844,0.000912360716718143,1,0.9998119257957521,0.0006648821955264926,0.00021089426944873133,-0.004245192367629115,0.457817921875,0.0,0.0,ITM,6,6,0.2032520325203252,0.06,0.03,-0.019999999999999997,0.0004216135522324408,0
AAPL250703C00245000,2025-06-27 17:07:08+00:00,245.0,0.01,0.0,0.01,0.0,0.0,26.0,331,0.5625043750000001,False,REGULAR,USD,AAPL,2025-07-03,3,201.0800018310547,1.21842051804757,2025-06-29 12:49:53.239946,0.00014530484148560924,0.0,0.0,0.009854695158514391,0.01,0.00014530484148560924,1,0.99983631801156,6.143050694570304e-05,2.44038105355091e-05,-0.00042935754207671083,0.4960987890625,0.0,0.0,ITM,6,6,0.0783132530120482,0.01,0.005,0.005,4.5619413811412455e-05,0
AAPL250703C00250000,2025-06-23 17:27:11+00:00,250.0,0.01,0.0,0.03,0.0,0.0,2.0,502,0.6718782812500002,False,REGULAR,USD,AAPL,2025-07-03,3,201.0800018310547,1.243286242905684,2025-06-29 12:49:53.239946,0.000607260802435533,0.0003109288418615758,0.0003109288418615758,0.009392739197564467,0.009689071158138425,0.00029633196057395723,1,0.9997954969995636,0.00020178138501312262,6.2388271540682e-05,-0.0015653831905471048,0.5531294687500001,0.0,0.0,ITM,6,6,0.003976143141153081,0.03,0.015,-0.004999999999999999,0.00013930275563843456,0
AAPL250703C00255000,2025-06-24 13:42:21+00:00,255.0,0.01,0.0,0.01,0.0,0.0,1.0,1185,0.6562534375000001,False,REGULAR,USD,AAPL,2025-07-03,3,201.0800018310547,1.2681519677637976,2025-06-29 12:49:53.239946,0.00010235589588508068,0.0,0.0,0.009897644104114919,0.01,0.00010235589588508068,1,0.99983631801156,3.8068032409666566e-05,1.331338746718579e-05,-0.00031860982520950443,0.5937540625000001,0.0,0.0,ITM,6,6,0.0008431703204047217,0.01,0.005,0.005,2.9035299775992453e-05,0
AAPL250703C00260000,2025-06-27 16:45:03+00:00,260.0,0.01,0.0,0.01,-0.03,-75.0,1.0,42,0.70312796875,False,REGULAR,USD,AAPL,2025-07-03,3,201.0800018310547,1.2930176926219112,2025-06-29 12:49:53.239946,9.317894691815778e-05,0.0,0.0,0.009906821053081842,0.01,9.317894691815778e-05,1,0.9997926694185666,3.2619401819695485e-05,1.0736497990111279e-05,-0.00029488504295573445,0.6390661093750001,0.0,0.0,ITM,6,6,0.023255813953488372,0.01,0.005,0.005,2.508783426013725e-05,0
AAPL250703C00265000,2025-06-27 17:00:02+00:00,265.0,0.01,0.0,0.01,-0.02,-66.66667,4.0,213,0.7500025,False,REGULAR,USD,AAPL,2025-07-03,3,201.0800018310547,1.317883417480025,2025-06-29 12:49:53.239946,8.830269791901355e-05,0.0,0.0,0.009911697302080986,0.01,8.830269791901355e-05,1,0.9997819339830547,2.916361644448824e-05,9.05293338981868e-06,-0.00028284352307775626,0.6687533125,0.0,0.0,ITM,6,6,0.018691588785046728,0.01,0.005,0.005,2.256410890813905e-05,0
AAPL250703C00270000,2025-06-24 14:08:26+00:00,270.0,0.01,0.0,0.01,0.0,0.0,10.0,12,0.8125018749999999,False,REGULAR,USD,AAPL,2025-07-03,3,201.0800018310547,1.3427491423381386,2025-06-29 12:49:53.239946,0.00012504179105135658,0.0,0.0,0.009874958208948643,0.01,0.00012504179105135658,1,0.9998252346973008,3.7694990807154795e-05,1.0653482656980319e-05,-0.00039056404668692915,0.7187528125000001,0.0,0.0,ITM,6,6,0.7692307692307693,0.01,0.005,0.005,2.8766175543111296e-05,0
AAPL250703C00275000,2025-06-11 16:13:57+00:00,275.0,0.02,0.0,0.01,0.0,0.0,2.0,3,0.8437515624999999,False,REGULAR,USD,AAPL,2025-07-03,3,201.0800018310547,1.3676148671962522,2025-06-29 12:49:53.239946,8.689334064026621e-05,0.0,0.0,0.019913106659359733,0.02,8.689334064026621e-05,1,0.9998253689425439,2.5709292983232667e-05,7.141123183303778e-06,-0.0002822819709447672,0.75312746875,0.0,0.0,ITM,6,6,0.5,0.01,0.005,0.015,2.002383537234957e-05,0
AAPL250703C00280000,2025-06-10 18:50:12+00:00,280.0,0.02,0.0,0.01,0.0,0.0,1.0,5,0.8906260937499999,False,REGULAR,USD,AAPL,2025-07-03,3,201.0800018310547,1.392480592054366,2025-06-29 12:49:53.239946,8.9245147385438e-05,0.0,0.0,0.01991075485261456,0.02,8.9245147385438e-05,1,0.9998253689425439,2.5067709980990983e-05,6.605158391481502e-06,-0.0002908726297636316,0.8000019999999999,0.0,0.0,ITM,6,6,0.16666666666666666,0.01,0.005,0.015,1.9549911816021757e-05,0
AAPL250703C00290000,2025-06-16 14:24:43+00:00,290.0,0.01,0.0,0.01,0.0,0.0,5.0,8,0.9687503125,False,REGULAR,USD,AAPL,2025-07-03,3,201.0800018310547,1.4422120417705933,2025-06-29 12:49:53.239946,7.205998507326923e-05,0.0,0.0,0.009927940014926731,0.01,7.205998507326923e-05,1,0.9998252346973008,1.888306428815496e-05,4.641421638884854e-06,-0.00024177266168746642,0.85312646875,0.0,0.0,ITM,6,6,0.5555555555555556,0.01,0.005,0.005,1.4942698355681594e-05,0
AAPL250703C00295000,2025-06-18 13:31:14+00:00,295.0,0.01,0.0,0.01,0.0,0.0,100.0,101,1.0312548437500002,False,REGULAR,USD,AAPL,2025-07-03,3,201.0800018310547,1.467077766628707,2025-06-29 12:49:53.239946,0.00010618309270608688,0.0,0.0,0.009893816907293913,0.01,0.00010618309270608688,1,0.9998252346973008,2.5792684829702745e-05,5.860679875214348e-06,-0.00034591508876586556,0.9093769375,0.0,0.0,ITM,6,6,0.9803921568627451,0.01,0.005,0.005,2.0085384617231742e-05,0
AAPL250703C00325000,2025-06-27 13:30:02+00:00,325.0,0.01,0.0,0.01,0.0,0.0,6.0,4,1.25000375,False,REGULAR,USD,AAPL,2025-07-03,3,201.0800018310547,1.616272115777389,2025-06-29 12:49:53.239946,7.173925904125624e-05,0.0,0.0,0.009928260740958744,0.01,7.173925904125624e-05,1,0.9998252346973008,1.4808051390360945e-05,2.8554049460671326e-06,-0.000247516552708191,0.9968773125,0.0,0.0,ITM,6,6,1.2,0.01,0.005,0.005,1.1861651895777338e-05,0
AAPL250711C00110000,2025-06-27 14:01:37+00:00,110.0,93.0,90.1,92.6,1.75,1.9178082,2.0,85,1.517580537109375,True,REGULAR,USD,AAPL,2025-07-11,11,201.0800018310547,0.5470459468785008,2025-06-29 12:49:53.389650,91.3899064796139,0.14373962190664713,90.24373962190664,1.6100935203861013,2.7562603780933586,1.1461668577072572,1,0.9999382026035205,0.9923906270294673,0.0003959427664189885,-0.06532334999012447,1.131643107421875,0.0,0.0,OTM,6,6,0.023255813953488372,2.5,91.35,1.6500000000000057,0.007321865435661961,0
AAPL250711C00120000,2025-06-23 13:30:54+00:00,120.0,82.0,80.8,82.55,0.0,0.0,1.0,6,1.503420451660156,True,REGULAR,USD,AAPL,2025-07-11,11,201.0800018310547,0.5967773965947282,2025-06-29 12:49:53.389650,81.61764045490955,-0.32951188366799045,80.470488116332,0.382359545090452,1.5295118836679933,1.1471523385775413,1,0.999912500264001,0.9827482150564096,0.0008134950387174872,-0.11773239363684858,1.2542019790039063,0.0,0.0,OTM,6,6,0.14285714285714285,1.75,81.675,0.32500000000000284,0.014902974014654456,0
AAPL250711C00130000,2025-06-16 13:37:32+00:00,130.0,67.25,70.85,72.4,0.0,0.0,4.0,4,1.2793004785156248,True,REGULAR,USD,AAPL,2025-07-11,11,201.0800018310547,0.6465088463109556,2025-06-29 12:49:53.389650,71.60353313601132,-0.2068347383384861,70.64316526166151,-4.353533136011322,-3.3931652616615082,0.9603678743498136,0,0.00014347928434315716,0.9813189050041047,0.0010231528442097286,-0.10996907117400449,1.3163120122070313,0.0,0.0,OTM,6,6,0.8,1.5500000000000114,71.625,-4.375,0.015949631732826607,0
AAPL250711C00135000,2025-06-27 15:04:55+00:00,135.0,66.3,65.85,66.6,1.1500015,1.7651597,1.0,1,0.95898478515625,True,REGULAR,USD,AAPL,2025-07-11,11,201.0800018310547,0.6713745711690693,2025-06-29 12:49:53.389650,66.35710984321264,-0.18347820117196534,65.66652179882803,-0.05710984321264334,0.6334782011719682,0.6905880443846115,1,0.9983009525345862,0.9935322918489131,0.0005428264635781168,-0.04592730443496719,1.3018580004882812,0.0,0.0,OTM,6,6,0.5,0.75,66.225,0.07500000000000284,0.006343227835195162,0
AAPL250711C00140000,2025-06-18 19:14:28+00:00,140.0,56.53,60.85,62.45,0.0,0.0,1.0,2,1.1001021557617188,True,REGULAR,USD,AAPL,2025-07-11,11,201.0800018310547,0.696240296027183,2025-06-29 12:49:53.389650,61.640109789988685,-0.028227967644895102,60.821772032355106,-5.110109789988684,-4.291772032355105,0.8183377576335786,0,0.00022748213242572594,0.9772068347149305,0.0014081888872975832,-0.11286695952730624,1.2718776816406248,0.0,0.0,OTM,6,6,0.3333333333333333,1.6000000000000014,61.650000000000006,-5.1200000000000045,0.018876936296217964,0
AAPL250711C00150000,2025-06-24 16:10:39+00:00,150.0,52.65,51.0,51.85,0.0,0.0,1.0,2525,0.8388687988281249,True,REGULAR,USD,AAPL,2025-07-11,11,201.0800018310547,0.7459717457434103,2025-06-29 12:49:53.389650,51.50726332603543,-0.09819740589982473,50.901802594100175,1.1427366739645706,1.7481974058998233,0.6054607319352527,1,0.999962911365297,0.9819413790782188,0.0015159399278366033,-0.07907804024043757,1.136135333984375,0.0,0.0,OTM,6,6,0.000395882818685669,0.8500000000000014,51.425,1.2250000000000014,0.015495786175311667,0
AAPL250711C00155000,2025-06-23 14:20:55+00:00,155.0,47.1,45.9,47.55,0.0,0.0,1.0,1,0.8559584716796875,True,REGULAR,USD,AAPL,2025-07-11,11,201.0800018310547,0.770837470601524,2025-06-29 12:49:53.389650,46.72432675035091,0.19212668300045976,46.09212668300046,0.37567324964908977,1.007873316999543,0.6322000673504533,1,0.9998848895690599,0.9668238171549471,0.0024747383458820853,-0.12065755745572407,1.006642937988281,0.0,0.0,OTM,6,6,0.5,1.6499999999999986,46.724999999999994,0.3750000000000071,0.02581187564328474,0
AAPL250711C00160000,2025-06-27 13:48:27+00:00,160.0,42.6,41.0,43.15,1.1499977,2.7744215,3.0,5281,0.84961087890625,True,REGULAR,USD,AAPL,2025-07-11,11,201.0800018310547,0.7957031954596376,2025-06-29 12:49:53.389650,41.994886757221764,0.36424849758997624,41.364248497589976,0.6051132427782377,1.2357515024100252,0.6306382596317874,1,0.9999111462122054,0.9488065767992689,0.0035434794191064535,-0.16205464829218943,0.9207050180664063,0.0,0.0,OTM,6,6,0.0005679666792881485,2.1499999999999986,42.075,0.5249999999999986,0.03668491871593757,0
AAPL250711C00165000,2025-06-27 17:42:53+00:00,165.0,36.87,35.2,37.6,3.119999,9.244441,10.0,1,0.5942423388671876,True,REGULAR,USD,AAPL,2025-07-11,11,201.0800018310547,0.8205689203177513,2025-06-29 12:49:53.389650,36.51937539771106,0.8966150322297466,36.09661503222975,0.35062460228893855,0.773384967770248,0.42276036548130946,1,0.999889157377958,0.9763260112314895,0.0026914850370328217,-0.07453264941598918,0.8477565288085938,0.0,0.0,OTM,6,6,5.0,2.3999999999999986,36.400000000000006,0.46999999999999176,0.01948916097945387,0
AAPL250711C00170000,2025-06-27 13:34:15+00:00,170.0,33.19,30.35,32.55,2.6899986,8.819668,1.0,35,0.534184345703125,True,REGULAR,USD,AAPL,2025-07-11,11,201.0800018310547,0.845434645175865,2025-06-29 12:49:53.389650,31.5643182058692,0.8324584902518488,31.18245849025185,1.6256817941307986,2.0075415097481475,0.3818597156173489,1,0.9999576550048477,0.9694803136102804,0.0037012518809005817,-0.08087930708862266,0.734572966796875,0.0,0.0,OTM,6,6,0.027777777777777776,2.1999999999999957,31.45,1.7399999999999984,0.024092251030254044,0
AAPL250711C00175000,2025-06-27 13:31:59+00:00,175.0,27.6,25.4,27.6,0.8500004,3.1775718,1.0,15,0.6555210229492189,True,REGULAR,USD,AAPL,2025-07-11,11,201.0800018310547,0.8703003700339786,2025-06-29 12:49:53.389650,27.457980940153902,1.59086702346098,26.99086702346098,0.14201905984609908,0.6091329765390228,0.4671139166929237,1,0.9998781298732938,0.9016251688433041,0.007578160742884282,-0.2014389574459876,0.6979034116210938,0.0,0.0,OTM,6,6,0.0625,2.200000000000003,26.5,1.1000000000000014,0.060532417535939784,0
AAPL250711C00177500,2025-06-27 19:46:48+00:00,177.5,23.92,23.6,24.55,0.37,1.5711254,8.0,4,0.5312546875,True,REGULAR,USD,AAPL,2025-07-11,11,201.0800018310547,0.8827332324630355,2025-06-29 12:49:53.389650,24.53031247384328,0.5488187185459417,24.148818718545943,-0.6103124738432797,-0.22881871854594138,0.3814937552973383,1,0.9952935243255486,0.9214535258778711,0.007906096504099598,-0.14561109102041153,0.6329626547851563,0.0,0.0,OTM,6,6,1.6,0.9499999999999993,24.075000000000003,-0.15500000000000114,0.05118025765828044,0
AAPL250711C00180000,2025-06-27 19:53:04+00:00,180.0,21.42,21.15,22.5,0.3199997,1.5165862,4.0,158,0.5468795312500001,True,REGULAR,USD,AAPL,2025-07-11,11,201.0800018310547,0.8951660948920923,2025-06-29 12:49:53.389650,22.39993748545541,0.8652966274963028,22.0152966274963,-0.9799374854554088,-0.5952966274962996,0.3846408579591092,1,0.9953144945240437,0.8906225443502549,0.009809796385723343,-0.18396571747094073,0.5724163852539064,0.0,0.0,OTM,6,6,0.025157232704402517,1.3500000000000014,21.825,-0.4049999999999976,0.06537161942113495,0
AAPL250711C00182500,2025-06-27 19:11:21+00:00,182.5,19.3,18.7,20.05,0.39,2.0624008,6.0,12,0.5048877636718749,True,REGULAR,USD,AAPL,2025-07-11,11,201.0800018310547,0.9075989573211491,2025-06-29 12:49:53.389650,19.95323046597551,0.9004964895546586,19.600496489554658,-0.6532304659755077,-0.30049648955465713,0.3527339764208506,1,0.9990134962110884,0.8784288985621364,0.011454613150347749,-0.1831911118882739,0.5545454702148438,0.0,0.0,OTM,6,6,0.46153846153846156,1.3500000000000014,19.375,-0.07499999999999929,0.07047139259071997,0
AAPL250711C00185000,2025-06-27 19:59:58+00:00,185.0,16.72,16.35,17.15,0.11999893,0.72288513,2.0,129,0.4099180102539062,True,REGULAR,USD,AAPL,2025-07-11,11,201.0800018310547,0.920031819750206,2025-06-29 12:49:53.389650,17.13972024503903,0.5039906577455504,16.853990657745552,-0.4197202450390307,-0.13399065774555297,0.28572958729347775,1,0.997125818984358,0.890274367397178,0.0131173411879921,-0.14425774961724455,0.529692203125,0.0,0.0,OTM,6,6,0.015384615384615385,0.7999999999999972,16.75,-0.030000000000001137,0.06552098181778926,0
AAPL250711C00187500,2025-06-27 17:36:26+00:00,187.5,14.75,14.1,15.65,0.14999962,1.0273947,10.0,26,0.4660697924804688,True,REGULAR,USD,AAPL,2025-07-11,11,201.0800018310547,0.9324646821792628,2025-06-29 12:49:53.389650,15.488316447637686,1.0705786682864478,15.170578668286447,-0.7383164476376862,-0.4205786682864474,0.3177377793512388,1,0.9994212556609675,0.8220747891616349,0.01601126526898684,-0.21316075583799743,0.49180195703125007,0.0,0.0,OTM,6,6,0.37037037037037035,1.5500000000000007,14.875,-0.125,0.09093146547200755,0
AAPL250711C00190000,2025-06-27 19:38:22+00:00,190.0,12.19,12.0,12.25,-0.1600008,-1.295553,74.0,370,0.3269110278320312,True,REGULAR,USD,AAPL,2025-07-11,11,201.0800018310547,0.9448975446083197,2025-06-29 12:49:53.389650,12.245783065771974,0.021485205776828664,12.021485205776829,-0.05578306577197445,0.16851479422317084,0.2242978599951453,1,0.9996214830358957,0.8539763686398723,0.02006751585481879,-0.140632106581889,0.45093322509765627,0.0,0.0,OTM,6,6,0.19946091644204852,0.25,12.125,0.0649999999999995,0.07993937852133011,0
AAPL250711C00192500,2025-06-27 19:14:37+00:00,192.5,10.19,9.7,10.1,0.019999504,0.19665195,52.0,343,0.3098213549804687,True,REGULAR,USD,AAPL,2025-07-11,11,201.0800018310547,0.9573304070373764,2025-06-29 12:49:53.389650,10.056067123746374,0.14904782939037808,9.849047829390377,0.13393287625362582,0.34095217060962213,0.2070192943559963,1,0.9997460097736702,0.8066638456489579,0.025360273251974628,-0.15567372825970544,0.40352158984375,0.0,0.0,ATM,6,6,0.1511627906976744,0.40000000000000036,9.899999999999999,0.2900000000000009,0.0957420802312721,0
AAPL250711C00195000,2025-06-27 19:57:14+00:00,195.0,7.95,7.85,8.95,-0.05000019,-0.6250024,264.0,1041,0.3603579589843749,True,REGULAR,USD,AAPL,2025-07-11,11,201.0800018310547,0.9697632694664332,2025-06-29 12:49:53.389650,8.76502678262841,0.6888850714441066,8.538885071444106,-0.8150267826284106,-0.5888850714441061,0.22614171118430448,1,0.9809262137565273,0.7075227420834627,0.027320185637097493,-0.2147900844010559,0.37461562890624994,0.0,0.0,ATM,6,6,0.2533589251439539,1.0999999999999996,8.399999999999999,-0.4499999999999984,0.11996521762541888,0
AAPL250711C00197500,2025-06-27 19:59:07+00:00,197.5,6.1,6.0,6.2,-0.25,-3.937008,951.0,13302,0.2777171838378905,True,REGULAR,USD,AAPL,2025-07-11,11,201.0800018310547,0.9821961318954902,2025-06-29 12:49:53.389650,6.076634038769285,-0.09269714940205098,5.907302850597949,0.02336596123071466,0.19269714940205063,0.16933118817133597,1,0.9944138927464413,0.6656644740583227,0.03755049882363136,-0.1779151771420344,0.34817546362304685,0.0,0.0,ATM,6,6,0.07148763436818763,0.20000000000000018,6.1,0.0,0.1270738081294657,0
AAPL250711C00200000,2025-06-27 19:59:35+00:00,200.0,4.5,4.4,4.55,-0.1500001,-3.2258086,3082.0,3509,0.2640454455566406,True,REGULAR,USD,AAPL,2025-07-11,11,201.0800018310547,0.994628994324547,2025-06-29 12:49:53.389650,4.3960766317836715,-0.15533044199054213,4.244669558009458,0.10392336821632853,0.2553304419905418,0.15140707377421325,1,0.965297303200068,0.5687847033521573,0.04263757223987476,-0.17971622517417346,0.3077705942382812,0.0,0.0,ATM,6,6,0.878062678062678,0.14999999999999947,4.475,0.025000000000000355,0.13718566436838547,0
AAPL250711C00202500,2025-06-27 19:59:58+00:00,202.5,3.1,3.1,3.2,-0.11000013,-3.4267955,6151.0,2120,0.2546461254882813,False,REGULAR,USD,AAPL,2025-07-11,11,201.0800018310547,1.0070618567536038,2025-06-29 12:49:53.389650,3.0260023542752066,-0.196910759246403,2.903089240753597,0.0739976457247935,0.196910759246403,0.1229131135216095,0,0.016700607278614908,0.4589832833348239,0.044642724355837105,-0.17256747684589757,0.2933176137695312,0.0,0.0,ATM,6,6,2.9000471475719,0.10000000000000009,3.1500000000000004,-0.050000000000000266,0.13852410225126938,0
AAPL250711C00205000,2025-06-27 19:59:58+00:00,205.0,2.1,2.06,2.13,-0.08000016,-3.669732,13410.0,7553,0.2465895654296875,False,REGULAR,USD,AAPL,2025-07-11,11,201.0800018310547,1.0194947191826609,2025-06-29 12:49:53.389650,1.9541589336251661,-0.19290344047327523,1.8670965595267248,0.14584106637483396,0.23290344047327527,0.08706237409844131,1,0.07934732209972684,0.34663805579239015,0.04287822471533918,-0.1536917935706595,0.28067125585937497,0.0,0.0,ATM,6,6,1.7752184273232725,0.06999999999999984,2.0949999999999998,0.0050000000000003375,0.12883951252289844,0
AAPL250711C00207500,2025-06-27 19:59:58+00:00,207.5,1.31,1.31,1.4,-0.13000011,-9.027785,6499.0,2265,0.2453688745117187,False,REGULAR,USD,AAPL,2025-07-11,11,201.0800018310547,1.0319275816117175,2025-06-29 12:49:53.389650,1.2369323317039758,-0.1338031911597397,1.1761968088402603,0.07306766829602429,0.1338031911597397,0.06073552286371542,0,0.02792427003765975,0.24788734437755067,0.036933641489539176,-0.1298204493321424,0.25767343896484374,0.0,0.0,ATM,6,6,2.8680494263018534,0.08999999999999986,1.355,-0.04499999999999993,0.11042799369719869,0
AAPL250711C00210000,2025-06-27 19:59:55+00:00,210.0,0.81,0.81,0.83,-0.089999974,-9.999997,10095.0,12487,0.2390212817382812,False,REGULAR,USD,AAPL,2025-07-11,11,201.0800018310547,1.0443604440407743,2025-06-29 12:49:53.389650,0.6967197622664365,-0.14924315551476086,0.6607568444852392,0.11328023773356355,0.14924315551476086,0.03596291778119731,0,0.05386504249206698,0.16133584279520213,0.029320132459198896,-0.09712850301904784,0.24993425854492185,0.0,0.0,ATM,6,6,0.8083760409993593,0.019999999999999907,0.8200000000000001,-0.010000000000000009,0.08539650182509702,0
AAPL250711C00212500,2025-06-27 19:59:51+00:00,212.5,0.5,0.49,0.56,-0.060000002,-10.714286,1213.0,1333,0.2473219799804687,False,REGULAR,USD,AAPL,2025-07-11,11,201.0800018310547,1.0567933064698312,2025-06-29 12:49:53.389650,0.4471766474606085,-0.06697187947460442,0.42302812052539557,0.05282335253939152,0.07697187947460443,0.02414852693521291,1,0.8915248239292102,0.10934685907280978,0.021687109301415878,-0.07642613133036062,0.24658956542968746,0.0,0.0,ITM,6,6,0.9092953523238381,0.07000000000000006,0.525,-0.025000000000000022,0.06535848318070292,0
AAPL250711C00215000,2025-06-27 19:59:54+00:00,215.0,0.32,0.3,0.33,-0.060000002,-15.7894745,5978.0,5660,0.2473219799804687,False,REGULAR,USD,AAPL,2025-07-11,11,201.0800018310547,1.069226168898888,2025-06-29 12:49:53.389650,0.2474790041359043,-0.06850339419512921,0.23149660580487078,0.07252099586409572,0.08850339419512923,0.015982398331033515,1,0.8637279307669982,0.06649420437016991,0.014947509425459365,-0.05243949908740725,0.24512473632812498,0.0,0.0,ITM,6,6,1.0559971736442324,0.030000000000000027,0.315,0.0050000000000000044,0.045047338019986956,0
AAPL250711C00217500,2025-06-27 19:56:21+00:00,217.5,0.22,0.2,0.22,-0.010000005,-4.3478284,593.0,1579,0.25586681640625,False,REGULAR,USD,AAPL,2025-07-11,11,201.0800018310547,1.0816590313279448,2025-06-29 12:49:53.389650,0.15643404893273605,-0.05569913987582292,0.1443008601241771,0.06356595106726395,0.07569913987582291,0.012133188808558959,1,0.972035911582421,0.043535152927242284,0.010333101546110718,-0.03864687851720814,0.24698018652343742,0.0,0.0,ITM,6,6,0.37531645569620253,0.01999999999999999,0.21000000000000002,0.009999999999999981,0.03221678839288734,0
AAPL250711C00220000,2025-06-27 19:55:31+00:00,220.0,0.13,0.13,0.15,-0.040000007,-23.529415,1600.0,7913,0.264655791015625,False,REGULAR,USD,AAPL,2025-07-11,11,201.0800018310547,1.0940918937570017,2025-06-29 12:49:53.389650,0.1001253402477369,-0.037897454159467894,0.09210254584053211,0.02987465975226311,0.037897454159467894,0.008022794407204784,0,0.02339082857882755,0.028619143894965636,0.007082409873841346,-0.02825093671858756,0.25083756982421873,0.0,0.0,ITM,6,6,0.20217336365933788,0.01999999999999999,0.14,-0.010000000000000009,0.022840207219683894,0
AAPL250711C00222500,2025-06-27 19:56:09+00:00,222.5,0.11,0.1,0.11,-0.009999998,-8.333332,148.0,486,0.2763744238281249,False,REGULAR,USD,AAPL,2025-07-11,11,201.0800018310547,1.1065247561860585,2025-06-29 12:49:53.389650,0.06960170096519303,-0.03638280130865068,0.06361719869134932,0.040398299034806975,0.046382801308650676,0.0059845022738437,1,0.9530945118844503,0.01996935165459342,0.005012176808926391,-0.021745462297450273,0.2583081982421874,0.0,0.0,ITM,6,6,0.30390143737166325,0.009999999999999995,0.10500000000000001,0.0049999999999999906,0.01687958693287421,0
AAPL250711C00225000,2025-06-27 19:52:16+00:00,225.0,0.08,0.07,0.08,-0.010000005,-11.111116,206.0,3654,0.2871165039062499,False,REGULAR,USD,AAPL,2025-07-11,11,201.0800018310547,1.1189576186151151,2025-06-29 12:49:53.389650,0.048223859752015485,-0.02696290050934636,0.043037099490653645,0.031776140247984516,0.03696290050934636,0.0051867602613618405,1,0.992414915446541,0.013908474934508783,0.003540591734694378,-0.01654267300112558,0.2662671030273437,0.0,0.0,ITM,6,6,0.05636114911080711,0.009999999999999995,0.07500000000000001,0.0049999999999999906,0.012387155516658348,0
AAPL250711C00230000,2025-06-27 19:51:33+00:00,230.0,0.05,0.04,0.05,-0.009999998,-16.666664,354.0,2549,0.3125068749999999,False,REGULAR,USD,AAPL,2025-07-11,11,201.0800018310547,1.143823343473229,2025-06-29 12:49:53.389650,0.027312785857234623,-0.01755500349381199,0.02244499650618801,0.02268721414276538,0.027555003493811993,0.004867789351046613,1,0.9736036271774549,0.007717062096555293,0.0019466925750530235,-0.01073890063977339,0.2793040820312499,0.0,0.0,ITM,6,6,0.1388235294117647,0.010000000000000002,0.045,0.0050000000000000044,0.007413009047961343,0
AAPL250711C00235000,2025-06-27 19:50:20+00:00,235.0,0.03,0.03,0.04,0.0,0.0,63.0,631,0.3457096679687499,False,REGULAR,USD,AAPL,2025-07-11,11,201.0800018310547,1.168689068331343,2025-06-29 12:49:53.389650,0.020829889320032713,-0.014095782459418255,0.015904217540581744,0.009170110679967286,0.014095782459418255,0.004925671779450969,0,0.022597218166999535,0.005506753400308521,0.001305652082060009,-0.008791849227442413,0.29727265234374994,0.0,0.0,ITM,6,6,0.09968354430379747,0.010000000000000002,0.035,-0.0050000000000000044,0.005500175818422512,0
AAPL250711C00240000,2025-06-27 19:45:18+00:00,240.0,0.03,0.02,0.03,0.01,50.0,116.0,770,0.37305314453125,False,REGULAR,USD,AAPL,2025-07-11,11,201.0800018310547,1.1935547931894563,2025-06-29 12:49:53.389650,0.01463481727790128,-0.009228186963254057,0.010771813036745943,0.01536518272209872,0.019228186963254054,0.0038630042411553368,1,0.9991933245776446,0.0037203737333058274,0.0008525416310552679,-0.006672085578628329,0.3189521230468749,0.0,0.0,ITM,6,6,0.1504539559014267,0.009999999999999998,0.025,0.0049999999999999975,0.003875465564644004,0
AAPL250711C00245000,2025-06-27 19:31:51+00:00,245.0,0.02,0.01,0.03,0.0,0.0,92.0,446,0.4101621484375,False,REGULAR,USD,AAPL,2025-07-11,11,201.0800018310547,1.21842051804757,2025-06-29 12:49:53.389650,0.014037249608724656,0.00017642839006859305,0.010176428390068593,0.005962750391275345,0.009823571609931407,0.0038608212186560624,1,0.9987767432610256,0.0032866061888777716,0.0006937099512657127,-0.006552646569711916,0.3457096679687499,0.0,0.0,ITM,6,6,0.2058165548098434,0.019999999999999997,0.02,0.0,0.003467137661423023,0
AAPL250711C00250000,2025-06-27 18:47:57+00:00,250.0,0.01,0.0,0.02,-0.01,-50.0,13.0,406,0.429693203125,False,REGULAR,USD,AAPL,2025-07-11,11,201.0800018310547,1.243286242905684,2025-06-29 12:49:53.389650,0.009077996906282526,0.005796742822413407,0.005796742822413407,0.0009220030937174741,0.004203257177586593,0.003281254083869119,1,0.999750496784556,0.0021067735212160054,0.0004431222545295527,-0.00458842825393268,0.37422500781249995,0.0,0.0,ITM,6,6,0.03194103194103194,0.02,0.01,0.0,0.0023201690412319505,0
AAPL250711C00255000,2025-06-27 16:51:00+00:00,255.0,0.01,0.0,0.11,0.0,0.0,3.0,43,0.51758294921875,False,REGULAR,USD,AAPL,2025-07-11,11,201.0800018310547,1.2681519677637976,2025-06-29 12:49:53.389650,0.027267331129683048,0.020331297908411122,0.020331297908411122,-0.017267331129683046,-0.010331297908411122,0.0069360332212719256,1,0.9997392405038474,0.004908610100096462,0.0007872713608648731,-0.01181299124290011,0.41524022265625,0.0,0.0,ITM,6,6,0.06818181818181818,0.11,0.055,-0.045,0.004965260010959301,0
AAPL250711C00260000,2025-06-27 18:56:08+00:00,260.0,0.01,0.0,0.02,-0.01,-50.0,25.0,235,0.4960987890625,False,REGULAR,USD,AAPL,2025-07-11,11,201.0800018310547,1.2930176926219112,2025-06-29 12:49:53.389650,0.00845726478715797,0.005134141808029469,0.005134141808029469,0.0015427352128420304,0.004865858191970531,0.003323122979128501,1,0.999750496784556,0.0017316730360555773,0.00032117554808988434,-0.004424721728467289,0.44531804687500004,0.0,0.0,ITM,6,6,0.1059322033898305,0.02,0.01,0.0,0.0019415484056072422,0
AAPL250711C00265000,2025-06-26 17:30:46+00:00,265.0,0.01,0.0,0.02,0.0,0.0,1.0,32,0.500005,False,REGULAR,USD,AAPL,2025-07-11,11,201.0800018310547,1.317883417480025,2025-06-29 12:49:53.389650,0.00425412707366063,0.002362638193907327,0.002362638193907327,0.005745872926339371,0.007637361806092673,0.0018914888797533025,1,0.9997915729870198,0.0009065884571465549,0.00017629799294585502,-0.0024656321416590536,0.47070841796875007,0.0,0.0,ITM,6,6,0.030303030303030304,0.02,0.01,0.0,0.0010741360612595452,0
AAPL250711C00270000,2025-06-26 14:12:59+00:00,270.0,0.01,0.0,0.22,0.0,0.0,2.0,112,0.6796907031250001,False,REGULAR,USD,AAPL,2025-07-11,11,201.0800018310547,1.3427491423381386,2025-06-29 12:49:53.389650,0.05759499700179593,0.04554719440815544,0.04554719440815544,-0.04759499700179593,-0.03554719440815544,0.012047802593640494,1,0.9997017841391397,0.007633738342076685,0.000886533773974312,-0.022887073003380918,0.52461412890625,0.0,0.0,ITM,6,6,0.017699115044247787,0.22,0.11,-0.1,0.007342504084500414,0
AAPL250711C00275000,2025-06-12 13:41:07+00:00,275.0,0.02,0.0,0.22,0.0,0.0,1.0,14,0.7148466015625,False,REGULAR,USD,AAPL,2025-07-11,11,201.0800018310547,1.3676148671962522,2025-06-29 12:49:53.389650,0.05645557585413141,0.04394192257456168,0.04394192257456168,-0.03645557585413141,-0.023941922574561677,0.012513653279569735,1,0.9997215856606776,0.007171214234602375,0.0007977604124489979,-0.02276923525552768,0.5816448085937501,0.0,0.0,ITM,6,6,0.06666666666666667,0.22,0.11,-0.09,0.0069490097323820854,0
AAPL250711C00280000,2025-06-10 16:08:03+00:00,280.0,0.03,0.0,0.22,0.0,0.0,1.0,14,0.7500025,False,REGULAR,USD,AAPL,2025-07-11,11,201.0800018310547,1.392480592054366,2025-06-29 12:49:53.389650,0.056023847285535444,0.04282617913563736,0.04282617913563736,-0.026023847285535445,-0.012826179135637363,0.013197668149898083,1,0.9997262428176457,0.00682725956264267,0.000728082141225231,-0.022864439289247578,0.62812871875,0.0,0.0,ITM,6,6,0.06666666666666667,0.22,0.11,-0.08,0.006653967439205491,0
AAPL250711C00285000,2025-06-27 17:50:06+00:00,285.0,0.01,0.0,0.22,0.0,0.0,1.0,0,0.7851583984375,False,REGULAR,USD,AAPL,2025-07-11,11,201.0800018310547,1.4173463169124796,2025-06-29 12:49:53.389650,0.05617891713553291,0.04245399319347225,0.04245399319347225,-0.04617891713553291,-0.032453993193472246,0.013724923942060666,1,0.9997175718326229,0.006574888724915431,0.0006727113406343762,-0.023143263662524012,0.6859406406249999,0.0,0.0,ITM,6,6,1.0,0.22,0.11,-0.1,0.0064361122714854955,0
AAPL250711C00290000,2025-06-16 14:11:02+00:00,290.0,0.01,0.0,0.62,0.0,0.0,60.0,60,0.9423833886718748,False,REGULAR,USD,AAPL,2025-07-11,11,201.0800018310547,1.4422120417705933,2025-06-29 12:49:53.389650,0.17706336529276934,0.1552388237000529,0.1552388237000529,-0.16706336529276933,-0.1452388237000529,0.021824541592716434,1,0.998898457619694,0.015885800617279098,0.001209332599649577,-0.059899478371933726,0.7744163183593751,0.0,0.0,ITM,6,6,0.9836065573770492,0.62,0.31,-0.3,0.013887080856042044,0
AAPL250711C00300000,2025-06-20 13:41:28+00:00,300.0,0.01,0.0,0.22,0.0,0.0,10.0,12,0.8828136718749999,False,REGULAR,USD,AAPL,2025-07-11,11,201.0800018310547,1.4919434914868206,2025-06-29 12:49:53.389650,0.05480458537503652,0.04073588761155378,0.04073588761155378,-0.04480458537503652,-0.030735887611553776,0.01406869776348274,1,0.9997175718326229,0.005800369277312734,0.0005354278911274437,-0.02326514102818844,0.815040912109375,0.0,0.0,ITM,6,6,0.7692307692307693,0.22,0.11,-0.1,0.005759802903967704,0
AAPL250711C00320000,2025-06-27 19:45:01+00:00,320.0,0.01,0.0,0.01,0.0,0.0,1.0,1,0.7500025,False,REGULAR,USD,AAPL,2025-07-11,11,201.0800018310547,1.5914063909192753,2025-06-29 12:49:53.389650,0.0015338715283304896,0.0007561828874834418,0.0007561828874834418,0.00846612847166951,0.009243817112516558,0.0007776886408470479,1,0.9997991911556567,0.0002398808045485965,3.430135099985392e-05,-0.0010750869618530005,0.822072091796875,0.0,0.0,ITM,6,6,0.5,0.01,0.005,0.005,0.0003134812128336232,0
AAPL250711C00325000,2025-06-11 18:33:24+00:00,325.0,0.01,0.0,0.01,0.0,0.0,1.0,2,0.7812521875,False,REGULAR,USD,AAPL,2025-07-11,11,201.0800018310547,1.616272115777389,2025-06-29 12:49:53.389650,0.0018012967867109334,0.0009144366720860881,0.0009144366720860881,0.008198703213289067,0.009085563327913913,0.0008868601146248453,1,0.9997991911556567,0.0002689485386177962,3.663446634382102e-05,-0.0012456365437118226,0.8283220292968749,0.0,0.0,ITM,6,6,0.3333333333333333,0.01,0.005,0.005,0.00034875359865949544,0
AAPL250718C00090000,2025-06-23 15:38:16+00:00,90.0,110.35,110.25,112.35,0.0,0.0,590.0,296,1.5449241503906248,True,REGULAR,USD,AAPL,2025-07-18,18,201.0800018310547,0.4475830474460461,2025-06-29 12:49:53.525819,111.44539337181082,-0.3466767818905794,109.90332321810942,-1.0953933718108289,0.4466767818905737,1.5420701537014025,1,0.9574335688561686,0.9941635994962524,0.00024049668521329516,-0.04391144717264131,0.9802751796875,0.0,0.0,OTM,6,6,1.9865319865319866,2.0999999999999943,111.3,-0.9500000000000028,0.0074085575467692484,0
AAPL250718C00095000,2025-06-17 13:59:08+00:00,95.0,102.25,105.2,107.4,0.0,0.0,1.0,13,1.4492215039062502,True,REGULAR,USD,AAPL,2025-07-18,18,201.0800018310547,0.4724487723041598,2025-06-29 12:49:53.525819,106.45806387435188,-0.17618920900153512,105.02381079099847,-4.208063874351879,-2.7738107909984677,1.4342530833534113,0,0.00014887296893186886,0.993763438007783,0.00027189966587173,-0.044419679266727,1.081642802734375,0.0,0.0,OTM,6,6,0.07142857142857142,2.200000000000003,106.30000000000001,-4.050000000000011,0.007857074030412654,0
AAPL250718C00100000,2025-06-25 14:15:26+00:00,100.0,101.95,100.9,101.65,0.0,0.0,1.0,532,1.3359408203124996,True,REGULAR,USD,AAPL,2025-07-18,18,201.0800018310547,0.4973144971622735,2025-06-29 12:49:53.525819,101.45288693632477,-0.7545321018635747,100.14546789813643,0.4971130636752292,1.8045321018635718,1.3074190381883426,1,0.9999161446761643,0.9939840452407998,0.00028569240050840605,-0.041723356801521054,1.172268232421875,0.0,0.0,OTM,6,6,0.001876172607879925,0.75,101.275,0.6749999999999972,0.007610326861262466,0
AAPL250718C00105000,2025-06-05 18:16:06+00:00,105.0,97.38,95.9,97.3,0.0,0.0,4.0,44,1.4501980615234376,True,REGULAR,USD,AAPL,2025-07-18,18,201.0800018310547,0.5221802220203872,2025-06-29 12:49:53.525819,96.70563195230774,-0.6429536375362801,95.25704636246373,0.6743680476922549,2.12295363753627,1.448585589844015,1,0.9999409726584814,0.9856005520392181,0.0005646095435391892,-0.07966969575909924,1.3123073447265623,0.0,0.0,OTM,6,6,0.08888888888888889,1.3999999999999915,96.6,0.7800000000000011,0.01632649413504048,0
AAPL250718C00110000,2025-06-16 15:50:50+00:00,110.0,87.75,90.9,92.35,0.0,0.0,383.0,374,1.3681672216796876,True,REGULAR,USD,AAPL,2025-07-18,18,201.0800018310547,0.5470459468785008,2025-06-29 12:49:53.525819,91.7372829943648,-0.5217786524606538,90.37822134753935,-3.9872829943648043,-2.628221347539352,1.3590616468254524,0,0.00027253602092211585,0.9840408508796954,0.0006537467409898361,-0.08231904952014014,1.4296903515625,0.0,0.0,OTM,6,6,1.0213333333333334,1.4499999999999886,91.625,-3.875,0.01783471279564985,0
AAPL250718C00115000,2025-06-23 15:04:54+00:00,115.0,85.94,85.25,87.45,0.0,0.0,15.0,80,1.142582412109375,True,REGULAR,USD,AAPL,2025-07-18,18,201.0800018310547,0.5719116717366145,2025-06-29 12:49:53.525819,86.54407669394095,0.1927914772173267,85.44279147721733,-0.6040766939409536,0.497208522782671,1.1012852167236247,1,0.9991262868301586,0.990326643623041,0.00050744590157561,-0.052116102333105874,1.34922200390625,0.0,0.0,OTM,6,6,0.18518518518518517,2.200000000000003,86.35,-0.4099999999999966,0.011560980949645958,0
AAPL250718C00120000,2025-06-27 13:35:48+00:00,120.0,82.94,80.9,81.7,1.840004,2.2688088,13.0,228,1.0332079589843752,True,REGULAR,USD,AAPL,2025-07-18,18,201.0800018310547,0.5967773965947282,2025-06-29 12:49:53.525819,81.52094875432704,-0.3629370919616264,80.53706290803838,1.4190512456729607,2.4029370919616184,0.9838858462886577,1,0.9999551067391721,0.9912326360500054,0.0005148832791315243,-0.046580275710362884,1.266019294921875,0.0,0.0,OTM,6,6,0.056768558951965066,0.7999999999999972,81.30000000000001,1.6399999999999864,0.010607521799179892,0
AAPL250718C00125000,2025-06-26 19:57:19+00:00,125.0,76.6,76.15,76.7,0.0,0.0,1.0,2556,1.0283251708984378,True,REGULAR,USD,AAPL,2025-07-18,18,201.0800018310547,0.621643121452842,2025-06-29 12:49:53.525819,76.62535524126947,-0.5080359585452783,75.64196404145473,-0.02535524126948019,0.9580359585452669,0.9833911998147471,1,0.9991758794372912,0.9863335181506337,0.0007611824069792993,-0.061254651834659245,1.2044961650390626,0.0,0.0,OTM,6,6,0.00039108330074305825,0.5499999999999972,76.42500000000001,0.17499999999998295,0.015607617389237605,0
AAPL250718C00130000,2025-06-25 14:56:15+00:00,130.0,72.85,71.0,72.3,0.0,0.0,1.0,209,1.039555583496094,True,REGULAR,USD,AAPL,2025-07-18,18,201.0800018310547,0.6465088463109556,2025-06-29 12:49:53.525819,71.81006915077114,-0.19693913321349044,70.80306086678651,1.0399308492288526,2.0469391332134848,1.0070082839846322,1,0.9999628793261527,0.9780726267249196,0.001127508857359282,-0.08459279648675579,1.122367669433594,0.0,0.0,OTM,6,6,0.004761904761904762,1.2999999999999972,71.65,1.1999999999999886,0.023371418882832114,0
AAPL250718C00135000,2025-06-27 14:33:05+00:00,135.0,66.78,66.1,67.1,2.7299957,4.262288,1.0,620,0.946289599609375,True,REGULAR,USD,AAPL,2025-07-18,18,201.0800018310547,0.6713745711690693,2025-06-29 12:49:53.525819,66.78552809893876,-0.22238980392383212,65.87761019607616,-0.005528098938754056,0.9023898039238389,0.907917902862593,1,0.9995430430521092,0.9779318977252901,0.00124534369229201,-0.07955502863897715,1.0379921450195315,0.0,0.0,OTM,6,6,0.001610305958132045,1.0,66.6,0.18000000000000682,0.02349798888106127,0
AAPL250718C00140000,2025-06-27 15:27:02+00:00,140.0,61.65,61.25,61.7,0.040000916,0.06492601,1.0,8088,0.8300798242187499,True,REGULAR,USD,AAPL,2025-07-18,18,201.0800018310547,0.696240296027183,2025-06-29 12:49:53.525819,61.70236910511153,-0.33058363083809894,60.9194163691619,-0.0523691051115307,0.7305836308380975,0.7829527359496282,1,0.9982186096001009,0.9807588170742999,0.0012640532804309042,-0.06680423453285518,0.9754916274414065,0.0,0.0,OTM,6,6,0.00012362467548522686,0.45000000000000284,61.475,0.17499999999999716,0.02092197312115824,0
AAPL250718C00145000,2025-06-25 16:23:36+00:00,145.0,57.13,55.4,57.45,0.0,0.0,1.0,183,0.743166630859375,True,REGULAR,USD,AAPL,2025-07-18,18,201.0800018310547,0.7211060208852966,2025-06-29 12:49:53.525819,56.67790107548424,0.5841643796759328,55.98416437967593,0.4520989245157594,1.1458356203240712,0.6937366958083118,1,0.9999443732950901,0.9811761141650722,0.0013858019526661865,-0.061655047522733215,0.9174833618164063,0.0,0.0,OTM,6,6,0.005434782608695652,2.0500000000000043,56.425,0.7050000000000054,0.020535475889287974,0
AAPL250718C00150000,2025-06-27 19:20:40+00:00,150.0,51.75,51.05,51.8,0.20999908,0.40744874,39.0,662,0.676761044921875,True,REGULAR,USD,AAPL,2025-07-18,18,201.0800018310547,0.7459717457434103,2025-06-29 12:49:53.525819,51.690929029754614,0.012346159802540058,51.06234615980254,0.059070970245386434,0.6876538401974628,0.6285828699520764,1,0.9998327357191394,0.9794037267917999,0.0016425922165469622,-0.061566147490569406,0.8471705366210938,0.0,0.0,OTM,6,6,0.058823529411764705,0.75,51.425,0.32500000000000284,0.022165754281585754,0
AAPL250718C00155000,2025-06-27 16:06:20+00:00,155.0,47.22,46.1,47.65,0.15000153,0.31867757,2.0,170,0.7216824707031251,True,REGULAR,USD,AAPL,2025-07-18,18,201.0800018310547,0.770837470601524,2025-06-29 12:49:53.525819,47.058393613772125,0.26975276123302905,46.36975276123303,0.1616063862278736,0.8502472387669684,0.6886408525390948,1,0.9998860726023626,0.9572450201299328,0.0028223782038543197,-0.10133952951398703,0.7835959140625,0.0,0.0,OTM,6,6,0.011695906432748537,1.5499999999999972,46.875,0.34499999999999886,0.04061428087031589,0
AAPL250718C00160000,2025-06-27 17:44:33+00:00,160.0,41.7,41.3,41.85,0.20000076,0.48192954,8.0,833,0.5874064697265625,True,REGULAR,USD,AAPL,2025-07-18,18,201.0800018310547,0.7957031954596376,2025-06-29 12:49:53.525819,41.83236413824966,-0.017611464594644133,41.28238853540535,-0.1323641382496561,0.4176114645946498,0.5499756028443059,1,0.999277881617366,0.9668240894364964,0.0028190346281636997,-0.07477658735238576,0.7118192880859375,0.0,0.0,OTM,6,6,0.009592326139088728,0.5500000000000043,41.575,0.125,0.03301843903273356,0
AAPL250718C00165000,2025-06-27 14:29:20+00:00,165.0,37.2,36.45,37.2,0.20000076,0.5405426,5.0,539,0.5708050732421875,True,REGULAR,USD,AAPL,2025-07-18,18,201.0800018310547,0.8205689203177513,2025-06-29 12:49:53.525819,37.04786013359839,0.06018779412361397,36.51018779412362,0.1521398664016118,0.689812205876386,0.5376723394747742,1,0.9998456790328416,0.949802433140445,0.004059080940338041,-0.09433924738228089,0.659964337890625,0.0,0.0,OTM,6,6,0.009259259259259259,0.75,36.825,0.375,0.04619903855306871,0
AAPL250718C00170000,2025-06-27 18:52:32+00:00,170.0,31.7,31.2,31.95,-0.14999962,-0.47095641,8.0,780,0.5210008837890624,True,REGULAR,USD,AAPL,2025-07-18,18,201.0800018310547,0.845434645175865,2025-06-29 12:49:53.525819,32.1642619185254,0.4769136749112235,31.676913674911223,-0.46426191852539844,0.023086325088776505,0.48734824361417495,1,0.9986627537293117,0.9370390337535104,0.005316653359744477,-0.10133861577067724,0.6155311884765625,0.0,0.0,OTM,6,6,0.010243277848911651,0.75,31.575,0.125,0.055232437191607656,0
AAPL250718C00175000,2025-06-27 15:54:10+00:00,175.0,27.6,26.35,27.05,0.80000114,2.985079,203.0,882,0.4641166870117187,True,REGULAR,USD,AAPL,2025-07-18,18,201.0800018310547,0.8703003700339786,2025-06-29 12:49:53.525819,27.263541902621284,0.48535617458329483,26.835356174583296,0.336458097378717,0.7646438254167052,0.42818572803798816,1,0.9999111411727072,0.9226748257899834,0.0069909058140054945,-0.1050875780440233,0.5730023168945313,0.0,0.0,OTM,6,6,0.22989807474518686,0.6999999999999993,26.700000000000003,0.8999999999999986,0.06469609029142853,0
AAPL250718C00180000,2025-06-27 19:59:00+00:00,180.0,22.05,21.8,22.2,0.049999237,0.22726925,39.0,2511,0.4094297338867187,True,REGULAR,USD,AAPL,2025-07-18,18,201.0800018310547,0.8951660948920923,2025-06-29 12:49:53.525819,22.405516627216173,0.2352676064306607,22.03526760643066,-0.35551662721617205,0.014732393569339308,0.37024902078551136,1,0.9936796345372724,0.9015810189717068,0.009487981829879907,-0.10985922381394125,0.51055176953125,0.0,0.0,OTM,6,6,0.01552547770700637,0.3999999999999986,22.0,0.05000000000000071,0.0774587751236841,0
AAPL250718C00182500,2025-06-26 19:47:57+00:00,182.5,20.0,19.25,20.05,0.0,0.0,4.0,10,0.4069883520507812,True,REGULAR,USD,AAPL,2025-07-18,18,201.0800018310547,0.9075989573211491,2025-06-29 12:49:53.525819,20.21522772455151,0.6014141507728112,19.85141415077281,-0.21522772455151085,0.14858584922718876,0.3638135737786996,1,0.9994528011784197,0.8739360213831281,0.01139426798296035,-0.12583939673649006,0.47446814599609366,0.0,0.0,OTM,6,6,0.36363636363636365,0.8000000000000007,19.65,0.3500000000000014,0.09246679634410042,0
AAPL250718C00185000,2025-06-27 19:20:40+00:00,185.0,17.52,17.15,18.4,1.1200008,6.8292737,36.0,4938,0.4377497631835937,True,REGULAR,USD,AAPL,2025-07-18,18,201.0800018310547,0.920031819750206,2025-06-29 12:49:53.525819,18.47511826501534,0.9407966612931915,18.09079666129319,-0.95511826501534,-0.5707966612931905,0.3843216037221495,1,0.9904334349078698,0.8241643632369573,0.013227206960504013,-0.16056052353169506,0.44785708398437496,0.0,0.0,OTM,6,6,0.007288924883579672,1.25,17.775,-0.254999999999999,0.11545466096377428,0
AAPL250718C00187500,2025-06-27 19:55:54+00:00,187.5,15.0,14.8,15.2,-0.14999962,-0.99009645,5.0,24,0.3404606970214844,True,REGULAR,USD,AAPL,2025-07-18,18,201.0800018310547,0.9324646821792628,2025-06-29 12:49:53.525819,15.364995216443702,0.26546462895237966,15.06546462895238,-0.3649952164437025,-0.06546462895238037,0.2995305874913221,1,0.9805514168231009,0.8401956498908769,0.015991522581965956,-0.12370741508408675,0.41174904663085937,0.0,0.0,OTM,6,6,0.2,0.3999999999999986,15.0,0.0,0.10856109152786964,0
AAPL250718C00190000,2025-06-27 19:59:32+00:00,190.0,12.9,12.75,13.0,-0.17000008,-1.3006892,159.0,3278,0.3215399877929687,True,REGULAR,USD,AAPL,2025-07-18,18,201.0800018310547,0.9448975446083197,2025-06-29 12:49:53.525819,13.140972271983685,0.11468559652758437,12.864685596527584,-0.24097227198368465,0.03531440347241599,0.27628667545610064,1,0.9986137788360944,0.806207758785016,0.019129979265447773,-0.1299537462593556,0.38323370678710933,0.0,0.0,OTM,6,6,0.0484903934126258,0.25,12.875,0.025000000000000355,0.12264981343057765,0
AAPL250718C00192500,2025-06-27 19:55:54+00:00,192.5,10.8,10.55,11.85,-0.4499998,-3.9999983,111.0,234,0.3649965844726562,True,REGULAR,USD,AAPL,2025-07-18,18,201.0800018310547,0.9573304070373764,2025-06-29 12:49:53.525819,11.879999507401266,1.0311170086783203,11.581117008678321,-1.079999507401265,-0.7811170086783203,0.2988824987229446,1,0.9994443503993953,0.7287174438284925,0.020334945235442495,-0.168495105154956,0.3743470769042968,0.0,0.0,ATM,6,6,0.4723404255319149,1.299999999999999,11.2,-0.3999999999999986,0.14799573819523448,0
AAPL250718C00195000,2025-06-27 19:59:34+00:00,195.0,8.91,8.85,8.95,-0.19000053,-2.0879178,583.0,8241,0.2905344384765624,True,REGULAR,USD,AAPL,2025-07-18,18,201.0800018310547,0.9697632694664332,2025-06-29 12:49:53.525819,9.028416986925919,-0.05500874298265579,8.794991257017344,-0.11841698692591862,0.11500874298265629,0.2334257299085749,1,0.9975353611087515,0.7075897173008957,0.026487074876475575,-0.14208914285151483,0.3510562941894531,0.0,0.0,ATM,6,6,0.07073525843241932,0.09999999999999964,8.899999999999999,0.010000000000001563,0.15344368502940875,0
AAPL250718C00197500,2025-06-27 19:56:34+00:00,197.5,7.15,7.05,8.2,-0.19999981,-2.721086,236.0,273,0.3357000024414062,True,REGULAR,USD,AAPL,2025-07-18,18,201.0800018310547,0.9821961318954902,2025-06-29 12:49:53.525819,8.172367676763784,0.8648801857002271,7.914880185700227,-1.0223676767637837,-0.7648801857002265,0.2574874910635572,1,0.9883560656493263,0.6222224687557614,0.02535441938203566,-0.17427977918280205,0.33064634204101556,0.0,0.0,ATM,6,6,0.8613138686131386,1.1499999999999995,7.625,-0.47499999999999964,0.1697158547361246,0
AAPL250718C00200000,2025-06-27 19:59:52+00:00,200.0,5.54,5.5,5.6,-0.09000015,-1.5985817,8521.0,28217,0.2691723474121094,True,REGULAR,USD,AAPL,2025-07-18,18,201.0800018310547,0.994628994324547,2025-06-29 12:49:53.525819,5.603051214535029,-0.09462421221098705,5.405375787789013,-0.0630512145350286,0.13462421221098708,0.19767542674601568,1,0.9918714116112867,0.5640453713288973,0.03276241367213848,-0.14624677624130253,0.31638867211914057,0.0,0.0,ATM,6,6,0.3019703735204479,0.09999999999999964,5.55,-0.009999999999999787,0.17584245287577674,0
AAPL250718C00202500,2025-06-27 19:59:58+00:00,202.5,4.15,4.1,4.45,-0.069999695,-1.6587605,2228.0,2966,0.2722240747070312,False,REGULAR,USD,AAPL,2025-07-18,18,201.0800018310547,1.0070618567536038,2025-06-29 12:49:53.525819,4.413085246872413,0.13742867871638875,4.237428678716388,-0.2630852468724125,-0.08742867871638804,0.17565656815602448,1,0.6167751043817311,0.48189780968532775,0.032785169705005474,-0.14723855748405185,0.3065254895019531,0.0,0.0,ATM,6,6,0.7509268621503202,0.35000000000000053,4.275,-0.125,0.17795957832333278,0
AAPL250718C00205000,2025-06-27 19:59:58+00:00,205.0,3.0,3.0,3.15,-0.07999992,-2.5974002,13240.0,37959,0.2563550927734375,False,REGULAR,USD,AAPL,2025-07-18,18,201.0800018310547,1.0194947191826609,2025-06-29 12:49:53.525819,3.0973636035743652,-0.035308840847009026,2.964691159152991,-0.09736360357436524,0.035308840847009026,0.13267244442137427,0,0.04074747086708084,0.3945928818643031,0.033626873762081594,-0.13284593807150316,0.28479719116210933,0.0,0.0,ATM,6,6,0.3487881981032666,0.1499999999999999,3.075,-0.07500000000000018,0.17188811334872345,0
AAPL250718C00207500,2025-06-27 19:59:46+00:00,207.5,2.18,2.12,2.22,-0.00999999,-0.45662057,3319.0,3731,0.2493971545410156,False,REGULAR,USD,AAPL,2025-07-18,18,201.0800018310547,1.0319275816117175,2025-06-29 12:49:53.525819,2.155516755059793,-0.06372443595271315,2.056275564047287,0.02448324494020726,0.12372443595271321,0.09924119101250595,1,0.9150942431840119,0.3102097303944156,0.031688255480428536,-0.11741773228561289,0.276569734375,0.0,0.0,ATM,6,6,0.8893354769560557,0.10000000000000009,2.17,0.010000000000000231,0.15758222441628325,0
AAPL250718C00210000,2025-06-27 19:59:46+00:00,210.0,1.49,1.45,1.5,-0.01999998,-1.3245021,13788.0,52447,0.2430495617675781,False,REGULAR,USD,AAPL,2025-07-18,18,201.0800018310547,1.0443604440407743,2025-06-29 12:49:53.525819,1.4315020032534846,-0.09086800409029694,1.359131995909703,0.058497996746515346,0.13086800409029697,0.07237000734378163,1,0.9668364748753129,0.23223494311905113,0.02812941356521194,-0.09823845855541498,0.2580396462402344,0.0,0.0,ATM,6,6,0.262888956680903,0.050000000000000044,1.475,0.014999999999999902,0.1363241888418702,0
AAPL250718C00212500,2025-06-27 19:59:58+00:00,212.5,0.99,0.98,1.01,-0.08000004,-7.476639,1351.0,2299,0.2409743872070312,False,REGULAR,USD,AAPL,2025-07-18,18,201.0800018310547,1.0567933064698312,2025-06-29 12:49:53.525819,0.9447559318406107,-0.08407996532463569,0.8959200346753643,0.045244068159389306,0.0940799653246357,0.04883589716524639,1,0.9439689757007996,0.16867384432433252,0.023399130881214286,-0.07977538244119405,0.25240005419921874,0.0,0.0,ITM,6,6,0.587391304347826,0.030000000000000027,0.995,-0.0050000000000000044,0.1124315020727818,0
AAPL250718C00215000,2025-06-27 19:59:15+00:00,215.0,0.66,0.65,0.7,-0.06999999,-9.58904,5964.0,50535,0.2434157690429687,False,REGULAR,USD,AAPL,2025-07-18,18,201.0800018310547,1.069226168898888,2025-06-29 12:49:53.525819,0.6391676608844357,-0.04474276557410073,0.6052572344258993,0.02083233911556437,0.05474276557410074,0.03391042645853637,1,0.9815097229991165,0.1218823280169195,0.01860659413451164,-0.06433286661137845,0.24663839306640623,0.0,0.0,ITM,6,6,0.11801488048124109,0.04999999999999993,0.675,-0.015000000000000013,0.09030940803654622,0
AAPL250718C00217500,2025-06-27 19:58:06+00:00,217.5,0.45,0.45,0.47,-0.060000002,-11.764707,532.0,2364,0.2448805981445312,False,REGULAR,USD,AAPL,2025-07-18,18,201.0800018310547,1.0816590313279448,2025-06-29 12:49:53.525819,0.4181216230660567,-0.05668197049385448,0.39331802950614553,0.0318783769339433,0.05668197049385448,0.024803593559911186,0,0.6988156090561172,0.08519955809162155,0.014255559705052682,-0.049638248190859255,0.24434349414062498,0.0,0.0,ITM,6,6,0.22494714587737843,0.019999999999999962,0.45999999999999996,-0.009999999999999953,0.06960750262074356,0
AAPL250718C00220000,2025-06-27 19:59:53+00:00,220.0,0.32,0.31,0.32,-0.04000002,-11.111116,4435.0,39118,0.24805439453125,False,REGULAR,USD,AAPL,2025-07-18,18,201.0800018310547,1.0940918937570017,2025-06-29 12:49:53.525819,0.2767714779264665,-0.05222379938157973,0.25777620061842027,0.043228522073533504,0.062223799381579736,0.018995277308046232,1,0.9764021356751821,0.059361771497222306,0.010664750925882831,-0.03794345652715794,0.24407494213867187,0.0,0.0,ITM,6,6,0.11337201871213477,0.010000000000000009,0.315,0.0050000000000000044,0.05274909877677482,0
AAPL250718C00222500,2025-06-27 19:59:01+00:00,222.5,0.23,0.23,0.25,-0.029999986,-11.538456,109.0,640,0.2583081982421875,False,REGULAR,USD,AAPL,2025-07-18,18,201.0800018310547,1.1065247561860585,2025-06-29 12:49:53.525819,0.21012025490179376,-0.03617303512537065,0.19382696487462936,0.019879745098206253,0.03617303512537065,0.016293290027164398,0,0.039730427608711164,0.04523010045837,0.00825150937359428,-0.031711810823709205,0.2471266694335937,0.0,0.0,ITM,6,6,0.17004680187207488,0.01999999999999999,0.24,-0.009999999999999981,0.0425000057836603,0
AAPL250718C00225000,2025-06-27 19:59:53+00:00,225.0,0.17,0.17,0.18,-0.019999996,-10.526314,23336.0,21881,0.2641675146484374,False,REGULAR,USD,AAPL,2025-07-18,18,201.0800018310547,1.1189576186151151,2025-06-29 12:49:53.525819,0.1473285921438512,-0.03435441059138736,0.13564558940861265,0.022671407856148823,0.03435441059138736,0.011683002735238535,0,0.3537488085411469,0.03254777218552682,0.006170447723411223,-0.02472646375779941,0.251765294921875,0.0,0.0,ITM,6,6,1.0664473082899186,0.009999999999999981,0.175,-0.004999999999999977,0.03250225469516332,0
AAPL250718C00230000,2025-06-27 19:58:40+00:00,230.0,0.11,0.1,0.12,-0.009999998,-8.333332,2101.0,50483,0.2861399511718749,False,REGULAR,USD,AAPL,2025-07-18,18,201.0800018310547,1.143823343473229,2025-06-29 12:49:53.525819,0.09429103656171645,-0.013926052241729242,0.08607394775827076,0.015708963438283555,0.023926052241729237,0.008217088803445682,1,0.9687802209915745,0.02046917786893288,0.0038646401261237906,-0.018076836468421974,0.2603101313476562,0.0,0.0,ITM,6,6,0.04161714602646383,0.01999999999999999,0.11,0.0,0.02204981546312566,0
AAPL250718C00235000,2025-06-27 19:50:35+00:00,235.0,0.07,0.07,0.08,0.0,0.0,1218.0,11992,0.305671005859375,False,REGULAR,USD,AAPL,2025-07-18,18,201.0800018310547,1.168689068331343,2025-06-29 12:49:53.525819,0.06058205100125047,-0.016469161273128342,0.053530838726871664,0.009417948998749537,0.016469161273128342,0.0070512122743788055,0,0.07206313122248384,0.01300147454696533,0.002452753401010925,-0.013043209321030574,0.27246821289062495,0.0,0.0,ITM,6,6,0.10155924289168682,0.009999999999999995,0.07500000000000001,-0.0050000000000000044,0.014949460992837222,0
AAPL250718C00240000,2025-06-27 19:55:57+00:00,240.0,0.06,0.05,0.06,0.009999998,19.999996,383.0,17806,0.327155166015625,False,REGULAR,USD,AAPL,2025-07-18,18,201.0800018310547,1.1935547931894563,2025-06-29 12:49:53.525819,0.04314912757812106,-0.013887683516231986,0.03611231648376802,0.016850872421878937,0.02388768351623198,0.007036811094353043,1,0.997905486161305,0.00901141588032743,0.0016656795216349095,-0.010116783139846118,0.28828836718749995,0.0,0.0,ITM,6,6,0.021508395574773964,0.009999999999999995,0.055,0.0049999999999999975,0.010865823108514359,0
AAPL250718C00245000,2025-06-27 19:54:12+00:00,245.0,0.04,0.03,0.05,0.0,0.0,243.0,7599,0.3515689843749999,False,REGULAR,USD,AAPL,2025-07-18,18,201.0800018310547,1.21842051804757,2025-06-29 12:49:53.525819,0.034792171173905206,-0.002333844562923161,0.027666155437076838,0.005207828826094794,0.012333844562923163,0.007126015736828369,1,0.982572392282813,0.006951176428357189,0.0012336479555221326,-0.008632242224246902,0.30694052441406244,0.0,0.0,ITM,6,6,0.031973684210526314,0.020000000000000004,0.04,0.0,0.008648070062025599,0
AAPL250718C00250000,2025-06-27 19:56:32+00:00,250.0,0.04,0.03,0.04,0.0,0.0,192.0,32543,0.37305314453125,False,REGULAR,USD,AAPL,2025-07-18,18,201.0800018310547,1.243286242905684,2025-06-29 12:49:53.525819,0.027244048793838127,-0.009569044488680165,0.020430955511319834,0.012755951206161874,0.019569044488680166,0.006813093282518293,1,0.9975208236007275,0.005273666750486526,0.0009101863695561708,-0.007157484649406812,0.32871765039062495,0.0,0.0,ITM,6,6,0.0058997050147492625,0.010000000000000002,0.035,0.0049999999999999975,0.006770464016000111,0
AAPL250718C00255000,2025-06-27 19:54:12+00:00,255.0,0.03,0.02,0.03,0.01,50.0,298.0,7564,0.39063109375,False,REGULAR,USD,AAPL,2025-07-18,18,201.0800018310547,1.2681519677637976,2025-06-29 12:49:53.525819,0.020104919630667184,-0.0052675751769786,0.0147324248230214,0.009895080369332815,0.015267575176978599,0.005372494807645784,1,0.99755413729565,0.003829605759860706,0.0006532022159662478,-0.0056234588801560015,0.34961587890625,0.0,0.0,ITM,6,6,0.039391936549900856,0.009999999999999998,0.025,0.0049999999999999975,0.005087821435303118,0
AAPL250718C00260000,2025-06-27 19:53:48+00:00,260.0,0.03,0.01,0.03,0.01,50.0,36.0,4233,0.4179745703124999,False,REGULAR,USD,AAPL,2025-07-18,18,201.0800018310547,1.2930176926219112,2025-06-29 12:49:53.525819,0.019553105671961224,0.004164454776233988,0.014164454776233988,0.010446894328038775,0.015835545223766012,0.0053886508957272355,1,0.9996475557348763,0.0035130101275154834,0.0005649934894556302,-0.005561201252903668,0.37207659179687497,0.0,0.0,ITM,6,6,0.008502598016060462,0.019999999999999997,0.02,0.009999999999999998,0.004708804990478475,0
AAPL250718C00265000,2025-06-27 19:53:48+00:00,265.0,0.02,0.01,0.03,0.0,0.0,14.0,4802,0.445318046875,False,REGULAR,USD,AAPL,2025-07-18,18,201.0800018310547,1.317883417480025,2025-06-29 12:49:53.525819,0.019403480109820515,0.003836779248100587,0.013836779248100587,0.0005965198901794859,0.006163220751899413,0.005566700861719927,1,0.9982202904537041,0.0032955902757373866,0.0005007136360378378,-0.0055878945542985215,0.39570916796874994,0.0,0.0,ITM,6,6,0.0029148448886112846,0.019999999999999997,0.02,0.0,0.004446078395023152,0
AAPL250718C00270000,2025-06-26 19:43:11+00:00,270.0,0.01,0.0,0.03,0.0,0.0,112.0,8804,0.4726615234375,False,REGULAR,USD,AAPL,2025-07-18,18,201.0800018310547,1.3427491423381386,2025-06-29 12:49:53.525819,0.019570766084666902,0.013732507072097673,0.013732507072097673,-0.009570766084666902,-0.003732507072097673,0.005838259012569229,1,0.9997783406804546,0.003149086832692053,0.00045283738128328613,-0.005687539328064056,0.41992767578125,0.0,0.0,ITM,6,6,0.012720045428733675,0.03,0.015,-0.004999999999999999,0.004267857618325647,0
AAPL250718C00275000,2025-06-26 15:37:17+00:00,275.0,0.01,0.0,0.03,0.0,0.0,10.0,3193,0.4960987890625,False,REGULAR,USD,AAPL,2025-07-18,18,201.0800018310547,1.3676148671962522,2025-06-29 12:49:53.525819,0.01842808669099527,0.012521660076818084,0.012521660076818084,-0.008428086690995271,-0.0025216600768180834,0.005906426614177188,1,0.9997646874101808,0.0028526690376023834,0.00039467647868925105,-0.005456179366760256,0.4445368046875,0.0,0.0,ITM,6,6,0.0031308703819661866,0.03,0.015,-0.004999999999999999,0.003904152860488899,0
AAPL250718C00280000,2025-06-27 16:03:50+00:00,280.0,0.01,0.0,0.01,0.0,0.0,96.0,4961,0.4687553125,False,REGULAR,USD,AAPL,2025-07-18,18,201.0800018310547,1.392480592054366,2025-06-29 12:49:53.525819,0.005351690347391719,0.0029588924189237107,0.0029588924189237107,0.004648309652608281,0.007041107581076289,0.002392797928468008,1,0.9997755179399292,0.0009519079007959016,0.00015374397288694532,-0.001896623611510284,0.46016164843749996,0.0,0.0,ITM,6,6,0.019347037484885126,0.01,0.005,0.005,0.0014370163313995612,0
AAPL250718C00285000,2025-06-27 16:03:03+00:00,285.0,0.01,0.0,0.02,0.0,0.0,351.0,6071,0.523442265625,False,REGULAR,USD,AAPL,2025-07-18,18,201.0800018310547,1.4173463169124796,2025-06-29 12:49:53.525819,0.011406464891216106,0.0069369216823448945,0.0069369216823448945,-0.0014064648912161058,0.0030630783176551057,0.004469543208871211,1,0.999752649091074,0.0017433343057105752,0.0002394168274796737,-0.0036798072304380404,0.48125518750000007,0.0,0.0,ITM,6,6,0.057806324110671936,0.02,0.01,0.0,0.002498853873090669,0
AAPL250718C00290000,2025-06-27 19:31:07+00:00,290.0,0.01,0.0,0.02,0.0,0.0,13.0,1988,0.51562984375,False,REGULAR,USD,AAPL,2025-07-18,18,201.0800018310547,1.4422120417705933,2025-06-29 12:49:53.525819,0.005575362065374623,0.0030327836653462046,0.0030327836653462046,0.0044246379346253775,0.006967216334653796,0.002542578400028418,1,0.9997755179399292,0.0009069905342329789,0.00013369671352697843,-0.00199306538491426,0.49531754687500007,0.0,0.0,ITM,6,6,0.006535947712418301,0.02,0.01,0.0,0.001374599491888604,0
AAPL250718C00295000,2025-06-20 18:24:24+00:00,295.0,0.01,0.0,0.02,0.0,0.0,60.0,1908,0.5390671093750001,False,REGULAR,USD,AAPL,2025-07-18,18,201.0800018310547,1.467077766628707,2025-06-29 12:49:53.525819,0.005777002074557003,0.0031231823816198307,0.0031231823816198307,0.0042229979254429974,0.0068768176183801695,0.002653819692937172,1,0.9997646874101808,0.0009005610919833975,0.0001270505309733532,-0.002068938217216397,0.5085986640625,0.0,0.0,ITM,6,6,0.03143006809848088,0.02,0.01,0.0,0.001365641546385435,0
AAPL250718C00300000,2025-06-26 18:16:00+00:00,300.0,0.01,0.0,0.01,0.0,0.0,6.0,3657,0.5312546875,False,REGULAR,USD,AAPL,2025-07-18,18,201.0800018310547,1.4919434914868206,2025-06-29 12:49:53.525819,0.002809460747588574,0.001343975542437957,0.001343975542437957,0.007190539252411426,0.008656024457562044,0.001465485205150617,1,0.999832727976362,0.00046429301016036697,6.994729658631833e-05,-0.0011058351951753898,0.51562984375,0.0,0.0,ITM,6,6,0.0016402405686167304,0.01,0.005,0.005,0.0007409537676372914,0
AAPL250718C00305000,2025-06-13 13:30:02+00:00,305.0,0.01,0.0,0.02,0.0,0.0,1.0,2905,0.57812921875,False,REGULAR,USD,AAPL,2025-07-18,18,201.0800018310547,1.5168092163449345,2025-06-29 12:49:53.525819,0.005334678682053007,0.002683366203190963,0.002683366203190963,0.0046653213179469934,0.007316633796809037,0.0026513124788620436,1,0.9998048535263542,0.0007845380240658956,0.0001043497506119172,-0.0019526527642245192,0.5375046250000001,0.0,0.0,ITM,6,6,0.00034411562284927734,0.02,0.01,0.0,0.0012029116649901494,0
AAPL250718C00310000,2025-06-09 15:41:59+00:00,310.0,0.02,0.0,0.02,0.0,0.0,1.0,1853,0.6015664843750002,False,REGULAR,USD,AAPL,2025-07-18,18,201.0800018310547,1.541674941203048,2025-06-29 12:49:53.525819,0.005678661041690014,0.002863996266293229,0.002863996266293229,0.014321338958309986,0.017136003733706773,0.002814664775396785,1,0.9998050034242558,0.0008023957097625436,0.00010238384412400232,-0.0020734954943366253,0.5531294687500001,0.0,0.0,ITM,6,6,0.0005393743257820927,0.02,0.01,0.01,0.0012280964198363943,0
AAPL250718C00315000,2025-06-12 15:57:40+00:00,315.0,0.01,0.0,0.02,0.0,0.0,5.0,779,0.6171913281250001,False,REGULAR,USD,AAPL,2025-07-18,18,201.0800018310547,1.5665406660611616,2025-06-29 12:49:53.525819,0.005147636243886949,0.0025613237391967658,0.0025613237391967658,0.004852363756113051,0.007438676260803235,0.0025863125046901836,1,0.9998143571958822,0.0007151254763002363,8.974927556610503e-05,-0.0019125810818977742,0.573441765625,0.0,0.0,ITM,6,6,0.00641025641025641,0.02,0.01,0.0,0.0011045062272273607,0
AAPL250718C00320000,2025-06-10 16:08:26+00:00,320.0,0.01,0.0,0.02,0.0,0.0,1.0,868,0.64062859375,False,REGULAR,USD,AAPL,2025-07-18,18,201.0800018310547,1.5914063909192753,2025-06-29 12:49:53.525819,0.005558334605664961,0.0027591815826763753,0.0027591815826763753,0.0044416653943350395,0.007240818417323625,0.0027991530229885854,1,0.9997653465397116,0.0007429733272260949,8.95643156935632e-05,-0.0020556325738943677,0.5937540625000001,0.0,0.0,ITM,6,6,0.0011507479861910242,0.02,0.01,0.0,0.001144086162044744,0
AAPL250718C00325000,2025-06-24 13:30:01+00:00,325.0,0.01,0.0,0.01,0.0,0.0,2.0,1350,0.6250037500000001,False,REGULAR,USD,AAPL,2025-07-18,18,201.0800018310547,1.616272115777389,2025-06-29 12:49:53.525819,0.0026061661978654255,0.0013352742542787684,0.0013352742542787684,0.007393833802134575,0.008664725745721231,0.001270891943586657,1,0.9998376506164938,0.00037303088194373977,4.853135969414359e-05,-0.0010599503765092446,0.612503875,0.0,0.0,ITM,6,6,0.0014803849000740192,0.01,0.005,0.005,0.0006048149028683435,0
AAPL250718C00330000,2025-06-18 19:06:10+00:00,330.0,0.01,0.0,0.01,0.0,0.0,31.0,464,0.64062859375,False,REGULAR,USD,AAPL,2025-07-18,18,201.0800018310547,1.6411378406355026,2025-06-29 12:49:53.525819,0.0024548743531790373,0.0012680478651507048,0.0012680478651507048,0.007545125646820963,0.008731952134849296,0.0011868264880283326,1,0.9998021872449862,0.00034475919368080266,4.400452239313064e-05,-0.0010094476992905026,0.6250037500000001,0.0,0.0,ITM,6,6,0.06666666666666667,0.01,0.005,0.005,0.0005621096387273244,0
AAPL250718C00340000,2025-06-16 17:54:32+00:00,340.0,0.01,0.0,0.01,0.0,0.0,2.0,1522,0.6718782812500002,False,REGULAR,USD,AAPL,2025-07-18,18,201.0800018310547,1.69086929035173,2025-06-29 12:49:53.525819,0.002239154153916595,0.001148950181643574,0.001148950181643574,0.007760845846083405,0.008851049818356426,0.0010902039722730209,1,0.9998078824416914,0.0003027130563887699,3.7177374378931054e-05,-0.0009375859812443573,0.6390661093750001,0.0,0.0,ITM,6,6,0.0013131976362442547,0.01,0.005,0.005,0.0004980657970313967,0
AAPL250718C00350000,2025-06-27 17:55:03+00:00,350.0,0.01,0.0,0.01,0.0,0.0,1.0,237,0.7187528125,False,REGULAR,USD,AAPL,2025-07-18,18,201.0800018310547,1.7406007400679573,2025-06-29 12:49:53.525819,0.0029252612096130892,0.001508286091764029,0.001508286091764029,0.007074738790386911,0.00849171390823597,0.0014169751178490602,1,0.9997991911556567,0.00036630640420086624,4.149424024920416e-05,-0.0011969929948225078,0.65937840625,0.0,0.0,ITM,6,6,0.004201680672268907,0.01,0.005,0.005,0.0005946819761459557,0
AAPL250718C00360000,2025-05-05 14:01:11+00:00,360.0,0.02,0.0,0.01,0.0,0.0,10.0,94,0.7500025,False,REGULAR,USD,AAPL,2025-07-18,18,201.0800018310547,1.7903321897841846,2025-06-29 12:49:53.525819,0.002802736637313563,0.0014421279779466669,0.0014421279779466669,0.017197263362686437,0.018557872022053334,0.0013606086593668963,1,0.9997993454021236,0.00033852206168104743,3.6954786361755536e-05,-0.0011603004093673716,0.6812531875000001,0.0,0.0,ITM,6,6,0.10526315789473684,0.01,0.005,0.015,0.0005526508071393408,0
AAPL250718C00370000,2025-05-30 19:44:21+00:00,370.0,0.01,0.0,0.01,0.0,0.0,50.0,140,0.7812521875,False,REGULAR,USD,AAPL,2025-07-18,18,201.0800018310547,1.840063639500412,2025-06-29 12:49:53.525819,0.00274784709191625,0.0013979420897956155,0.0013979420897956155,0.00725215290808375,0.008602057910204384,0.0013499050021206346,1,0.9997991911556567,0.0003202138165341743,3.3689010103685984e-05,-0.001147344071360939,0.712502875,0.0,0.0,ITM,6,6,0.3546099290780142,0.01,0.005,0.005,0.0005248037119819318,0
AAPL250718C00380000,2025-06-17 17:44:13+00:00,380.0,0.01,0.0,0.01,0.0,0.0,1.0,842,0.8125018749999999,False,REGULAR,USD,AAPL,2025-07-18,18,201.0800018310547,1.8897950892166395,2025-06-29 12:49:53.525819,0.002747377130232244,0.0013761962188678825,0.0013761962188678825,0.007252622869767756,0.008623803781132118,0.0013711809113643614,1,0.9998211427330312,0.0003090073303122359,3.133733238157752e-05,-0.001153979775613338,0.74687753125,0.0,0.0,ITM,6,6,0.0011862396204033216,0.01,0.005,0.005,0.0005076960652396451,0
AAPL250718C00390000,2025-06-16 17:41:23+00:00,390.0,0.01,0.0,0.01,0.0,0.0,10.0,299,0.8437515624999999,False,REGULAR,USD,AAPL,2025-07-18,18,201.0800018310547,1.9395265389328664,2025-06-29 12:49:53.525819,0.0027931560490499427,0.001377366801117825,0.001377366801117825,0.0072068439509500575,0.008622633198882176,0.0014157892479321177,1,0.9997991911556567,0.0003033466866392876,2.9661960759400696e-05,-0.001177590836765759,0.7812521875,0.0,0.0,ITM,6,6,0.03333333333333333,0.01,0.005,0.005,0.000499035967162142,0
AAPL250718C00400000,2025-06-25 14:11:54+00:00,400.0,0.01,0.0,0.01,0.0,0.0,1.0,5883,0.87500125,False,REGULAR,USD,AAPL,2025-07-18,18,201.0800018310547,1.989257988649094,2025-06-29 12:49:53.525819,0.0028803186531229166,0.0014019390441546095,0.0014019390441546095,0.007119681346877084,0.00859806095584539,0.0014783796089683071,1,0.9998301943810642,0.0003021970599042779,2.8501721561750878e-05,-0.0012165872652519485,0.812501875,0.0,0.0,ITM,6,6,0.0001699524133242692,0.01,0.005,0.005,0.0004972756207323688,0
AAPL250725C00120000,2025-06-27 17:42:44+00:00,120.0,81.97,80.9,82.9,-0.03,-0.036585364,5.0,1,1.107426337890625,True,REGULAR,USD,AAPL,2025-07-25,25,201.0800018310547,0.5967773965947282,2025-06-29 12:49:53.655350,82.13817340753243,-0.06634910574534558,80.83365089425466,-0.1681734075324357,1.1363491057453388,1.3045225132777745,1,0.9994190406037585,0.9736781463989065,0.0010470631901335005,-0.08669257578980802,0.8839866425781249,0.0,0.0,OTM,6,6,2.5,2.0,81.9,0.06999999999999318,0.03211239116997139,0
AAPL250725C00125000,2025-06-20 14:16:46+00:00,125.0,75.5,76.0,77.9,0.0,0.0,1.0,1,1.0439500927734378,True,REGULAR,USD,AAPL,2025-07-25,25,201.0800018310547,0.621643121452842,2025-06-29 12:49:53.655350,77.19747765941192,-0.026240251343338628,75.97375974865666,-1.6974776594119163,-0.4737597486566614,1.223717910755255,0,0.006695812390838946,0.9705626921764859,0.001219218132710561,-0.08975561944156647,0.9365262236328125,0.0,0.0,OTM,6,6,0.5,1.9000000000000057,76.95,-1.4500000000000028,0.035248939513743076,0
AAPL250725C00135000,2025-06-23 17:28:40+00:00,135.0,67.0,66.0,67.95,0.0,0.0,2.0,1,0.90429783203125,True,REGULAR,USD,AAPL,2025-07-25,25,201.0800018310547,0.6713745711690693,2025-06-29 12:49:53.655350,67.25318243042663,0.2066298199553387,66.20662981995534,-0.2531824304266337,0.7933701800446613,1.046552610471295,1,0.9990141557859056,0.9653385834898052,0.0016107987553975085,-0.09033673435725569,0.9548854150390624,0.0,0.0,OTM,6,6,1.0,1.9500000000000028,66.975,0.025000000000005684,0.040340165931983585,0
AAPL250725C00140000,2025-06-26 13:33:14+00:00,140.0,62.69,61.0,63.0,0.0,0.0,2.0,10,0.8398453515625,True,REGULAR,USD,AAPL,2025-07-25,25,201.0800018310547,0.696240296027183,2025-06-29 12:49:53.655350,62.292026849423934,0.3257921713997618,61.32579217139976,0.39797315057606397,1.364207828600236,0.966234678024172,1,0.9999089377425142,0.9618628247489988,0.0018755198869746161,-0.09123307824286866,0.9541041728515627,0.0,0.0,OTM,6,6,0.18181818181818182,2.0,62.0,0.6899999999999977,0.04362203295967748,0
AAPL250725C00145000,2025-06-24 16:49:05+00:00,145.0,58.59,56.15,58.05,0.0,0.0,1.0,1,0.790041162109375,True,REGULAR,USD,AAPL,2025-07-25,25,201.0800018310547,0.7211060208852966,2025-06-29 12:49:53.655350,57.39565669317068,0.34119130053826296,56.49119130053826,1.1943433068293245,2.098808699461742,0.9044653926324173,1,0.9999441468802214,0.9555580313706046,0.0022570514522312307,-0.09648758027120342,0.9371121552734376,0.0,0.0,OTM,6,6,0.5,1.8999999999999986,57.099999999999994,1.490000000000009,0.04938284242471327,0
AAPL250725C00150000,2025-06-20 17:48:52+00:00,150.0,49.32,51.1,53.05,0.0,0.0,46.0,46,0.7187528125,True,REGULAR,USD,AAPL,2025-07-25,25,201.0800018310547,0.7459717457434103,2025-06-29 12:49:53.655350,52.391791764214105,0.4747526837643079,51.57475268376431,-3.0717917642141046,-2.254752683764309,0.8170390804497956,0,0.0032960095002529987,0.9525649339230052,0.002614301034309249,-0.09386646405317726,0.8593774501953126,0.0,0.0,OTM,6,6,0.9787234042553191,1.9499999999999957,52.075,-2.7550000000000026,0.052037935331721456,0
AAPL250725C00155000,2025-06-10 15:52:23+00:00,155.0,49.33,46.25,48.15,0.0,0.0,1.0,2,0.672122419433594,True,REGULAR,USD,AAPL,2025-07-25,25,201.0800018310547,0.770837470601524,2025-06-29 12:49:53.655350,47.51770322982969,0.5089356474542868,46.75893564745429,1.812296770170306,2.5710643525457115,0.7587675823754054,1,0.9999377043651304,0.9437539766525181,0.0032011515343193814,-0.09958392696161487,0.7850119155273438,0.0,0.0,OTM,6,6,0.3333333333333333,1.8999999999999986,47.2,2.1299999999999955,0.059585353512306705,0
AAPL250725C00160000,2025-06-25 13:52:52+00:00,160.0,43.29,41.2,42.7,0.0,0.0,2.0,6330,0.5710492114257812,True,REGULAR,USD,AAPL,2025-07-25,25,201.0800018310547,0.7957031954596376,2025-06-29 12:49:53.655350,42.32139048533256,0.48190556184118094,41.681905561841184,0.9686095146674418,1.6080944381588154,0.6394849234913735,1,0.999924785655291,0.9481069942709976,0.0035350048212948845,-0.08416704035526214,0.7183621914062501,0.0,0.0,OTM,6,6,0.000315905860053704,1.5,41.95,1.3399999999999963,0.05590471680693537,0
AAPL250725C00165000,2025-06-20 19:15:42+00:00,165.0,35.79,36.4,38.25,0.0,0.0,3.0,5,0.5576216113281252,True,REGULAR,USD,AAPL,2025-07-25,25,201.0800018310547,0.8205689203177513,2025-06-29 12:49:53.655350,37.66210869895306,0.645817420739661,37.04581742073966,-1.8721086989530633,-1.2558174207396604,0.6162912782134029,0,0.016614687733555237,0.9266837248228468,0.004740917957709474,-0.10201656588226872,0.6619174433593751,0.0,0.0,OTM,6,6,0.5,1.8500000000000014,37.325,-1.5350000000000037,0.07321278744300072,0
AAPL250725C00170000,2025-06-27 13:45:11+00:00,170.0,33.16,31.5,33.35,1.9699993,6.3161244,1.0,82,0.5034229345703125,True,REGULAR,USD,AAPL,2025-07-25,25,201.0800018310547,0.845434645175865,2025-06-29 12:49:53.655350,32.765749401929924,0.7173245513478932,32.21732455134789,0.394250598070073,0.9426754486521034,0.5484248505820304,1,0.9999062396872704,0.9140726458429802,0.005921587141836875,-0.10381244119364436,0.6045937978515625,0.0,0.0,OTM,6,6,0.012048192771084338,1.8500000000000014,32.425,0.7349999999999994,0.0825574037509899,0
AAPL250725C00175000,2025-06-27 18:20:32+00:00,175.0,27.35,26.35,27.95,0.35000038,1.2962978,94.0,11,0.4858449853515625,True,REGULAR,USD,AAPL,2025-07-25,25,201.0800018310547,0.8703003700339786,2025-06-29 12:49:53.655350,28.24821097449052,1.3774455236111223,27.727445523611124,-0.8982109744905173,-0.37744552361112227,0.5207654508793951,1,0.9995473987743121,0.8816034024855113,0.007750041583931521,-0.12173880894488541,0.558012232421875,0.0,0.0,OTM,6,6,7.833333333333333,1.5999999999999979,27.15,0.20000000000000284,0.10427655203572538,0
AAPL250725C00180000,2025-06-27 14:33:05+00:00,180.0,22.55,21.95,23.05,0.049999237,0.22221883,7.0,46,0.4240780249023437,True,REGULAR,USD,AAPL,2025-07-25,25,201.0800018310547,0.8951660948920923,2025-06-29 12:49:53.655350,23.356066299575275,0.9563781435748204,22.90637814357482,-0.8060662995752743,-0.356378143574819,0.4496881560004553,1,0.9993081865397562,0.8608585304705949,0.009931726313431545,-0.11944378680104817,0.5084033535156249,0.0,0.0,OTM,6,6,0.14893617021276595,1.1000000000000014,22.5,0.05000000000000071,0.11664212338552281,0
AAPL250725C00185000,2025-06-27 19:54:43+00:00,185.0,17.81,17.35,18.2,0.1099987,0.6214616,16.0,189,0.3632876171875,True,REGULAR,USD,AAPL,2025-07-25,25,201.0800018310547,0.920031819750206,2025-06-29 12:49:53.655350,18.50752113402899,0.7799237461183637,18.129923746118365,-0.6975211340289924,-0.3199237461183664,0.377597387910626,1,0.9971452150891075,0.8315195666671862,0.013160304817484588,-0.11657064400450409,0.4668510346679688,0.0,0.0,OTM,6,6,0.08421052631578947,0.8499999999999979,17.775,0.03500000000000014,0.13240410461048774,0
AAPL250725C00190000,2025-06-27 19:50:51+00:00,190.0,13.4,13.4,13.85,-0.10000038,-0.7407436,163.0,524,0.3276434423828125,True,REGULAR,USD,AAPL,2025-07-25,25,201.0800018310547,0.9448975446083197,2025-06-29 12:49:53.655350,14.115202829467847,0.39209463704347947,13.79209463704348,-0.715202829467847,-0.39209463704347947,0.3231081924243675,0,0.7983663140917543,0.7715022966329506,0.017546109091658525,-0.12364507267040463,0.4208554008789062,0.0,0.0,OTM,6,6,0.31047619047619046,0.4499999999999993,13.625,-0.22499999999999964,0.1592088519431823,0
AAPL250725C00195000,2025-06-27 19:53:30+00:00,195.0,9.5,9.35,10.05,-0.39999962,-4.0404005,102.0,499,0.305671005859375,True,REGULAR,USD,AAPL,2025-07-25,25,201.0800018310547,0.9697632694664332,2025-06-29 12:49:53.655350,10.24646047975908,0.6093201589403314,9.959320158940331,-0.7464604797590795,-0.45932015894033107,0.2871403208187484,1,0.9663605813668509,0.6796105948486407,0.022242570373022012,-0.13242514649497014,0.3813050151367188,0.0,0.0,ATM,6,6,0.204,0.7000000000000011,9.7,-0.1999999999999993,0.18828864262578468,0
AAPL250725C00200000,2025-06-27 19:54:18+00:00,200.0,6.28,6.35,6.55,-0.30999994,-4.7040963,2031.0,2418,0.2755199401855468,True,REGULAR,USD,AAPL,2025-07-25,25,201.0800018310547,0.994628994324547,2025-06-29 12:49:53.655350,6.682532669010357,0.09350487302214372,6.443504873022143,-0.40253266901035634,-0.16350487302214312,0.23902779598821322,0,0.04127863368995463,0.5628642377823373,0.027172373016438774,-0.12883677832477017,0.33924000610351557,0.0,0.0,ATM,6,6,0.8396031417941298,0.20000000000000018,6.449999999999999,-0.16999999999999904,0.20733160448207336,0
AAPL250725C00205000,2025-06-27 19:59:27+00:00,205.0,3.85,3.8,3.95,0.049999952,1.3157883,3005.0,5912,0.2586133709716797,False,REGULAR,USD,AAPL,2025-07-25,25,201.0800018310547,1.0194947191826609,2025-06-29 12:49:53.655350,4.012173334732466,0.04198041685797982,3.8419804168579796,-0.1621733347324663,0.008019583142020448,0.17019291787448676,1,0.8668740615565332,0.4204191373239915,0.028728255921755316,-0.11745161913016057,0.30614707531738283,0.0,0.0,ATM,6,6,0.5082022661931338,0.15000000000000036,3.875,-0.02499999999999991,0.20575250978971518,0
AAPL250725C00210000,2025-06-27 19:59:58+00:00,210.0,2.09,2.03,2.25,-0.029999971,-1.4150931,4652.0,7223,0.2520826745605469,False,REGULAR,USD,AAPL,2025-07-25,25,201.0800018310547,1.0443604440407743,2025-06-29 12:49:53.655350,2.2598955379475854,0.12228996184377516,2.152289961843775,-0.1698955379475855,-0.06228996184377511,0.10760557610381039,1,0.9615692656123002,0.2833159572631283,0.025519618739475745,-0.09731484101407924,0.2839060867919922,0.0,0.0,ATM,6,6,0.6439645625692137,0.2200000000000002,2.1399999999999997,-0.04999999999999982,0.17815666937920951,0
AAPL250725C00215000,2025-06-27 19:59:53+00:00,215.0,1.09,1.05,1.09,-0.01999998,-1.8018,1499.0,6817,0.2409743872070312,False,REGULAR,USD,AAPL,2025-07-25,25,201.0800018310547,1.069226168898888,2025-06-29 12:49:53.655350,1.0757321059880525,-0.029953562303780767,1.0200464376962193,0.014267894011947613,0.0699535623037808,0.05568566829183319,1,0.9916904985966892,0.16465180881287306,0.019547982397028603,-0.0672602004329902,0.26657227575683595,0.0,0.0,ITM,6,6,0.2198591962452332,0.040000000000000036,1.07,0.020000000000000018,0.13045409882881992,0
AAPL250725C00220000,2025-06-27 19:59:54+00:00,220.0,0.57,0.49,0.62,0.0,0.0,2544.0,5683,0.2500075,False,REGULAR,USD,AAPL,2025-07-25,25,201.0800018310547,1.0940918937570017,2025-06-29 12:49:53.655350,0.596524023019132,0.07255796716330187,0.5625579671633019,-0.026524023019132037,0.007442032836698087,0.033966055855830124,1,0.9780032802275673,0.09864514510814382,0.013206758636563093,-0.04835664266479589,0.2554395745849609,0.0,0.0,ITM,6,6,0.44757213230119636,0.13,0.5549999999999999,0.015000000000000013,0.09143957174902803,0
AAPL250725C00225000,2025-06-27 19:59:58+00:00,225.0,0.32,0.31,0.33,-0.01000002,-3.0303092,1178.0,2235,0.2556226782226563,False,REGULAR,USD,AAPL,2025-07-25,25,201.0800018310547,1.1189576186151151,2025-06-29 12:49:53.655350,0.30818245096406827,-0.024129841175600575,0.2858701588243994,0.01181754903593174,0.034129841175600584,0.022312292139668843,1,0.9829124963761467,0.05530532494844386,0.008305683657656627,-0.03154118476731362,0.2514601221923828,0.0,0.0,ITM,6,6,0.5268336314847942,0.020000000000000018,0.32,0.0,0.05879760981447431,0
AAPL250725C00230000,2025-06-27 19:54:32+00:00,230.0,0.19,0.19,0.22,-0.019999996,-9.523808,609.0,1946,0.2724682128906249,False,REGULAR,USD,AAPL,2025-07-25,25,201.0800018310547,1.143823343473229,2025-06-29 12:49:53.655350,0.19919749593939784,-0.006460184289543869,0.18353981571045613,-0.009197495939397837,0.006460184289543869,0.015657680228941706,0,0.024131668326584987,0.035869874266241025,0.005498518245123877,-0.023570323396872078,0.2542310905761719,0.0,0.0,ITM,6,6,0.31278890600924497,0.03,0.20500000000000002,-0.015000000000000013,0.041490285085064256,0
AAPL250725C00235000,2025-06-27 19:46:25+00:00,235.0,0.14,0.13,0.15,0.0,0.0,231.0,3876,0.2885813330078124,False,REGULAR,USD,AAPL,2025-07-25,25,201.0800018310547,1.168689068331343,2025-06-29 12:49:53.655350,0.13228663639311922,-0.00874593216466231,0.1212540678353377,0.0077133636068807965,0.01874593216466232,0.011032568557781522,1,0.962317668788272,0.023802626121929085,0.003693111656232916,-0.01767259233958173,0.26153082226562496,0.0,0.0,ITM,6,6,0.059582151147794686,0.01999999999999999,0.14,0.0,0.029515189679145334,0
AAPL250725C00240000,2025-06-27 19:59:13+00:00,240.0,0.09,0.07,0.11,-0.009999998,-9.999998,164.0,1079,0.305671005859375,False,REGULAR,USD,AAPL,2025-07-25,25,201.0800018310547,1.1935547931894563,2025-06-29 12:49:53.655350,0.09355637766909597,0.014070528279996622,0.08407052827999663,-0.0035563776690959725,0.005929471720003368,0.00948584938909934,1,0.9947381670218778,0.016629007681040007,0.0025719045168215984,-0.013755238973591972,0.27447014599609376,0.0,0.0,ITM,6,6,0.15185185185185185,0.039999999999999994,0.09,0.0,0.021771782771240426,0
AAPL250725C00245000,2025-06-27 17:38:02+00:00,245.0,0.06,0.02,0.29,-0.010000002,-14.285716,22.0,190,0.39063109375,False,REGULAR,USD,AAPL,2025-07-25,25,201.0800018310547,1.21842051804757,2025-06-29 12:49:53.655350,0.2508648560057054,0.21047374324534449,0.23047374324534448,-0.1908648560057054,-0.17047374324534448,0.02039111276036093,1,0.9909231238217213,0.03231627276658235,0.0035199614842817166,-0.030605756445583897,0.30259486474609376,0.0,0.0,ITM,6,6,0.11518324607329843,0.26999999999999996,0.155,-0.095,0.03807935874608087,0
AAPL250725C00250000,2025-06-27 19:40:27+00:00,250.0,0.04,0.04,0.05,-0.02,-33.333336,25.0,294,0.3300848242187499,False,REGULAR,USD,AAPL,2025-07-25,25,201.0800018310547,1.243286242905684,2025-06-29 12:49:53.655350,0.041052911330593744,-0.00707700446150674,0.03292299553849326,-0.0010529113305937435,0.00707700446150674,0.008129915792100484,0,0.01651783396872716,0.0073867096535937945,0.0011763135452319648,-0.007296712978527351,0.3174872939453125,0.0,0.0,ITM,6,6,0.0847457627118644,0.010000000000000002,0.045,-0.0049999999999999975,0.010753096942179347,0
AAPL250725C00255000,2025-06-27 18:16:52+00:00,255.0,0.04,0.0,0.26,0.0,0.0,27.0,155,0.4458063232421875,False,REGULAR,USD,AAPL,2025-07-25,25,201.0800018310547,1.2681519677637976,2025-06-29 12:49:53.655350,0.21960990415236914,0.2009400233855455,0.2009400233855455,-0.17960990415236913,-0.1609400233855455,0.018669880766823632,1,0.9992968432191621,0.025681311905245252,0.002547954256842703,-0.02872512471791589,0.35215491601562493,0.0,0.0,ITM,6,6,0.17307692307692307,0.26,0.13,-0.09,0.03145739504387786,0
AAPL250725C00260000,2025-06-26 15:44:37+00:00,260.0,0.05,0.0,0.05,0.0,0.0,1.0,151,0.3808655664062499,False,REGULAR,USD,AAPL,2025-07-25,25,201.0800018310547,1.2930176926219112,2025-06-29 12:49:53.655350,0.03974342103753603,0.030485091777761545,0.030485091777761545,0.010256578962463972,0.019514908222238458,0.009258329259774486,1,0.9998099771509238,0.006317101385444175,0.0008879161897177893,-0.00730251541755756,0.37061176269531243,0.0,0.0,ITM,6,6,0.006578947368421052,0.05,0.025,0.025,0.009365448722291088,0
AAPL250725C00265000,2025-06-26 15:46:05+00:00,265.0,0.02,0.01,0.04,0.0,0.0,4.0,243,0.3945373046875,False,REGULAR,USD,AAPL,2025-07-25,25,201.0800018310547,1.317883417480025,2025-06-29 12:49:53.655350,0.030602824493583758,0.012745164819528651,0.02274516481952865,-0.010602824493583757,-0.002745164819528651,0.007857659674055106,1,0.9981331704593839,0.0048203436266805455,0.0006740913814229665,-0.0059403739677838414,0.3883850224609374,0.0,0.0,ITM,6,6,0.01639344262295082,0.03,0.025,-0.005000000000000001,0.007365322251641637,0
AAPL250725C00270000,2025-06-27 14:35:10+00:00,270.0,0.02,0.01,0.04,0.0,0.0,4.0,106,0.4179745703124999,False,REGULAR,USD,AAPL,2025-07-25,25,201.0800018310547,1.3427491423381386,2025-06-29 12:49:53.655350,0.0303947364672551,0.012450516122204191,0.02245051612220419,-0.0103947364672551,-0.002450516122204191,0.00794422034505091,1,0.9983498765070579,0.004550594303558522,0.0006044287563645271,-0.005969888694324185,0.3938537177734375,0.0,0.0,ITM,6,6,0.037383177570093455,0.03,0.025,-0.005000000000000001,0.0069964846141172855,0
AAPL250725C00275000,2025-06-24 16:32:42+00:00,275.0,0.02,0.0,0.03,0.0,0.0,1.0,18,0.42774009765625,False,REGULAR,USD,AAPL,2025-07-25,25,201.0800018310547,1.3676148671962522,2025-06-29 12:49:53.655350,0.02237490518435914,0.0158719673937479,0.0158719673937479,-0.002374905184359139,0.004128032606252101,0.00650293779061124,1,0.9997653465397116,0.0033634675542451235,0.0004505118221648746,-0.004655005340274322,0.41338477246093747,0.0,0.0,ITM,6,6,0.05263157894736842,0.03,0.015,0.005000000000000001,0.0053366787624610145,0
AAPL250725C00280000,2025-06-16 13:45:54+00:00,280.0,0.05,0.0,0.68,0.0,0.0,1.0,22,0.6108437353515627,False,REGULAR,USD,AAPL,2025-07-25,25,201.0800018310547,1.392480592054366,2025-06-29 12:49:53.655350,0.2805070732582804,0.25446316733027036,0.25446316733027036,-0.2305070732582804,-0.20446316733027037,0.026043905928010036,1,0.9992604532333438,0.02443732855118738,0.001783739949181765,-0.037499064752805324,0.4463922548828124,0.0,0.0,ITM,6,6,0.043478260869565216,0.68,0.34,-0.29000000000000004,0.030174950648893323,0
AAPL250725C00315000,2025-06-27 13:56:58+00:00,315.0,0.01,0.0,0.31,0.0,0.0,100.0,0,0.7041045214843751,False,REGULAR,USD,AAPL,2025-07-25,25,201.0800018310547,1.5665406660611616,2025-06-29 12:49:53.655350,0.11911279404131214,0.09589087021170004,0.09589087021170004,-0.10911279404131215,-0.08589087021170004,0.023221923829612107,1,0.99975271743704,0.010031163469690886,0.0007212435963726314,-0.020064824492127528,0.5110400458984375,0.0,0.0,ITM,6,6,100.0,0.31,0.155,-0.145,0.014063842971772371,0
AAPL250725C00325000,2025-06-23 15:18:21+00:00,325.0,0.01,0.0,0.03,0.0,0.0,1.0,3,0.585941640625,False,REGULAR,USD,AAPL,2025-07-25,25,201.0800018310547,1.616272115777389,2025-06-29 12:49:53.655350,0.010111694802447446,0.0057149722706756525,0.0057149722706756525,-0.00011169480244744602,0.004285027729324348,0.004396722531771794,1,0.9997653465397116,0.0012149862777677415,0.00013053242923517517,-0.0025143120355649853,0.5493209130859376,0.0,0.0,ITM,6,6,0.25,0.03,0.015,-0.004999999999999999,0.0021181547616314473,0
MSFT250703C00230000,2025-06-26 19:08:33+00:00,230.0,267.92,264.55,268.15,0.0,0.0,95.0,4,2.8554716113281247,True,REGULAR,USD,MSFT,2025-07-03,3,495.9400024414063,0.4637657758353013,2025-06-29 12:49:55.818259,266.07139894479144,-1.2306484808131017,263.3193515191869,1.8486010552085759,4.600648480813106,2.7520474256045304,1,0.9996094192846682,0.9990296038723052,2.5512512255355852e-05,-0.1015110324900068,2.8554716113281247,,,OTM,6,6,19.0,3.599999999999966,266.35,1.5699999999999932,0.0014727117203335008,0
MSFT250703C00275000,2025-06-27 19:18:22+00:00,275.0,220.96,219.6,223.25,0.0,0.0,1.0,0,2.2929730175781247,True,REGULAR,USD,MSFT,2025-07-03,3,495.9400024414063,0.5545025580639472,2025-06-29 12:49:55.818259,221.1040348090345,-0.6563265439446582,218.94367345605534,-0.14403480903447985,2.016326543944672,2.1603613529791517,1,0.9974237165701189,0.9983724952419867,5.0986117988715657e-05,-0.12785847063109698,2.5742223144531247,0.0,,OTM,6,6,1.0,3.6500000000000057,221.425,-0.4650000000000034,0.0023634017936972566,0
MSFT250703C00310000,2025-06-20 15:40:00+00:00,310.0,170.8,184.65,188.2,0.0,0.0,1.0,1,1.8701178369140623,True,REGULAR,USD,MSFT,2025-07-03,3,495.9400024414063,0.6250756109084497,2025-06-29 12:49:55.818259,186.12241184975358,-0.2577794790360315,184.39222052096397,-15.322411849753564,-13.592220520963963,1.7301913287896014,0,8.018953946901838e-05,0.9978726998140532,7.974580154315087e-05,-0.13626450497145715,2.339520821940104,0.0,,OTM,6,6,0.5,3.549999999999983,186.425,-15.625,0.003014834455234555,0
MSFT250703C00320000,2025-06-26 19:19:14+00:00,320.0,179.15,174.65,178.2,0.0,0.0,1.0,0,1.7568371533203124,True,REGULAR,USD,MSFT,2025-07-03,3,495.9400024414063,0.6452393402925931,2025-06-29 12:49:55.818259,176.12773597157917,-0.13977650139770503,174.5102234986023,3.0222640284208353,4.639776501397705,1.6175124729768697,1,0.9999572200498799,0.9976945562938616,9.130553133350803e-05,-0.1386033955390346,2.193849904785156,0.0,,OTM,6,6,1.0,3.549999999999983,176.425,2.7249999999999943,0.003242763419754312,0
MSFT250703C00325000,2025-06-20 18:27:59+00:00,325.0,154.14,169.65,173.2,0.0,0.0,1.0,1,1.701173369140625,True,REGULAR,USD,MSFT,2025-07-03,3,495.9400024414063,0.655321204984665,2025-06-29 12:49:55.818259,171.13037196595178,-0.08218427339667755,169.56781572660333,-16.990371965951795,-15.427815726603342,1.562556239348453,0,0.00012714283859482995,0.9975993678117869,9.781069874593892e-05,-0.139702948193344,2.09531459765625,0.0,,OTM,6,6,0.5,3.549999999999983,171.425,-17.285000000000025,0.0033637337044700915,0
MSFT250703C00350000,2025-06-27 14:54:00+00:00,350.0,147.87,144.65,148.3,5.019989,3.514168,7.0,2047,1.4570339648437498,True,REGULAR,USD,MSFT,2025-07-03,3,495.9400024414063,0.7057305284450237,2025-06-29 12:49:55.818259,146.15419328113717,0.17909602644056122,144.82909602644057,1.7158067188628365,3.0409039735594376,1.3250972546966011,1,0.9999594891683191,0.9966113285013365,0.000155840256412048,-0.1591547302718215,1.815627068359375,0.0,,OTM,6,6,0.00341796875,3.6500000000000057,146.47500000000002,1.3949999999999818,0.004590246411128644,0
MSFT250703C00355000,2025-06-12 14:35:30+00:00,355.0,122.17,139.7,143.3,0.0,0.0,1.0,2,1.4150419873046878,True,REGULAR,USD,MSFT,2025-07-03,3,495.9400024414063,0.7158123931370955,2025-06-29 12:49:55.818259,141.16219596111318,0.17797418121020314,139.8779741812102,-18.992195961113183,-17.70797418121019,1.2842217799029925,0,0.00012714283859482995,0.9962468692996151,0.00017587603763122642,-0.16699827553020694,1.6400408623046876,0.0,,OTM,6,6,0.3333333333333333,3.6000000000000227,141.5,-19.33,0.005031096750504174,0
MSFT250703C00360000,2025-06-23 14:03:02+00:00,360.0,116.39,134.7,138.3,0.0,0.0,1.0,1398,1.36328443359375,True,REGULAR,USD,MSFT,2025-07-03,3,495.9400024414063,0.7258942578291673,2025-06-29 12:49:55.818259,136.16538615696413,0.23123524412673646,134.93123524412673,-19.77538615696413,-18.541235244126725,1.234150912837407,0,0.00016909242463497998,0.9960587844099407,0.00019073143855228422,-0.16845117615061295,1.538674181640625,0.0,,OTM,6,6,0.0007147962830593281,3.6000000000000227,136.5,-20.11,0.005256485008124446,0
MSFT250703C00365000,2025-06-23 14:48:13+00:00,365.0,112.31,129.7,133.25,0.0,0.0,2.0,2,1.3027378613281246,True,REGULAR,USD,MSFT,2025-07-03,3,495.9400024414063,0.735976122521239,2025-06-29 12:49:55.818259,131.1636194502588,0.28751513284214525,129.98751513284213,-18.853619450258805,-17.67751513284213,1.176104317416673,0,0.00012506945576738052,0.9960714657912447,0.00019902056708372286,-0.16350383399149557,1.4478543232421874,0.0,,OTM,6,6,0.6666666666666666,3.5500000000000114,131.475,-19.164999999999992,0.00524133193389257,0
MSFT250703C00370000,2025-05-28 13:58:18+00:00,370.0,93.1,124.7,128.25,0.0,0.0,1.0,1,1.2524451440429685,True,REGULAR,USD,MSFT,2025-07-03,3,495.9400024414063,0.7460579872133108,2025-06-29 12:49:55.818259,126.1669099836314,0.33905420791289487,125.0390542079129,-33.066909983631405,-31.939054207912903,1.1278557757185013,0,0.00012506945576738052,0.9958597707762217,0.00021697158727015245,-0.16504413132095008,1.3581086782226561,0.0,,OTM,6,6,0.5,3.549999999999997,126.475,-33.375,0.005493488874075942,0
MSFT250703C00375000,2025-06-27 18:46:57+00:00,375.0,121.28,119.7,123.3,27.279999,29.021275,1.0,11,1.2114297241210936,True,REGULAR,USD,MSFT,2025-07-03,3,495.9400024414063,0.7561398519053826,2025-06-29 12:49:55.818259,121.17545551296962,0.387131078281584,120.08713107828159,0.1045444870303811,1.1928689217184143,1.0883244346880332,1,0.9999263830903105,0.9953903261459307,0.0002469143406737747,-0.1731139051701074,1.308987830078125,0.0,0.0,OTM,6,6,0.08333333333333333,3.5999999999999943,121.5,-0.21999999999999886,0.006046878044440842,0
MSFT250703C00380000,2025-06-25 19:53:42+00:00,380.0,112.69,114.7,118.35,0.0,0.0,5.0,8,1.169926025390625,True,REGULAR,USD,MSFT,2025-07-03,3,495.9400024414063,0.7662217165974543,2025-06-29 12:49:55.818259,116.18424678672409,0.43512308277307454,115.13512308277308,-3.4942467867240907,-2.4451230827730797,1.049123703951011,0,0.000335532257214055,0.9948778936872418,0.00028085954636466743,-0.1811947212463701,1.2599646376953122,0.0,0.0,OTM,6,6,0.5555555555555556,3.6499999999999915,116.525,-3.835000000000008,0.006642541281027872,0
MSFT250703C00385000,2025-06-27 19:46:12+00:00,385.0,111.02,109.7,113.35,-0.2800064,-0.25157806,7.0,10,1.1206098657226562,True,REGULAR,USD,MSFT,2025-07-03,3,495.9400024414063,0.7763035812895261,2025-06-29 12:49:55.818259,111.18803291841493,0.48513820431500676,110.18513820431501,-0.16803291841493717,0.8348617956849864,1.0028947140999236,1,0.9998336689980514,0.9945708523151194,0.0003088035475597878,-0.18299207460472425,1.2114297241210936,0.0,0.0,OTM,6,6,0.6363636363636364,3.6499999999999915,111.525,-0.5050000000000097,0.006995574603715686,0
MSFT250703C00390000,2025-06-26 16:52:58+00:00,390.0,105.42,104.7,108.35,0.0,0.0,2.0,9,1.0717819848632817,True,REGULAR,USD,MSFT,2025-07-03,3,495.9400024414063,0.7863854459815979,2025-06-29 12:49:55.818259,106.1919801989107,0.5347066557931015,105.2347066557931,-0.7719801989106969,0.18529334420689736,0.9572735431175943,1,0.9986316730620324,0.9942306877156016,0.00034077685313659353,-0.1848901780624457,1.1652385488281252,0.0,0.0,OTM,6,6,0.2,3.6499999999999915,106.525,-1.105000000000004,0.0073835158409169075,0
MSFT250703C00395000,2025-06-27 14:58:02+00:00,395.0,102.88,99.55,103.35,-0.030006409,-0.02915791,45.0,17,1.000005,True,REGULAR,USD,MSFT,2025-07-03,3,495.9400024414063,0.7964673106736696,2025-06-29 12:49:55.818259,101.17905490101492,0.739659520707761,100.28965952070776,1.7009450989850734,2.5903404792922373,0.8893953803071639,1,0.9999706717240315,0.994766363989913,0.0003349426537342866,-0.16657353391088586,1.1147505200195313,0.0,0.0,OTM,6,6,2.5,3.799999999999997,101.44999999999999,1.4300000000000068,0.00677110109899885,0
MSFT250703C00400000,2025-06-27 19:18:22+00:00,400.0,96.14,95.25,98.35,-1.9599991,-1.9979603,23.0,41,1.0441942321777344,True,REGULAR,USD,MSFT,2025-07-03,3,495.9400024414063,0.8065491753657414,2025-06-29 12:49:55.818259,96.27005729988053,0.08320853158471664,95.33320853158472,-0.1300572998805336,0.8067914684152839,0.9368487682958175,1,0.9997774559679502,0.9899025808558796,0.0005725085096779035,-0.2643830155427464,1.0813034216308595,0.0,0.0,OTM,6,6,0.5476190476190477,3.0999999999999943,96.8,-0.6599999999999966,0.01208509047861303,0
MSFT250703C00405000,2025-06-26 14:39:49+00:00,405.0,90.84,89.9,93.35,0.0,0.0,1.0,8,0.95312546875,True,REGULAR,USD,MSFT,2025-07-03,3,495.9400024414063,0.8166310400578132,2025-06-29 12:49:55.818259,91.22899904031652,0.47945087669647535,90.37945087669648,-0.38899904031652,0.4605491233035224,0.8495481636200424,1,0.9994658412714907,0.9916266896299688,0.0005324029502163915,-0.21782913217551542,1.0379433103027345,0.0,0.0,OTM,6,6,0.1111111111111111,3.4499999999999886,91.625,-0.7849999999999966,0.010258342569588607,0
MSFT250703C00410000,2025-06-27 17:44:39+00:00,410.0,87.65,84.8,88.3,7.959999,9.988705,1.0,4054,0.885743330078125,True,REGULAR,USD,MSFT,2025-07-03,3,495.9400024414063,0.826712904749885,2025-06-29 12:49:55.818259,86.21458166342626,0.6282794992113168,85.42827949921131,1.435418336573747,2.2217205007886918,0.7863021642149448,1,0.9999615755178675,0.9921338683924036,0.0005422951638537576,-0.1989388154692526,0.9909700031738282,0.0,0.0,OTM,6,6,0.0002466091245376079,3.5,86.55,1.1000000000000085,0.009710247330787593,0
MSFT250703C00415000,2025-06-27 19:32:06+00:00,415.0,81.15,79.8,83.3,-2.3499985,-2.8143694,10.0,22,0.8383805224609374,True,REGULAR,USD,MSFT,2025-07-03,3,495.9400024414063,0.8367947694419567,2025-06-29 12:49:55.818259,81.2195002767831,0.6763921265262951,80.47639212652629,-0.06950027678308857,0.6736078734737134,0.743108150256802,1,0.999727925556555,0.9915208766619005,0.0006119789498862616,-0.20116363726402187,0.9442897106933593,0.0,0.0,OTM,6,6,0.43478260869565216,3.5,81.55,-0.3999999999999915,0.010372043608579493,0
MSFT250703C00420000,2025-06-27 19:45:27+00:00,420.0,76.09,74.8,78.3,1.3899994,1.8607756,8.0,16,0.79101771484375,True,REGULAR,USD,MSFT,2025-07-03,3,495.9400024414063,0.8468766341340285,2025-06-29 12:49:55.818259,76.22440151953589,0.7244193195654702,75.52441931956547,-0.13440151953588497,0.565580680434536,0.699982199970421,1,0.9997674675732389,0.9908415431922949,0.0006939522708990469,-0.20317077017295054,0.9024922536621094,0.0,0.0,OTM,6,6,0.47058823529411764,3.5,76.55,-0.45999999999999375,0.011096920657111858,0
MSFT250703C00425000,2025-06-26 19:07:46+00:00,425.0,73.3,69.5,73.3,0.0,0.0,1.0,87,0.7070341796875,True,REGULAR,USD,MSFT,2025-07-03,3,495.9400024414063,0.8569584988261003,2025-06-29 12:49:55.818259,71.19117338718985,1.0699205002249244,70.56992050022492,2.108826612810148,2.730079499775073,0.6212528869649248,1,0.9999685114748946,0.992791113233804,0.0006291111455121821,-0.16365542789516738,0.8350602431640624,0.0,0.0,OTM,6,6,0.011363636363636364,3.799999999999997,71.4,1.8999999999999915,0.00899196190621879,0
MSFT250703C00430000,2025-06-27 19:58:27+00:00,430.0,66.82,65.45,68.4,-1.3300018,-1.9515802,71.0,102,0.7666038964843751,True,REGULAR,USD,MSFT,2025-07-03,3,495.9400024414063,0.867040363518172,2025-06-29 12:49:55.818259,66.34902881770176,0.21462392237336303,65.66462392237337,0.47097118229822854,1.1553760776266273,0.6844048953283988,1,0.9999478057947865,0.9818460907352414,0.0012936854837566545,-0.31377172184354774,0.7977559287109376,0.0,0.0,OTM,6,6,0.6893203883495146,2.950000000000003,66.92500000000001,-0.10500000000001819,0.020048708309268554,0
MSFT250703C00432500,2025-06-27 18:51:49+00:00,432.5,63.81,62.45,65.9,-2.42,-3.653933,24.0,0,0.6982452050781252,True,REGULAR,USD,MSFT,2025-07-03,3,495.9400024414063,0.8720812958642079,2025-06-29 12:49:55.818259,63.77417267423351,0.705560450631026,63.15556045063103,0.0358273257664905,0.6544395493689734,0.6186122236024829,1,0.9997735399738512,0.9861084783354837,0.0011291321588694462,-0.24373663754262104,0.7602563037109376,0.0,0.0,OTM,6,6,24.0,3.450000000000003,64.17500000000001,-0.3650000000000091,0.015938205007391227,0
MSFT250703C00435000,2025-06-26 19:45:31+00:00,435.0,62.48,60.45,63.4,0.0,0.0,9.0,258,0.7163114306640624,True,REGULAR,USD,MSFT,2025-07-03,3,495.9400024414063,0.8771222282102438,2025-06-29 12:49:55.818259,61.357883228559274,0.2688201465696878,60.71882014656969,1.122116771440723,1.7611798534303063,0.6390630819895833,1,0.9999683418923956,0.9801907650970771,0.0014911831170518557,-0.31597844764543803,0.7358424853515626,0.0,0.0,OTM,6,6,0.03474903474903475,2.9499999999999957,61.925,0.5549999999999997,0.02159332540435967,0
MSFT250703C00437500,2025-06-27 18:31:30+00:00,437.5,58.58,57.4,60.85,-1.97,-3.2535095,25.0,0,0.6408727319335938,True,REGULAR,USD,MSFT,2025-07-03,3,495.9400024414063,0.8821631605562796,2025-06-29 12:49:55.818259,58.765716047101535,0.7994352073397266,58.199435207339725,-0.18571604710153622,0.3805647926602731,0.5662808397618093,1,0.9996022855782959,0.9858840263696435,0.0012473297153099865,-0.23153563539018981,0.7058134887695313,0.0,0.0,OTM,6,6,25.0,3.450000000000003,59.125,-0.5450000000000017,0.01615993955936828,0
MSFT250703C00440000,2025-06-27 18:21:33+00:00,440.0,56.91,55.25,58.4,0.6100006,1.0834824,17.0,171,0.6508823974609376,True,REGULAR,USD,MSFT,2025-07-03,3,495.9400024414063,0.8872040929023156,2025-06-29 12:49:55.818259,56.3335770395845,0.5050265215926117,55.75502652159261,0.5764229604154991,1.1549734784073848,0.5785505179918857,1,0.9999639527243608,0.9805216994403417,0.0016177739735473637,-0.289815042832453,0.6945831323242188,0.0,0.0,OTM,6,6,0.09883720930232558,3.1499999999999986,56.825,0.08499999999999375,0.02128663634203435,0
MSFT250703C00442500,2025-06-27 18:38:00+00:00,442.5,53.9,52.4,55.85,8.29,18.175838,5.0,1,0.5932657861328126,True,REGULAR,USD,MSFT,2025-07-03,3,495.9400024414063,0.8922450252483515,2025-06-29 12:49:55.818259,53.772770895690314,0.8488715796093658,53.248871579609364,0.12722910430968426,0.6511284203906342,0.52389931608095,1,0.9998647439408573,0.9843933009087289,0.0014689140406480127,-0.23370346484771454,0.6599155102539063,0.0,0.0,OTM,6,6,2.5,3.450000000000003,54.125,-0.22500000000000142,0.017617016257186806,0
MSFT250703C00445000,2025-06-27 19:50:00+00:00,445.0,49.85,50.25,53.35,-3.1000023,-5.8545837,2.0,37,0.5976602734375001,True,REGULAR,USD,MSFT,2025-07-03,3,495.9400024414063,0.8972859575943873,2025-06-29 12:49:55.818259,51.33437057008808,0.5536515051538515,50.80365150515385,-1.4843705700880818,-0.9536515051538501,0.5307190649342317,0,0.005396925717477808,0.9790706251314192,0.0018725177229621066,-0.28483952616042707,0.6397985239257813,0.0,0.0,OTM,6,6,0.05263157894736842,3.1000000000000014,51.8,-1.9499999999999957,0.02262387517712168,0
MSFT250703C00447500,2025-06-27 14:18:16+00:00,447.5,50.92,47.65,50.95,7.7,17.815826,1.0,15,0.5730023168945313,True,REGULAR,USD,MSFT,2025-07-03,3,495.9400024414063,0.9023268899404232,2025-06-29 12:49:55.818259,48.839258987333835,0.6802831645003238,48.33028316450032,2.0807410126661665,2.5897168354996793,0.5089758228335128,1,0.9999655083532879,0.9779091912443554,0.0020443218355376998,-0.28589633727620867,0.6111367011718751,0.0,0.0,OTM,6,6,0.0625,3.3000000000000043,49.3,1.6200000000000045,0.023680578915866935,0
MSFT250703C00450000,2025-06-27 19:58:38+00:00,450.0,46.89,45.5,48.45,-1.3600006,-2.818654,17.0,189,0.5722699023437501,True,REGULAR,USD,MSFT,2025-07-03,3,495.9400024414063,0.9073678222864592,2025-06-29 12:49:55.818259,46.408962159103,0.39569926695883595,45.895699266958836,0.4810378408970024,0.9943007330411646,0.5132628921441622,1,0.9999535977436951,0.971771622264098,0.0025140217926078083,-0.3370617233822267,0.5974161352539062,0.0,0.0,OTM,6,6,0.08947368421052632,2.950000000000003,46.975,-0.08500000000000085,0.029084165909257297,0
MSFT250703C00452500,2025-06-27 19:54:45+00:00,452.5,43.2,42.55,45.85,-2.5,-5.4704595,33.0,8,0.5092822509765625,True,REGULAR,USD,MSFT,2025-07-03,3,495.9400024414063,0.9124087546324948,2025-06-29 12:49:55.818259,43.81442796819027,0.8137397971355043,43.3637397971355,-0.6144279681902702,-0.16373979713549858,0.45068817105477166,1,0.997508465706727,0.9781707727741548,0.0022770850297360195,-0.2594422261302383,0.5690961059570313,0.0,0.0,OTM,6,6,3.6666666666666665,3.3000000000000043,44.2,-1.0,0.023443608427174252,0
MSFT250703C00455000,2025-06-27 19:14:53+00:00,455.0,40.89,39.8,43.45,-1.6300011,-3.8334925,7.0,211,0.6657748266601564,True,REGULAR,USD,MSFT,2025-07-03,3,495.9400024414063,0.9174496869785308,2025-06-29 12:49:55.818259,42.10101192482955,1.688546907141152,41.48854690714115,-1.211011924829549,-0.5985469071411487,0.6124650176884003,1,0.9993279212628786,0.9284587263838158,0.004561095903015939,-0.7384854668011174,0.5835979140625001,0.0,0.0,OTM,6,6,0.0330188679245283,3.6500000000000057,41.625,-0.7349999999999994,0.061387966022040275,0
MSFT250703C00457500,2025-06-27 19:50:00+00:00,457.5,37.55,37.1,40.9,0.6100006,1.6513282,3.0,69,0.631839619140625,True,REGULAR,USD,MSFT,2025-07-03,3,495.9400024414063,0.9224906193245668,2025-06-29 12:49:55.818259,39.5941199645377,1.9144388338297347,39.014438833829736,-2.0441199645376997,-1.464438833829739,0.5796811307079608,1,0.9952468466880471,0.9256646606837589,0.004949097900826443,-0.723157829648943,0.5904337832031251,0.0,0.0,OTM,6,6,0.04285714285714286,3.799999999999997,39.0,-1.4500000000000028,0.06321491661971326,0
MSFT250703C00460000,2025-06-27 19:46:04+00:00,460.0,35.98,35.45,38.45,-3.920002,-9.824566,52.0,460,0.6059609716796877,True,REGULAR,USD,MSFT,2025-07-03,3,495.9400024414063,0.9275315516706026,2025-06-29 12:49:55.818259,37.140774279152765,1.1376154436983086,36.58761544369831,-1.1607742791527684,-0.6076154436983146,0.5531588354544539,1,0.9980153253419929,0.9198892249482395,0.005462339103690033,-0.7331836895739748,0.5970255141601564,0.0,0.0,OTM,6,6,0.11279826464208242,3.0,36.95,-0.970000000000006,0.06691291978929359,0
MSFT250703C00462500,2025-06-27 19:31:49+00:00,462.5,33.55,32.1,35.95,-0.15000153,-0.44510838,10.0,29,0.5758099060058592,True,REGULAR,USD,MSFT,2025-07-03,3,495.9400024414063,0.9325724840166384,2025-06-29 12:49:55.818259,34.66289718635949,2.039782053754493,34.139782053754494,-1.1128971863594899,-0.5897820537544973,0.5231151326049925,1,0.9992961379271349,0.914848227860478,0.006018556060359752,-0.7297391134463159,0.5977335148925782,0.0,0.0,OTM,6,6,0.3333333333333333,3.8500000000000014,34.025000000000006,-0.4750000000000085,0.07005806083056655,0
MSFT250703C00465000,2025-06-27 19:34:18+00:00,465.0,31.36,29.9,33.45,-2.329998,-6.915993,25.0,193,0.5454147021484376,True,REGULAR,USD,MSFT,2025-07-03,3,495.9400024414063,0.9376134163626744,2025-06-29 12:49:55.818259,32.186513435889765,1.7938828600223573,31.693882860022356,-0.8265134358897654,-0.33388286002235645,0.492630575867409,1,0.9990065256425561,0.9091911886303279,0.006666163369395135,-0.7254948763149438,0.6049600051269531,0.0,0.0,OTM,6,6,0.12886597938144329,3.5500000000000043,31.675,-0.3150000000000013,0.07350035950420422,0
MSFT250703C00467500,2025-06-27 19:45:42+00:00,467.5,28.2,27.4,30.95,-1.8499985,-6.156401,9.0,102,0.5147753601074219,True,REGULAR,USD,MSFT,2025-07-03,3,495.9400024414063,0.9426543487087105,2025-06-29 12:49:55.818259,29.712152318059452,1.8500373823415401,29.25003738234154,-1.512152318059453,-1.0500373823415394,0.4621149357179135,1,0.9987532967947962,0.9027780346073169,0.007427714631886981,-0.720433785564061,0.5747601118164063,0.0,0.0,OTM,6,6,0.08737864077669903,3.5500000000000007,29.174999999999997,-0.9749999999999979,0.07729646469542466,0
MSFT250703C00470000,2025-06-27 19:52:25+00:00,470.0,25.25,24.6,28.45,-3.1499996,-11.091548,137.0,736,0.4838918798828125,True,REGULAR,USD,MSFT,2025-07-03,3,495.9400024414063,0.9476952810547462,2025-06-29 12:49:55.818259,27.240526162741503,2.2088543339787527,26.808854333978754,-1.990526162741503,-1.5588543339787542,0.4316718287627488,1,0.998184233297464,0.8954230642934002,0.008333315469264996,-0.7145313609671236,0.5451705639648436,0.0,0.0,OTM,6,6,0.18588873812754408,3.849999999999998,26.525,-1.2749999999999986,0.08151787072357303,0
MSFT250703C00472500,2025-06-27 19:14:40+00:00,472.5,23.56,23.1,25.05,-1.7900009,-7.0611477,43.0,166,0.3878235046386719,True,REGULAR,USD,MSFT,2025-07-03,3,495.9400024414063,0.952736213400782,2025-06-29 12:49:55.818259,24.27367123979093,0.8217565128303654,23.921756512830367,-0.71367123979093,-0.36175651283036814,0.3519147269605618,1,0.9979263220161,0.9201859894019913,0.008510800923977564,-0.49048418645945885,0.5015430705566406,0.0,0.0,ATM,6,6,0.25748502994011974,1.9499999999999993,24.075000000000003,-0.5150000000000041,0.06672540655429847,0
MSFT250703C00475000,2025-06-27 19:58:53+00:00,475.0,21.42,20.6,21.95,-1.8700008,-8.029201,110.0,561,0.3099434240722656,True,REGULAR,USD,MSFT,2025-07-03,3,495.9400024414063,0.957777145746818,2025-06-29 12:49:55.818259,21.491444195910447,0.6091788142320134,21.209178814232015,-0.07144419591044482,0.21082118576798692,0.28226538167843174,1,0.9993910383027369,0.9410848647024963,0.008426709902347868,-0.3337363897812976,0.44836977416992185,0.0,0.0,ATM,6,6,0.19572953736654805,1.3499999999999979,21.275,0.14500000000000313,0.052799175366807026,0
MSFT250703C00477500,2025-06-27 19:54:04+00:00,477.5,18.15,18.05,19.6,-3.0300007,-14.305952,81.0,508,0.2950509948730468,True,REGULAR,USD,MSFT,2025-07-03,3,495.9400024414063,0.9628180780928538,2025-06-29 12:49:55.818259,19.080846821831813,0.7630754615189268,18.813075461518928,-0.930846821831814,-0.6630754615189289,0.26777136031288507,1,0.46971485048064393,0.925807170088448,0.010582770276185488,-0.37068791114363464,0.39829703271484374,0.0,0.0,ATM,6,6,0.15913555992141454,1.5500000000000007,18.825000000000003,-0.6750000000000043,0.06312234464459682,0
MSFT250703C00480000,2025-06-27 19:59:08+00:00,480.0,16.87,15.75,17.1,-2.0099983,-10.646178,323.0,1688,0.266608896484375,True,REGULAR,USD,MSFT,2025-07-03,3,495.9400024414063,0.9678590104388896,2025-06-29 12:49:55.818259,16.60032530582197,0.6100155215934961,16.360015521593496,0.2696746941780326,0.5099844784065048,0.24030978422847227,1,0.9997307981287901,0.9163109999275703,0.012830703445066028,-0.36725800462784125,0.3486637399902343,0.0,0.0,ATM,6,6,0.19123741859088217,1.3500000000000014,16.425,0.4450000000000003,0.06915311927440652,0
MSFT250703C00482500,2025-06-27 19:54:50+00:00,482.5,13.71,13.15,15.05,-2.2699995,-14.205255,79.0,762,0.2679516564941406,True,REGULAR,USD,MSFT,2025-07-03,3,495.9400024414063,0.9728999427849256,2025-06-29 12:49:55.818259,14.379193233167086,0.9945411443006051,14.144541144300605,-0.6691932331670856,-0.43454114430060464,0.23465208886648092,1,0.9972034353210847,0.8769827804320569,0.016896594417812338,-0.4663501451658697,0.30547569531249996,0.0,0.0,ATM,6,6,0.10353866317169069,1.9000000000000004,14.100000000000001,-0.39000000000000057,0.09152553910151802,0
MSFT250703C00485000,2025-06-27 19:59:53+00:00,485.0,12.09,11.2,12.4,-2.1099997,-14.859154,296.0,1582,0.2269364416503906,True,REGULAR,USD,MSFT,2025-07-03,3,495.9400024414063,0.9779408751309616,2025-06-29 12:49:55.818259,11.825823627629063,0.4279491864021363,11.627949186402136,0.2641763723709367,0.46205081359786426,0.19787444122692754,1,0.9997636433129092,0.8674568094929458,0.021011937481208026,-0.4219068320458668,0.27329828271484374,0.0,0.0,ATM,6,6,0.18698673404927352,1.200000000000001,11.8,0.28999999999999915,0.0963955555732078,0
MSFT250703C00487500,2025-06-27 19:54:50+00:00,487.5,9.96,9.35,10.4,-1.6400003,-14.137934,141.0,765,0.2225419543457031,True,REGULAR,USD,MSFT,2025-07-03,3,495.9400024414063,0.9829818074769974,2025-06-29 12:49:55.818259,9.690187898855982,0.15015707658274025,9.50015707658274,0.2698121011440193,0.45984292341726096,0.19003082227324164,1,0.9997675961221837,0.81090095565563,0.027041386523589946,-0.5049825673399969,0.2558179887695312,0.0,0.0,ATM,6,6,0.18407310704960836,1.0500000000000007,9.875,0.08500000000000085,0.12165431662873624,0
MSFT250703C00490000,2025-06-27 19:59:08+00:00,490.0,8.0,7.65,7.9,-1.3500004,-14.438505,957.0,16281,0.1864095031738281,True,REGULAR,USD,MSFT,2025-07-03,3,495.9400024414063,0.9880227398230332,2025-06-29 12:49:55.818259,7.257973172155403,-0.5458653240153373,7.104134675984663,0.7420268278445974,0.8958653240153369,0.15383849617073952,1,0.9995330387782408,0.7720957967080015,0.03604361706522749,-0.47344740833773874,0.23408969042968747,0.0,0.0,ATM,6,6,0.05877656307578921,0.25,7.775,0.22499999999999964,0.13582605464765765,0
MSFT250703C00492500,2025-06-27 19:59:59+00:00,492.5,5.95,5.85,6.05,-1.7000003,-22.222225,785.0,1101,0.17774259765625,True,REGULAR,USD,MSFT,2025-07-03,3,495.9400024414063,0.9930636721690692,2025-06-29 12:49:55.818259,5.324305688631171,-0.6641261366184255,5.185873863381574,0.6256943113688296,0.764126136618426,0.1384318252495964,1,0.99713393262914,0.6792172591259487,0.044793940794045785,-0.5222162531552327,0.2163164306640625,0.0,0.0,ATM,6,6,0.7123411978221416,0.20000000000000018,5.949999999999999,8.881784197001252e-16,0.1609524028105925,0
MSFT250703C00495000,2025-06-27 19:59:58+00:00,495.0,4.24,4.2,4.4,-1.4100003,-24.955757,4285.0,2469,0.1690756921386719,True,REGULAR,USD,MSFT,2025-07-03,3,495.9400024414063,0.998104604515105,2025-06-29 12:49:55.818259,3.6351803339109097,-0.6876271605344075,3.5123728394655926,0.6048196660890905,0.7276271605344076,0.12280749444531702,1,0.9703382914118349,0.5628680638041855,0.0518260225500638,-0.5369083382326522,0.19654123779296873,0.0,0.0,ATM,6,6,1.7348178137651822,0.20000000000000018,4.300000000000001,-0.0600000000000005,0.17713962605704914,0
MSFT250703C00497500,2025-06-27 19:59:57+00:00,497.5,2.93,2.93,3.05,-1.27,-30.238094,4238.0,1354,0.1629112030029297,False,REGULAR,USD,MSFT,2025-07-03,3,495.9400024414063,1.0031455368611408,2025-06-29 12:49:55.818259,2.298167067163405,-0.7267491342434127,2.2032508657565875,0.6318329328365953,0.7267491342434127,0.09491620140681745,0,0.07789618835163518,0.4295846871335531,0.053614166080393856,-0.5082906761406265,0.18373619006347658,0.0,0.0,ATM,6,6,3.1276752767527674,0.11999999999999966,2.99,-0.06000000000000005,0.1765701052700686,0
MSFT250703C00500000,2025-06-27 19:59:54+00:00,500.0,1.95,1.94,2.0,-1.05,-35.0,8703.0,5629,0.15821154296875,False,REGULAR,USD,MSFT,2025-07-03,3,495.9400024414063,1.0081864692071767,2025-06-29 12:49:55.818259,1.3268034600323517,-0.6739383271629702,1.2660616728370298,0.6231965399676482,0.6839383271629702,0.06074178719532197,1,0.918189101376747,0.2971548410232371,0.048666678330584655,-0.430440170207622,0.17087010778808592,0.0,0.0,ATM,6,6,1.5458259325044406,0.06000000000000005,1.97,-0.020000000000000018,0.15565265793177835,0
MSFT250703C00502500,2025-06-27 19:59:19+00:00,502.5,1.3,1.23,1.3,-0.9,-40.909092,3584.0,1002,0.15821154296875,False,REGULAR,USD,MSFT,2025-07-03,3,495.9400024414063,1.0132274015532126,2025-06-29 12:49:55.818259,0.7355888985007084,-0.5323758490471665,0.6976241509528335,0.5644111014992916,0.6023758490471666,0.03796474754787493,1,0.9350630089381414,0.1893416960476369,0.03806673197131385,-0.3338012074336378,0.16523051574707032,0.0,0.0,ATM,6,6,3.5732801595214356,0.07000000000000006,1.2650000000000001,0.03499999999999992,0.12175040938407157,0
MSFT250703C00505000,2025-06-27 19:59:55+00:00,505.0,0.82,0.77,0.83,-0.59,-41.84397,7989.0,3875,0.1599205102539062,False,REGULAR,USD,MSFT,2025-07-03,3,495.9400024414063,1.0182683338992486,2025-06-29 12:49:55.818259,0.3903036741194299,-0.4003183675706222,0.3696816324293778,0.42969632588057005,0.45031836757062216,0.020622041690052106,1,0.8429825039420707,0.11255273969395807,0.026584304585780472,-0.23666347155761736,0.16166609826660155,0.0,0.0,ATM,6,6,2.0611455108359134,0.05999999999999994,0.8,0.019999999999999907,0.08594411441468196,0
MSFT250703C00507500,2025-06-27 19:59:55+00:00,507.5,0.51,0.51,0.54,-0.44,-46.31579,815.0,453,0.164070859375,False,REGULAR,USD,MSFT,2025-07-03,3,495.9400024414063,1.0233092662452845,2025-06-29 12:49:55.818259,0.20818404948670377,-0.3150421704907719,0.1949578295092281,0.30181595051329624,0.3150421704907719,0.013226219977475667,0,0.020590858702397068,0.06501287102052196,0.017190598147666183,-0.16030376798665386,0.16066513171386718,0.0,0.0,ATM,6,6,1.7951541850220265,0.030000000000000027,0.525,-0.015000000000000013,0.05701762338316045,0
MSFT250703C00510000,2025-06-27 19:59:24+00:00,510.0,0.38,0.34,0.37,-0.23000002,-37.70492,8354.0,3615,0.170906728515625,False,REGULAR,USD,MSFT,2025-07-03,3,495.9400024414063,1.0283501985913204,2025-06-29 12:49:55.818259,0.11760377478747941,-0.23154874481165624,0.10845125518834378,0.2623962252125206,0.27154874481165625,0.009152519599135628,1,0.9414047451878998,0.0383647871442846,0.010839723590622326,-0.10926756180748408,0.16226423681640623,0.0,0.0,ATM,6,6,2.310287610619469,0.02999999999999997,0.355,0.025000000000000022,0.03745105349870163,0
MSFT250703C00512500,2025-06-27 19:58:52+00:00,512.5,0.26,0.24,0.26,-0.18,-40.909092,2022.0,315,0.1782308740234375,False,REGULAR,USD,MSFT,2025-07-03,3,495.9400024414063,1.0333911309373562,2025-06-29 12:49:55.818259,0.06780914474095034,-0.1777124859096379,0.0622875140903621,0.19219085525904966,0.19771248590963791,0.005521630650588243,1,0.7424728545372931,0.022791796447519812,0.006747835228428786,-0.073760493690851,0.16626810302734374,0.0,0.0,ATM,6,6,6.39873417721519,0.020000000000000018,0.25,0.010000000000000009,0.024312749530015675,0
MSFT250703C00515000,2025-06-27 19:59:51+00:00,515.0,0.18,0.16,0.19,-0.09,-33.333336,655.0,572,0.1867757104492187,False,REGULAR,USD,MSFT,2025-07-03,3,495.9400024414063,1.038432063283392,2025-06-29 12:49:55.818259,0.04147308308058406,-0.12266920363060284,0.037330796369397165,0.13852691691941593,0.14266920363060281,0.004142286711186896,1,0.9796718716418,0.014103783087896489,0.004276705355175067,-0.051219785587898144,0.17198093652343746,0.0,0.0,ATM,6,6,1.1431064572425829,0.03,0.175,0.0050000000000000044,0.016147912869858692,0
MSFT250703C00517500,2025-06-27 19:57:15+00:00,517.5,0.12,0.11,0.13,-0.07,-36.842106,142.0,97,0.192390888671875,False,REGULAR,USD,MSFT,2025-07-03,3,495.9400024414063,1.043472995629428,2025-06-29 12:49:55.818259,0.022885244273600946,-0.09066133340703528,0.01933866659296472,0.09711475572639905,0.10066133340703527,0.0035465776806362266,1,0.9884605803304733,0.008031525112944972,0.00254276200685226,-0.03225351703345495,0.17847501220703124,0.0,0.0,ATM,6,6,1.4489795918367347,0.020000000000000004,0.12,0.0,0.009889558056435039,0
MSFT250703C00520000,2025-06-27 19:59:52+00:00,520.0,0.08,0.07,0.09,-0.060000002,-42.857143,647.0,665,0.198250205078125,False,REGULAR,USD,MSFT,2025-07-03,3,495.9400024414063,1.0485139279754638,2025-06-29 12:49:55.818259,0.012818594764413493,-0.060302189514007565,0.009697810485992438,0.06718140523558651,0.07030218951400756,0.003120784278421055,1,0.9726465270208603,0.004607959643071008,0.0015082965296908438,-0.0202845772907159,0.18531088134765622,0.0,0.0,ATM,6,6,0.9714714714714715,0.01999999999999999,0.08,0.0,0.006044871135051038,0
MSFT250703C00522500,2025-06-27 19:54:03+00:00,522.5,0.05,0.05,0.07,-0.04,-44.444443,239.0,87,0.2075274560546874,False,REGULAR,USD,MSFT,2025-07-03,3,495.9400024414063,1.0535548603214997,2025-06-29 12:49:55.818259,0.008580444603124793,-0.04371042677879503,0.006289573221204969,0.04141955539687521,0.04371042677879503,0.0022908713819198238,0,0.034027910384193054,0.0030567444963048,0.000997228240877247,-0.014676909828473821,0.1926350268554687,0.0,0.0,ITM,6,6,2.715909090909091,0.020000000000000004,0.060000000000000005,-0.010000000000000002,0.00418366403085566,0
MSFT250703C00525000,2025-06-27 19:59:46+00:00,525.0,0.05,0.04,0.05,-0.029999997,-37.499996,488.0,391,0.213875048828125,False,REGULAR,USD,MSFT,2025-07-03,3,495.9400024414063,1.0585957926675356,2025-06-29 12:49:55.818259,0.005077728497995482,-0.0367112246042971,0.0032887753957029026,0.04492227150200452,0.0467112246042971,0.0017889531022925792,1,0.9769804586692619,0.0018311685050546411,0.0006085523943530419,-0.009502645918514597,0.1997638618164062,0.0,0.0,ITM,6,6,1.2448979591836735,0.010000000000000002,0.045,0.0050000000000000044,0.0026311449078968217,0
MSFT250703C00527500,2025-06-27 14:49:02+00:00,527.5,0.04,0.0,0.38,0.0,0.0,4.0,7,0.3169013623046874,False,REGULAR,USD,MSFT,2025-07-03,3,495.9400024414063,1.0636367250135714,2025-06-29 12:49:55.818259,0.0866941348947865,0.07879223909541194,0.07879223909541194,-0.0466941348947865,-0.03879223909541194,0.007901895799374559,1,0.9997318041751052,0.017058484684507193,0.0029675977191156297,-0.10155972971140699,0.22578899218749998,0.0,0.0,ITM,6,6,0.5,0.38,0.19,-0.15,0.019011474645107183,0
MSFT250703C00530000,2025-06-27 19:56:01+00:00,530.0,0.06,0.0,0.03,0.009999998,19.999996,299.0,714,0.229499892578125,False,REGULAR,USD,MSFT,2025-07-03,3,495.9400024414063,1.0686776573596073,2025-06-29 12:49:55.818259,0.00218588530402708,0.0012456196507571653,0.0012456196507571653,0.05781411469597292,0.05875438034924283,0.0009402656532699145,1,0.9999070761716787,0.0007828220729801487,0.0002605395278170301,-0.004676416697823188,0.23321079296874997,0.0,0.0,ITM,6,6,0.41818181818181815,0.03,0.015,0.045,0.0012087675099582945,0
MSFT250703C00532500,2025-06-27 19:30:17+00:00,532.5,0.02,0.0,0.36,-0.02,-50.0,5.0,1,0.3515689843749999,False,REGULAR,USD,MSFT,2025-07-03,3,495.9400024414063,1.0737185897056434,2025-06-29 12:49:55.818259,0.0758643169236981,0.06792202102511653,0.06792202102511653,-0.0558643169236981,-0.04792202102511653,0.007942295898581572,1,0.9997081886219275,0.013805643880431559,0.0022305895874071406,-0.09381906916053559,0.26387454882812494,0.0,0.0,ITM,6,6,2.5,0.36,0.18,-0.16,0.015853198402137347,0
MSFT250703C00535000,2025-06-27 13:36:02+00:00,535.0,0.03,0.01,0.24,0.01,50.0,15.0,28,0.3442448388671875,False,REGULAR,USD,MSFT,2025-07-03,3,495.9400024414063,1.0787595220516792,2025-06-29 12:49:55.818259,0.041659303516900614,0.0250511776690285,0.0350511776690285,-0.011659303516900615,-0.005051177669028503,0.006608125847872112,1,0.9993229930288983,0.008188986750544113,0.001445549832256854,-0.058267576944544985,0.291218025390625,0.0,0.0,ITM,6,6,0.5172413793103449,0.22999999999999998,0.125,-0.095,0.010059749706914832,0
MSFT250703C00537500,2025-06-27 18:21:59+00:00,537.5,0.01,0.0,0.35,-0.01,-50.0,1.0,2,0.3862366064453124,False,REGULAR,USD,MSFT,2025-07-03,3,495.9400024414063,1.083800454397715,2025-06-29 12:49:55.818259,0.06884739476716195,0.06077006085514162,0.06077006085514162,-0.05884739476716195,-0.050770060855141616,0.008077333912020333,1,0.9996795416369313,0.011635659062351898,0.0017510937418396507,-0.08879504460966384,0.3256903369140624,0.0,0.0,ITM,6,6,0.3333333333333333,0.35,0.175,-0.16499999999999998,0.013672549314593685,0
MSFT250703C00540000,2025-06-27 17:23:40+00:00,540.0,0.01,0.0,0.24,-0.01,-50.0,13.0,35,0.3784241845703124,False,REGULAR,USD,MSFT,2025-07-03,3,495.9400024414063,1.088841386743751,2025-06-29 12:49:55.818259,0.03915020054686469,0.03203651973766344,0.03203651973766344,-0.029150200546864687,-0.022036519737663435,0.007113680809201252,1,0.9996795416369313,0.007107869309801227,0.0011608674593606098,-0.05648884636799041,0.33799490136718746,0.0,0.0,ITM,6,6,0.3611111111111111,0.24,0.12,-0.11,0.00888072028225962,0
MSFT250703C00545000,2025-06-26 19:06:08+00:00,545.0,0.02,0.0,0.23,0.0,0.0,227.0,397,0.4091855957031249,False,REGULAR,USD,MSFT,2025-07-03,3,495.9400024414063,1.0989232514358227,2025-06-29 12:49:55.818259,0.03500218910942943,0.027659417441616662,0.027659417441616662,-0.015002189109429426,-0.007659417441616662,0.007342771667812765,1,0.9996961462446096,0.00598183086932489,0.0009217028151143357,-0.052397242264682814,0.37393204199218744,0.0,0.0,ITM,6,6,0.5703517587939698,0.23,0.115,-0.095,0.0076242639135820425,0
MSFT250703C00550000,2025-06-27 16:01:29+00:00,550.0,0.01,0.0,0.02,0.0,0.0,170.0,20,0.3242255078124999,False,REGULAR,USD,MSFT,2025-07-03,3,495.9400024414063,1.1090051161278944,2025-06-29 12:49:55.818259,0.0008767628272027955,0.0004561225737838821,0.0004561225737838821,0.009123237172797205,0.009543877426216119,0.0004206402534189134,1,0.999780841193704,0.000240446853677089,6.173862331996788e-05,-0.0022029026129538796,0.3684633466796874,0.0,0.0,ITM,6,6,8.095238095238095,0.02,0.01,0.0,0.0004046604779838183,0
MSFT250703C00555000,2025-06-27 15:22:01+00:00,555.0,0.01,0.0,0.01,-0.01,-50.0,2.0,2,0.3281317187499999,False,REGULAR,USD,MSFT,2025-07-03,3,495.9400024414063,1.1190869808199662,2025-06-29 12:49:55.818259,0.0003037172390942741,3.0427363087256365e-05,3.0427363087256365e-05,0.009696282760905726,0.009969572636912744,0.00027328987600701776,1,0.9997265443341343,8.719820104846953e-05,2.358930525489479e-05,-0.0008616325528919467,0.36524072265624985,0.0,0.0,ITM,6,6,0.6666666666666666,0.01,0.005,0.005,0.00015647682794589263,0
MSFT250703C00570000,2025-06-25 14:43:13+00:00,570.0,0.01,0.0,0.82,0.0,0.0,1.0,2,0.6206092626953126,False,REGULAR,USD,MSFT,2025-07-03,3,495.9400024414063,1.1493325748961816,2025-06-29 12:49:55.818259,0.06646243575888056,0.054102184821567194,0.054102184821567194,-0.056462435758880554,-0.04410218482156719,0.012360250937313362,1,0.9995709545600128,0.007378798111308623,0.0007315926884480278,-0.09543045205768667,0.41211525390625,0.0,0.0,ITM,6,6,0.3333333333333333,0.82,0.41,-0.39999999999999997,0.009178554259401202,0
MSFT250703C00575000,2025-06-27 18:18:28+00:00,575.0,0.06,0.0,0.22,0.0,0.0,5.0,0,0.5400436621093752,False,REGULAR,USD,MSFT,2025-07-03,3,495.9400024414063,1.1594144395882533,2025-06-29 12:49:55.818259,0.009546828749069536,0.0058212999141652455,0.0058212999141652455,0.05045317125093046,0.05417870008583475,0.0037255288349042903,1,0.999752829101503,0.001402871931221611,0.00018905307098233712,-0.018671055660298155,0.4444391494140625,0.0,0.0,ITM,6,6,5.0,0.22,0.11,-0.05,0.0020639505125405284,0
MSFT250703C00600000,2025-06-27 18:47:10+00:00,600.0,0.02,0.0,0.01,0.0,0.0,2.0,0,0.500005,False,REGULAR,USD,MSFT,2025-07-03,3,495.9400024414063,1.2098237630486122,2025-06-29 12:49:55.818259,7.38450343649149e-05,0.0,0.0,0.019926154965635087,0.02,7.38450343649149e-05,1,0.999839453360866,1.5216729451318884e-05,2.9701708513746043e-06,-0.0002512111274449797,0.46260303027343747,0.0,0.0,ITM,6,6,2.0,0.01,0.005,0.015,3.0022195512973295e-05,0
MSFT250711C00350000,2025-06-25 14:32:17+00:00,350.0,144.35,145.1,148.55,0.0,0.0,2.0,2876,0.9799806689453124,True,REGULAR,USD,MSFT,2025-07-11,11,495.9400024414063,0.7057305284450237,2025-06-29 12:49:55.966171,146.98034588464384,0.11865093213216937,145.21865093213216,-2.6303458846438446,-0.8686509321321694,1.7616949525116752,0,0.0021804340341112834,0.9839251734076976,0.00047632054708036015,-0.20083443345216598,0.5937540625000001,0.0,0.0,OTM,6,6,0.0006951685783802572,3.450000000000017,146.825,-2.4749999999999943,0.03459990651453263,0
MSFT250711C00355000,2025-06-13 16:16:27+00:00,355.0,124.27,140.35,143.55,0.0,0.0,3.0,3,0.9677737597656252,True,REGULAR,USD,MSFT,2025-07-11,11,495.9400024414063,0.7158123931370955,2025-06-29 12:49:55.966171,142.0725599217442,-0.021384435715248173,140.32861556428475,-17.80255992174419,-16.05861556428475,1.7439443574594407,0,0.00012714283859482995,0.9813747398595748,0.0005469812233597468,-0.21981550278687245,0.7216824707031251,0.0,0.0,OTM,6,6,0.75,3.200000000000017,141.95,-17.679999999999993,0.039237773966331886,0
MSFT250711C00365000,2025-06-12 14:19:47+00:00,365.0,113.11,130.25,133.6,0.0,0.0,3.0,7,0.8947764428710936,True,REGULAR,USD,MSFT,2025-07-11,11,495.9400024414063,0.735976122521239,2025-06-29 12:49:55.966171,132.07459030523069,0.22023702818782454,130.47023702818782,-18.964590305230686,-17.360237028187825,1.6043532770428612,0,0.00012506945576738052,0.9803444314294609,0.0006193149133960654,-0.21557060790779073,0.7765159067382813,0.0,0.0,OTM,6,6,0.375,3.3499999999999943,131.925,-18.815000000000012,0.0410756249935871,0
MSFT250711C00370000,2025-06-16 15:19:06+00:00,370.0,111.49,125.25,128.6,0.0,0.0,2.0,2,0.8608412353515625,True,REGULAR,USD,MSFT,2025-07-11,11,495.9400024414063,0.7460579872133108,2025-06-29 12:49:55.966171,127.08360406280656,0.2931210075343671,125.54312100753437,-15.593604062806563,-14.053121007534372,1.5404830552721904,0,0.00012506945576738052,0.9795779039131767,0.0006649617522633695,-0.2151676627555431,0.8406754213867188,0.0,0.0,OTM,6,6,0.6666666666666666,3.3499999999999943,126.925,-15.435000000000002,0.04243046862567835,0
MSFT250711C00380000,2025-06-27 18:07:02+00:00,380.0,117.51,115.3,118.6,5.760002,5.154364,9.0,4,0.7980977221679688,True,REGULAR,USD,MSFT,2025-07-11,11,495.9400024414063,0.7662217165974543,2025-06-29 12:49:55.966171,117.12086932224327,0.3956478377652104,115.69564783776521,0.3891306777567394,1.8143521622347976,1.4252214844780582,1,0.9999252405210787,0.9773622256101251,0.0007824808023565336,-0.21828236968072723,0.9002939658203125,0.0,0.0,OTM,6,6,1.8,3.299999999999997,116.94999999999999,0.5600000000000165,0.04629007270269761,0
MSFT250711C00385000,2025-06-26 19:19:14+00:00,385.0,112.4,110.3,113.65,0.0,0.0,11.0,14,0.7685570019531252,True,REGULAR,USD,MSFT,2025-07-11,11,495.9400024414063,0.7763035812895261,2025-06-29 12:49:55.966171,112.14749626051082,0.475319314001041,110.77531931400104,0.25250373948918536,1.6246806859989675,1.3721769465097822,1,0.9999472279908531,0.9759133303212316,0.0008561062034703304,-0.22131661287970436,0.858009232421875,0.0,0.0,OTM,6,6,0.7333333333333333,3.3500000000000085,111.975,0.42500000000001137,0.048771018809628794,0
MSFT250711C00390000,2025-06-27 17:03:38+00:00,390.0,108.58,105.25,108.65,0.5600052,0.5184273,3.0,10,0.7321804125976561,True,REGULAR,USD,MSFT,2025-07-11,11,495.9400024414063,0.7863854459815979,2025-06-29 12:49:55.966171,107.13981465297644,0.5858074001136373,105.83580740011364,1.440185347023558,2.744192599886361,1.304007252862803,1,0.9999674729518454,0.9753514130239226,0.0009162085255985257,-0.21707354079501376,0.8108905629882812,0.0,0.0,OTM,6,6,0.2727272727272727,3.4000000000000057,106.95,1.6299999999999955,0.049724512667120774,0
MSFT250711C00395000,2025-06-26 19:23:53+00:00,395.0,103.8,100.2,103.65,0.0,0.0,5.0,6,0.6965362377929689,True,REGULAR,USD,MSFT,2025-07-11,11,495.9400024414063,0.7964673106736696,2025-06-29 12:49:55.966171,102.13363965641088,0.6959954871623069,100.89599548716231,1.666360343589119,2.9040045128376875,1.2376441692485685,1,0.9999716884925902,0.9747038613444472,0.000984263407990373,-0.2131194375261765,0.7712425219726563,0.0,0.0,OTM,6,6,0.7142857142857143,3.450000000000003,101.92500000000001,1.8749999999999858,0.050817483613921466,0
MSFT250711C00400000,2025-06-27 14:29:16+00:00,400.0,98.15,95.15,98.6,10.639999,12.158609,3.0,41,0.6577182666015625,True,REGULAR,USD,MSFT,2025-07-11,11,495.9400024414063,0.8065491753657414,2025-06-29 12:49:55.966171,97.10902676956056,0.7943713430890682,95.94437134308907,1.0409732304394481,2.205628656910932,1.1646554264714837,1,0.9999707111100173,0.9746018044637286,0.0010458755641094828,-0.20534760561439674,0.7306179282226564,0.0,0.0,OTM,6,6,0.07142857142857142,3.4499999999999886,96.875,1.2750000000000057,0.05098917910494583,0
MSFT250711C00405000,2025-06-27 19:00:44+00:00,405.0,91.15,90.8,92.9,-2.409996,-2.575883,4.0,41,0.6228065063476562,True,REGULAR,USD,MSFT,2025-07-11,11,495.9400024414063,0.8166310400578132,2025-06-29 12:49:55.966171,92.10207063825379,0.20168245676092056,91.00168245676092,-0.9520706382537867,0.14831754323908797,1.1003881814928747,1,0.9939302658480496,0.9739045821704629,0.0011298238761062625,-0.20120387970915687,0.6955596850585938,0.0,0.0,OTM,6,6,0.09523809523809523,2.1000000000000085,91.85,-0.6999999999999886,0.052158127247744775,0
MSFT250711C00410000,2025-06-27 19:41:06+00:00,410.0,86.43,85.25,88.75,14.43,20.041666,1.0,5,0.6096230444335939,True,REGULAR,USD,MSFT,2025-07-11,11,495.9400024414063,0.826712904749885,2025-06-29 12:49:55.966171,87.21646888243868,0.8831190261897319,86.13311902618973,-0.786468882438669,0.2968809738102749,1.0833498562489439,1,0.9997198726897929,0.9689295722817647,0.0013345912964386301,-0.2209902405658278,0.6637728935546876,0.0,0.0,OTM,6,6,0.16666666666666666,3.5,87.0,-0.5699999999999932,0.06030700545106863,0
MSFT250711C00415000,2025-06-27 18:39:02+00:00,415.0,81.15,80.4,83.75,-2.6699982,-3.1853952,1.0,16,0.585941640625,True,REGULAR,USD,MSFT,2025-07-11,11,495.9400024414063,0.8367947694419567,2025-06-29 12:49:55.966171,82.28011171866297,0.8359506002280881,81.2359506002281,-1.1301117186629597,-0.08595060022808809,1.0441611184348716,1,0.9969933596573451,0.9654157921432264,0.0015167582442500457,-0.22976907474987357,0.6345251391601563,0.0,0.0,OTM,6,6,0.058823529411764705,3.3499999999999943,82.075,-0.9249999999999972,0.06587624367231644,0
MSFT250711C00420000,2025-06-27 18:49:40+00:00,420.0,76.43,75.5,78.75,-2.2200012,-2.8226335,26.0,37,0.5588423022460938,True,REGULAR,USD,MSFT,2025-07-11,11,495.9400024414063,0.8468766341340285,2025-06-29 12:49:55.966171,77.3260039575328,0.8287810337541259,76.32878103375413,-0.8960039575327983,0.10121896624588089,0.9972229237786792,1,0.9993294235345995,0.9622305338949542,0.0017092756466771646,-0.23463491187233618,0.6069863520507812,0.0,0.0,OTM,6,6,0.6842105263157895,3.25,77.125,-0.6949999999999932,0.07080427471595332,0
MSFT250711C00425000,2025-06-27 17:06:01+00:00,425.0,73.88,70.3,73.7,8.469994,12.9490795,4.0,19,0.5144091528320311,True,REGULAR,USD,MSFT,2025-07-11,11,495.9400024414063,0.8569584988261003,2025-06-29 12:49:55.966171,72.24950528258813,1.036391710440256,71.33639171044025,1.6304947174118638,2.5436082895597423,0.9131135721478785,1,0.999971241504378,0.9632823913215188,0.001814556279222051,-0.21732471655118007,0.5783245292968751,0.0,0.0,OTM,6,6,0.2,3.4000000000000057,72.0,1.8799999999999955,0.06918902812719757,0
MSFT250711C00430000,2025-06-27 16:14:28+00:00,430.0,68.7,65.05,68.2,0.4300003,0.62985253,2.0,42,0.5783733569335938,True,REGULAR,USD,MSFT,2025-07-11,11,495.9400024414063,0.867040363518172,2025-06-29 12:49:55.966171,68.15488236874847,2.070271021617529,67.12027102161753,0.5451176312515287,1.5797289783824766,1.034611347130948,1,0.9999667112636832,0.9313794533468337,0.0026553774998839897,-0.3532192091764045,0.5694378994140626,0.0,0.0,OTM,6,6,0.046511627906976744,3.1500000000000057,66.625,2.075000000000003,0.11383941362674327,0
MSFT250711C00435000,2025-06-27 17:42:04+00:00,435.0,63.88,60.35,63.8,0.90999985,1.4451323,27.0,114,0.5798381860351562,True,REGULAR,USD,MSFT,2025-07-11,11,495.9400024414063,0.8771222282102438,2025-06-29 12:49:55.966171,63.64242124101759,2.269141842187871,62.61914184218787,0.23757875898241565,1.2608581578121303,1.0232793988297146,1,0.9999414323698643,0.9143115739116439,0.0031359748071418674,-0.40863722821644777,0.5634809277343751,0.0,0.0,OTM,6,6,0.23478260869565218,3.4499999999999957,62.075,1.8049999999999997,0.13478373237200075,0
MSFT250711C00440000,2025-06-27 19:11:10+00:00,440.0,56.0,55.85,58.25,-2.7000008,-4.599661,6.0,58,0.5102588037109376,True,REGULAR,USD,MSFT,2025-07-11,11,495.9400024414063,0.8872040929023156,2025-06-29 12:49:55.966171,58.2272865729563,1.4748597474174545,57.324859747417456,-2.2272865729563023,-1.324859747417456,0.9024268255388463,1,0.9861887026752035,0.9210815912980432,0.00334941349785949,-0.34842176800746183,0.5483443603515624,0.0,0.0,OTM,6,6,0.1016949152542373,2.3999999999999986,57.05,-1.0499999999999972,0.12668271810789736,0
MSFT250711C00445000,2025-06-27 19:44:29+00:00,445.0,51.58,50.25,53.2,2.3200035,4.709711,4.0,37,0.4715629016113281,True,REGULAR,USD,MSFT,2025-07-11,11,495.9400024414063,0.8972859575943873,2025-06-29 12:49:55.966171,53.20702884075274,2.127827612544259,52.37782761254426,-1.6270288407527431,-0.7978276125442605,0.8292012282084826,1,0.9994603189744347,0.9167074642736269,0.0037748517205952337,-0.3378126138185366,0.5308884802246094,0.0,0.0,OTM,6,6,0.10526315789473684,2.950000000000003,51.725,-0.14500000000000313,0.1319464252211796,0
MSFT250711C00450000,2025-06-27 19:21:24+00:00,450.0,46.48,46.35,48.9,0.9599991,2.1089609,35.0,100,0.4731497998046875,True,REGULAR,USD,MSFT,2025-07-11,11,495.9400024414063,0.9073678222864592,2025-06-29 12:49:55.966171,48.78366051407244,1.6157126804066593,47.96571268040666,-2.3036605140724404,-1.4857126804066638,0.8179478336657766,1,0.9725655512559022,0.8930414924286669,0.0045237778065582756,-0.3952074837681015,0.5226366096191407,0.0,0.0,OTM,6,6,0.3465346534653465,2.549999999999997,47.625,-1.1450000000000031,0.15865655744251894,0
MSFT250711C00455000,2025-06-27 17:44:22+00:00,455.0,43.71,40.6,43.6,0.14999771,0.34434736,17.0,107,0.4204159521484375,True,REGULAR,USD,MSFT,2025-07-11,11,495.9400024414063,0.9174496869785308,2025-06-29 12:49:55.966171,43.56327430520889,2.239273560012066,42.83927356001207,0.1467256947911082,0.8707264399879335,0.7240007451968253,1,0.999915367032008,0.8920739934605191,0.00512435811795164,-0.35980122360899097,0.4910451286621094,0.0,0.0,OTM,6,6,0.1574074074074074,3.0,42.1,1.6099999999999994,0.1596896465941886,0
MSFT250711C00460000,2025-06-27 19:57:54+00:00,460.0,37.35,35.65,38.6,-1.0100021,-2.6329565,17.0,149,0.3830017755126953,True,REGULAR,USD,MSFT,2025-07-11,11,495.9400024414063,0.9275315516706026,2025-06-29 12:49:55.966171,38.58644104477639,2.2816079361060915,37.93160793610609,-1.2364410447763916,-0.5816079361060886,0.654833108670303,1,0.9996449188600414,0.8824547347959639,0.005978569311956506,-0.3501497011343877,0.45167784655761717,0.0,0.0,OTM,6,6,0.11333333333333333,2.950000000000003,37.125,0.22500000000000142,0.16972904053077112,0
MSFT250711C00465000,2025-06-27 19:49:45+00:00,465.0,31.83,31.0,33.75,-2.0100002,-5.939717,22.0,393,0.3518131225585937,True,REGULAR,USD,MSFT,2025-07-11,11,495.9400024414063,0.9376134163626744,2025-06-29 12:49:55.966171,33.7338286542045,2.136140711265412,33.13614071126541,-1.9038286542045029,-1.3061407112654138,0.5976879429390891,1,0.9992865444841064,0.8664879766277216,0.007113770565216912,-0.3509057489595187,0.4199887103271484,0.0,0.0,OTM,6,6,0.05583756345177665,2.75,32.375,-0.5450000000000017,0.18551113775710446,0
MSFT250711C00467500,2025-06-27 17:44:22+00:00,467.5,31.45,28.2,31.6,5.3200016,20.359747,13.0,7,0.3471744970703124,True,REGULAR,USD,MSFT,2025-07-11,11,495.9400024414063,0.9426543487087105,2025-06-29 12:49:55.966171,31.53697964940477,2.74923194171334,30.94923194171334,-0.08697964940477121,0.5007680582866598,0.587747707691431,1,0.9997989163610876,0.8496644304422057,0.007812171913885461,-0.37065439120364885,0.3951110294189453,0.0,0.0,OTM,6,6,1.625,3.400000000000002,29.9,1.5500000000000007,0.20103779265230884,0
MSFT250711C00470000,2025-06-27 18:49:43+00:00,470.0,27.32,26.3,27.9,-2.6499996,-8.842175,28.0,828,0.2753368365478515,True,REGULAR,USD,MSFT,2025-07-11,11,495.9400024414063,0.9476952810547462,2025-06-29 12:49:55.966171,28.063829581749644,1.2969629335492776,27.59696293354928,-0.7438295817496439,-0.27696293354927803,0.46686664820036583,1,0.9973737449363217,0.8808718452329376,0.008395385442345665,-0.27043887421243207,0.3555484367675781,0.0,0.0,OTM,6,6,0.033775633293124246,1.5999999999999979,27.1,0.21999999999999886,0.17134169490309425,0
MSFT250711C00472500,2025-06-27 17:29:51+00:00,472.5,26.4,23.45,25.75,-0.35000038,-1.3084127,18.0,33,0.2722240747070312,True,REGULAR,USD,MSFT,2025-07-11,11,495.9400024414063,0.952736213400782,2025-06-29 12:49:55.966171,25.859727289045168,1.9506951630700335,25.400695163070033,0.5402727109548309,0.9993048369299657,0.4590321259751349,1,0.9999649159851179,0.859938117412453,0.009499583102594243,-0.2920673471502047,0.32591006127929684,0.0,0.0,ATM,6,6,0.5294117647058824,2.3000000000000007,24.6,1.7999999999999972,0.19168546246473625,0
MSFT250711C00475000,2025-06-27 19:43:53+00:00,475.0,22.07,22.3,23.15,-2.33,-9.54918,50.0,602,0.2487257745361328,True,REGULAR,USD,MSFT,2025-07-11,11,495.9400024414063,0.957777145746818,2025-06-29 12:49:55.966171,23.289635777351634,0.5713293313373491,22.87132933133735,-1.219635777351634,-0.8013293313373495,0.41830644601428446,0,0.008284975357490058,0.8544226550796705,0.010672069117651707,-0.27730306801893984,0.2990548610839843,0.0,0.0,ATM,6,6,0.08291873963515754,0.8499999999999979,22.725,-0.6550000000000011,0.19675579010633557,0
MSFT250711C00477500,2025-06-27 19:54:50+00:00,477.5,20.25,19.7,20.9,-1.8799992,-8.495252,17.0,185,0.2390823162841796,True,REGULAR,USD,MSFT,2025-07-11,11,495.9400024414063,0.9628180780928538,2025-06-29 12:49:55.966171,21.009189936485598,0.9101427928549022,20.6101427928549,-0.7591899364855976,-0.3601427928549015,0.39904714363069616,1,0.9963644107875835,0.8339731475065371,0.012108094942595394,-0.2869676240223963,0.2765086998291015,0.0,0.0,ATM,6,6,0.0913978494623656,1.1999999999999993,20.299999999999997,-0.04999999999999716,0.2145761124648684,0
MSFT250711C00480000,2025-06-27 19:54:50+00:00,480.0,18.0,17.7,18.4,-1.9500008,-9.77444,62.0,767,0.2187578124999999,True,REGULAR,USD,MSFT,2025-07-11,11,495.9400024414063,0.9678590104388896,2025-06-29 12:49:55.966171,18.52228498368015,0.4600579609440061,18.160057960944005,-0.5222849836801515,-0.16005796094400537,0.36222702273614615,1,0.9859251663844174,0.82092823267394,0.013887048337971664,-0.27714358613322027,0.250825362915039,0.0,0.0,ATM,6,6,0.08072916666666667,0.6999999999999993,18.049999999999997,-0.04999999999999716,0.22518093572664338,0
MSFT250711C00482500,2025-06-27 19:53:40+00:00,482.5,15.05,14.7,16.2,-2.4299994,-13.901599,16.0,83,0.2085040087890624,True,REGULAR,USD,MSFT,2025-07-11,11,495.9400024414063,0.9728999427849256,2025-06-29 12:49:55.966171,16.29065822267779,1.2524502714942702,15.95245027149427,-1.2406582226777907,-0.9024502714942688,0.33820795118352187,1,0.9953727995047117,0.7935373712556528,0.015894586811581048,-0.28449529323662076,0.23745879736328118,0.0,0.0,ATM,6,6,0.19047619047619047,1.5,15.45,-0.3999999999999986,0.24565281905274466,0
MSFT250711C00485000,2025-06-27 19:59:51+00:00,485.0,13.95,13.75,13.95,-1.8500004,-11.708863,50.0,591,0.1948322705078125,True,REGULAR,USD,MSFT,2025-07-11,11,495.9400024414063,0.9779408751309616,2025-06-29 12:49:55.966171,14.022204150855885,-0.0349069513400071,13.715093048659993,-0.07220415085588527,0.2349069513400064,0.30711110219589166,1,0.9960837356462959,0.764532513247458,0.018340072213281752,-0.2845815029563746,0.2219804365234374,0.0,0.0,ATM,6,6,0.08445945945945946,0.1999999999999993,13.85,0.09999999999999964,0.264862231295575,0
MSFT250711C00487500,2025-06-27 19:54:50+00:00,487.5,11.87,11.7,11.95,-1.8199997,-13.2943735,45.0,250,0.1870808831787109,True,REGULAR,USD,MSFT,2025-07-11,11,495.9400024414063,0.9829818074769974,2025-06-29 12:49:55.966171,11.97685036409905,-0.011004598634043461,11.688995401365956,-0.10685036409905102,0.1810045986340434,0.2878549627330944,1,0.9977887163798519,0.7227897502081869,0.020797824799260234,-0.2927152673904838,0.20965145825195308,0.0,0.0,ATM,6,6,0.17928286852589642,0.25,11.825,0.04499999999999993,0.28840675440704905,0
MSFT250711C00490000,2025-06-27 19:54:50+00:00,490.0,9.95,9.85,10.05,-1.7200003,-14.738647,169.0,1223,0.1795125994873047,True,REGULAR,USD,MSFT,2025-07-11,11,495.9400024414063,0.9880227398230332,2025-06-29 12:49:55.966171,10.03327446001623,-0.08555068417249423,9.764449315827505,-0.08327446001623073,0.18555068417249387,0.2688251441887246,1,0.9845984402955262,0.6738583503754992,0.023321039286027787,-0.2976110177682051,0.19773751489257807,0.0,0.0,ATM,6,6,0.1380718954248366,0.20000000000000107,9.95,0.0,0.31031369084624355,0
MSFT250711C00492500,2025-06-27 19:54:10+00:00,492.5,7.7,8.1,8.3,-2.2300005,-22.457205,84.0,393,0.1729208685302734,True,REGULAR,USD,MSFT,2025-07-11,11,495.9400024414063,0.9930636721690692,2025-06-29 12:49:55.966171,8.238536809047162,-0.1112275223668755,7.988772477633124,-0.5385368090471614,-0.28877247763312397,0.24976433141403742,0,0.002126094032492745,0.6167953847930564,0.025640092520190685,-0.29908977095913886,0.18857012609863277,0.0,0.0,ATM,6,6,0.2131979695431472,0.20000000000000107,8.2,-0.4999999999999991,0.32864353739353197,0
MSFT250711C00495000,2025-06-27 19:59:51+00:00,495.0,6.63,6.55,6.7,-1.54,-18.84945,561.0,1770,0.1666953448486328,True,REGULAR,USD,MSFT,2025-07-11,11,495.9400024414063,0.998104604515105,2025-06-29 12:49:55.966171,6.597721757321779,-0.18333928126554522,6.366660718734455,0.032278242678221325,0.2633392812655453,0.23106103858732396,1,0.9764105460773239,0.5525474564574184,0.027556130164179612,-0.29462325619351465,0.18020839331054686,0.0,0.0,ATM,6,6,0.3167701863354037,0.15000000000000036,6.625,0.004999999999999893,0.3404864235892899,0
MSFT250711C00497500,2025-06-27 19:58:51+00:00,497.5,5.25,5.15,5.3,-1.25,-19.23077,1213.0,243,0.1616905120849609,False,REGULAR,USD,MSFT,2025-07-11,11,495.9400024414063,1.0031455368611408,2025-06-29 12:49:55.966171,5.161904489256699,-0.1885636238533106,4.96143637614669,0.08809551074330102,0.28856362385331025,0.20046811311000923,1,0.9750557782777494,0.4823848233493782,0.028630098711194447,-0.2842543569459574,0.17358004162597654,0.0,0.0,ATM,6,6,4.971311475409836,0.14999999999999947,5.225,0.025000000000000355,0.34313536627587893,0
MSFT250711C00500000,2025-06-27 19:59:59+00:00,500.0,4.05,3.95,4.1,-1.2999997,-24.299059,1072.0,1154,0.1576011975097656,False,REGULAR,USD,MSFT,2025-07-11,11,495.9400024414063,1.0081864692071767,2025-06-29 12:49:55.966171,3.936894382339517,-0.17885473933429896,3.771145260665701,0.11310561766048277,0.2788547393342986,0.16574912167381584,1,0.9791615567814267,0.409339642287021,0.02863912899744386,-0.2669403187827184,0.16768410449218749,0.0,0.0,ATM,6,6,0.9281385281385282,0.14999999999999947,4.025,0.024999999999999467,0.3345626219834916,0
MSFT250711C00502500,2025-06-27 19:58:29+00:00,502.5,3.06,3.0,3.1,-0.89,-22.531647,645.0,871,0.15430533203125,False,REGULAR,USD,MSFT,2025-07-11,11,495.9400024414063,1.0132274015532126,2025-06-29 12:49:55.966171,2.9240401691974114,-0.20631331155738986,2.79368668844261,0.13595983080258867,0.2663133115573899,0.13035348075480124,1,0.9855394350051175,0.3369109556161411,0.027483967053133693,-0.2429719719470686,0.16264265100097655,0.0,0.0,ATM,6,6,0.7396788990825688,0.10000000000000009,3.05,0.010000000000000231,0.31435361065450407,0
MSFT250711C00505000,2025-06-27 19:59:51+00:00,505.0,2.27,2.23,2.29,-0.94000006,-29.283491,729.0,903,0.1516198120117187,False,REGULAR,USD,MSFT,2025-07-11,11,495.9400024414063,1.0182683338992486,2025-06-29 12:49:55.966171,2.1118389944517446,-0.21849753381770798,2.011502466182292,0.1581610055482554,0.258497533817708,0.10033652826945261,1,0.9566237622685091,0.2684916651693968,0.025258486418724805,-0.21358986821672724,0.1583824396972656,0.0,0.0,ATM,6,6,0.8064159292035398,0.06000000000000005,2.26,0.010000000000000231,0.28387122812250426,0
MSFT250711C00507500,2025-06-27 19:54:30+00:00,507.5,1.49,1.61,1.67,-0.96,-39.183674,283.0,135,0.1501549829101562,False,REGULAR,USD,MSFT,2025-07-11,11,495.9400024414063,1.0233092662452845,2025-06-29 12:49:55.966171,1.499660396536683,-0.18676370243986073,1.4232362975601394,-0.009660396536683047,0.06676370243986063,0.07642409897654368,0,0.010140159973299041,0.20807867839117666,0.02217309338755559,-0.18236924271577298,0.15507436730957028,0.0,0.0,ATM,6,6,2.0808823529411766,0.05999999999999983,1.6400000000000001,-0.15000000000000013,0.24678805509902232,0
MSFT250711C00510000,2025-06-27 19:58:34+00:00,510.0,1.18,1.15,1.2,-0.6400001,-35.16484,1136.0,1521,0.1493615338134765,False,REGULAR,USD,MSFT,2025-07-11,11,495.9400024414063,1.0283501985913204,2025-06-29 12:49:55.966171,1.0447755915274115,-0.15904595429093338,0.9909540457090665,0.13522440847258843,0.1890459542909334,0.053821545818344974,1,0.9628047809702053,0.15694810400301606,0.01868354179248673,-0.1509534260052643,0.1526085716552734,0.0,0.0,ATM,6,6,0.7463863337713534,0.050000000000000044,1.1749999999999998,0.0050000000000001155,0.20685026088252,0
MSFT250711C00512500,2025-06-27 19:56:42+00:00,512.5,0.83,0.81,0.86,-0.47,-36.153847,582.0,718,0.1495446374511718,False,REGULAR,USD,MSFT,2025-07-11,11,495.9400024414063,1.0333911309373562,2025-06-29 12:49:55.966171,0.7229868523362413,-0.12519393267947554,0.6848060673205245,0.10701314766375869,0.14519393267947545,0.038180785015716756,1,0.91913840842343,0.11620483916735164,0.0151878641772796,-0.12223450365538786,0.15099725964355465,0.0,0.0,ATM,6,6,0.8094575799721836,0.04999999999999993,0.835,-0.0050000000000000044,0.16835485661633576,0
MSFT250711C00515000,2025-06-27 19:52:24+00:00,515.0,0.53,0.57,0.61,-0.45000005,-45.918373,201.0,940,0.1501549829101562,False,REGULAR,USD,MSFT,2025-07-11,11,495.9400024414063,1.038432063283392,2025-06-29 12:49:55.966171,0.49455237023498455,-0.10439630380108361,0.46560369619891634,0.035447629765015476,0.06439630380108369,0.02894867403606821,0,0.011864560186786563,0.08442699603418857,0.011976015367528365,-0.09664405760288508,0.15016718981933588,0.0,0.0,ATM,6,6,0.21360255047821466,0.040000000000000036,0.59,-0.05999999999999994,0.13329387509128932,0
MSFT250711C00517500,2025-06-27 19:38:09+00:00,517.5,0.4,0.4,0.44,-0.3,-42.85714,46.0,63,0.1518639501953125,False,REGULAR,USD,MSFT,2025-07-11,11,495.9400024414063,1.043472995629428,2025-06-29 12:49:55.966171,0.3430227268077779,-0.07956229738870113,0.3204377026112989,0.05697727319222212,0.07956229738870113,0.02258502419647901,0,0.02387048783527538,0.061318007595720724,0.009267085125355132,-0.07612796634594593,0.15021601745605465,0.0,0.0,ATM,6,6,0.71875,0.03999999999999998,0.42000000000000004,-0.020000000000000018,0.10431720563825865,0
MSFT250711C00520000,2025-06-27 19:59:27+00:00,520.0,0.32,0.28,0.32,-0.19999999,-38.461536,1379.0,543,0.1540611938476562,False,REGULAR,USD,MSFT,2025-07-11,11,495.9400024414063,1.0485139279754638,2025-06-29 12:49:55.966171,0.23926509406006247,-0.058971371207682255,0.22102862879231777,0.08073490593993754,0.09897137120768223,0.018236465267744695,1,0.9759692797301237,0.044415168419819136,0.007071315803007737,-0.05953329745025296,0.15099725964355465,0.0,0.0,ATM,6,6,2.5349264705882355,0.03999999999999998,0.30000000000000004,0.019999999999999962,0.08075168484984979,0
MSFT250711C00522500,2025-06-27 19:54:56+00:00,522.5,0.22,0.2,0.23,-0.17,-43.58975,55.0,18,0.1560142993164062,False,REGULAR,USD,MSFT,2025-07-11,11,495.9400024414063,1.0535548603214997,2025-06-29 12:49:55.966171,0.16431507559390646,-0.04848862786481592,0.1515113721351841,0.055684924406093544,0.06848862786481591,0.012803703458722365,1,0.9556540608302068,0.03165231780793816,0.00529551828592986,-0.0455561414012309,0.1523278127441406,0.0,0.0,ITM,6,6,2.8947368421052633,0.03,0.21500000000000002,0.004999999999999977,0.06123940709983443,0
MSFT250711C00525000,2025-06-27 19:59:53+00:00,525.0,0.17,0.15,0.18,-0.08999999,-34.615383,891.0,1099,0.1604087866210937,False,REGULAR,USD,MSFT,2025-07-11,11,495.9400024414063,1.0585957926675356,2025-06-29 12:49:55.966171,0.12356646874335375,-0.03649263298362833,0.11350736701637167,0.04643353125664626,0.056492632983628346,0.010059101726982086,1,0.9974007914044278,0.02403044691491776,0.004093764602006409,-0.0371063315360731,0.15450064257812496,0.0,0.0,ITM,6,6,0.81,0.03,0.16499999999999998,0.005000000000000032,0.048675354200856995,0
MSFT250711C00530000,2025-06-27 19:47:49+00:00,530.0,0.11,0.09,0.11,-0.049999997,-31.25,226.0,109,0.168953623046875,False,REGULAR,USD,MSFT,2025-07-11,11,495.9400024414063,1.0686776573596073,2025-06-29 12:49:55.966171,0.0707057090501646,-0.02660393737187551,0.06339606262812449,0.0392942909498354,0.046603937371875515,0.007309646422040114,1,0.9884433397841289,0.013953998672253987,0.002446413141099441,-0.02446713187148843,0.15826037060546874,0.0,0.0,ITM,6,6,2.0545454545454547,0.020000000000000004,0.1,0.009999999999999995,0.0306376471760391,0
MSFT250711C00535000,2025-06-27 19:54:16+00:00,535.0,0.05,0.05,0.07,-0.05,-50.0,6.0,61,0.1772543212890625,False,REGULAR,USD,MSFT,2025-07-11,11,495.9400024414063,1.0787595220516792,2025-06-29 12:49:55.966171,0.04120732815567063,-0.015298142944858269,0.034701857055141734,0.008792671844329372,0.015298142944858269,0.0065054711005288965,0,0.017383194328939915,0.008211935117444589,0.0014697235407381821,-0.016110642136770287,0.16333844482421872,0.0,0.0,ITM,6,6,0.0967741935483871,0.020000000000000004,0.060000000000000005,-0.010000000000000002,0.019310369429016917,0
MSFT250711C00540000,2025-06-27 19:47:49+00:00,540.0,0.04,0.0,0.24,-0.030000001,-42.857143,13.0,36,0.2348709326171875,False,REGULAR,USD,MSFT,2025-07-11,11,495.9400024414063,1.088841386743751,2025-06-29 12:49:55.966171,0.15616572142760532,0.14315925757051534,0.14315925757051534,-0.11616572142760531,-0.10315925757051533,0.013006463857089978,1,0.9996923699983864,0.02117121773404724,0.0025126808545656125,-0.04811846616236062,0.17950039257812497,0.0,0.0,ITM,6,6,0.35135135135135137,0.24,0.12,-0.07999999999999999,0.0437446255416167,0
MSFT250711C00545000,2025-06-27 16:58:05+00:00,545.0,0.04,0.0,0.23,0.01,33.333336,2.0,22,0.2539137109375,False,REGULAR,USD,MSFT,2025-07-11,11,495.9400024414063,1.0989232514358227,2025-06-29 12:49:55.966171,0.14572186248114427,0.13270526061624213,0.13270526061624213,-0.10572186248114426,-0.09270526061624212,0.013016601864902139,1,0.9998919559420116,0.018589435255932263,0.0020813651768749595,-0.046455186735422004,0.19908027490234376,0.0,0.0,ITM,6,6,0.08695652173913043,0.23,0.115,-0.07500000000000001,0.039173514559888024,0
MSFT250711C00550000,2025-06-27 16:27:54+00:00,550.0,0.04,0.0,0.22,0.02,100.0,7.0,5,0.2724682128906249,False,REGULAR,USD,MSFT,2025-07-11,11,495.9400024414063,1.1090051161278944,2025-06-29 12:49:55.966171,0.13677217687667031,0.12366250423042721,0.12366250423042721,-0.09677217687667031,-0.0836625042304272,0.013109672646243103,1,0.9998500052189472,0.016509392082560075,0.0017527635003328755,-0.04494486941401359,0.22149216015624998,0.0,0.0,ITM,6,6,1.1666666666666667,0.22,0.11,-0.07,0.03539951113245841,0
MSFT250711C00580000,2025-06-27 19:27:45+00:00,580.0,0.01,0.0,0.19,-0.02,-66.66667,15.0,1,0.3779359082031249,False,REGULAR,USD,MSFT,2025-07-11,11,495.9400024414063,1.169496304280325,2025-06-29 12:49:55.966171,0.10667989165043679,0.09131952699410135,0.09131952699410135,-0.09667989165043679,-0.08131952699410136,0.015360364656335432,1,0.9995975524053777,0.009885618378775714,0.0008109108910405974,-0.039682161084162046,0.26328861718749996,0.0,0.0,ITM,6,6,7.5,0.19,0.095,-0.085,0.022716916957051213,0
MSFT250711C00600000,2025-06-20 13:31:20+00:00,600.0,0.03,0.0,0.38,0.0,0.0,1.0,0,0.4931691308593751,False,REGULAR,USD,MSFT,2025-07-11,11,495.9400024414063,1.2098237630486122,2025-06-29 12:49:55.966171,0.2232659872989622,0.19898416589725068,0.19898416589725068,-0.1932659872989622,-0.16898416589725068,0.024281821401711506,1,0.9986531990348883,0.015217018824507092,0.0009029959595262186,-0.07500002376326488,0.32647157910156244,0.0,0.0,ITM,6,6,1.0,0.38,0.19,-0.16,0.0330095643142904,0
MSFT250711C00605000,2025-06-27 13:53:34+00:00,605.0,0.01,0.0,0.18,0.0,0.0,5.0,0,0.459966337890625,False,REGULAR,USD,MSFT,2025-07-11,11,495.9400024414063,1.219905627740684,2025-06-29 12:49:55.966171,0.09588931915942434,0.07749428479277783,0.07749428479277783,-0.08588931915942434,-0.06749428479277783,0.01839503436664651,1,0.9996566968489758,0.007538290183246193,0.0005253011253072519,-0.037944166910631565,0.37149066015625,0.0,0.0,ITM,6,6,5.0,0.18,0.09,-0.08,0.017909871959195113,0
MSFT250718C00180000,2025-06-27 13:30:21+00:00,180.0,318.11,314.65,318.4,20.159973,6.766227,1.0,5,1.9360354760742189,True,REGULAR,USD,MSFT,2025-07-18,18,495.9400024414063,0.3629471289145836,2025-06-29 12:49:56.131543,316.7658618661916,-2.814521722024267,311.8354782779757,1.3441381338084284,6.2745217220243035,4.930383588215875,1,0.999074684081722,0.9950317274949945,6.743194877245616e-05,-0.1093653242447423,0.7079150131835938,0.0,0.0,OTM,6,6,0.16666666666666666,3.75,316.525,1.5850000000000364,0.01583495896583616,0
MSFT250718C00190000,2025-06-27 19:55:00+00:00,190.0,307.19,304.65,308.4,56.240005,22.410841,4.0,2,1.838867993164062,True,REGULAR,USD,MSFT,2025-07-18,18,495.9400024414063,0.3831108582987271,2025-06-29 12:49:56.131543,306.7904341640641,-2.504643245438558,302.1453567545614,0.39956583593590267,5.044643245438579,4.645077409502676,1,0.9955783290350018,0.994761953318127,7.441696092871289e-05,-0.11033797964219598,1.0211949692382811,0.0,0.0,OTM,6,6,1.3333333333333333,3.75,306.525,0.6650000000000205,0.01659817748108094,0
MSFT250718C00200000,2025-06-03 13:30:19+00:00,200.0,264.17,295.1,298.45,0.0,0.0,1.0,3,1.8378914355468747,True,REGULAR,USD,MSFT,2025-07-18,18,495.9400024414063,0.4032745876828707,2025-06-29 12:49:56.131543,296.99699667399136,-2.754078665696852,292.34592133430317,-32.826996673991346,-28.175921334303155,4.651075339688191,0,4.178549312128006e-05,0.9925576636020804,0.0001016186647548591,-0.14239764872421148,1.3131860747070312,0.0,0.0,OTM,6,6,0.25,3.349999999999966,296.775,-32.60499999999996,0.022653288625668996,0
MSFT250718C00205000,2025-06-27 19:55:00+00:00,205.0,292.23,289.65,293.45,-0.01,-0.0034218447,8.0,0,1.712892060546875,True,REGULAR,USD,MSFT,2025-07-18,18,495.9400024414063,0.4133564523749425,2025-06-29 12:49:56.131543,291.8461655145491,-2.085513666921031,287.56448633307895,0.3838344854509046,4.665513666921072,4.281679181470167,1,0.9958517917193054,0.9941188162432885,8.85463631796244e-05,-0.11509036663185084,1.5571306606445312,0.0,0.0,OTM,6,6,8.0,3.8000000000000114,291.54999999999995,0.6800000000000637,0.018396645726263358,0
MSFT250718C00210000,2025-06-27 19:55:00+00:00,210.0,287.25,284.7,288.45,16.23999,5.992395,8.0,1,1.6787125439453123,True,REGULAR,USD,MSFT,2025-07-18,18,495.9400024414063,0.4234383170670142,2025-06-29 12:49:56.131543,286.87621057127524,-2.0087906597743768,282.6912093402256,0.37378942872476273,4.558790659774388,4.185001231049625,1,0.9929294505278714,0.9937583311758855,9.524049445644743e-05,-0.11864425270386575,1.8008799018554682,0.0,0.0,OTM,6,6,4.0,3.75,286.575,0.6750000000000114,0.019392593649836302,0
MSFT250718C00220000,2025-06-27 19:55:00+00:00,220.0,277.25,274.75,278.5,43.75,18.736618,4.0,11,1.6123066259765624,True,REGULAR,USD,MSFT,2025-07-18,18,495.9400024414063,0.4436020464511578,2025-06-29 12:49:56.131543,276.93826543602177,-1.8102792178005416,272.93972078219946,0.3117345639782343,4.310279217800542,3.9985446538223073,1,0.9879884501240142,0.9929771447328426,0.00011005932204704913,-0.12591879723384433,1.7361341318359371,0.0,0.0,OTM,6,6,0.3333333333333333,3.75,276.625,0.625,0.021523475106616438,0
MSFT250718C00230000,2025-06-23 13:35:20+00:00,230.0,244.4,264.8,268.55,0.0,0.0,1.0,28,1.5468772656249998,True,REGULAR,USD,MSFT,2025-07-18,18,495.9400024414063,0.4637657758353013,2025-06-29 12:49:56.131543,266.999768953271,-1.6161549439635792,263.18384505603643,-22.599768953270967,-18.783845056036427,3.8159238972345406,0,3.009929187450047e-05,0.992148352486925,0.00012656337474478265,-0.13286467072769415,1.6777359863281247,0.0,0.0,OTM,6,6,0.034482758620689655,3.75,266.675,-22.275000000000006,0.02374662114502168,0
MSFT250718C00235000,2025-06-27 19:55:00+00:00,235.0,262.32,259.8,263.55,44.47,20.41313,4.0,1,1.5068384033203124,True,REGULAR,USD,MSFT,2025-07-18,18,495.9400024414063,0.4738476405273731,2025-06-29 12:49:56.131543,262.0113524665223,-1.492759076532991,258.307240923467,0.30864753347771057,4.012759076532973,3.7041115430552622,1,0.990361776881135,0.9919501974136998,0.0001328053929546235,-0.13309598498940173,1.6115253798828124,0.0,0.0,OTM,6,6,2.0,3.75,261.675,0.6449999999999818,0.02427282426478585,0
MSFT250718C00240000,2025-06-25 17:25:18+00:00,240.0,251.4,254.8,258.6,0.0,0.0,5.0,92,1.4755885595703124,True,REGULAR,USD,MSFT,2025-07-18,18,495.9400024414063,0.4839295052194448,2025-06-29 12:49:56.131543,257.0429281857424,-1.3752415858122617,253.42475841418775,-5.64292818574242,-2.024758414187744,3.618169771554676,0,3.8184639574720095e-05,0.9914918453611342,0.00014237685953828185,-0.13659687309140278,1.5640646796875,0.0,0.0,OTM,6,6,0.053763440860215055,3.8000000000000114,256.70000000000005,-5.30000000000004,0.025482533805901646,0
MSFT250718C00250000,2025-06-23 15:10:30+00:00,250.0,229.61,244.85,248.6,0.0,0.0,14.0,22,1.406741247558594,True,REGULAR,USD,MSFT,2025-07-18,18,495.9400024414063,0.5040932346035883,2025-06-29 12:49:56.131543,247.0864069588313,-1.1928192902497585,243.65718070975024,-17.47640695883129,-14.047180709750222,3.4292262490810685,0,2.7975017480928264e-05,0.9907836224223145,0.00016018527460015742,-0.14026713879601643,1.5096704204101563,0.0,0.0,OTM,6,6,0.6086956521739131,3.75,246.725,-17.11499999999998,0.027332208946472723,0
MSFT250718C00255000,2025-06-02 15:03:53+00:00,255.0,207.4,240.55,243.6,0.0,0.0,1.0,1,1.451174619140625,True,REGULAR,USD,MSFT,2025-07-18,18,495.9400024414063,0.5141750992956602,2025-06-29 12:49:56.131543,242.35991026770932,-1.757062576940399,238.7929374230596,-34.95991026770932,-31.392937423059607,3.5669728446497118,0,2.953184343853998e-05,0.9872226581268829,0.00020634641387574514,-0.18027926595544108,1.4774440190429687,0.0,0.0,OTM,6,6,0.5,3.049999999999983,242.075,-34.67499999999998,0.03632072592242113,0
MSFT250718C00260000,2025-06-12 15:03:52+00:00,260.0,218.56,234.85,238.6,0.0,0.0,1.0,9,1.3339877050781246,True,REGULAR,USD,MSFT,2025-07-18,18,495.9400024414063,0.5242569639877319,2025-06-29 12:49:56.131543,237.1124520954438,-0.9684415446599246,233.88155845534007,-18.55245209544381,-15.321558455340067,3.2308936401037442,0,4.152400849745797e-05,0.9902635558998385,0.00017722783665144494,-0.1410546572403665,1.4348661069335937,0.0,0.0,OTM,6,6,0.1,3.75,236.725,-18.164999999999992,0.028676205462660354,0
MSFT250718C00270000,2025-06-16 15:13:30+00:00,270.0,210.5,224.9,228.65,0.0,0.0,1.0,106,1.2753942480468747,True,REGULAR,USD,MSFT,2025-07-18,18,495.9400024414063,0.5444206933718755,2025-06-29 12:49:56.131543,227.17399148666811,-0.8006171559928816,224.09938284400712,-16.673991486668115,-13.599382844007124,3.0746086426609907,0,4.960975287151528e-05,0.9891941993043933,0.00020300514695888923,-0.14734118101521904,1.3885772758789063,0.0,0.0,OTM,6,6,0.009345794392523364,3.75,226.775,-16.275000000000006,0.03140432212347863,0
MSFT250718C00275000,2025-06-02 16:45:46+00:00,275.0,187.62,219.9,223.65,0.0,0.0,3.0,10,1.241214731445312,True,REGULAR,USD,MSFT,2025-07-18,18,495.9400024414063,0.5545025580639472,2025-06-29 12:49:56.131543,222.18782901482007,-0.695318383131962,219.20468161686804,-34.56782901482006,-31.58468161686804,2.983147397952024,0,4.7821372685830644e-05,0.9888762973914077,0.00021392457594124364,-0.14778726874089432,1.341702510253906,0.0,0.0,OTM,6,6,0.2727272727272727,3.75,221.775,-34.155,0.03220664761065007,0
MSFT250718C00280000,2025-06-25 13:41:08+00:00,280.0,213.9,215.65,218.65,0.0,0.0,19.0,16,1.2817418725585936,True,REGULAR,USD,MSFT,2025-07-18,18,495.9400024414063,0.5645844227560189,2025-06-29 12:49:56.131543,217.48190225371826,-1.2783338677135134,214.3716661322865,-3.5819022537182548,-0.4716661322864866,3.110236121431768,0,3.730297393234362e-05,0.9845899168558232,0.00027456391217189186,-0.189075783370934,1.316702635253906,0.0,0.0,OTM,6,6,1.1176470588235294,3.0,217.15,-3.25,0.04268565470334265,0
MSFT250718C00285000,2025-05-27 14:48:55+00:00,285.0,174.68,209.6,213.6,0.0,0.0,1.0,0,1.1323285571289063,True,REGULAR,USD,MSFT,2025-07-18,18,495.9400024414063,0.5746662874480908,2025-06-29 12:49:56.131543,212.08389902207648,-0.20517351024770392,209.3948264897523,-37.40389902207647,-34.714826489752284,2.6890725323241895,0,8.018953946901838e-05,0.9903210265085672,0.00020771356882471806,-0.12795839528903463,1.2529334228515623,0.0,0.0,OTM,6,6,1.0,4.0,211.6,-36.91999999999999,0.028528257654316828,0
MSFT250718C00290000,2025-06-26 18:17:16+00:00,290.0,208.5,204.95,208.6,0.0,0.0,2.0,103,1.1411175756835936,True,REGULAR,USD,MSFT,2025-07-18,18,495.9400024414063,0.5847481521401625,2025-06-29 12:49:56.131543,207.22631486400041,-0.4417553585644498,204.50824464143554,1.2736851359995853,3.991755358564461,2.718070222564876,1,0.9999423430092564,0.9878977057674501,0.00025036388434794077,-0.14856948961432115,1.214359396972656,0.0,0.0,OTM,6,6,0.019230769230769232,3.6500000000000057,206.77499999999998,1.7250000000000227,0.034652932748171356,0
MSFT250718C00300000,2025-06-16 17:30:12+00:00,300.0,181.46,195.15,198.75,0.0,0.0,1.0,368,1.1103560107421877,True,REGULAR,USD,MSFT,2025-07-18,18,495.9400024414063,0.6049118815243061,2025-06-29 12:49:56.131543,197.38195910007755,-0.41364234003179945,194.7363576599682,-15.921959100077544,-13.276357659968198,2.6456014401093455,0,6.906576825264992e-05,0.9850681366705458,0.0003084745492190799,-0.16802232352986385,1.1813517495117187,0.0,0.0,OTM,6,6,0.0027100271002710027,3.5999999999999943,196.95,-15.48999999999998,0.04154507109045502,0
MSFT250718C00305000,2025-06-20 17:02:30+00:00,305.0,176.24,190.15,193.75,0.0,0.0,1.0,2,1.0783737487792968,True,REGULAR,USD,MSFT,2025-07-18,18,495.9400024414063,0.6149937462163778,2025-06-29 12:49:56.131543,192.3955647898237,-0.31693106783043845,189.83306893216957,-16.1555647898237,-13.593068932169558,2.5624958576541417,0,6.199403166065477e-05,0.9846166047307864,0.00032585799707270135,-0.1682103143627531,1.1487835529785155,0.0,0.0,OTM,6,6,0.3333333333333333,3.5999999999999943,191.95,-15.70999999999998,0.04262217532269484,0
MSFT250718C00310000,2025-06-16 14:26:17+00:00,310.0,171.5,185.3,188.75,0.0,0.0,1.0,86,1.0595750146484375,True,REGULAR,USD,MSFT,2025-07-18,18,495.9400024414063,0.6250756109084497,2025-06-29 12:49:56.131543,187.4662276217984,-0.3516240053899935,184.94837599461002,-15.966227621798396,-13.448375994610018,2.517851627188378,0,6.988671397910491e-05,0.9832101268624953,0.00035746039697091267,-0.17633161904725744,1.1043501813964842,0.0,0.0,OTM,6,6,0.011494252873563218,3.4499999999999886,187.025,-15.525000000000006,0.04594069515587763,0
MSFT250718C00315000,2025-05-30 18:18:32+00:00,315.0,145.95,180.2,183.8,0.0,0.0,2.0,2,1.023930661621094,True,REGULAR,USD,MSFT,2025-07-18,18,495.9400024414063,0.6351574756005214,2025-06-29 12:49:56.131543,182.46003973658316,-0.16457557064367734,180.0354244293563,-36.51003973658317,-34.08542442935632,2.424615307226844,0,8.320422895726784e-05,0.9830238981032694,0.0003734097828026422,-0.17369444374080184,1.082670602294922,0.0,0.0,OTM,6,6,0.6666666666666666,3.6000000000000227,182.0,-36.05000000000001,0.04637609319585865,0
MSFT250718C00320000,2025-06-23 17:54:45+00:00,320.0,168.09,175.15,178.35,0.0,0.0,5.0,79,0.9497075341796876,True,REGULAR,USD,MSFT,2025-07-18,18,495.9400024414063,0.6452393402925931,2025-06-29 12:49:56.131543,177.28490636454194,-0.08779006849010784,175.0622099315099,-9.194906364541936,-6.972209931509894,2.2226964330320413,0,0.0001474786226686543,0.9859029920121417,0.0003432293314927312,-0.14699734262192157,1.0443885939941409,0.0,0.0,OTM,6,6,0.0625,3.1999999999999886,176.75,-8.659999999999997,0.0395377724945421,0
MSFT250718C00325000,2025-06-18 13:54:49+00:00,325.0,153.82,170.35,173.2,0.0,0.0,4.0,115,0.9248054394531252,True,REGULAR,USD,MSFT,2025-07-18,18,495.9400024414063,0.655321204984665,2025-06-29 12:49:56.131543,172.31661131421754,-0.19414941702538613,170.1558505829746,-18.496611314217546,-16.335850582974615,2.160760731242931,0,0.00010519660711174132,0.9850937025510131,0.00036982083239558836,-0.14988746084668816,1.0072784797363281,0.0,0.0,OTM,6,6,0.034482758620689655,2.8499999999999943,171.77499999999998,-17.954999999999984,0.041483908488990376,0
MSFT250718C00330000,2025-06-20 19:22:16+00:00,330.0,149.18,165.2,168.0,0.0,0.0,20.0,59,0.8623060644531251,True,REGULAR,USD,MSFT,2025-07-18,18,495.9400024414063,0.6654030696767367,2025-06-29 12:49:56.131543,167.1986624581881,0.00202421819935239,165.20202421819934,-18.01866245818809,-16.022024218199334,1.996638239988755,0,0.00012714283859482995,0.9873217150191592,0.0003449297130559642,-0.13058669067430234,0.9640649428710939,0.0,0.0,OTM,6,6,0.3333333333333333,2.8000000000000114,166.6,-17.419999999999987,0.03607696273887033,0
MSFT250718C00335000,2025-06-02 19:53:45+00:00,335.0,128.64,160.85,163.0,0.0,0.0,3.0,107,0.8911143701171874,True,REGULAR,USD,MSFT,2025-07-18,18,495.9400024414063,0.6754849343688084,2025-06-29 12:49:56.131543,162.45558763497837,-0.47797056663239346,160.3720294333676,-33.815587634978385,-31.732029433367615,2.0835582016107708,0,5.8723488564106164e-05,0.9818675893065948,0.0004538914876260842,-0.16588886411136441,0.9303728139648438,0.0,0.0,OTM,6,6,0.027777777777777776,2.1500000000000057,161.925,-33.285000000000025,0.04905953250448403,0
MSFT250718C00340000,2025-06-25 14:43:28+00:00,340.0,154.22,155.55,158.65,0.0,0.0,1.0,79,0.8869640209960936,True,REGULAR,USD,MSFT,2025-07-18,18,495.9400024414063,0.6855667990608802,2025-06-29 12:49:56.131543,157.60185316023075,-0.03177930911971316,155.5182206908803,-3.3818531602307473,-1.2982206908802993,2.083632469350448,0,0.0006953256418103642,0.9786996755688301,0.000522822024471961,-0.18348084914279128,0.9029794858398438,0.0,0.0,OTM,6,6,0.0125,3.0999999999999943,157.10000000000002,-2.880000000000024,0.05624679722405149,0
MSFT250718C00345000,2025-06-20 14:45:02+00:00,345.0,136.8,150.2,153.25,0.0,0.0,1.0,451,0.8017597949218749,True,REGULAR,USD,MSFT,2025-07-18,18,495.9400024414063,0.695648663752952,2025-06-29 12:49:56.131543,152.33045578582517,0.2792090157248879,150.47920901572488,-15.530455785825154,-13.679209015724865,1.851246770100289,0,0.00015512360442211296,0.9838694314597742,0.0004564791409676748,-0.14483947012975681,0.8733899379882812,0.0,0.0,OTM,6,6,0.0022123893805309734,3.0500000000000114,151.725,-14.924999999999983,0.04439183848190397,0
MSFT250718C00350000,2025-06-27 15:52:31+00:00,350.0,150.15,145.75,148.65,7.2099915,5.0440683,24.0,3331,0.8413101806640625,True,REGULAR,USD,MSFT,2025-07-18,18,495.9400024414063,0.7057305284450237,2025-06-29 12:49:56.131543,147.70713366581816,-0.017292273481871234,145.73270772651813,2.4428663341818435,4.417292273481877,1.9744259393000334,1,0.999954415808925,0.9756988682805586,0.0006159438896996838,-0.19294104677008725,0.8566908862304686,0.0,0.0,OTM,6,6,0.007202881152460984,2.9000000000000057,147.2,2.950000000000017,0.06285433210634261,0
MSFT250718C00355000,2025-06-25 14:35:24+00:00,355.0,139.9,140.9,143.3,0.0,0.0,20.0,199,0.799806689453125,True,REGULAR,USD,MSFT,2025-07-18,18,495.9400024414063,0.7158123931370955,2025-06-29 12:49:56.131543,142.64254483529686,-0.12421065863810554,140.7757893413619,-2.7425448352968544,-0.8757893413618945,1.86675549393496,0,0.000396621742660858,0.9764322203229315,0.0006314340885779078,-0.182888073668465,0.8441910112304687,0.0,0.0,OTM,6,6,0.1,2.4000000000000057,142.10000000000002,-2.200000000000017,0.061256330388671884,0
MSFT250718C00360000,2025-06-27 18:37:07+00:00,360.0,136.71,136.0,137.85,1.780014,1.319213,5.0,493,0.7487818090820313,True,REGULAR,USD,MSFT,2025-07-18,18,495.9400024414063,0.7258942578291673,2025-06-29 12:49:56.131543,137.5208837741243,-0.21141336100652097,135.78858663899348,-0.810883774124278,0.9214133610065289,1.732297135130807,1,0.9956105659223912,0.9785417827238981,0.0006231841975483985,-0.16536400121616804,0.8157244990234375,0.0,0.0,OTM,6,6,0.010121457489878543,1.8499999999999943,136.925,-0.2150000000000034,0.05659911461625693,0
MSFT250718C00365000,2025-06-20 18:11:07+00:00,365.0,115.49,130.45,134.05,0.0,0.0,4.0,739,0.7605004418945314,True,REGULAR,USD,MSFT,2025-07-18,18,495.9400024414063,0.735976122521239,2025-06-29 12:49:56.131543,132.78643818262867,0.5586998755821355,131.00869987558212,-17.296438182628677,-15.51869987558213,1.7777383070465476,0,0.0001525939946756765,0.972204956065275,0.0007624294047930529,-0.19642973564562777,0.790431783203125,0.0,0.0,OTM,6,6,0.005405405405405406,3.6000000000000227,132.25,-16.760000000000005,0.07032941881589436,0
MSFT250718C00370000,2025-06-27 18:17:13+00:00,370.0,127.69,125.9,128.05,-0.69000244,-0.5374688,2.0,562,0.700198310546875,True,REGULAR,USD,MSFT,2025-07-18,18,495.9400024414063,0.7460579872133108,2025-06-29 12:49:56.131543,127.58512046527443,0.06784568114025546,125.96784568114026,0.1048795347255691,1.7221543188597366,1.6172747841341675,1,0.9999423329471896,0.9760144405465926,0.0007319943842389929,-0.16974648775274076,0.770119486328125,0.0,0.0,OTM,6,6,0.003552397868561279,2.1500000000000057,126.97500000000001,0.7149999999999892,0.062167975969669324,0
MSFT250718C00375000,2025-06-27 19:29:02+00:00,375.0,121.27,120.5,124.0,1.4399948,1.2016981,2.0,829,0.7039824523925782,True,REGULAR,USD,MSFT,2025-07-18,18,495.9400024414063,0.7561398519053826,2025-06-29 12:49:56.131543,122.81339611478671,0.673118870521165,121.17311887052117,-1.5433961147867166,0.09688112947883099,1.6402772442655476,1,0.9952638395851376,0.9700799794150218,0.0008756579189232947,-0.19529610930941224,0.7426539406738282,0.0,0.0,OTM,6,6,0.0024096385542168677,3.5,122.25,-0.980000000000004,0.07477117987640647,0
MSFT250718C00380000,2025-06-27 16:05:08+00:00,380.0,120.25,115.55,118.7,4.1900024,3.6102037,2.0,1124,0.6630893066406252,True,REGULAR,USD,MSFT,2025-07-18,18,495.9400024414063,0.7662217165974543,2025-06-29 12:49:56.131543,117.72948924140121,0.6441538170184629,116.19415381701846,2.520510758598789,4.05584618298154,1.535335424382751,1,0.9999641725367253,0.9711994989807259,0.0009006820738307488,-0.18328227237555425,0.7153104641113283,0.0,0.0,OTM,6,6,0.0017777777777777779,3.1500000000000057,117.125,3.125,0.07244050407974875,0
MSFT250718C00385000,2025-06-27 18:20:11+00:00,385.0,112.19,110.6,114.1,-0.7299957,-0.6464716,3.0,505,0.65820654296875,True,REGULAR,USD,MSFT,2025-07-18,18,495.9400024414063,0.7763035812895261,2025-06-29 12:49:56.131543,112.9198450030836,0.7862521519835184,111.38625215198351,-0.7298450030835966,0.803747848016485,1.5335928511000816,1,0.999893568463679,0.9657942931782572,0.0010460233626235908,-0.2028313769466709,0.6971954108886719,0.0,0.0,OTM,6,6,0.005928853754940711,3.5,112.35,-0.1599999999999966,0.08351057998838694,0
MSFT250718C00390000,2025-06-27 18:16:45+00:00,390.0,107.8,106.3,107.95,-0.66999817,-0.6176806,22.0,1252,0.6088906298828126,True,REGULAR,USD,MSFT,2025-07-18,18,495.9400024414063,0.7863854459815979,2025-06-29 12:49:56.131543,107.75660896825428,0.05050481175162247,106.35050481175162,0.04339103174571335,1.4494951882483775,1.4061041565026642,1,0.9999409882881521,0.9687728694181053,0.0010489091264737147,-0.18207863536426608,0.6668734484863281,0.0,0.0,OTM,6,6,0.017557861133280128,1.6500000000000057,107.125,0.6749999999999972,0.07746670346736625,0
MSFT250718C00395000,2025-06-27 16:02:19+00:00,395.0,105.41,101.6,103.5,5.1800003,5.1681137,4.0,1244,0.6201209863281252,True,REGULAR,USD,MSFT,2025-07-18,18,495.9400024414063,0.7964673106736696,2025-06-29 12:49:56.131543,103.1067164865367,0.06122668272463727,101.66122668272463,2.303283513463299,3.748773317275365,1.445489803812066,1,0.9999599073032561,0.9590074468113717,0.0012871283888710229,-0.21779488016996218,0.6508579836425782,0.0,0.0,OTM,6,6,0.00321285140562249,1.9000000000000057,102.55,2.8599999999999994,0.09681356634477334,0
MSFT250718C00400000,2025-06-27 18:54:35+00:00,400.0,96.35,96.7,97.85,-1.5999985,-1.6334851,17.0,1999,0.5690961059570312,True,REGULAR,USD,MSFT,2025-07-18,18,495.9400024414063,0.8065491753657414,2025-06-29 12:49:56.131543,97.90108553874683,-0.11622180736156906,96.58377819263843,-1.5510855387468325,-0.23377819263843946,1.317307346108393,0,0.00392503716059341,0.9627763382162337,0.0012966217683556974,-0.1934851290750255,0.6238807143554689,0.0,0.0,OTM,6,6,0.0085,1.1499999999999915,97.275,-0.9250000000000114,0.08950284549933488,0
MSFT250718C00405000,2025-06-27 18:54:39+00:00,405.0,91.25,90.65,93.6,-2.540001,-2.7081788,3.0,831,0.5290574438476563,True,REGULAR,USD,MSFT,2025-07-18,18,495.9400024414063,0.8166310400578132,2025-06-29 12:49:56.131543,92.79712490743117,0.9297570652784088,91.57975706527841,-1.5471249074311686,-0.32975706527841453,1.217367842152754,1,0.9869180152989708,0.9643759387726554,0.00134550355293223,-0.17969443074494554,0.5970743417968751,0.0,0.0,OTM,6,6,0.003605769230769231,2.9499999999999886,92.125,-0.875,0.08634269468282132,0
MSFT250718C00410000,2025-06-27 19:50:59+00:00,410.0,85.72,86.8,88.1,-3.7799988,-4.223462,8.0,2498,0.529423651123047,True,REGULAR,USD,MSFT,2025-07-18,18,495.9400024414063,0.826712904749885,2025-06-29 12:49:56.131543,88.0686033344009,0.0439144835497558,86.84391448354975,-2.348603334400906,-1.123914483549754,1.2246888508511518,0,0.002029957486442075,0.9552802059988628,0.0016174895990912952,-0.2055855016537282,0.5713177634277344,0.0,0.0,OTM,6,6,0.003201280512204882,1.2999999999999972,87.44999999999999,-1.7299999999999898,0.10386823594375164,0
MSFT250718C00415000,2025-06-27 19:31:41+00:00,415.0,81.95,81.0,83.05,-2.2200012,-2.6375208,21.0,2309,0.5433395275878907,True,REGULAR,USD,MSFT,2025-07-18,18,495.9400024414063,0.8367947694419567,2025-06-29 12:49:56.131543,83.57269865579957,1.3150912705154383,82.31509127051544,-1.6226986557995673,-0.36509127051543544,1.2576073852841319,1,0.9986682140415384,0.9403187176894396,0.001982409191197311,-0.24961794702269255,0.5582075429687501,0.0,0.0,OTM,6,6,0.00909090909090909,2.049999999999997,82.025,-0.07500000000000284,0.13064792717203902,0
MSFT250718C00420000,2025-06-27 19:54:50+00:00,420.0,77.3,75.95,78.2,-1.6499939,-2.0899227,54.0,8350,0.5238084729003907,True,REGULAR,USD,MSFT,2025-07-18,18,495.9400024414063,0.8468766341340285,2025-06-29 12:49:56.131543,78.71213360818138,1.555085108873655,77.50508510887366,-1.412133608181378,-0.20508510887366072,1.2070484993077173,1,0.9993623469907666,0.9342421493704562,0.0022177495298484453,-0.25770556604127687,0.5389450402832032,0.0,0.0,OTM,6,6,0.0064662914621003474,2.25,77.075,0.22499999999999432,0.14090387449521846,0
MSFT250718C00425000,2025-06-27 18:49:09+00:00,425.0,72.5,71.85,73.2,-1.4899979,-2.0137827,18.0,2016,0.4950001672363281,True,REGULAR,USD,MSFT,2025-07-18,18,495.9400024414063,0.8569584988261003,2025-06-29 12:49:56.131543,73.72692490826387,0.7410504905672468,72.59105049056724,-1.226924908263868,-0.09105049056724113,1.135874417696627,1,0.9950909939971865,0.9307873592041711,0.002441549685862929,-0.25469871057061927,0.5241258525390625,0.0,0.0,OTM,6,6,0.008924144769459593,1.3500000000000085,72.525,-0.025000000000005684,0.14659151479544347,0
MSFT250718C00430000,2025-06-27 19:25:14+00:00,430.0,66.68,66.95,68.15,-2.6299973,-3.7945423,20.0,5070,0.4635063415527344,True,REGULAR,USD,MSFT,2025-07-18,18,495.9400024414063,0.867040363518172,2025-06-29 12:49:56.131543,68.70007170367523,0.6910795047612197,67.64107950476122,-2.020071703675228,-0.9610795047612157,1.0589921989140123,0,0.0035340682725239375,0.9280601466254685,0.0026860623254576967,-0.24806845735539057,0.5110156320800782,0.0,0.0,OTM,6,6,0.003943995267205679,1.2000000000000028,67.55000000000001,-0.8700000000000045,0.15101138343597073,0
MSFT250718C00435000,2025-06-27 19:09:05+00:00,435.0,61.98,62.05,64.35,-2.2999992,-3.5780947,23.0,4580,0.4924977508544922,True,REGULAR,USD,MSFT,2025-07-18,18,495.9400024414063,0.8771222282102438,2025-06-29 12:49:56.131543,64.73269017511103,1.5790471227315592,63.629047122731556,-2.7526901751110344,-1.6490471227315595,1.103643052379475,0,0.0050880382225888315,0.8990233293200149,0.0032585884515994364,-0.3185108361041649,0.5036304520263671,0.0,0.0,OTM,6,6,0.005020737830168085,2.299999999999997,63.199999999999996,-1.2199999999999989,0.19465774402736127,0
MSFT250718C00440000,2025-06-27 19:54:50+00:00,440.0,57.02,57.1,58.45,-2.25,-3.796187,59.0,4077,0.4211483666992188,True,REGULAR,USD,MSFT,2025-07-18,18,495.9400024414063,0.8872040929023156,2025-06-29 12:49:56.131543,58.98335720611834,0.9363946291197536,58.036394629119755,-1.9633572061183386,-1.0163946291197519,0.9469625769985868,0,0.03854603012003376,0.9119395137984083,0.003444803466529567,-0.2597336299545457,0.4791922198486328,0.0,0.0,OTM,6,6,0.014467876410004904,1.3500000000000014,57.775000000000006,-0.7550000000000026,0.17596953668104465,0
MSFT250718C00445000,2025-06-27 19:16:30+00:00,445.0,52.29,52.2,53.55,-2.5499992,-4.649889,155.0,1772,0.3963683410644532,True,REGULAR,USD,MSFT,2025-07-18,18,495.9400024414063,0.8972859575943873,2025-06-29 12:49:56.131543,54.08348083240003,0.9991104763299887,53.19911047632999,-1.7934808324000286,-0.9091104763299924,0.8843703560700362,1,0.9922928580995577,0.9037674942148919,0.003908729634058731,-0.2608945833159466,0.4537041934814453,0.0,0.0,OTM,6,6,0.0874224478285392,1.3499999999999943,52.875,-0.5850000000000009,0.1879197866606064,0
MSFT250718C00450000,2025-06-27 19:07:04+00:00,450.0,46.99,46.85,48.4,-2.4099998,-4.8785424,71.0,6889,0.360235889892578,True,REGULAR,USD,MSFT,2025-07-18,18,495.9400024414063,0.9073678222864592,2025-06-29 12:49:56.131543,48.97278730041347,1.3228421589333692,48.17284215893337,-1.9827873004134702,-1.1828421589333686,0.7999451414801015,1,0.9458165500880229,0.9007698678218601,0.0043985994580358,-0.24680669870851757,0.4267513380126953,0.0,0.0,OTM,6,6,0.010304789550072569,1.5499999999999972,47.625,-0.634999999999998,0.19219377432314533,0
MSFT250718C00455000,2025-06-27 19:46:58+00:00,455.0,42.4,41.7,43.45,-2.2799988,-5.1029515,124.0,2263,0.3327703442382813,True,REGULAR,USD,MSFT,2025-07-18,18,495.9400024414063,0.9174496869785308,2025-06-29 12:49:56.131543,44.02960417698671,1.5964297620249965,43.296429762025,-1.6296041769867102,-0.8964297620250008,0.7331744149617094,1,0.9935857121660807,0.8918096302216194,0.005069896673281504,-0.24371299091516185,0.40060413854980476,0.0,0.0,OTM,6,6,0.054770318021201414,1.75,42.575,-0.17500000000000426,0.2046358145772542,0
MSFT250718C00457500,2025-06-26 18:46:18+00:00,457.5,42.64,38.9,42.3,0.0,0.0,2.0,8,0.3682924499511719,True,REGULAR,USD,MSFT,2025-07-18,18,495.9400024414063,0.9224906193245668,2025-06-29 12:49:56.131543,42.70564854143515,2.9995760071987903,41.89957600719879,-0.0656485414351522,0.7404239928012117,0.8060725342363639,1,0.9998915610323325,0.8548552922294002,0.005622988233638117,-0.3091996364287019,0.37576307836914064,0.0,0.0,OTM,6,6,0.2222222222222222,3.3999999999999986,40.599999999999994,2.0400000000000063,0.2511874348402114,0
MSFT250718C00460000,2025-06-27 19:52:11+00:00,460.0,36.84,36.95,38.6,-2.8100014,-7.0870147,128.0,2897,0.3087227331542969,True,REGULAR,USD,MSFT,2025-07-18,18,495.9400024414063,0.9275315516706026,2025-06-29 12:49:56.131543,39.17255984543101,1.5472492006660659,38.49724920066607,-2.332559845431007,-1.6572492006660653,0.6753106447649415,0,0.007935961940020502,0.878504001405457,0.005934960705455598,-0.24490258805731857,0.3532779516601562,0.0,0.0,OTM,6,6,0.04416839199447895,1.6499999999999986,37.775000000000006,-0.9350000000000023,0.2222411003374268,0
MSFT250718C00462500,2025-06-26 19:55:55+00:00,462.5,37.26,34.05,36.7,0.0,0.0,2.0,40,0.3151923950195311,True,REGULAR,USD,MSFT,2025-07-18,18,495.9400024414063,0.9325724840166384,2025-06-29 12:49:56.131543,37.19874252948574,2.4619807271947565,36.511980727194754,0.06125747051425634,0.7480192728052444,0.686761802290988,1,0.9999120709814786,0.8571410523634551,0.006500322316089237,-0.2707172644318156,0.3370427624511718,0.0,0.0,OTM,6,6,0.04878048780487805,2.6500000000000057,35.375,1.884999999999998,0.24851267381406703,0
MSFT250718C00465000,2025-06-27 19:54:50+00:00,465.0,33.47,32.0,34.1,-1.199997,-3.461197,70.0,3076,0.2958444439697265,True,REGULAR,USD,MSFT,2025-07-18,18,495.9400024414063,0.9376134163626744,2025-06-29 12:49:56.131543,34.620674508436366,1.9778564786491586,33.97785647864916,-1.1506745084363672,-0.5078564786491597,0.6428180297872075,1,0.9991523480977277,0.8533450393835262,0.0070488397467548545,-0.261095425023831,0.3241644732666015,0.0,0.0,OTM,6,6,0.022749431264218394,2.1000000000000014,33.05,0.4200000000000017,0.25294085075946016,0
MSFT250718C00467500,2025-06-27 19:09:22+00:00,467.5,30.43,30.15,31.4,-2.0699997,-6.3692303,4.0,29,0.2730785583496093,True,REGULAR,USD,MSFT,2025-07-18,18,495.9400024414063,0.9426543487087105,2025-06-29 12:49:56.131543,31.954127076580335,1.2122774534847878,31.362277453484786,-1.524127076580335,-0.9322774534847866,0.5918496230955483,1,0.9899366606547594,0.8519452999391581,0.007685252543767074,-0.24659531280544145,0.31222611608886713,0.0,0.0,OTM,6,6,0.13333333333333333,1.25,30.775,-0.34499999999999886,0.2545561917097775,0
MSFT250718C00470000,2025-06-27 19:54:30+00:00,470.0,27.8,28.35,29.0,-2.9500008,-9.593498,183.0,8166,0.2604444073486328,True,REGULAR,USD,MSFT,2025-07-18,18,495.9400024414063,0.9476952810547462,2025-06-29 12:49:56.131543,29.549332022188594,0.6376775675047384,28.98767756750474,-1.749332022188593,-1.187677567504739,0.561654454683854,0,0.004463656707681225,0.8414438275431455,0.008432394613598002,-0.2458327012735999,0.2906565075683593,0.0,0.0,OTM,6,6,0.022407248683727194,0.6499999999999986,28.675,-0.875,0.26638138861725674,0
MSFT250718C00472500,2025-06-27 19:59:02+00:00,472.5,26.21,25.4,26.6,-1.4400005,-5.207958,14.0,57,0.2473219799804687,True,REGULAR,USD,MSFT,2025-07-18,18,495.9400024414063,0.952736213400782,2025-06-29 12:49:56.131543,27.143104763568147,1.2133010410939455,26.613301041093944,-0.9331047635681458,-0.40330104109394327,0.5298037224742025,1,0.9982191108935217,0.8299346032082625,0.009292611966373888,-0.2441781953903579,0.2783763569335937,0.0,0.0,ATM,6,6,0.2413793103448276,1.2000000000000028,26.0,0.21000000000000085,0.2787651232602688,0
MSFT250718C00475000,2025-06-27 19:52:25+00:00,475.0,23.23,22.6,25.35,-2.92,-11.166348,345.0,5324,0.2670971728515625,True,REGULAR,USD,MSFT,2025-07-18,18,495.9400024414063,0.957777145746818,2025-06-29 12:49:56.131543,25.758787396614082,2.6038685174452496,25.20386851744525,-2.5287873966140815,-1.9738685174452506,0.5549188791688309,1,0.9938493254062937,0.7877223242088345,0.009859463282846202,-0.2869753820303598,0.2687573124999999,0.0,0.0,ATM,6,6,0.0647887323943662,2.75,23.975,-0.745000000000001,0.31941880859445243,0
MSFT250718C00477500,2025-06-27 19:54:54+00:00,477.5,21.7,20.65,23.15,-1.8699989,-7.9338098,6.0,91,0.2571790591430664,True,REGULAR,USD,MSFT,2025-07-18,18,495.9400024414063,0.9628180780928538,2025-06-29 12:49:56.131543,23.536814400301466,2.362384218363399,23.012384218363398,-1.836814400301467,-1.3123842183633982,0.5244301819380688,1,0.9994502574439239,0.7688851340554278,0.01074953290844824,-0.28856154234723963,0.2610242355346679,0.0,0.0,ATM,6,6,0.06521739130434782,2.5,21.9,-0.1999999999999993,0.33532282557907556,0
MSFT250718C00480000,2025-06-27 19:50:00+00:00,480.0,18.1,19.55,19.85,-3.6299992,-16.705013,236.0,8689,0.2173540179443359,True,REGULAR,USD,MSFT,2025-07-18,18,495.9400024414063,0.9678590104388896,2025-06-29 12:49:56.131543,20.326249272609232,0.3323836183051512,19.882383618305152,-2.2262492726092304,-1.7823836183051505,0.44386565430408,0,0.0017519708820818976,0.7739876250252576,0.012560632557381284,-0.24972995355372124,0.24987932745361321,0.0,0.0,ATM,6,6,0.02715765247410817,0.3000000000000007,19.700000000000003,-1.6000000000000014,0.3311441630460955,0
MSFT250718C00482500,2025-06-27 19:54:50+00:00,482.5,17.6,17.45,17.75,-2.0,-10.204082,26.0,249,0.2093584924316406,True,REGULAR,USD,MSFT,2025-07-18,18,495.9400024414063,0.9728999427849256,2025-06-29 12:49:56.131543,18.192406754386525,0.3231164547753913,17.77311645477539,-0.5924067543865235,-0.17311645477538917,0.4192902996111343,1,0.9868346777201357,0.7476842295039962,0.013849379970605862,-0.2528285448532451,0.2396621444702148,0.0,0.0,ATM,6,6,0.104,0.3000000000000007,17.6,0.0,0.35168903928563955,0
MSFT250718C00485000,2025-06-27 19:59:58+00:00,485.0,15.45,15.45,15.7,-1.920001,-11.053546,387.0,5220,0.2011798632812499,True,REGULAR,USD,MSFT,2025-07-18,18,495.9400024414063,0.9779408751309616,2025-06-29 12:49:56.131543,16.105952707157257,0.25822246152155515,15.708222461521554,-0.6559527071572582,-0.25822246152155515,0.39773024563570303,0,0.030547109798479254,0.7179677978820497,0.015246084517097755,-0.2544742329919922,0.23043372113037103,0.0,0.0,ATM,6,6,0.07412373108599885,0.25,15.575,-0.125,0.372032389768098,0
MSFT250718C00487500,2025-06-27 19:46:57+00:00,487.5,13.36,13.5,13.75,-2.0700006,-13.415429,193.0,231,0.193794683227539,True,REGULAR,USD,MSFT,2025-07-18,18,495.9400024414063,0.9829818074769974,2025-06-29 12:49:56.131543,14.113668469018705,0.23867183365882916,13.73867183365883,-0.7536684690187059,-0.3786718336588297,0.37499663535987615,0,0.02628905731562951,0.6835530799015457,0.01667652682938817,-0.2555257030063753,0.21577322320556638,0.0,0.0,ATM,6,6,0.8318965517241379,0.25,13.625,-0.26500000000000057,0.3919993841980163,0
MSFT250718C00490000,2025-06-27 19:59:49+00:00,490.0,11.93,11.7,11.95,-1.4499998,-10.837069,447.0,6662,0.1880574359130859,True,REGULAR,USD,MSFT,2025-07-18,18,495.9400024414063,0.9880227398230332,2025-06-29 12:49:56.131543,12.266340761404706,0.21066628046186864,11.910666280461868,-0.33634076140470626,0.01933371953813179,0.35567448094283804,1,0.9920577668259248,0.6437326786635061,0.017997866391553635,-0.256508573527302,0.20194889855957027,0.0,0.0,ATM,6,6,0.06708689779378658,0.25,11.825,0.10500000000000043,0.4105343057046481,0
MSFT250718C00492500,2025-06-27 19:57:54+00:00,492.5,10.21,10.0,10.2,-1.5900002,-13.474578,92.0,600,0.1812826013183593,True,REGULAR,USD,MSFT,2025-07-18,18,495.9400024414063,0.9930636721690692,2025-06-29 12:49:56.131543,10.469820947196638,0.1359461683661678,10.135946168366168,-0.25982094719663706,0.07405383163383306,0.3338747788304701,1,0.9964514908906853,0.6003596310634743,0.01934616192606814,-0.25356375649727514,0.19473461523437496,0.0,0.0,ATM,6,6,0.15307820299500832,0.1999999999999993,10.1,0.11000000000000121,0.42539155435610654,0
MSFT250718C00495000,2025-06-27 19:59:53+00:00,495.0,8.54,8.45,8.65,-1.4399996,-14.428854,2642.0,5164,0.1765829412841797,True,REGULAR,USD,MSFT,2025-07-18,18,495.9400024414063,0.998104604515105,2025-06-29 12:49:56.131543,8.868497218149514,0.10455741537335683,8.554557415373356,-0.32849721814951494,-0.014557415373356974,0.31393980277615796,1,0.9688976280960436,0.5520599328748453,0.020338711245531625,-0.24996671979866855,0.18817950500488276,0.0,0.0,ATM,6,6,0.5115198451113262,0.20000000000000107,8.55,-0.010000000000001563,0.4356222936053137,0
MSFT250718C00500000,2025-06-27 19:58:10+00:00,500.0,5.95,5.85,5.95,-1.1000004,-15.602842,6538.0,13475,0.1679770703125,False,REGULAR,USD,MSFT,2025-07-18,18,495.9400024414063,1.0081864692071767,2025-06-29 12:49:56.131543,6.072528597110818,-0.0266447682837212,5.8233552317162784,-0.12252859711081765,0.12664476828372173,0.24917336539453938,1,0.9941479831021073,0.4467745554138057,0.02137237492057147,-0.23270405683326512,0.18153894641113277,0.0,0.0,ATM,6,6,0.48515880083110713,0.10000000000000053,5.9,0.04999999999999982,0.4354524184012585,0
MSFT250718C00505000,2025-06-27 19:59:49+00:00,505.0,3.94,3.8,3.95,-1.06,-21.199999,1140.0,6502,0.1634605139160156,False,REGULAR,USD,MSFT,2025-07-18,18,495.9400024414063,1.0182683338992486,2025-06-29 12:49:56.131543,3.9913333793237484,0.013175239268115035,3.813175239268115,-0.051333379323748485,0.1268247607318851,0.17815814005563357,1,0.9990286531208032,0.3399332745779598,0.020351820392523614,-0.2057637076750565,0.1754721125488281,0.0,0.0,ATM,6,6,0.17530370598185452,0.15000000000000036,3.875,0.06499999999999995,0.40350975793667293,0
MSFT250718C00510000,2025-06-27 19:59:40+00:00,510.0,2.45,2.0,2.84,-0.79999995,-24.615383,3417.0,26024,0.1698081066894531,False,REGULAR,USD,MSFT,2025-07-18,18,495.9400024414063,1.0283501985913204,2025-06-29 12:49:56.131543,2.8179486959917313,0.6811098236921103,2.6811098236921103,-0.3679486959917311,-0.23110982369211008,0.136838872299621,1,0.9976340107840315,0.25555615317853075,0.017189800920908396,-0.183978245957568,0.17182224670410157,0.0,0.0,ATM,6,6,0.13129682997118156,0.8399999999999999,2.42,0.03000000000000025,0.35405211013205273,0
MSFT250718C00515000,2025-06-27 19:54:23+00:00,515.0,1.32,1.44,1.49,-0.66999996,-33.66834,915.0,2664,0.157662232055664,False,REGULAR,USD,MSFT,2025-07-18,18,495.9400024414063,1.038432063283392,2025-06-29 12:49:56.131543,1.4536031378795826,-0.06133879133804365,1.3786612086619563,-0.13360313787958256,-0.05866120866195623,0.07494192921762632,0,0.013345749172259594,0.1612871689023379,0.014086048680438916,-0.1287305131570013,0.1670981728515625,0.0,0.0,ATM,6,6,0.3433395872420263,0.050000000000000044,1.4649999999999999,-0.1449999999999998,0.26937344217012,0
MSFT250718C00520000,2025-06-27 19:56:45+00:00,520.0,0.85,0.84,0.89,-0.37,-30.32787,431.0,7080,0.1579674047851562,False,REGULAR,USD,MSFT,2025-07-18,18,495.9400024414063,1.0485139279754638,2025-06-29 12:49:56.131543,0.8447287300422488,-0.041658456097399044,0.7983415439026009,0.005271269957751179,0.05165845609739905,0.046387186139647874,1,0.9657320106131683,0.10336120813585409,0.010333331309011306,-0.0937845179020916,0.1633750655517578,0.0,0.0,ATM,6,6,0.06086710916537212,0.050000000000000044,0.865,-0.015000000000000013,0.19799114062035225,0
MSFT250718C00525000,2025-06-27 19:42:44+00:00,525.0,0.51,0.49,0.53,-0.25,-32.894737,59.0,1152,0.1596763720703125,False,REGULAR,USD,MSFT,2025-07-18,18,495.9400024414063,1.0585957926675356,2025-06-29 12:49:56.131543,0.48720140236162024,-0.03443988163500672,0.45556011836499327,0.02279859763837977,0.05443988163500674,0.03164128399662697,1,0.98017249424811,0.0644304046903854,0.007160954715522306,-0.06582640699055665,0.1617149259033203,0.0,0.0,ITM,6,6,0.05117085862966175,0.040000000000000036,0.51,0.0,0.13869139112276116,0
MSFT250718C00530000,2025-06-27 19:51:11+00:00,530.0,0.28,0.29,0.32,-0.19,-40.42553,1093.0,323,0.1626060302734375,False,REGULAR,USD,MSFT,2025-07-18,18,495.9400024414063,1.0686776573596073,2025-06-29 12:49:56.131543,0.28370507913270515,-0.02846869685942166,0.2615313031405783,-0.0037050791327051247,0.018468696859421707,0.022173775992126832,0,0.016174950566391105,0.039792323579689697,0.004791616229180503,-0.04535102596541025,0.16154402917480465,0.0,0.0,ITM,6,6,3.373456790123457,0.030000000000000027,0.305,-0.024999999999999967,0.09450539354062598,0
MSFT250718C00535000,2025-06-27 19:59:51+00:00,535.0,0.19,0.17,0.2,-0.099999994,-34.482758,60.0,1567,0.167000517578125,False,REGULAR,USD,MSFT,2025-07-18,18,495.9400024414063,1.0787595220516792,2025-06-29 12:49:56.131543,0.17189549445894592,-0.012070436357749736,0.15792956364225028,0.018104505541054083,0.032070436357749726,0.013965930816695643,1,0.9919145401611118,0.025044902854576372,0.003182471004968685,-0.03158235656022299,0.16098251135253905,0.0,0.0,ITM,6,6,0.03826530612244898,0.03,0.185,0.0050000000000000044,0.06446443683467845,0
MSFT250718C00540000,2025-06-27 18:51:57+00:00,540.0,0.14,0.11,0.13,-0.040000007,-22.222225,74.0,541,0.17188328125,False,REGULAR,USD,MSFT,2025-07-18,18,495.9400024414063,1.088841386743751,2025-06-29 12:49:56.131543,0.10635969682171353,-0.01387843060996899,0.09612156939003101,0.03364030317828648,0.043878430609969,0.010238127431682523,1,0.9924558234159832,0.01592929393828445,0.0021064815426070785,-0.022035779725652904,0.16382672119140623,0.0,0.0,ITM,6,6,0.13653136531365315,0.020000000000000004,0.12,0.020000000000000018,0.04391665099413851,0
MSFT250718C00545000,2025-06-26 16:07:38+00:00,545.0,0.08,0.07,0.09,0.0,0.0,3.0,159,0.178719150390625,False,REGULAR,USD,MSFT,2025-07-18,18,495.9400024414063,1.0989232514358227,2025-06-29 12:49:56.131543,0.07226618233035609,-0.006740141458894136,0.06325985854110587,0.007733817669643914,0.01674014145889413,0.009006323789250217,1,0.963820037889047,0.010871477094961278,0.0014563675315201756,-0.01640154803718002,0.1679770703125,0.0,0.0,ITM,6,6,0.01875,0.01999999999999999,0.08,0.0,0.031570393832466764,0
MSFT250718C00550000,2025-06-27 15:14:52+00:00,550.0,0.07,0.04,0.07,0.0,0.0,15.0,87,0.187508125,False,REGULAR,USD,MSFT,2025-07-18,18,495.9400024414063,1.1090051161278944,2025-06-29 12:49:56.131543,0.05469450809174958,0.0056115319430281516,0.04561153194302815,0.015305491908250424,0.024388468056971854,0.00908297614872143,1,0.9966700375777783,0.008093349233470347,0.0010723133387986862,-0.013245082464744993,0.1735434208984375,0.0,0.0,ITM,6,6,0.17045454545454544,0.030000000000000006,0.05500000000000001,0.015,0.02438819841851752,0
MSFT250718C00555000,2025-06-27 14:47:53+00:00,555.0,0.05,0.03,0.05,0.0,0.0,1.0,20,0.19336744140625,False,REGULAR,USD,MSFT,2025-07-18,18,495.9400024414063,1.1190869808199662,2025-06-29 12:49:56.131543,0.037056959972867176,-0.0012946274057369297,0.02870537259426307,0.012943040027132827,0.021294627405736934,0.008351587378604107,1,0.9957362699845329,0.005522344038404294,0.0007417308855900494,-0.009714431939537695,0.179695703125,0.0,0.0,ITM,6,6,0.047619047619047616,0.020000000000000004,0.04,0.010000000000000002,0.017396730450379233,0
MSFT250718C00560000,2025-06-27 19:58:00+00:00,560.0,0.03,0.03,0.05,0.0,0.0,167.0,1495,0.2070391796874999,False,REGULAR,USD,MSFT,2025-07-18,18,495.9400024414063,1.129168845512038,2025-06-29 12:49:56.131543,0.036726449236911485,-0.0020902018388427694,0.02790979816115723,-0.006726449236911486,0.0020902018388427694,0.008816651075754255,0,0.023677557165479188,0.005149856236331603,0.0006510405540875873,-0.009747447190516227,0.187703435546875,0.0,0.0,ITM,6,6,0.11163101604278075,0.020000000000000004,0.04,-0.010000000000000002,0.01634927506912064,0
MSFT250718C00580000,2025-06-27 14:33:28+00:00,580.0,0.01,0.0,0.01,0.0,0.0,1.0,232,0.2226640234374999,False,REGULAR,USD,MSFT,2025-07-18,18,495.9400024414063,1.169496304280325,2025-06-29 12:49:56.131543,0.006662693033991474,0.0039410149829227316,0.0039410149829227316,0.0033373069660085266,0.006058985017077269,0.002721678051068742,1,0.9996692947474582,0.000994416910757878,0.0001366010589413036,-0.0023485081156636753,0.19785958398437495,0.0,0.0,ITM,6,6,0.004291845493562232,0.01,0.005,0.005,0.003689283577583673,0
MSFT250718C00600000,2025-06-27 16:09:43+00:00,600.0,0.01,0.0,0.01,0.0,0.0,20.0,740,0.26563234375,False,REGULAR,USD,MSFT,2025-07-18,18,495.9400024414063,1.2098237630486122,2025-06-29 12:49:56.131543,0.006240475843798832,0.0034376676669178826,0.0034376676669178826,0.0037595241562011685,0.006562332333082118,0.002802808176880949,1,0.9996692947474582,0.0007951121105067834,9.322411823275056e-05,-0.0022694476868530982,0.21524222265624995,0.0,0.0,ITM,6,6,0.02699055330634278,0.01,0.005,0.005,0.0030036350167301994,0
MSFT250718C00620000,2025-06-27 13:30:01+00:00,620.0,0.01,0.0,0.01,-0.02,-66.66667,9.0,257,0.304694453125,False,REGULAR,USD,MSFT,2025-07-18,18,495.9400024414063,1.2501512218168993,2025-06-29 12:49:56.131543,0.005478930846378405,0.002736884863645476,0.002736884863645476,0.0045210691536215954,0.007263115136354524,0.0027420459827329287,1,0.9996428555816922,0.0006203431989476933,6.464755755082576e-05,-0.00206355893212709,0.23867948828124996,0.0,0.0,ITM,6,6,0.03488372093023256,0.01,0.005,0.005,0.0023892114635086924,0
MSFT250718C00640000,2025-06-16 16:46:02+00:00,640.0,0.01,0.0,0.01,0.0,0.0,1.0,84,0.3437565625,False,REGULAR,USD,MSFT,2025-07-18,18,495.9400024414063,1.2904786805851862,2025-06-29 12:49:56.131543,0.005293987662732091,0.0026539430866431317,0.0026539430866431317,0.004706012337267909,0.0073460569133568685,0.0026400445760889598,1,0.9996790436096933,0.0005375273525360821,5.01937229948743e-05,-0.0020342130487573415,0.2687573124999999,0.0,0.0,ITM,6,6,0.011764705882352941,0.01,0.005,0.005,0.002092851085666786,0
MSFT250718C00660000,2025-06-11 14:39:41+00:00,660.0,0.01,0.0,0.01,0.0,0.0,1.0,309,0.3828186718749999,False,REGULAR,USD,MSFT,2025-07-18,18,495.9400024414063,1.3308061393534734,2025-06-29 12:49:56.131543,0.00545383460978785,0.0027245036754945835,0.0027245036754945835,0.00454616539021215,0.007275496324505417,0.0027293309342932663,1,0.9996199558987356,0.0005006366602514756,4.22020443166428e-05,-0.002117060324643223,0.30391321093749996,0.0,0.0,ITM,6,6,0.0032258064516129032,0.01,0.005,0.005,0.0019595868739363804,0
MSFT250725C00240000,2025-06-20 16:32:22+00:00,240.0,241.0,255.15,258.75,0.0,0.0,2.0,2,1.3261752441406247,True,REGULAR,USD,MSFT,2025-07-25,25,495.9400024414063,0.4839295052194448,2025-06-29 12:49:56.269383,257.52218156276103,-1.5034942091141374,253.64650579088587,-16.522181562761034,-12.646505790885868,3.8756757718751658,0,9.030439686381611e-05,0.9885361254294277,0.00017439857778343108,-0.13522394662875126,0.5246154550781249,0.0,0.0,OTM,6,6,0.6666666666666666,3.5999999999999943,256.95,-15.949999999999989,0.038962721071748654,0
MSFT250725C00300000,2025-06-09 15:03:18+00:00,300.0,172.26,195.45,198.95,0.0,0.0,1.0,1,0.992187578125,True,REGULAR,USD,MSFT,2025-07-25,25,495.9400024414063,0.6049118815243061,2025-06-29 12:49:56.269383,197.93145936447092,-0.3381190205579685,195.11188097944202,-25.671459364470934,-22.85188097944203,2.8195783850289047,0,0.0001807503849479046,0.9811846466269062,0.0003569702637196592,-0.15794573705205853,0.6699265019531249,0.0,0.0,OTM,6,6,0.5,3.5,197.2,-24.939999999999998,0.059666594291440965,0
MSFT250725C00325000,2025-06-27 13:35:44+00:00,325.0,173.67,170.6,173.9,0.0,0.0,3.0,0,0.8596205444335938,True,REGULAR,USD,MSFT,2025-07-25,25,495.9400024414063,0.655321204984665,2025-06-29 12:49:56.269383,173.0590492456277,0.043704358778882124,170.64370435877888,0.6109507543722827,3.026295641221111,2.4153448868488283,1,0.9999666235428335,0.9775872979991764,0.0004778485850748927,-0.16167811880200333,0.7809117202148437,0.0,0.0,OTM,6,6,3.0,3.3000000000000114,172.25,1.4199999999999875,0.06919942958996522,0
MSFT250725C00350000,2025-06-20 18:45:37+00:00,350.0,130.0,145.5,149.2,0.0,0.0,1583.0,1583,0.7393824890136718,True,REGULAR,USD,MSFT,2025-07-25,25,495.9400024414063,0.7057305284450237,2025-06-29 12:49:56.269383,148.22834560767564,0.6667996863496342,146.16679968634963,-18.228345607675635,-16.166799686349634,2.061545921326001,0,0.0003550098454516364,0.9722886799247401,0.0006637499331965586,-0.16800737616247405,0.8600369055175779,0.0,0.0,OTM,6,6,0.9993686868686869,3.6999999999999886,147.35,-17.349999999999994,0.08267592737714073,0
MSFT250725C00355000,2025-06-20 19:33:16+00:00,355.0,124.47,140.55,144.2,0.0,0.0,3.0,0,0.7163114306640624,True,REGULAR,USD,MSFT,2025-07-25,25,495.9400024414063,0.7158123931370955,2025-06-29 12:49:56.269383,143.26611717891876,0.7215527942864526,141.27155279428646,-18.796117178918763,-16.801552794286465,1.994564384632298,0,0.00037095227724994026,0.9709832340114171,0.0007118826414078702,-0.16940887176483163,0.9267354572753905,0.0,0.0,OTM,6,6,3.0,3.6499999999999773,142.375,-17.905,0.08590445929508124,0
MSFT250725C00360000,2025-06-24 18:00:08+00:00,360.0,133.22,135.55,138.95,0.0,0.0,1.0,1,0.6790803576660158,True,REGULAR,USD,MSFT,2025-07-25,25,495.9400024414063,0.7258942578291673,2025-06-29 12:49:56.269383,138.18058418533172,0.7508517610204706,136.30085176102048,-4.960584185331726,-3.080851761020483,1.8797324243112428,0,0.00040489845234932466,0.9719756040564889,0.0007294860956799618,-0.16044726524938924,0.7973164799804687,0.0,0.0,OTM,6,6,0.5,3.3999999999999773,137.25,-4.030000000000001,0.08345331851778491,0
MSFT250725C00365000,2025-06-25 13:59:12+00:00,365.0,130.1,130.8,134.3,0.0,0.0,3.0,4,0.6815217395019533,True,REGULAR,USD,MSFT,2025-07-25,25,495.9400024414063,0.735976122521239,2025-06-29 12:49:56.269383,133.44644157521492,0.7474212553016457,131.54742125530166,-3.346441575214925,-1.4474212553016628,1.8990203199132623,0,0.002966659384610947,0.9661588574000264,0.0008496954383295428,-0.1803289539769482,0.7351833122558594,0.0,0.0,OTM,6,6,0.6,3.5,132.55,-2.450000000000017,0.09755475089703365,0
MSFT250725C00370000,2025-06-20 13:49:34+00:00,370.0,114.22,125.65,129.15,0.0,0.0,1.0,0,0.6435582519531251,True,REGULAR,USD,MSFT,2025-07-25,25,495.9400024414063,0.7460579872133108,2025-06-29 12:49:56.269383,128.3391953086046,0.9061802024356496,126.55618020243566,-14.119195308604588,-12.336180202435656,1.783015106168932,0,0.0004934618470703105,0.9674003076156522,0.0008725396357515511,-0.16989921498625343,0.6919708537597657,0.0,0.0,OTM,6,6,1.0,3.5,127.4,-13.180000000000007,0.09459723695009814,0
MSFT250725C00385000,2025-06-23 13:30:15+00:00,385.0,93.52,110.65,114.35,0.0,0.0,2.0,5,0.5783733569335938,True,REGULAR,USD,MSFT,2025-07-25,25,495.9400024414063,0.7763035812895261,2025-06-29 12:49:56.269383,113.47457903271436,1.2278087032394183,111.87780870323942,-19.954579032714364,-18.357808703239428,1.5967703294749356,0,0.0006758385696542002,0.9617311510274266,0.0011073200173891925,-0.17459568304662743,0.6597690273437501,0.0,0.0,OTM,6,6,0.3333333333333333,3.6999999999999886,112.5,-18.980000000000004,0.10789140619729386,0
MSFT250725C00390000,2025-06-25 15:38:53+00:00,390.0,104.25,105.8,109.45,0.0,0.0,5.0,9,0.5632367895507813,True,REGULAR,USD,MSFT,2025-07-25,25,495.9400024414063,0.7863854459815979,2025-06-29 12:49:56.269383,108.59511257434724,1.2412490094206703,107.04124900942067,-4.34511257434724,-2.7912490094206674,1.5538635649265728,0,0.0006758385696542002,0.9579327875475864,0.001227946808043781,-0.18145232625936575,0.6291540991210939,0.0,0.0,OTM,6,6,0.5,3.6500000000000057,107.625,-3.375,0.11651343140850738,0
MSFT250725C00395000,2025-06-27 19:24:05+00:00,395.0,101.78,100.65,104.5,14.349998,16.413128,15.0,5,0.5354050366210938,True,REGULAR,USD,MSFT,2025-07-25,25,495.9400024414063,0.7964673106736696,2025-06-29 12:49:56.269383,103.57030712032844,1.4474227970978717,102.09742279709788,-1.7903071203284355,-0.31742279709787624,1.4728843232305593,1,0.9973060060322305,0.957154707811763,0.0013110691321290748,-0.17746537631334802,0.6004190349121095,0.0,0.0,OTM,6,6,2.5,3.8499999999999943,102.575,-0.7950000000000017,0.11825335434237515,0
MSFT250725C00400000,2025-06-27 14:27:21+00:00,400.0,98.86,96.0,99.05,20.300003,25.840128,2.0,8,0.5079394909667969,True,REGULAR,USD,MSFT,2025-07-25,25,495.9400024414063,0.8065491753657414,2025-06-29 12:49:56.269383,98.54578295416093,1.1524028033651632,97.15240280336516,0.3142170458390723,1.7075971966348362,1.393380150795764,1,0.9999508687414865,0.9563210715765682,0.001403635453804973,-0.1734852853523854,0.5657025852050782,0.0,0.0,OTM,6,6,0.2222222222222222,3.049999999999997,97.525,1.3349999999999937,0.12010794394367055,0
MSFT250725C00405000,2025-06-25 13:43:23+00:00,405.0,90.36,91.3,94.15,0.0,0.0,1.0,17,0.5745892150878906,True,REGULAR,USD,MSFT,2025-07-25,25,495.9400024414063,0.8166310400578132,2025-06-29 12:49:56.269383,94.9548823606388,2.087831035237656,93.38783103523765,-4.594882360638806,-3.0278310352376536,1.5670513254011524,0,0.0006546838624397091,0.9257753259880455,0.0018830937444570329,-0.25935709341802027,0.5519087778320313,0.0,0.0,OTM,6,6,0.05555555555555555,2.8500000000000085,92.725,-2.364999999999995,0.18227824339529403,0
MSFT250725C00410000,2025-06-27 19:48:59+00:00,410.0,87.38,86.05,89.55,2.4799957,2.9210784,9.0,13,0.5660443786621094,True,REGULAR,USD,MSFT,2025-07-25,25,495.9400024414063,0.826712904749885,2025-06-29 12:49:56.269383,90.32280905035066,2.7412505483028156,88.79125054830281,-2.942809050350661,-1.4112505483028173,1.5315585020478437,1,0.9976388336105487,0.9164778540926106,0.0020903259162502706,-0.27554757615871023,0.5494429821777345,0.0,0.0,OTM,6,6,0.6428571428571429,3.5,87.8,-0.4200000000000017,0.19932873506111792,0
MSFT250725C00415000,2025-06-27 18:23:05+00:00,415.0,82.18,81.3,84.35,-0.3199997,-0.38787842,19.0,36,0.5303391693115236,True,REGULAR,USD,MSFT,2025-07-25,25,495.9400024414063,0.8367947694419567,2025-06-29 12:49:56.269383,85.1652469891875,2.435169968317936,83.73516996831793,-2.9852469891874875,-1.5551699683179265,1.430077020869561,1,0.9979044527781354,0.915867477933025,0.0022432925164390352,-0.26313790406367543,0.5428634581298829,0.0,0.0,OTM,6,6,0.5135135135135135,3.049999999999997,82.82499999999999,-0.6449999999999818,0.2004218356353335,0
MSFT250725C00420000,2025-06-27 18:53:02+00:00,420.0,77.15,76.05,79.8,-2.8300018,-3.5383868,8.0,101,0.5221605401611327,True,REGULAR,USD,MSFT,2025-07-25,25,495.9400024414063,0.8468766341340285,2025-06-29 12:49:56.269383,80.57838512506555,3.131280276276854,79.18128027627685,-3.428385125065546,-2.0312802762768456,1.3971048487887003,1,0.9988794279807889,0.9048319738858102,0.0024971385146789976,-0.2798295863553809,0.5402145588378906,0.0,0.0,OTM,6,6,0.0784313725490196,3.75,77.925,-0.7749999999999915,0.21966056982752655,0
MSFT250725C00425000,2025-06-27 15:52:58+00:00,425.0,76.3,71.5,74.6,1.5300064,2.046284,5.0,15,0.4870656762695313,True,REGULAR,USD,MSFT,2025-07-25,25,495.9400024414063,0.8569584988261003,2025-06-29 12:49:56.269383,75.41994844151617,2.6219071324720034,74.121907132472,0.880051558483828,2.178092867527994,1.2980413090441658,1,0.9999630678947106,0.9034717044354761,0.002705158856598006,-0.26727132034287415,0.5360397958984375,0.0,0.0,OTM,6,6,0.3125,3.0999999999999943,73.05,3.25,0.2219656255347228,0
MSFT250725C00430000,2025-06-27 19:13:47+00:00,430.0,67.7,66.5,69.75,-2.0200043,-2.8973095,5.0,55,0.465825654296875,True,REGULAR,USD,MSFT,2025-07-25,25,495.9400024414063,0.867040363518172,2025-06-29 12:49:56.269383,70.5698365487508,2.836042431498143,69.33604243149814,-2.869836548750797,-1.63604243149814,1.233794117252657,1,0.9989880196070812,0.8960415593955698,0.002985837645987994,-0.26950458769930086,0.5142870837402344,0.0,0.0,OTM,6,6,0.08928571428571429,3.25,68.125,-0.42499999999999716,0.234312261612239,0
MSFT250725C00435000,2025-06-27 18:32:22+00:00,435.0,62.73,61.75,65.05,4.0600014,6.9200644,4.0,29,0.4494683959960937,True,REGULAR,USD,MSFT,2025-07-25,25,495.9400024414063,0.8771222282102438,2025-06-29 12:49:56.269383,65.8538307268966,2.9191729921448655,64.66917299214487,-3.123830726896607,-1.9391729921448686,1.1846577347517382,1,0.9988415663274172,0.8854159795279808,0.0033186348118038342,-0.27701944376040644,0.4909718872070313,0.0,0.0,OTM,6,6,0.13333333333333333,3.299999999999997,63.4,-0.6700000000000017,0.25128354396730485,0
MSFT250725C00440000,2025-06-27 19:12:56+00:00,440.0,58.1,57.05,60.2,-0.6500015,-1.1063856,9.0,67,0.4269466485595704,True,REGULAR,USD,MSFT,2025-07-25,25,495.9400024414063,0.8872040929023156,2025-06-29 12:49:56.269383,61.00391078245616,2.833754166190616,59.88375416619061,-2.9039107824561583,-1.7837541661906116,1.1201566162655467,1,0.9989954115412855,0.8764875653608726,0.003683793168741839,-0.277433643153315,0.4702933830566406,0.0,0.0,OTM,6,6,0.1323529411764706,3.1500000000000057,58.625,-0.5249999999999986,0.26495631246834717,0
MSFT250725C00445000,2025-06-27 19:01:24+00:00,445.0,52.4,51.75,55.35,-2.0999985,-3.8532083,10.0,30,0.4039366247558594,True,REGULAR,USD,MSFT,2025-07-25,25,495.9400024414063,0.8972859575943873,2025-06-29 12:49:56.269383,56.15500777458516,3.3495085066632697,55.09950850666327,-3.7550077745851596,-2.699508506663271,1.0554992679218884,1,0.9156906675591727,0.8666012775199048,0.004107441533930678,-0.2769866670458305,0.4466485999755859,0.0,0.0,OTM,6,6,0.3225806451612903,3.6000000000000014,53.55,-1.1499999999999986,0.27950529936632895,0
MSFT250725C00450000,2025-06-27 15:13:53+00:00,450.0,50.91,47.6,50.5,4.8899994,10.6258135,11.0,83,0.380316255493164,True,REGULAR,USD,MSFT,2025-07-25,25,495.9400024414063,0.9073678222864592,2025-06-29 12:49:56.269383,51.304774716390966,2.7165040686727338,50.316504068672735,-0.3947747163909696,0.5934959313272614,0.988270647718231,1,0.9999124119975046,0.8556108159351208,0.0046042080283910745,-0.27547749773489344,0.42529871582031253,0.0,0.0,OTM,6,6,0.13095238095238096,2.8999999999999986,49.05,1.8599999999999994,0.2949886117900907,0
MSFT250725C00455000,2025-06-27 19:44:21+00:00,455.0,42.85,42.8,44.4,-1.6500015,-3.7078686,11.0,147,0.3183661914062499,True,REGULAR,USD,MSFT,2025-07-25,25,495.9400024414063,0.9174496869785308,2025-06-29 12:49:56.269383,45.341092124297006,1.7174004057643728,44.51740040576437,-2.4910921242970048,-1.6674004057643685,0.8236917185326362,1,0.9700859369197286,0.8679633655675479,0.005174730517128177,-0.22947218274647174,0.39580682324218747,0.0,0.0,OTM,6,6,0.07432432432432433,1.6000000000000014,43.599999999999994,-0.7499999999999929,0.2775364980011597,0
MSFT250725C00460000,2025-06-27 19:44:21+00:00,460.0,38.2,37.45,41.0,-2.1699982,-5.375274,14.0,93,0.3366765551757812,True,REGULAR,USD,MSFT,2025-07-25,25,495.9400024414063,0.9275315516706026,2025-06-29 12:49:56.269383,41.786718742913365,3.479130955907486,40.92913095590749,-3.5867187429133622,-2.729130955907486,0.8575877870058761,1,0.9576228135936864,0.8255442455169231,0.005887309896293703,-0.2752031046170069,0.373248455078125,0.0,0.0,OTM,6,6,0.14893617021276595,3.549999999999997,39.225,-1.0249999999999986,0.33391443632247764,0
MSFT250725C00465000,2025-06-27 19:44:21+00:00,465.0,33.65,32.95,34.95,-3.0,-8.185538,8.0,81,0.2788158056640625,True,REGULAR,USD,MSFT,2025-07-25,25,495.9400024414063,0.9376134163626744,2025-06-29 12:49:56.269383,35.854229878362446,2.1944039707997547,35.14440397079976,-2.2042298783624474,-1.494403970799759,0.7098259075626885,1,0.9989004605915548,0.8330327871671761,0.006912190103129788,-0.23272692280177612,0.3436222864990234,0.0,0.0,OTM,6,6,0.0975609756097561,2.0,33.95,-0.30000000000000426,0.3246672536750775,0
MSFT250725C00470000,2025-06-27 19:57:29+00:00,470.0,30.14,28.25,30.3,-1.1599998,-3.70607,16.0,159,0.2588575091552735,True,REGULAR,USD,MSFT,2025-07-25,25,495.9400024414063,0.9476952810547462,2025-06-29 12:49:56.269383,31.178185284002893,2.2806101026627026,30.530610102662703,-1.0381852840028927,-0.390610102662702,0.6475751813401907,1,0.9997202502825586,0.8098703150727597,0.008080214912618426,-0.233172279481356,0.31460646337890624,0.0,0.0,OTM,6,6,0.1,2.0500000000000007,29.275,0.865000000000002,0.35236203035078695,0
MSFT250725C00475000,2025-06-27 19:54:30+00:00,475.0,24.55,23.9,26.35,-2.4500008,-9.074077,28.0,283,0.2534254345703125,True,REGULAR,USD,MSFT,2025-07-25,25,495.9400024414063,0.957777145746818,2025-06-29 12:49:56.269383,27.13795772970923,2.627038640446184,26.527038640446182,-2.5879577297092276,-1.9770386404461817,0.6109190892630458,1,0.9969530596423186,0.7689027600835758,0.009255987517999697,-0.2488090912671181,0.2892282991943359,0.0,0.0,ATM,6,6,0.09859154929577464,2.450000000000003,25.125,-0.5749999999999993,0.39516492006179815,0
MSFT250725C00480000,2025-06-27 19:50:00+00:00,480.0,19.85,20.4,21.55,-2.7299995,-12.090343,81.0,858,0.2251969570922851,True,REGULAR,USD,MSFT,2025-07-25,25,495.9400024414063,0.9678590104388896,2025-06-29 12:49:56.269383,22.324909738814938,1.3920903780051006,21.7920903780051,-2.4749097388149366,-1.9420903780050978,0.5328193608098388,0,0.006638484059877803,0.7395242664672254,0.011107803096876256,-0.2369795306993551,0.270594452331543,0.0,0.0,ATM,6,6,0.09429569266589057,1.1500000000000021,20.975,-1.125,0.4214015361390358,0
MSFT250725C00485000,2025-06-27 19:55:00+00:00,485.0,17.56,16.45,17.55,-1.1900005,-6.3466697,27.0,719,0.2112505633544921,True,REGULAR,USD,MSFT,2025-07-25,25,495.9400024414063,0.9779408751309616,2025-06-29 12:49:56.269383,18.24575106388852,1.3099584458255258,17.759958445825525,-0.6857510638885209,-0.19995844582552635,0.48579261806299456,1,0.9990387868970535,0.6890106159825629,0.012884625791848436,-0.2380426092724979,0.24550925396728512,0.0,0.0,ATM,6,6,0.0375,1.1000000000000014,17.0,0.5599999999999987,0.45853776468141577,0
MSFT250725C00490000,2025-06-27 19:28:00+00:00,490.0,13.35,13.15,13.8,-2.1499996,-13.870965,62.0,545,0.1975177905273437,True,REGULAR,USD,MSFT,2025-07-25,25,495.9400024414063,0.9880227398230332,2025-06-29 12:49:56.269383,14.406642364531649,0.8194774589040339,13.969477458904034,-1.0566423645316494,-0.6194774589040346,0.4371649056276148,1,0.9681727012249642,0.6274837248361194,0.014760030339604558,-0.23467075112432279,0.2292496509399414,0.0,0.0,ATM,6,6,0.11355311355311355,0.6500000000000004,13.475000000000001,-0.12500000000000178,0.4911327476644703,0
MSFT250725C00495000,2025-06-27 19:58:30+00:00,495.0,10.34,10.0,10.65,-1.4099998,-11.999999,156.0,1172,0.1892170922851562,True,REGULAR,USD,MSFT,2025-07-25,25,495.9400024414063,0.998104604515105,2025-06-29 12:49:56.269383,11.143188360837428,0.7452980387453003,10.7452980387453,-0.803188360837428,-0.40529803874530046,0.3978903220921275,1,0.9653049194035985,0.5525980630934326,0.01610276030308241,-0.23026334755966782,0.21532156756591792,0.0,0.0,ATM,6,6,0.1329923273657289,0.6500000000000004,10.325,0.015000000000000568,0.5132939158545894,0
MSFT250725C00500000,2025-06-27 19:59:50+00:00,500.0,7.75,7.4,7.9,-1.5500002,-16.666668,754.0,3583,0.1812826013183593,False,REGULAR,USD,MSFT,2025-07-25,25,495.9400024414063,1.0081864692071767,2025-06-29 12:49:56.269383,8.279571772391648,0.5475965901315023,7.947596590131503,-0.5295717723916482,-0.19759659013150266,0.33197518226014555,1,0.9705419789442117,0.4697322265107752,0.016906311548507736,-0.21797399195049613,0.20089300091552728,0.0,0.0,ATM,6,6,0.21037946428571427,0.5,7.65,0.09999999999999964,0.5163098568430924,0
MSFT250725C00505000,2025-06-27 19:51:39+00:00,505.0,5.15,5.2,5.75,-1.6100001,-23.816568,156.0,1430,0.1769491485595703,False,REGULAR,USD,MSFT,2025-07-25,25,495.9400024414063,1.0182683338992486,2025-06-29 12:49:56.269383,6.022311622308223,0.5638276406411267,5.763827640641127,-0.8723116223082226,-0.6138276406411265,0.2584839816670961,0,0.05251314456177018,0.3844493595968756,0.016636541940070165,-0.20080075708254713,0.19124343920898432,0.0,0.0,ATM,6,6,0.1090146750524109,0.5499999999999998,5.475,-0.3249999999999993,0.49592609430731627,0
MSFT250725C00510000,2025-06-27 19:49:22+00:00,510.0,3.75,3.55,4.0,-0.9499998,-20.212763,143.0,771,0.1723410403442383,False,REGULAR,USD,MSFT,2025-07-25,25,495.9400024414063,1.0283501985913204,2025-06-29 12:49:56.269383,4.179529205111038,0.4362918776147273,3.986291877614727,-0.429529205111038,-0.23629187761472714,0.19323732749631084,1,0.977097236333422,0.3010682893349677,0.015568658095578279,-0.17567990285936366,0.18346153460693357,0.0,0.0,ATM,6,6,0.18523316062176165,0.4500000000000002,3.775,-0.02499999999999991,0.4520071610523737,0
MSFT250725C00515000,2025-06-27 19:54:48+00:00,515.0,2.45,2.27,2.65,-0.98,-28.57143,373.0,477,0.1678855184936523,False,REGULAR,USD,MSFT,2025-07-25,25,495.9400024414063,1.038432063283392,2025-06-29 12:49:56.269383,2.7577392869356174,0.34806600360830053,2.6180660036083006,-0.30773928693561725,-0.16806600360830037,0.13967328332731688,1,0.9854662249619327,0.2241077159345477,0.013732498158469018,-0.14525759454438905,0.1775350802001953,0.0,0.0,ATM,6,6,0.7803347280334728,0.3799999999999999,2.46,-0.009999999999999787,0.3883901521617911,0
MSFT250725C00520000,2025-06-27 19:59:49+00:00,520.0,1.57,1.4,1.76,-0.7599999,-32.618023,157.0,346,0.1666953448486328,False,REGULAR,USD,MSFT,2025-07-25,25,495.9400024414063,1.0485139279754638,2025-06-29 12:49:56.269383,1.8165496671637698,0.3227648326234269,1.7227648326234268,-0.2465496671637697,-0.15276483262342677,0.09378483454034292,1,0.9885441518656114,0.16216681520178106,0.011344859177599125,-0.11698221093177179,0.1730307307128906,0.0,0.0,ATM,6,6,0.45244956772334294,0.3600000000000001,1.58,-0.010000000000000009,0.3185869668143501,0
MSFT250725C00525000,2025-06-27 19:46:21+00:00,525.0,1.06,0.91,1.14,-0.5100001,-32.48408,200.0,155,0.16602396484375,False,REGULAR,USD,MSFT,2025-07-25,25,495.9400024414063,1.0585957926675356,2025-06-29 12:49:56.269383,1.1628989204306137,0.19053888656790308,1.100538886567903,-0.10289892043061366,-0.040538886567903054,0.06236003386271061,1,0.9887164758694619,0.1131411075428283,0.00890360422609364,-0.09021522962115601,0.16997900341796873,0.0,0.0,ITM,6,6,1.2820512820512822,0.22999999999999987,1.025,0.03500000000000014,0.24902448574172759,0
MSFT250725C00530000,2025-06-27 19:50:01+00:00,530.0,0.62,0.58,0.75,-0.38,-38.0,44.0,70,0.1673667248535156,False,REGULAR,USD,MSFT,2025-07-25,25,495.9400024414063,1.0686776573596073,2025-06-29 12:49:56.269383,0.7550944020428361,0.12966095181660298,0.7096609518166029,-0.13509440204283607,-0.08966095181660294,0.04543345022623313,1,0.9914455956899855,0.0783388447814342,0.006735817868013818,-0.06879039164119283,0.1680625186767578,0.0,0.0,ITM,6,6,0.6197183098591549,0.17000000000000004,0.665,-0.04500000000000004,0.1899174529320945,0
MSFT250725C00535000,2025-06-27 19:46:21+00:00,535.0,0.46,0.29,0.49,-0.109999985,-19.298244,3.0,84,0.1690756921386719,False,REGULAR,USD,MSFT,2025-07-25,25,495.9400024414063,1.0787595220516792,2025-06-29 12:49:56.269383,0.4855859439818708,0.16078083756882583,0.4507808375688258,-0.025585943981870807,0.00921916243117421,0.03480510641304502,1,0.9937497394530955,0.05328812297332121,0.004943860536322584,-0.05117092949012499,0.16740944903564453,0.0,0.0,ITM,6,6,0.03529411764705882,0.2,0.39,0.07,0.1408162610839643,0
MSFT250725C00540000,2025-06-27 18:20:19+00:00,540.0,0.32,0.26,0.44,-0.099999994,-23.809523,28.0,25,0.1814046704101562,False,REGULAR,USD,MSFT,2025-07-25,25,495.9400024414063,1.088841386743751,2025-06-29 12:49:56.269383,0.4263566133782497,0.1334231013159093,0.3934231013159093,-0.1063566133782497,-0.07342310131590929,0.03293351206234041,1,0.9886824557694948,0.04485596521317737,0.004015372415365586,-0.047509284016804584,0.17011327941894533,0.0,0.0,ITM,6,6,1.0769230769230769,0.18,0.35,-0.02999999999999997,0.1227099330531331,0
MSFT250725C00545000,2025-06-27 19:53:47+00:00,545.0,0.27,0.17,0.31,-0.03999999,-12.903222,4.0,19,0.1850667431640624,False,REGULAR,USD,MSFT,2025-07-25,25,495.9400024414063,1.0989232514358227,2025-06-29 12:49:56.269383,0.2949317990721241,0.10162536380247258,0.2716253638024726,-0.02493179907212406,-0.0016253638024725792,0.023306435269651482,1,0.9958870205982133,0.03196381057184155,0.002985274596789864,-0.036580111442738227,0.17378755908203125,0.0,0.0,ITM,6,6,0.2,0.13999999999999999,0.24,0.030000000000000027,0.09307179533834875,0
MSFT250725C00550000,2025-06-27 19:09:08+00:00,550.0,0.11,0.01,0.28,-0.060000002,-35.294117,46.0,45,0.196297099609375,False,REGULAR,USD,MSFT,2025-07-25,25,495.9400024414063,1.1090051161278944,2025-06-29 12:49:56.269383,0.2615560099352301,0.2304884960237015,0.2404884960237015,-0.1515560099352301,-0.1304884960237015,0.021067513911528585,1,0.9890753829915866,0.02732790116845141,0.0024712412456514795,-0.033903993700948036,0.17984218603515623,0.0,0.0,ITM,6,6,1.0,0.27,0.14500000000000002,-0.03500000000000002,0.08172114641206867,0
MSFT250725C00580000,2025-06-27 18:48:10+00:00,580.0,0.04,0.02,0.17,0.0,0.0,10.0,74,0.2583081982421875,False,REGULAR,USD,MSFT,2025-07-25,25,495.9400024414063,1.169496304280325,2025-06-29 12:49:56.269383,0.1465095498039517,0.10930546599552986,0.12930546599552986,-0.10650954980395169,-0.08930546599552985,0.01720408380842184,1,0.9967821654560676,0.012819699250732243,0.0009864794330407317,-0.02302771070609225,0.1980304807128906,0.0,0.0,ITM,6,6,0.13333333333333333,0.15000000000000002,0.095,-0.055,0.042927109789156495,0
MSFT250725C00600000,2025-06-27 16:08:08+00:00,600.0,0.01,0.0,0.15,-0.03,-75.0,2.0,43,0.3007882421875,False,REGULAR,USD,MSFT,2025-07-25,25,495.9400024414063,1.2098237630486122,2025-06-29 12:49:56.269383,0.12520005961297187,0.10605789738713808,0.10605789738713808,-0.11520005961297188,-0.09605789738713809,0.019142162225833786,1,0.9996674366903522,0.009725118775217208,0.000666265848667597,-0.020953299537380385,0.22437299072265623,0.0,0.0,ITM,6,6,0.045454545454545456,0.15,0.075,-0.065,0.03376088576220697,0
QQQ250630C00300000,2025-05-27 16:02:01+00:00,300.0,220.8,242.57,245.47,0.0,0.0,1.0,0,1.0000000000000004e-05,True,REGULAR,USD,QQQ,2025-06-30,0,548.0900268554688,0.5473553345262929,2025-06-29 12:49:54.076490,248.09002685546875,5.520026855468757,248.09002685546875,-27.29002685546874,-27.29002685546874,0.0,0,0.002624231538698299,0.0,0.0,0.0,1.0000000000000004e-05,,,OTM,6,6,1.0,2.9000000000000057,244.01999999999998,-23.21999999999997,0.0,0
QQQ250630C00310000,2025-05-02 14:49:37+00:00,310.0,180.15,207.89,211.6,0.0,0.0,7.0,5,1.0000000000000004e-05,True,REGULAR,USD,QQQ,2025-06-30,0,548.0900268554688,0.5656005123438361,2025-06-29 12:49:54.076490,238.09002685546875,30.200026855468764,238.09002685546875,-57.940026855468744,-57.940026855468744,0.0,0,0.0032019147300033136,0.0,0.0,0.0,1.0000000000000004e-05,0.0,,OTM,6,6,1.1666666666666667,3.710000000000008,209.745,-29.595,0.0,0
QQQ250630C00315000,2025-04-25 13:54:53+00:00,315.0,153.99,192.74,196.87,0.0,0.0,4.0,1,1.0000000000000004e-05,True,REGULAR,USD,QQQ,2025-06-30,0,548.0900268554688,0.5747231012526076,2025-06-29 12:49:54.076490,233.09002685546875,40.35002685546874,233.09002685546875,-79.10002685546874,-79.10002685546874,0.0,0,0.0032019147300033136,0.0,0.0,0.0,1.0000000000000004e-05,0.0,,OTM,6,6,2.0,4.1299999999999955,194.805,-40.815,0.0,0
QQQ250630C00325000,2025-06-20 20:05:44+00:00,325.0,204.37,220.84,224.72,0.0,0.0,52.0,7,3.8779299926757815,True,REGULAR,USD,QQQ,2025-06-30,0,548.0900268554688,0.5929682790701507,2025-06-29 12:49:54.076490,223.09002685546875,2.2500268554687466,223.09002685546875,-18.720026855468745,-18.720026855468745,0.0,0,8.849056994463393e-05,0.0,0.0,0.0,0.9694899981689454,0.0,,OTM,6,6,6.5,3.8799999999999955,222.78,-18.409999999999997,0.0,0
QQQ250630C00330000,2025-06-20 20:11:03+00:00,330.0,197.46,215.84,219.72,0.0,0.0,34.0,0,3.7792974267578128,True,REGULAR,USD,QQQ,2025-06-30,0,548.0900268554688,0.6020908679789223,2025-06-29 12:49:54.076490,218.09002685546875,2.2500268554687466,218.09002685546875,-20.630026855468742,-20.630026855468742,0.0,0,8.849056994463393e-05,0.0,0.0,0.0,1.531451483886719,0.0,,OTM,6,6,34.0,3.8799999999999955,217.78,-20.319999999999993,0.0,0
QQQ250630C00335000,2025-06-20 20:07:13+00:00,335.0,193.46,210.84,214.72,0.0,0.0,26.0,0,3.682129700927735,True,REGULAR,USD,QQQ,2025-06-30,0,548.0900268554688,0.6112134568876938,2025-06-29 12:49:54.076490,213.09002685546875,2.2500268554687466,213.09002685546875,-19.630026855468742,-19.630026855468742,0.0,0,8.849056994463393e-05,0.0,0.0,0.0,2.2678754240722663,0.0,,OTM,6,6,26.0,3.8799999999999955,212.78,-19.319999999999993,0.0,0
QQQ250630C00340000,2025-06-20 20:13:33+00:00,340.0,187.39,205.84,209.73,0.0,0.0,1.0,0,3.589844775390625,True,REGULAR,USD,QQQ,2025-06-30,0,548.0900268554688,0.6203360457964654,2025-06-29 12:49:54.076490,208.09002685546875,2.2500268554687466,208.09002685546875,-20.700026855468764,-20.700026855468764,0.0,0,8.849056994463393e-05,0.0,0.0,0.0,2.985842379150391,0.0,,OTM,6,6,1.0,3.8899999999999864,207.785,-20.39500000000001,0.0,0
QQQ250630C00345000,2025-06-20 15:24:34+00:00,345.0,181.8,200.84,204.73,0.0,0.0,1.0,0,3.495118449707032,True,REGULAR,USD,QQQ,2025-06-30,0,548.0900268554688,0.6294586347052369,2025-06-29 12:49:54.076490,203.09002685546875,2.2500268554687466,203.09002685546875,-21.29002685546874,-21.29002685546874,0.0,0,8.849056994463393e-05,0.0,0.0,0.0,3.6848640690917973,0.0,,OTM,6,6,1.0,3.8899999999999864,202.785,-20.984999999999985,0.0,0
QQQ250630C00350000,2025-06-26 17:24:15+00:00,350.0,195.28,195.85,199.73,0.0,0.0,10.0,11,3.4013686840820307,True,REGULAR,USD,QQQ,2025-06-30,0,548.0900268554688,0.6385812236140085,2025-06-29 12:49:54.076490,198.09002685546875,2.2400268554687557,198.09002685546875,-2.810026855468749,-2.810026855468749,0.0,0,9.650805267583612e-05,0.0,0.0,0.0,3.5895518073730472,0.0,,OTM,6,6,0.8333333333333334,3.8799999999999955,197.79,-2.509999999999991,0.0,0
QQQ250630C00355000,2025-04-22 14:02:42+00:00,355.0,92.38,0.0,0.0,0.0,0.0,2.0,0,1.0000000000000004e-05,True,REGULAR,USD,QQQ,2025-06-30,0,548.0900268554688,0.64770381252278,2025-06-29 12:49:54.076490,193.09002685546875,193.09002685546875,193.09002685546875,-100.71002685546875,-100.71002685546875,0.0,1,0.9897483942751485,0.0,0.0,0.0,2.8336943220214845,0.0,,OTM,6,6,2.0,0.0,0.0,92.38,0.0,0
QQQ250630C00360000,2025-06-06 17:05:45+00:00,360.0,169.65,185.85,189.73,0.0,0.0,1.0,0,3.217287113037109,True,REGULAR,USD,QQQ,2025-06-30,0,548.0900268554688,0.6568264014315516,2025-06-29 12:49:54.076490,188.09002685546875,2.2400268554687557,188.09002685546875,-18.440026855468744,-18.440026855468744,0.0,0,9.004771212113605e-05,0.0,0.0,0.0,2.740725804443359,0.0,0.0,OTM,6,6,1.0,3.8799999999999955,187.79,-18.139999999999986,0.0,0
QQQ250630C00365000,2025-06-18 19:42:18+00:00,365.0,164.89,180.85,184.67,0.0,0.0,1.0,0,3.1054709863281245,True,REGULAR,USD,QQQ,2025-06-30,0,548.0900268554688,0.6659489903403232,2025-06-29 12:49:54.076490,183.09002685546875,2.2400268554687557,183.09002685546875,-18.200026855468764,-18.200026855468764,0.0,0,9.004771212113605e-05,0.0,0.0,0.0,2.6438510466308593,0.0,0.0,OTM,6,6,1.0,3.819999999999993,182.76,-17.870000000000005,0.0,0
QQQ250630C00370000,2025-06-20 14:40:16+00:00,370.0,159.36,175.85,179.73,0.0,0.0,1.0,0,3.03760006225586,True,REGULAR,USD,QQQ,2025-06-30,0,548.0900268554688,0.6750715792490947,2025-06-29 12:49:54.076490,178.09002685546875,2.2400268554687557,178.09002685546875,-18.730026855468736,-18.730026855468736,0.0,0,9.004771212113605e-05,0.0,0.0,0.0,2.552347369140625,0.0,0.0,OTM,6,6,1.0,3.8799999999999955,177.79,-18.42999999999998,0.0,0
QQQ250630C00375000,2025-06-18 15:40:26+00:00,375.0,156.77,170.85,174.71,0.0,0.0,1.0,0,2.942385456542969,True,REGULAR,USD,QQQ,2025-06-30,0,548.0900268554688,0.6841941681578663,2025-06-29 12:49:54.076490,173.09002685546875,2.2400268554687557,173.09002685546875,-16.32002685546874,-16.32002685546874,0.0,0,9.004771212113605e-05,0.0,0.0,0.0,2.4605507236328124,0.0,0.0,OTM,6,6,1.0,3.8600000000000136,172.78,-16.00999999999999,0.0,0
QQQ250630C00380000,2025-06-20 15:44:04+00:00,380.0,148.21,165.85,169.71,0.0,0.0,1.0,1,2.854983331298828,True,REGULAR,USD,QQQ,2025-06-30,0,548.0900268554688,0.6933167570666378,2025-06-29 12:49:54.076490,168.09002685546875,2.2400268554687557,168.09002685546875,-19.880026855468742,-19.880026855468742,0.0,0,9.004771212113605e-05,0.0,0.0,0.0,3.031545389892578,0.0,0.0,OTM,6,6,0.5,3.8600000000000136,167.78,-19.569999999999993,0.0,0
QQQ250630C00385000,2025-06-20 14:25:24+00:00,385.0,143.16,160.85,164.74,0.0,0.0,1.0,0,2.778323366699219,True,REGULAR,USD,QQQ,2025-06-30,0,548.0900268554688,0.7024393459754094,2025-06-29 12:49:54.076490,163.09002685546875,2.2400268554687557,163.09002685546875,-19.930026855468753,-19.930026855468753,0.0,0,9.004771212113605e-05,0.0,0.0,0.0,2.943752640625,0.0,0.0,OTM,6,6,1.0,3.890000000000015,162.79500000000002,-19.63500000000002,0.0,0
QQQ250630C00390000,2025-06-24 16:17:44+00:00,390.0,148.46,155.85,159.74,0.0,0.0,1.0,1,2.6928743615722657,True,REGULAR,USD,QQQ,2025-06-30,0,548.0900268554688,0.7115619348841808,2025-06-29 12:49:54.076490,158.09002685546875,2.2400268554687557,158.09002685546875,-9.630026855468742,-9.630026855468742,0.0,0,9.004771212113605e-05,0.0,0.0,0.0,2.8612333156738283,0.0,0.0,OTM,6,6,0.5,3.890000000000015,157.79500000000002,-9.335000000000008,0.0,0
QQQ250630C00395000,2025-06-20 16:16:52+00:00,395.0,131.87,150.85,154.74,0.0,0.0,1.0,0,2.6079136364746094,True,REGULAR,USD,QQQ,2025-06-30,0,548.0900268554688,0.7206845237929524,2025-06-29 12:49:54.076490,153.09002685546875,2.2400268554687557,153.09002685546875,-21.220026855468745,-21.220026855468745,0.0,0,9.004771212113605e-05,0.0,0.0,0.0,2.7752960305175782,0.0,0.0,OTM,6,6,1.0,3.890000000000015,152.79500000000002,-20.92500000000001,0.0,0
QQQ250630C00400000,2025-06-25 19:13:02+00:00,400.0,141.3,145.85,149.73,0.0,0.0,3.0,8,2.520511511230469,True,REGULAR,USD,QQQ,2025-06-30,0,548.0900268554688,0.7298071127017239,2025-06-29 12:49:54.076490,148.09002685546875,2.2400268554687557,148.09002685546875,-6.790026855468739,-6.790026855468739,0.0,0,9.004771212113605e-05,0.0,0.0,0.0,2.6909212414550785,0.0,0.0,OTM,6,6,0.3333333333333333,3.8799999999999955,147.79,-6.489999999999981,0.0,0
QQQ250630C00405000,2025-06-20 17:26:10+00:00,405.0,121.84,140.85,144.73,0.0,0.0,1.0,0,2.43750390625,True,REGULAR,USD,QQQ,2025-06-30,0,548.0900268554688,0.7389297016104955,2025-06-29 12:49:54.076490,143.09002685546875,2.2400268554687557,143.09002685546875,-21.250026855468747,-21.250026855468747,0.0,0,8.720739170411326e-05,0.0,0.0,0.0,2.6074253564453125,0.0,0.0,OTM,6,6,1.0,3.8799999999999955,142.79,-20.94999999999999,0.0,0
QQQ250630C00410000,2025-06-11 17:59:17+00:00,410.0,122.44,135.85,139.73,0.0,0.0,1.0,0,2.354984581298828,True,REGULAR,USD,QQQ,2025-06-30,0,548.0900268554688,0.748052290519267,2025-06-29 12:49:54.076490,138.09002685546875,2.2400268554687557,138.09002685546875,-15.650026855468752,-15.650026855468752,0.0,0,8.720739170411326e-05,0.0,0.0,0.0,2.5227575993652342,0.0,0.0,OTM,6,6,1.0,3.8799999999999955,137.79,-15.349999999999994,0.0,0
QQQ250630C00415000,2025-06-25 15:00:26+00:00,415.0,127.07,130.85,134.73,0.0,0.0,8.0,8,2.2734418164062498,True,REGULAR,USD,QQQ,2025-06-30,0,548.0900268554688,0.7571748794280386,2025-06-29 12:49:54.076490,133.09002685546875,2.2400268554687557,133.09002685546875,-6.020026855468757,-6.020026855468757,0.0,0,8.720739170411326e-05,0.0,0.0,0.0,2.4388710903320314,0.0,0.0,OTM,6,6,0.8888888888888888,3.8799999999999955,132.79,-5.719999999999999,0.0,0
QQQ250630C00420000,2025-06-26 15:51:01+00:00,420.0,123.68,125.85,129.69,0.0,0.0,2.0,1,2.1811568908691403,True,REGULAR,USD,QQQ,2025-06-30,0,548.0900268554688,0.7662974683368101,2025-06-29 12:49:54.076490,128.09002685546875,2.2400268554687557,128.09002685546875,-4.410026855468743,-4.410026855468743,0.0,0,8.720739170411326e-05,0.0,0.0,0.0,2.3535197412109374,0.0,0.0,OTM,6,6,1.0,3.8400000000000034,127.77,-4.089999999999989,0.0,0
QQQ250630C00425000,2025-06-25 15:37:28+00:00,425.0,116.33,120.85,124.72,0.0,0.0,1.0,19,2.1088914465332027,True,REGULAR,USD,QQQ,2025-06-30,0,548.0900268554688,0.7754200572455817,2025-06-29 12:49:54.076490,123.09002685546875,2.2400268554687557,123.09002685546875,-6.760026855468752,-6.760026855468752,0.0,0,8.720739170411326e-05,0.0,0.0,0.0,2.271195728271484,0.0,0.0,OTM,6,6,0.05,3.8700000000000045,122.785,-6.454999999999998,0.0,0
QQQ250630C00430000,2025-06-26 17:54:44+00:00,430.0,114.81,115.86,119.71,0.0,0.0,2.0,2,2.026372121582031,True,REGULAR,USD,QQQ,2025-06-30,0,548.0900268554688,0.7845426461543533,2025-06-29 12:49:54.076490,118.09002685546875,2.2300268554687506,118.09002685546875,-3.2800268554687477,-3.2800268554687477,0.0,0,9.51086261069331e-05,0.0,0.0,0.0,2.1889693713378904,0.0,0.0,OTM,6,6,0.6666666666666666,3.8499999999999943,117.785,-2.9749999999999943,0.0,0
QQQ250630C00434000,2025-06-18 18:47:43+00:00,434.0,96.27,111.86,115.74,0.0,0.0,1.0,0,1.970703271484375,True,REGULAR,USD,QQQ,2025-06-30,0,548.0900268554688,0.7918407172813705,2025-06-29 12:49:54.076490,114.09002685546875,2.2300268554687506,114.09002685546875,-17.820026855468754,-17.820026855468754,0.0,0,8.720739170411326e-05,0.0,0.0,0.0,2.1121131093749996,0.0,0.0,OTM,6,6,1.0,3.8799999999999955,113.8,-17.53,0.0,0
QQQ250630C00435000,2025-06-20 16:06:05+00:00,435.0,92.45,110.86,114.74,0.0,0.0,1.0,2,1.9545900708007813,True,REGULAR,USD,QQQ,2025-06-30,0,548.0900268554688,0.7936652350631248,2025-06-29 12:49:54.076490,113.09002685546875,2.2300268554687506,113.09002685546875,-20.640026855468747,-20.640026855468747,0.0,0,8.720739170411326e-05,0.0,0.0,0.0,2.048342760253906,0.0,0.0,OTM,6,6,0.3333333333333333,3.8799999999999955,112.8,-20.349999999999994,0.0,0
QQQ250630C00436000,2025-06-18 17:50:00+00:00,436.0,94.6,109.86,113.74,0.0,0.0,1.0,0,1.938965148925781,True,REGULAR,USD,QQQ,2025-06-30,0,548.0900268554688,0.7954897528448791,2025-06-29 12:49:54.076490,112.09002685546875,2.2300268554687506,112.09002685546875,-17.490026855468756,-17.490026855468756,0.0,0,8.720739170411326e-05,0.0,0.0,0.0,1.9999044118652343,0.0,0.0,OTM,6,6,1.0,3.8799999999999955,111.8,-17.200000000000003,0.0,0
QQQ250630C00437000,2025-06-11 15:38:41+00:00,437.0,99.19,108.86,112.74,0.0,0.0,1.0,0,1.9228519482421875,True,REGULAR,USD,QQQ,2025-06-30,0,548.0900268554688,0.7973142706266334,2025-06-29 12:49:54.076490,111.09002685546875,2.2300268554687506,111.09002685546875,-11.900026855468752,-11.900026855468752,0.0,0,8.720739170411326e-05,0.0,0.0,0.0,1.962696512207031,0.0,0.0,OTM,6,6,1.0,3.8799999999999955,110.8,-11.61,0.0,0
QQQ250630C00438000,2025-06-16 14:40:24+00:00,438.0,97.14,107.86,111.74,0.0,0.0,1.0,0,1.907227026367188,True,REGULAR,USD,QQQ,2025-06-30,0,548.0900268554688,0.7991387884083877,2025-06-29 12:49:54.076490,110.09002685546875,2.2300268554687506,110.09002685546875,-12.95002685546875,-12.95002685546875,0.0,0,8.720739170411326e-05,0.0,0.0,0.0,1.9388674931640626,0.0,0.0,OTM,6,6,1.0,3.8799999999999955,109.8,-12.659999999999997,0.0,0
QQQ250630C00439000,2025-06-25 19:09:04+00:00,439.0,102.0,106.86,110.74,0.0,0.0,15.0,15,1.891602104492188,True,REGULAR,USD,QQQ,2025-06-30,0,548.0900268554688,0.8009633061901421,2025-06-29 12:49:54.076490,109.09002685546875,2.2300268554687506,109.09002685546875,-7.09002685546875,-7.09002685546875,0.0,0,8.720739170411326e-05,0.0,0.0,0.0,1.9230472597656252,0.0,0.0,OTM,6,6,0.9375,3.8799999999999955,108.8,-6.799999999999997,0.0,0
QQQ250630C00440000,2025-06-27 16:26:39+00:00,440.0,109.31,105.86,109.68,9.610001,9.638918,1.0,7,1.8608405395507808,True,REGULAR,USD,QQQ,2025-06-30,0,548.0900268554688,0.8027878239718964,2025-06-29 12:49:54.076490,108.09002685546875,2.2300268554687506,108.09002685546875,1.2199731445312523,1.2199731445312523,0.0,1,0.9999635519142288,0.0,0.0,0.0,1.904297353515625,0.0,0.0,OTM,6,6,0.125,3.8200000000000074,107.77000000000001,1.539999999999992,0.0,0
QQQ250630C00441000,2025-06-24 15:26:30+00:00,441.0,97.81,104.86,108.71,0.0,0.0,1.0,1,1.8525397998046875,True,REGULAR,USD,QQQ,2025-06-30,0,548.0900268554688,0.8046123417536507,2025-06-29 12:49:54.076490,107.09002685546875,2.2300268554687506,107.09002685546875,-9.280026855468748,-9.280026855468748,0.0,0,8.720739170411326e-05,0.0,0.0,0.0,1.8870122836914063,0.0,0.0,OTM,6,6,0.5,3.8499999999999943,106.785,-8.974999999999994,0.0,0
QQQ250630C00442000,2025-06-11 14:44:11+00:00,442.0,95.43,103.86,107.71,0.0,0.0,1.0,0,1.836914877929688,True,REGULAR,USD,QQQ,2025-06-30,0,548.0900268554688,0.806436859535405,2025-06-29 12:49:54.076490,106.09002685546875,2.2300268554687506,106.09002685546875,-10.660026855468743,-10.660026855468743,0.0,0,8.720739170411326e-05,0.0,0.0,0.0,1.8698248696289064,0.0,0.0,OTM,6,6,1.0,3.8499999999999943,105.785,-10.35499999999999,0.0,0
QQQ250630C00443000,2025-06-20 13:31:29+00:00,443.0,89.47,102.86,106.71,0.0,0.0,1.0,0,1.821289956054688,True,REGULAR,USD,QQQ,2025-06-30,0,548.0900268554688,0.8082613773171593,2025-06-29 12:49:54.076490,105.09002685546875,2.2300268554687506,105.09002685546875,-15.620026855468751,-15.620026855468751,0.0,0,8.720739170411326e-05,0.0,0.0,0.0,1.8526374555664062,0.0,0.0,OTM,6,6,1.0,3.8499999999999943,104.785,-15.314999999999998,0.0,0
QQQ250630C00444000,2025-06-23 14:49:15+00:00,444.0,85.95,101.86,105.71,0.0,0.0,1.0,2,1.805665034179688,True,REGULAR,USD,QQQ,2025-06-30,0,548.0900268554688,0.8100858950989136,2025-06-29 12:49:54.076490,104.09002685546875,2.2300268554687506,104.09002685546875,-18.140026855468747,-18.140026855468747,0.0,0,8.720739170411326e-05,0.0,0.0,0.0,1.8354500415039063,0.0,0.0,OTM,6,6,0.3333333333333333,3.8499999999999943,103.785,-17.834999999999994,0.0,0
QQQ250630C00445000,2025-06-20 17:26:57+00:00,445.0,81.81,100.86,104.71,0.0,0.0,1.0,2,1.7900401123046876,True,REGULAR,USD,QQQ,2025-06-30,0,548.0900268554688,0.8119104128806679,2025-06-29 12:49:54.076490,103.09002685546875,2.2300268554687506,103.09002685546875,-21.280026855468748,-21.280026855468748,0.0,0,8.720739170411326e-05,0.0,0.0,0.0,1.8212899560546876,0.0,0.0,OTM,6,6,0.3333333333333333,3.8499999999999943,102.785,-20.974999999999994,0.0,0
QQQ250630C00446000,2025-06-06 15:57:33+00:00,446.0,85.28,99.86,103.71,0.0,0.0,1.0,0,1.7744151904296874,True,REGULAR,USD,QQQ,2025-06-30,0,548.0900268554688,0.8137349306624222,2025-06-29 12:49:54.076490,102.09002685546875,2.2300268554687506,102.09002685546875,-16.81002685546875,-16.81002685546875,0.0,0,8.720739170411326e-05,0.0,0.0,0.0,1.8056650341796878,0.0,0.0,OTM,6,6,1.0,3.8499999999999943,101.785,-16.504999999999995,0.0,0
QQQ250630C00447000,2025-06-26 14:11:45+00:00,447.0,96.51,98.86,102.71,0.0,0.0,5.0,4,1.7587902685546877,True,REGULAR,USD,QQQ,2025-06-30,0,548.0900268554688,0.8155594484441765,2025-06-29 12:49:54.076490,101.09002685546875,2.2300268554687506,101.09002685546875,-4.580026855468745,-4.580026855468745,0.0,0,8.720739170411326e-05,0.0,0.0,0.0,1.7900401123046876,0.0,0.0,OTM,6,6,1.0,3.8499999999999943,100.785,-4.2749999999999915,0.0,0
QQQ250630C00448000,2025-05-12 14:40:46+00:00,448.0,60.2,87.09,90.46,0.0,0.0,3.0,178,1.0000000000000004e-05,True,REGULAR,USD,QQQ,2025-06-30,0,548.0900268554688,0.8173839662259309,2025-06-29 12:49:54.076490,100.09002685546875,13.000026855468747,100.09002685546875,-39.89002685546875,-39.89002685546875,0.0,0,0.003109981940266949,0.0,0.0,0.0,1.42578412109375,0.0,0.0,OTM,6,6,0.01675977653631285,3.3699999999999903,88.775,-28.575000000000003,0.0,0
QQQ250630C00449000,2025-06-20 14:10:59+00:00,449.0,81.34,96.86,100.75,0.0,0.0,1.0,1,1.7368177221679688,True,REGULAR,USD,QQQ,2025-06-30,0,548.0900268554688,0.8192084840076852,2025-06-29 12:49:54.076490,99.09002685546875,2.2300268554687506,99.09002685546875,-17.750026855468747,-17.750026855468747,0.0,0,8.720739170411326e-05,0.0,0.0,0.0,1.4120146586914062,0.0,0.0,OTM,6,6,0.5,3.8900000000000006,98.805,-17.465000000000003,0.0,0
QQQ250630C00450000,2025-06-27 16:22:59+00:00,450.0,99.41,95.86,99.75,3.3200073,3.455102,1.0,20,1.7211928002929686,True,REGULAR,USD,QQQ,2025-06-30,0,548.0900268554688,0.8210330017894395,2025-06-29 12:49:54.076490,98.09002685546875,2.2300268554687506,98.09002685546875,1.3199731445312466,1.3199731445312466,0.0,1,0.9999612345677522,0.0,0.0,0.0,1.3982451962890625,0.0,0.0,OTM,6,6,0.047619047619047616,3.8900000000000006,97.805,1.6049999999999898,0.0,0
QQQ250630C00451000,2025-06-23 16:06:44+00:00,451.0,77.63,94.86,98.75,0.0,0.0,11.0,11,1.7055678784179689,True,REGULAR,USD,QQQ,2025-06-30,0,548.0900268554688,0.8228575195711938,2025-06-29 12:49:54.076490,97.09002685546875,2.2300268554687506,97.09002685546875,-19.460026855468755,-19.460026855468755,0.0,0,8.720739170411326e-05,0.0,0.0,0.0,1.3844757338867189,0.0,0.0,OTM,6,6,0.9166666666666666,3.8900000000000006,96.805,-19.17500000000001,0.0,0
QQQ250630C00452000,2025-06-17 17:49:24+00:00,452.0,77.4,93.86,97.75,0.0,0.0,1.0,0,1.6899429565429689,True,REGULAR,USD,QQQ,2025-06-30,0,548.0900268554688,0.8246820373529481,2025-06-29 12:49:54.076490,96.09002685546875,2.2300268554687506,96.09002685546875,-18.690026855468744,-18.690026855468744,0.0,0,8.720739170411326e-05,0.0,0.0,0.0,1.3707062714843752,0.0,0.0,OTM,6,6,1.0,3.8900000000000006,95.805,-18.405,0.0,0
QQQ250630C00453000,2025-06-27 13:42:19+00:00,453.0,95.0,92.86,96.75,10.0,11.764706,1.0,2,1.6745621740722658,True,REGULAR,USD,QQQ,2025-06-30,0,548.0900268554688,0.8265065551347024,2025-06-29 12:49:54.076490,95.09002685546875,2.2300268554687506,95.09002685546875,-0.09002685546875,-0.09002685546875,0.0,1,0.9985411199297285,0.0,0.0,0.0,1.705616706298828,0.0,0.0,OTM,6,6,0.3333333333333333,3.8900000000000006,94.805,0.19499999999999318,0.0,0
QQQ250630C00454000,2025-06-20 18:05:04+00:00,454.0,72.77,91.86,95.75,0.0,0.0,7.0,0,1.6591813916015623,True,REGULAR,USD,QQQ,2025-06-30,0,548.0900268554688,0.8283310729164567,2025-06-29 12:49:54.076490,94.09002685546875,2.2300268554687506,94.09002685546875,-21.320026855468754,-21.320026855468754,0.0,0,8.720739170411326e-05,0.0,0.0,0.0,1.690089440185547,0.0,0.0,OTM,6,6,7.0,3.8900000000000006,93.805,-21.03500000000001,0.0,0
QQQ250630C00455000,2025-06-23 14:20:56+00:00,455.0,77.11,90.86,94.74,0.0,0.0,5.0,7,1.6411150756835935,True,REGULAR,USD,QQQ,2025-06-30,0,548.0900268554688,0.830155590698211,2025-06-29 12:49:54.076490,93.09002685546875,2.2300268554687506,93.09002685546875,-15.98002685546875,-15.98002685546875,0.0,0,8.720739170411326e-05,0.0,0.0,0.0,1.6740738952636718,0.0,0.0,OTM,6,6,0.625,3.8799999999999955,92.8,-15.689999999999998,0.0,0
QQQ250630C00456000,2025-06-16 14:06:01+00:00,456.0,78.72,89.86,93.74,0.0,0.0,1.0,0,1.625978432617187,True,REGULAR,USD,QQQ,2025-06-30,0,548.0900268554688,0.8319801084799653,2025-06-29 12:49:54.076490,92.09002685546875,2.2300268554687506,92.09002685546875,-13.370026855468751,-13.370026855468751,0.0,0,8.720739170411326e-05,0.0,0.0,0.0,1.6581560061035154,0.0,0.0,OTM,6,6,1.0,3.8799999999999955,91.8,-13.079999999999998,0.0,0
QQQ250630C00457000,2025-06-27 19:24:13+00:00,457.0,88.39,88.86,92.74,18.46,26.397823,1.0,1,1.6103535107421876,True,REGULAR,USD,QQQ,2025-06-30,0,548.0900268554688,0.8338046262617196,2025-06-29 12:49:54.076490,91.09002685546875,2.2300268554687506,91.09002685546875,-2.7000268554687494,-2.7000268554687494,0.0,0,0.0019705730763784294,0.0,0.0,0.0,1.6422381169433593,0.0,0.0,OTM,6,6,0.5,3.8799999999999955,90.8,-2.4099999999999966,0.0,0
QQQ250630C00458000,2025-06-20 19:52:46+00:00,458.0,68.27,87.86,91.74,0.0,0.0,30.0,0,1.5947285888671874,True,REGULAR,USD,QQQ,2025-06-30,0,548.0900268554688,0.835629144043474,2025-06-29 12:49:54.076490,90.09002685546875,2.2300268554687506,90.09002685546875,-21.820026855468754,-21.820026855468754,0.0,0,8.720739170411326e-05,0.0,0.0,0.0,1.6262713999023437,0.0,0.0,OTM,6,6,30.0,3.8799999999999955,89.8,-21.53,0.0,0
QQQ250630C00459000,2025-06-06 13:58:08+00:00,459.0,72.53,86.86,90.74,0.0,0.0,3.0,2,1.579347806396484,True,REGULAR,USD,QQQ,2025-06-30,0,548.0900268554688,0.8374536618252283,2025-06-29 12:49:54.076490,89.09002685546875,2.2300268554687506,89.09002685546875,-16.56002685546875,-16.56002685546875,0.0,0,8.720739170411326e-05,0.0,0.0,0.0,1.610304682861328,0.0,0.0,OTM,6,6,1.0,3.8799999999999955,88.8,-16.269999999999996,0.0,0
QQQ250630C00460000,2025-06-27 19:01:54+00:00,460.0,85.11,85.86,89.0,0.11000061,0.12941249,30.0,97,1.381839028320312,True,REGULAR,USD,QQQ,2025-06-30,0,548.0900268554688,0.8392781796069826,2025-06-29 12:49:54.076490,88.09002685546875,2.2300268554687506,88.09002685546875,-2.9800268554687506,-2.9800268554687506,0.0,0,9.060090411135149e-05,0.0,0.0,0.0,1.5584494733886716,0.0,0.0,OTM,6,6,0.30612244897959184,3.1400000000000006,87.43,-2.3200000000000074,0.0,0
QQQ250630C00461000,2025-06-17 15:32:09+00:00,461.0,72.02,84.86,88.74,0.0,0.0,2.0,21,1.548342102050781,True,REGULAR,USD,QQQ,2025-06-30,0,548.0900268554688,0.8411026973887369,2025-06-29 12:49:54.076490,87.09002685546875,2.2300268554687506,87.09002685546875,-15.070026855468754,-15.070026855468754,0.0,0,8.720739170411326e-05,0.0,0.0,0.0,1.5429222072753903,0.0,0.0,OTM,6,6,0.09090909090909091,3.8799999999999955,86.8,-14.780000000000001,0.0,0
QQQ250630C00462000,2025-06-26 15:44:14+00:00,462.0,82.4,83.86,87.74,0.0,0.0,1.0,207,1.5332054589843749,True,REGULAR,USD,QQQ,2025-06-30,0,548.0900268554688,0.8429272151704912,2025-06-29 12:49:54.076490,86.09002685546875,2.2300268554687506,86.09002685546875,-3.6900268554687443,-3.6900268554687443,0.0,0,7.98018743038836e-05,0.0,0.0,0.0,1.5274925969238278,0.0,0.0,OTM,6,6,0.004807692307692308,3.8799999999999955,85.8,-3.3999999999999915,0.0,0
QQQ250630C00463000,2025-06-27 15:58:21+00:00,463.0,86.63,82.86,86.74,22.36,34.79073,10.0,50,1.517580537109375,True,REGULAR,USD,QQQ,2025-06-30,0,548.0900268554688,0.8447517329522455,2025-06-29 12:49:54.076490,85.09002685546875,2.2300268554687506,85.09002685546875,1.5399731445312455,1.5399731445312455,0.0,1,0.9999631162156308,0.0,0.0,0.0,1.5120629865722655,0.0,0.0,OTM,6,6,0.19607843137254902,3.8799999999999955,84.8,1.8299999999999983,0.0,0
QQQ250630C00464000,2025-06-27 14:01:03+00:00,464.0,85.16,81.86,85.74,11.100006,14.987856,37.0,294,1.5021997546386716,True,REGULAR,USD,QQQ,2025-06-30,0,548.0900268554688,0.8465762507339998,2025-06-29 12:49:54.076490,84.09002685546875,2.2300268554687506,84.09002685546875,1.0699731445312466,1.0699731445312466,0.0,1,0.9999514976534234,0.0,0.0,0.0,1.496633376220703,0.0,0.0,OTM,6,6,0.12542372881355932,3.8799999999999955,83.8,1.3599999999999994,0.0,0
QQQ250630C00465000,2025-06-27 19:48:46+00:00,465.0,82.45,80.86,84.74,6.5199966,8.586851,2.0,152,1.4868189721679688,True,REGULAR,USD,QQQ,2025-06-30,0,548.0900268554688,0.8484007685157541,2025-06-29 12:49:54.076490,83.09002685546875,2.2300268554687506,83.09002685546875,-0.6400268554687472,-0.6400268554687472,0.0,1,0.9989455217097157,0.0,0.0,0.0,1.5176293649902344,0.0,0.0,OTM,6,6,0.013071895424836602,3.8799999999999955,82.8,-0.3499999999999943,0.0,0
QQQ250630C00466000,2025-06-20 17:47:14+00:00,466.0,59.89,79.86,83.75,0.0,0.0,10.0,29,1.4736354443359376,True,REGULAR,USD,QQQ,2025-06-30,0,548.0900268554688,0.8502252862975084,2025-06-29 12:49:54.076490,82.09002685546875,2.2300268554687506,82.09002685546875,-22.20002685546875,-22.20002685546875,0.0,0,8.720739170411326e-05,0.0,0.0,0.0,1.5026880334472656,0.0,0.0,OTM,6,6,0.3333333333333333,3.8900000000000006,81.805,-21.915000000000006,0.0,0
QQQ250630C00467000,2025-06-18 19:09:50+00:00,467.0,62.3,78.86,82.75,0.0,0.0,1.0,25,1.4580105224609374,True,REGULAR,USD,QQQ,2025-06-30,0,548.0900268554688,0.8520498040792628,2025-06-29 12:49:54.076490,81.09002685546875,2.2300268554687506,81.09002685546875,-18.790026855468753,-18.790026855468753,0.0,0,8.720739170411326e-05,0.0,0.0,0.0,1.4876490461425782,0.0,0.0,OTM,6,6,0.038461538461538464,3.8900000000000006,80.805,-18.50500000000001,0.0,0
QQQ250630C00468000,2025-06-24 19:12:52+00:00,468.0,72.65,77.86,81.75,0.0,0.0,9.0,229,1.4426297399902346,True,REGULAR,USD,QQQ,2025-06-30,0,548.0900268554688,0.8538743218610171,2025-06-29 12:49:54.076490,80.09002685546875,2.2300268554687506,80.09002685546875,-7.440026855468744,-7.440026855468744,0.0,0,7.98018743038836e-05,0.0,0.0,0.0,1.47265888671875,0.0,0.0,OTM,6,6,0.0391304347826087,3.8900000000000006,79.805,-7.155000000000001,0.0,0
QQQ250630C00469000,2025-06-26 19:35:49+00:00,469.0,77.32,76.86,80.75,0.0,0.0,2.0,188,1.4272489575195313,True,REGULAR,USD,QQQ,2025-06-30,0,548.0900268554688,0.8556988396427714,2025-06-29 12:49:54.076490,79.09002685546875,2.2300268554687506,79.09002685546875,-1.7700268554687568,-1.7700268554687568,0.0,1,0.9968577831037025,0.0,0.0,0.0,1.4576687272949218,0.0,0.0,OTM,6,6,0.010582010582010581,3.8900000000000006,78.805,-1.4850000000000136,0.0,0
QQQ250630C00470000,2025-06-27 19:19:07+00:00,470.0,77.37,75.86,79.5,6.5699997,9.27966,7.0,1242,1.3605989001464844,True,REGULAR,USD,QQQ,2025-06-30,0,548.0900268554688,0.8575233574245257,2025-06-29 12:49:54.076490,78.09002685546875,2.2300268554687506,78.09002685546875,-0.7200268554687455,-0.7200268554687455,0.0,1,0.9991835126349922,0.0,0.0,0.0,1.4324247128906251,0.0,0.0,OTM,6,6,0.0056315366049879325,3.6400000000000006,77.68,-0.3100000000000023,0.0,0
QQQ250630C00471000,2025-06-24 18:53:11+00:00,471.0,69.27,74.86,78.75,0.0,0.0,1.0,26,1.396487392578125,True,REGULAR,USD,QQQ,2025-06-30,0,548.0900268554688,0.85934787520628,2025-06-29 12:49:54.076490,77.09002685546875,2.2300268554687506,77.09002685546875,-7.820026855468754,-7.820026855468754,0.0,0,8.720739170411326e-05,0.0,0.0,0.0,1.4169951025390624,0.0,0.0,OTM,6,6,0.037037037037037035,3.8900000000000006,76.805,-7.535000000000011,0.0,0
QQQ250630C00472000,2025-06-24 17:35:37+00:00,472.0,67.66,73.86,77.7,0.0,0.0,1.0,22,1.371341033935547,True,REGULAR,USD,QQQ,2025-06-30,0,548.0900268554688,0.8611723929880343,2025-06-29 12:49:54.076490,76.09002685546875,2.2300268554687506,76.09002685546875,-8.430026855468753,-8.430026855468753,0.0,0,8.720739170411326e-05,0.0,0.0,0.0,1.3996612048339845,0.0,0.0,OTM,6,6,0.043478260869565216,3.8400000000000034,75.78,-8.120000000000005,0.0,0
QQQ250630C00473000,2025-06-23 13:51:46+00:00,473.0,55.13,72.86,76.75,0.0,0.0,1.0,435,1.3657258276367186,True,REGULAR,USD,QQQ,2025-06-30,0,548.0900268554688,0.8629969107697886,2025-06-29 12:49:54.076490,75.09002685546875,2.2300268554687506,75.09002685546875,-19.960026855468747,-19.960026855468747,0.0,0,8.738080123332644e-05,0.0,0.0,0.0,1.3842804223632812,0.0,0.0,OTM,6,6,0.0022935779816513763,3.8900000000000006,74.805,-19.675000000000004,0.0,0
QQQ250630C00474000,2025-06-26 19:17:17+00:00,474.0,72.25,71.86,75.7,0.0,0.0,1.0,145,1.3408236083984373,True,REGULAR,USD,QQQ,2025-06-30,0,548.0900268554688,0.8648214285515429,2025-06-29 12:49:54.076490,74.09002685546875,2.2300268554687506,74.09002685546875,-1.84002685546875,-1.84002685546875,0.0,1,0.9914505808601669,0.0,0.0,0.0,1.3669953525390626,0.0,0.0,OTM,6,6,0.00684931506849315,3.8400000000000034,73.78,-1.5300000000000011,0.0,0
QQQ250630C00475000,2025-06-27 18:25:49+00:00,475.0,72.01,70.86,74.7,0.3100052,0.4323643,4.0,706,1.325686965332031,True,REGULAR,USD,QQQ,2025-06-30,0,548.0900268554688,0.8666459463332972,2025-06-29 12:49:54.076490,73.09002685546875,2.2300268554687506,73.09002685546875,-1.0800268554687449,-1.0800268554687449,0.0,1,0.9986065894430788,0.0,0.0,0.0,1.3600129655761717,0.0,0.0,OTM,6,6,0.005657708628005658,3.8400000000000034,72.78,-0.769999999999996,0.0,0
QQQ250630C00476000,2025-06-20 19:56:53+00:00,476.0,50.85,69.86,73.74,0.0,0.0,4.0,114,1.3178745043945312,True,REGULAR,USD,QQQ,2025-06-30,0,548.0900268554688,0.8684704641150516,2025-06-29 12:49:54.076490,72.09002685546875,2.2300268554687506,72.09002685546875,-21.24002685546875,-21.24002685546875,0.0,0,8.307412164282045e-05,0.0,0.0,0.0,1.3442903879394528,0.0,0.0,OTM,6,6,0.034782608695652174,3.8799999999999955,71.8,-20.949999999999996,0.0,0
QQQ250630C00477000,2025-06-27 14:40:13+00:00,477.0,72.34,68.86,72.74,8.989998,14.190999,3.0,415,1.302493721923828,True,REGULAR,USD,QQQ,2025-06-30,0,548.0900268554688,0.8702949818968059,2025-06-29 12:49:54.076490,71.09002685546875,2.2300268554687506,71.09002685546875,1.2499731445312534,1.2499731445312534,0.0,1,0.999955381844371,0.0,0.0,0.0,1.330520925537109,0.0,0.0,OTM,6,6,0.007211538461538462,3.8799999999999955,70.8,1.5400000000000063,0.0,0
QQQ250630C00478000,2025-06-23 15:27:26+00:00,478.0,51.85,67.86,71.7,0.0,0.0,1.0,631,1.2797887573242184,True,REGULAR,USD,QQQ,2025-06-30,0,548.0900268554688,0.8721194996785602,2025-06-29 12:49:54.076490,70.09002685546875,2.2300268554687506,70.09002685546875,-18.24002685546875,-18.24002685546875,0.0,0,8.738080123332644e-05,0.0,0.0,0.0,1.313333511474609,0.0,0.0,OTM,6,6,0.0015822784810126582,3.8400000000000034,69.78,-17.93,0.0,0
QQQ250630C00479000,2025-06-26 19:59:49+00:00,479.0,67.37,66.86,70.74,0.0,0.0,1.0,336,1.2719762963867185,True,REGULAR,USD,QQQ,2025-06-30,0,548.0900268554688,0.8739440174603145,2025-06-29 12:49:54.076490,69.09002685546875,2.2300268554687506,69.09002685546875,-1.7200268554687455,-1.7200268554687455,0.0,1,0.9971295609841653,0.0,0.0,0.0,1.2995640490722653,0.0,0.0,OTM,6,6,0.002967359050445104,3.8799999999999955,68.8,-1.4299999999999926,0.0,0
QQQ250630C00480000,2025-06-27 19:27:42+00:00,480.0,66.32,65.86,69.71,0.91999817,1.406725,20.0,796,1.2509803076171877,True,REGULAR,USD,QQQ,2025-06-30,0,548.0900268554688,0.8757685352420688,2025-06-29 12:49:54.076490,68.09002685546875,2.2300268554687506,68.09002685546875,-1.7700268554687568,-1.7700268554687568,0.0,1,0.9974425988083572,0.0,0.0,0.0,1.2846227175292968,0.0,0.0,OTM,6,6,0.025094102885821833,3.8499999999999943,67.785,-1.4650000000000034,0.0,0
QQQ250630C00481000,2025-06-27 19:00:07+00:00,481.0,63.95,64.86,68.73,17.780003,38.50986,1.0,300,1.2392616162109371,True,REGULAR,USD,QQQ,2025-06-30,0,548.0900268554688,0.8775930530238231,2025-06-29 12:49:54.076490,67.09002685546875,2.2300268554687506,67.09002685546875,-3.140026855468747,-3.140026855468747,0.0,0,0.00026023337260475793,0.0,0.0,0.0,1.2689001398925779,0.0,0.0,OTM,6,6,0.0033222591362126247,3.8700000000000045,66.795,-2.844999999999999,0.0,0
QQQ250630C00482000,2025-06-23 17:08:12+00:00,482.0,46.11,63.86,67.73,0.0,0.0,3.0,275,1.2241249731445314,True,REGULAR,USD,QQQ,2025-06-30,0,548.0900268554688,0.8794175708055774,2025-06-29 12:49:54.076490,66.09002685546875,2.2300268554687506,66.09002685546875,-19.98002685546875,-19.98002685546875,0.0,0,7.98018743038836e-05,0.0,0.0,0.0,1.2532263901367187,0.0,0.0,OTM,6,6,0.010869565217391304,3.8700000000000045,65.795,-19.685000000000002,0.0,0
QQQ250630C00483000,2025-06-27 19:56:01+00:00,483.0,64.9,62.86,66.71,20.690002,46.799374,14.0,521,1.205082099609375,True,REGULAR,USD,QQQ,2025-06-30,0,548.0900268554688,0.8812420885873317,2025-06-29 12:49:54.076490,65.09002685546875,2.2300268554687506,65.09002685546875,-0.19002685546874432,-0.19002685546874432,0.0,1,0.9998146297186967,0.0,0.0,0.0,1.23828505859375,0.0,0.0,OTM,6,6,0.02681992337164751,3.8499999999999943,64.785,0.1150000000000091,0.0,0
QQQ250630C00484000,2025-06-27 19:57:13+00:00,484.0,63.97,61.86,65.74,7.5300026,13.341607,1.0,295,1.1953165234375,True,REGULAR,USD,QQQ,2025-06-30,0,548.0900268554688,0.883066606369086,2025-06-29 12:49:54.076490,64.09002685546875,2.2300268554687506,64.09002685546875,-0.12002685546875114,-0.12002685546875114,0.0,1,0.9991628256539669,0.0,0.0,0.0,1.2229531040039063,0.0,0.0,OTM,6,6,0.0033783783783783786,3.8799999999999955,63.8,0.1700000000000017,0.0,0
QQQ250630C00485000,2025-06-27 19:53:48+00:00,485.0,62.54,60.86,64.75,1.0400009,1.6910585,14.0,21196,1.1816447167968749,True,REGULAR,USD,QQQ,2025-06-30,0,548.0900268554688,0.8848911241508404,2025-06-29 12:49:54.076490,63.09002685546875,2.2300268554687506,63.09002685546875,-0.5500268554687509,-0.5500268554687509,0.0,1,0.9992610295671163,0.0,0.0,0.0,1.2090859858398437,0.0,0.0,OTM,6,6,0.0006604708213426428,3.8900000000000006,62.805,-0.26500000000000057,0.0,0
QQQ250630C00486000,2025-06-27 15:30:51+00:00,486.0,63.12,59.86,63.75,4.5999985,7.8605576,1.0,488,1.1665080737304687,True,REGULAR,USD,QQQ,2025-06-30,0,548.0900268554688,0.8867156419325947,2025-06-29 12:49:54.076490,62.09002685546875,2.2300268554687506,62.09002685546875,1.0299731445312474,1.0299731445312474,0.0,1,0.9998978354251045,0.0,0.0,0.0,1.1945352773437499,0.0,0.0,OTM,6,6,0.002044989775051125,3.8900000000000006,61.805,1.3149999999999977,0.0,0
QQQ250630C00487000,2025-06-20 16:50:08+00:00,487.0,40.86,58.86,62.75,0.0,0.0,5.0,236,1.1508831518554683,True,REGULAR,USD,QQQ,2025-06-30,0,548.0900268554688,0.888540159714349,2025-06-29 12:49:54.076490,61.09002685546875,2.2300268554687506,61.09002685546875,-20.23002685546875,-20.23002685546875,0.0,0,7.98018743038836e-05,0.0,0.0,0.0,1.1798869130859375,0.0,0.0,OTM,6,6,0.02109704641350211,3.8900000000000006,60.805,-19.945,0.0,0
QQQ250630C00488000,2025-06-27 19:09:26+00:00,488.0,57.7,57.86,61.75,0.70000076,1.2280715,1.0,187,1.1357465087890626,True,REGULAR,USD,QQQ,2025-06-30,0,548.0900268554688,0.8903646774961033,2025-06-29 12:49:54.076490,60.09002685546875,2.2300268554687506,60.09002685546875,-2.390026855468747,-2.390026855468747,0.0,0,0.008897452237692395,0.0,0.0,0.0,1.166019794921875,0.0,0.0,OTM,6,6,0.005319148936170213,3.8900000000000006,59.805,-2.104999999999997,0.0,0
QQQ250630C00489000,2025-06-25 14:08:29+00:00,489.0,53.75,56.86,60.75,0.0,0.0,1.0,341,1.1203657263183593,True,REGULAR,USD,QQQ,2025-06-30,0,548.0900268554688,0.8921891952778576,2025-06-29 12:49:54.076490,59.09002685546875,2.2300268554687506,59.09002685546875,-5.34002685546875,-5.34002685546875,0.0,0,8.738080123332644e-05,0.0,0.0,0.0,1.1510296354980467,0.0,0.0,OTM,6,6,0.0029239766081871343,3.8900000000000006,58.805,-5.055,0.0,0
QQQ250630C00490000,2025-06-27 19:35:06+00:00,490.0,56.68,55.86,59.75,0.31000137,0.54994035,24.0,1604,1.1049849438476564,True,REGULAR,USD,QQQ,2025-06-30,0,548.0900268554688,0.8940137130596119,2025-06-29 12:49:54.076490,58.09002685546875,2.2300268554687506,58.09002685546875,-1.4100268554687503,-1.4100268554687503,0.0,1,0.9978074951148083,0.0,0.0,0.0,1.135697680908203,0.0,0.0,OTM,6,6,0.014953271028037384,3.8900000000000006,57.805,-1.125,0.0,0
QQQ250630C00491000,2025-06-27 14:39:46+00:00,491.0,59.9,54.86,58.75,9.470001,18.778507,7.0,163,1.0896041613769532,True,REGULAR,USD,QQQ,2025-06-30,0,548.0900268554688,0.8958382308413662,2025-06-29 12:49:54.076490,57.09002685546875,2.2300268554687506,57.09002685546875,2.8099731445312486,2.8099731445312486,0.0,1,0.9999547862136793,0.0,0.0,0.0,1.1203168984374998,0.0,0.0,OTM,6,6,0.042682926829268296,3.8900000000000006,56.805,3.094999999999999,0.0,0
QQQ250630C00492000,2025-06-25 16:20:11+00:00,492.0,48.89,53.86,57.75,0.0,0.0,3.0,545,1.0742233789062503,True,REGULAR,USD,QQQ,2025-06-30,0,548.0900268554688,0.8976627486231205,2025-06-29 12:49:54.076490,56.09002685546875,2.2300268554687506,56.09002685546875,-7.200026855468749,-7.200026855468749,0.0,0,8.738080123332644e-05,0.0,0.0,0.0,1.1049849438476564,0.0,0.0,OTM,6,6,0.005494505494505495,3.8900000000000006,55.805,-6.914999999999999,0.0,0
QQQ250630C00493000,2025-06-27 19:32:40+00:00,493.0,53.28,52.86,56.74,1.8999977,3.6979325,1.0,374,1.057133620605469,True,REGULAR,USD,QQQ,2025-06-30,0,548.0900268554688,0.8994872664048748,2025-06-29 12:49:54.076490,55.09002685546875,2.2300268554687506,55.09002685546875,-1.8100268554687489,-1.8100268554687489,0.0,1,0.9916262379400078,0.0,0.0,0.0,1.0892623662109375,0.0,0.0,OTM,6,6,0.0026666666666666666,3.8800000000000026,54.8,-1.519999999999996,0.0,0
QQQ250630C00494000,2025-06-27 19:09:26+00:00,494.0,51.69,51.87,55.76,1.8199997,3.649488,2.0,359,1.0449266503906252,True,REGULAR,USD,QQQ,2025-06-30,0,548.0900268554688,0.901311784186629,2025-06-29 12:49:54.076490,54.09002685546875,2.2200268554687526,54.09002685546875,-2.4000268554687523,-2.4000268554687523,0.0,0,0.00992915752557814,0.0,0.0,0.0,1.0741745510253908,0.0,0.0,OTM,6,6,0.005555555555555556,3.8900000000000006,53.815,-2.125,0.0,0
QQQ250630C00495000,2025-06-27 19:41:00+00:00,495.0,52.11,50.87,54.76,0.94000244,1.8370187,194.0,859,1.029545867919922,True,REGULAR,USD,QQQ,2025-06-30,0,548.0900268554688,0.9031363019683836,2025-06-29 12:49:54.076490,53.09002685546875,2.2200268554687526,53.09002685546875,-0.9800268554687506,-0.9800268554687506,0.0,1,0.9986296550868132,0.0,0.0,0.0,1.059086735839844,0.0,0.0,OTM,6,6,0.2255813953488372,3.8900000000000006,52.815,-0.7049999999999983,0.0,0
QQQ250630C00496000,2025-06-26 15:12:01+00:00,496.0,48.14,49.87,53.76,0.0,0.0,4.0,147,1.0141650854492186,True,REGULAR,USD,QQQ,2025-06-30,0,548.0900268554688,0.9049608197501378,2025-06-29 12:49:54.076490,52.09002685546875,2.2200268554687526,52.09002685546875,-3.9500268554687494,-3.9500268554687494,0.0,0,7.98018743038836e-05,0.0,0.0,0.0,1.043998920654297,0.0,0.0,OTM,6,6,0.02702702702702703,3.8900000000000006,51.815,-3.674999999999997,0.0,0
QQQ250630C00497000,2025-06-27 17:51:03+00:00,497.0,50.2,48.87,52.76,2.3500023,4.9111857,4.0,472,0.9987793090820312,True,REGULAR,USD,QQQ,2025-06-30,0,548.0900268554688,0.906785337531892,2025-06-29 12:49:54.076490,51.09002685546875,2.2200268554687526,51.09002685546875,-0.8900268554687472,-0.8900268554687472,0.0,1,0.9984488947595243,0.0,0.0,0.0,1.028910106689453,0.0,0.0,OTM,6,6,0.008456659619450317,3.8900000000000006,50.815,-0.6149999999999949,0.0,0
QQQ250630C00498000,2025-06-27 18:21:56+00:00,498.0,49.0,47.87,51.72,3.040001,6.6144495,1.0,151,0.9770510107421876,True,REGULAR,USD,QQQ,2025-06-30,0,548.0900268554688,0.9086098553136464,2025-06-29 12:49:54.076490,50.09002685546875,2.2200268554687526,50.09002685546875,-1.09002685546875,-1.09002685546875,0.0,1,0.9983550433438743,0.0,0.0,0.0,1.012893584716797,0.0,0.0,OTM,6,6,0.006578947368421052,3.8500000000000014,49.795,-0.7950000000000017,0.0,0
QQQ250630C00499000,2025-06-20 17:58:13+00:00,499.0,27.87,46.87,50.71,0.0,0.0,2.0,346,0.9599613378906248,True,REGULAR,USD,QQQ,2025-06-30,0,548.0900268554688,0.9104343730954008,2025-06-29 12:49:54.076490,49.09002685546875,2.2200268554687526,49.09002685546875,-21.22002685546875,-21.22002685546875,0.0,0,8.738080123332644e-05,0.0,0.0,0.0,0.9959005222167969,0.0,0.0,OTM,6,6,0.005763688760806916,3.8400000000000034,48.79,-20.919999999999998,0.0,0
QQQ250630C00500000,2025-06-27 20:12:17+00:00,500.0,48.22,45.87,49.0,2.2200012,4.82609,340.0,3770,0.8212908496093749,True,REGULAR,USD,QQQ,2025-06-30,0,548.0900268554688,0.912258890877155,2025-06-29 12:49:54.076490,48.09002685546875,2.2200268554687526,48.09002685546875,0.12997314453124886,0.12997314453124886,0.0,1,0.9996419141857328,0.0,0.0,0.0,0.9542495185546873,0.0,0.0,OTM,6,6,0.09016176080615221,3.1300000000000026,47.435,0.7849999999999966,0.0,0
QQQ250630C00501000,2025-06-27 14:00:20+00:00,501.0,48.0,44.87,48.76,10.5,28.0,1.0,286,0.9367682104492188,True,REGULAR,USD,QQQ,2025-06-30,0,548.0900268554688,0.9140834086589092,2025-06-29 12:49:54.076490,47.09002685546875,2.2200268554687526,47.09002685546875,0.90997314453125,0.90997314453125,0.0,1,0.9999266293971183,0.0,0.0,0.0,0.9387701435546874,0.0,0.0,OTM,6,6,0.003484320557491289,3.8900000000000006,46.815,1.1850000000000023,0.0,0
QQQ250630C00502000,2025-06-27 18:59:33+00:00,502.0,43.07,43.87,47.71,1.0699997,2.5476184,16.0,398,0.9138192211914062,True,REGULAR,USD,QQQ,2025-06-30,0,548.0900268554688,0.9159079264406635,2025-06-29 12:49:54.076490,46.09002685546875,2.2200268554687526,46.09002685546875,-3.0200268554687497,-3.0200268554687497,0.0,0,9.529774552871036e-05,0.0,0.0,0.0,0.9217781259765625,0.0,0.0,OTM,6,6,0.040100250626566414,3.8400000000000034,45.79,-2.719999999999999,0.0,0
QQQ250630C00503000,2025-06-27 17:45:55+00:00,503.0,45.0,42.87,46.76,1.6899986,3.9020977,5.0,478,0.9057626611328125,True,REGULAR,USD,QQQ,2025-06-30,0,548.0900268554688,0.9177324442224178,2025-06-29 12:49:54.076490,45.09002685546875,2.2200268554687526,45.09002685546875,-0.09002685546875,-0.09002685546875,0.0,1,0.998941414874495,0.0,0.0,0.0,0.9075204560546875,0.0,0.0,OTM,6,6,0.010438413361169102,3.8900000000000006,44.815,0.18500000000000227,0.0,0
QQQ250630C00504000,2025-06-26 16:27:33+00:00,504.0,41.14,41.87,45.78,0.0,0.0,2.0,504,0.8930674755859375,True,REGULAR,USD,QQQ,2025-06-30,0,548.0900268554688,0.9195569620041724,2025-06-29 12:49:54.076490,44.09002685546875,2.2200268554687526,44.09002685546875,-2.9500268554687494,-2.9500268554687494,0.0,0,9.529774552871036e-05,0.0,0.0,0.0,0.8941416835937501,0.0,0.0,OTM,6,6,0.0039603960396039604,3.9100000000000037,43.825,-2.6850000000000023,0.0,0
QQQ250630C00505000,2025-06-27 19:25:54+00:00,505.0,41.79,40.87,44.96,1.4900017,3.6972747,3062.0,3897,0.9025888647460938,True,REGULAR,USD,QQQ,2025-06-30,0,548.0900268554688,0.9213814797859264,2025-06-29 12:49:54.076490,43.09002685546875,2.2200268554687526,43.09002685546875,-1.3000268554687509,-1.3000268554687509,0.0,1,0.9973177366320239,0.0,0.0,0.0,0.9104012866210937,0.0,0.0,OTM,6,6,0.7855310415597743,4.090000000000003,42.915,-1.125,0.0,0
QQQ250630C00506000,2025-06-27 13:57:44+00:00,506.0,42.43,39.87,43.75,21.23,100.1415,6.0,359,0.85742330078125,True,REGULAR,USD,QQQ,2025-06-30,0,548.0900268554688,0.9232059975676808,2025-06-29 12:49:54.076490,42.09002685546875,2.2200268554687526,42.09002685546875,0.3399731445312497,0.3399731445312497,0.0,1,0.9998547268639123,0.0,0.0,0.0,0.8945323046875,0.0,0.0,OTM,6,6,0.016666666666666666,3.8800000000000026,41.81,0.6199999999999974,0.0,0
QQQ250630C00507000,2025-06-27 18:14:04+00:00,507.0,39.54,38.87,42.75,18.570002,88.55509,11.0,368,0.84179845703125,True,REGULAR,USD,QQQ,2025-06-30,0,548.0900268554688,0.9250305153494351,2025-06-29 12:49:54.076490,41.09002685546875,2.2200268554687526,41.09002685546875,-1.5500268554687509,-1.5500268554687509,0.0,1,0.9992278037038883,0.0,0.0,0.0,0.8801281518554687,0.0,0.0,OTM,6,6,0.02981029810298103,3.8800000000000026,40.81,-1.2700000000000031,0.0,0
QQQ250630C00508000,2025-06-27 14:45:25+00:00,508.0,41.4,37.87,41.75,8.630001,26.335066,2.0,597,0.8261736132812498,True,REGULAR,USD,QQQ,2025-06-30,0,548.0900268554688,0.9268550331311894,2025-06-29 12:49:54.076490,40.09002685546875,2.2200268554687526,40.09002685546875,1.3099731445312486,1.3099731445312486,0.0,1,0.9999544997251386,0.0,0.0,0.0,0.8642103422851563,0.0,0.0,OTM,6,6,0.0033444816053511705,3.8800000000000026,39.81,1.5899999999999963,0.0,0
QQQ250630C00509000,2025-06-27 18:12:06+00:00,509.0,38.72,36.87,40.76,19.79,104.54305,5.0,290,0.8120135986328124,True,REGULAR,USD,QQQ,2025-06-30,0,548.0900268554688,0.9286795509129436,2025-06-29 12:49:54.076490,39.09002685546875,2.2200268554687526,39.09002685546875,-0.37002685546875114,-0.37002685546875114,0.0,1,0.9996918121577275,0.0,0.0,0.0,0.8479995668945313,0.0,0.0,OTM,6,6,0.01718213058419244,3.8900000000000006,38.815,-0.09499999999999886,0.0,0
QQQ250630C00510000,2025-06-27 19:36:02+00:00,510.0,37.0,36.18,39.76,0.7799988,2.153503,21.0,6365,0.7961446166992188,True,REGULAR,USD,QQQ,2025-06-30,0,548.0900268554688,0.930504068694698,2025-06-29 12:49:54.076490,38.09002685546875,1.9100268554687503,38.09002685546875,-1.09002685546875,-1.09002685546875,0.0,1,0.9977350462559081,0.0,0.0,0.0,0.8267107172851562,0.0,0.0,OTM,6,6,0.003298774740810556,3.5799999999999983,37.97,-0.9699999999999989,0.0,0
QQQ250630C00511000,2025-06-27 13:52:20+00:00,511.0,37.01,34.87,38.76,2.8899994,8.470104,3.0,1752,0.7805197729492188,True,REGULAR,USD,QQQ,2025-06-30,0,548.0900268554688,0.9323285864764524,2025-06-29 12:49:54.076490,37.09002685546875,2.2200268554687526,37.09002685546875,-0.08002685546875199,-0.08002685546875199,0.0,1,0.9992147369133121,0.0,0.0,0.0,0.81133001171875,0.0,0.0,OTM,6,6,0.0017113519680547634,3.8900000000000006,36.815,0.19500000000000028,0.0,0
QQQ250630C00512000,2025-06-27 16:08:10+00:00,512.0,37.26,33.87,37.76,3.8899994,11.657175,13.0,593,0.764650791015625,True,REGULAR,USD,QQQ,2025-06-30,0,548.0900268554688,0.9341531042582066,2025-06-29 12:49:54.076490,36.09002685546875,2.2200268554687526,36.09002685546875,1.169973144531248,1.169973144531248,0.0,1,0.999952766671342,0.0,0.0,0.0,0.795900478515625,0.0,0.0,OTM,6,6,0.021885521885521887,3.8900000000000006,35.815,1.4450000000000003,0.0,0
QQQ250630C00513000,2025-06-27 19:31:16+00:00,513.0,33.43,32.87,36.73,0.36999893,1.119174,2.0,463,0.7448755981445312,True,REGULAR,USD,QQQ,2025-06-30,0,548.0900268554688,0.935977622039961,2025-06-29 12:49:54.076490,35.09002685546875,2.2200268554687526,35.09002685546875,-1.6600268554687503,-1.6600268554687503,0.0,1,0.9971312843906076,0.0,0.0,0.0,0.7796408754882813,0.0,0.0,OTM,6,6,0.004310344827586207,3.8599999999999994,34.8,-1.3699999999999974,0.0,0
QQQ250630C00514000,2025-06-27 19:31:16+00:00,514.0,32.27,31.87,34.9,0.20999908,0.655019,8.0,1242,0.6052285571289064,True,REGULAR,USD,QQQ,2025-06-30,0,548.0900268554688,0.9378021398217152,2025-06-29 12:49:54.076490,34.09002685546875,2.220026855468749,34.09002685546875,-1.8200268554687469,-1.8200268554687469,0.0,1,0.9945590464085796,0.0,0.0,0.0,0.7382838671875,0.0,0.0,OTM,6,6,0.006436041834271922,3.0299999999999976,33.385,-1.1149999999999949,0.0,0
QQQ250630C00515000,2025-06-27 19:31:16+00:00,515.0,31.5,30.87,34.73,0.25,0.8,52.0,6745,0.7131376342773439,True,REGULAR,USD,QQQ,2025-06-30,0,548.0900268554688,0.9396266576034696,2025-06-29 12:49:54.076490,33.09002685546875,2.220026855468749,33.09002685546875,-1.59002685546875,-1.59002685546875,0.0,1,0.998692597422295,0.0,0.0,0.0,0.7216824707031251,0.0,0.0,OTM,6,6,0.007708271568336793,3.859999999999996,32.8,-1.2999999999999972,0.0,0
QQQ250630C00516000,2025-06-27 19:31:16+00:00,516.0,30.22,29.87,33.77,-0.07999992,-0.26402617,5.0,757,0.702151416015625,True,REGULAR,USD,QQQ,2025-06-30,0,548.0900268554688,0.941451175385224,2025-06-29 12:49:54.076490,32.09002685546875,2.220026855468749,32.09002685546875,-1.8700268554687511,-1.8700268554687511,0.0,1,0.9927555012059442,0.0,0.0,0.0,0.7060087993164064,0.0,0.0,OTM,6,6,0.006596306068601583,3.900000000000002,31.82,-1.6000000000000014,0.0,0
QQQ250630C00517000,2025-06-27 18:38:53+00:00,517.0,28.69,28.87,32.97,-0.5299988,-1.813822,2.0,709,0.7102079760742188,True,REGULAR,USD,QQQ,2025-06-30,0,548.0900268554688,0.9432756931669782,2025-06-29 12:49:54.076490,31.09002685546875,2.220026855468749,31.09002685546875,-2.4000268554687487,-2.4000268554687487,0.0,0,0.009387770526452238,0.0,0.0,0.0,0.695120236328125,0.0,0.0,OTM,6,6,0.0028169014084507044,4.099999999999998,30.92,-2.2300000000000004,0.0,0
QQQ250630C00518000,2025-06-27 19:32:09+00:00,518.0,27.71,27.87,31.78,4.419998,18.978094,18.0,756,0.6713900048828126,True,REGULAR,USD,QQQ,2025-06-30,0,548.0900268554688,0.9451002109487324,2025-06-29 12:49:54.076490,30.09002685546875,2.220026855468749,30.09002685546875,-2.380026855468749,-2.380026855468749,0.0,0,0.014761583053646209,0.0,0.0,0.0,0.6804231176757813,0.0,0.0,OTM,6,6,0.023778071334214,3.91,29.825000000000003,-2.115000000000002,0.0,0
QQQ250630C00519000,2025-06-27 19:45:27+00:00,519.0,28.27,26.87,30.78,1.5100002,5.642751,2.0,801,0.6550327465820314,True,REGULAR,USD,QQQ,2025-06-30,0,548.0900268554688,0.9469247287304868,2025-06-29 12:49:54.076490,29.09002685546875,2.220026855468749,29.09002685546875,-0.8200268554687504,-0.8200268554687504,0.0,1,0.9987772260126832,0.0,0.0,0.0,0.6903839555664064,0.0,0.0,OTM,6,6,0.0024937655860349127,3.91,28.825000000000003,-0.5550000000000033,0.0,0
QQQ250630C00520000,2025-06-27 19:57:36+00:00,520.0,28.41,25.87,29.73,1.4899998,5.5349174,138.0,3302,0.632938240966797,True,REGULAR,USD,QQQ,2025-06-30,0,548.0900268554688,0.9487492465122412,2025-06-29 12:49:54.076490,28.09002685546875,2.220026855468749,28.09002685546875,0.31997314453125014,0.31997314453125014,0.0,1,0.9998011786829728,0.0,0.0,0.0,0.674344076904297,0.0,0.0,OTM,6,6,0.04178019981834696,3.8599999999999994,27.8,0.6099999999999994,0.0,0
QQQ250630C00521000,2025-06-27 20:07:21+00:00,521.0,27.83,24.87,28.77,3.1800003,12.90061,55.0,775,0.6213416772460938,True,REGULAR,USD,QQQ,2025-06-30,0,548.0900268554688,0.9505737642939954,2025-06-29 12:49:54.076490,27.09002685546875,2.220026855468749,27.09002685546875,0.7399731445312483,0.7399731445312483,0.0,1,0.9999120977730346,0.0,0.0,0.0,0.6581821291503906,0.0,0.0,ATM,6,6,0.07087628865979381,3.8999999999999986,26.82,1.009999999999998,0.0,0
QQQ250630C00522000,2025-06-27 19:41:49+00:00,522.0,24.82,23.87,27.74,1.6399994,7.075062,16.0,627,0.6015664843750002,True,REGULAR,USD,QQQ,2025-06-30,0,548.0900268554688,0.9523982820757498,2025-06-29 12:49:54.076490,26.09002685546875,2.220026855468749,26.09002685546875,-1.2700268554687497,-1.2700268554687497,0.0,1,0.9987920993124995,0.0,0.0,0.0,0.636453830810547,0.0,0.0,ATM,6,6,0.025477707006369428,3.8699999999999974,25.805,-0.9849999999999994,0.0,0
QQQ250630C00523000,2025-06-27 19:46:48+00:00,523.0,24.06,22.88,26.79,2.3099995,10.6206875,5.0,755,0.5908244042968751,True,REGULAR,USD,QQQ,2025-06-30,0,548.0900268554688,0.954222799857504,2025-06-29 12:49:54.076490,25.09002685546875,2.210026855468751,25.09002685546875,-1.0300268554687513,-1.0300268554687513,0.0,1,0.9987920993124995,0.0,0.0,0.0,0.6203407106933595,0.0,0.0,ATM,6,6,0.006613756613756613,3.91,24.835,-0.7750000000000021,0.0,0
QQQ250630C00524000,2025-06-27 20:03:34+00:00,524.0,22.86,21.88,25.78,2.4000015,11.730213,111.0,1709,0.5732464550781251,True,REGULAR,USD,QQQ,2025-06-30,0,548.0900268554688,0.9560473176392584,2025-06-29 12:49:54.076490,24.09002685546875,2.210026855468751,24.09002685546875,-1.2300268554687506,-1.2300268554687506,0.0,1,0.9987592364708383,0.0,0.0,0.0,0.6039834523925782,0.0,0.0,ATM,6,6,0.06491228070175438,3.900000000000002,23.83,-0.9699999999999989,0.0,0
QQQ250630C00525000,2025-06-27 20:12:23+00:00,525.0,23.14,20.88,24.72,1.1899986,5.421406,89.0,6060,0.5500533276367189,True,REGULAR,USD,QQQ,2025-06-30,0,548.0900268554688,0.9578718354210128,2025-06-29 12:49:54.076490,23.09002685546875,2.210026855468751,23.09002685546875,0.04997314453125057,0.04997314453125057,0.0,1,0.999270508413804,0.0,0.0,0.0,0.5874064697265625,0.0,0.0,ATM,6,6,0.014684045537040093,3.84,22.799999999999997,0.3400000000000034,0.0,0
QQQ250630C00526000,2025-06-27 20:07:56+00:00,526.0,21.68,19.88,23.75,1.3800011,6.7980347,28.0,880,0.5366257275390626,True,REGULAR,USD,QQQ,2025-06-30,0,548.0900268554688,0.959696353202767,2025-06-29 12:49:54.076490,22.09002685546875,2.210026855468751,22.09002685546875,-0.4100268554687503,-0.4100268554687503,0.0,1,0.9991563726796364,0.0,0.0,0.0,0.5704632797851563,0.0,0.0,ATM,6,6,0.03178206583427923,3.870000000000001,21.814999999999998,-0.134999999999998,0.0,0
QQQ250630C00527000,2025-06-27 19:29:21+00:00,527.0,19.19,18.88,22.72,-0.3199997,-1.640183,13.0,843,0.5167284655761719,True,REGULAR,USD,QQQ,2025-06-30,0,548.0900268554688,0.9615208709845212,2025-06-29 12:49:54.076490,21.09002685546875,2.210026855468751,21.09002685546875,-1.9000268554687487,-1.9000268554687487,0.0,1,0.9945607469448313,0.0,0.0,0.0,0.5534956760253907,0.0,0.0,ATM,6,6,0.015402843601895734,3.84,20.799999999999997,-1.6099999999999959,0.0,0
QQQ250630C00528000,2025-06-27 20:10:34+00:00,528.0,19.78,17.88,21.73,1.3000011,7.0346384,84.0,689,0.5009815527343751,True,REGULAR,USD,QQQ,2025-06-30,0,548.0900268554688,0.9633453887662756,2025-06-29 12:49:54.076490,20.09002685546875,2.210026855468751,20.09002685546875,-0.31002685546874886,-0.31002685546874886,0.0,1,0.9991524121290628,0.0,0.0,0.0,0.5355271057128907,0.0,0.0,ATM,6,6,0.12173913043478261,3.8500000000000014,19.805,-0.02499999999999858,0.0,0
QQQ250630C00529000,2025-06-27 19:43:46+00:00,529.0,18.04,16.89,20.5,0.5400009,3.0857196,63.0,1008,0.4597221997070312,True,REGULAR,USD,QQQ,2025-06-30,0,548.0900268554688,0.96516990654803,2025-06-29 12:49:54.076490,19.09002685546875,2.2000268554687494,19.09002685546875,-1.0500268554687509,-1.0500268554687509,0.0,1,0.9989275920472147,0.0,0.0,0.0,0.512822254638672,0.0,0.0,ATM,6,6,0.062438057482656094,3.6099999999999994,18.695,-0.6550000000000011,0.0,0
QQQ250630C00530000,2025-06-27 20:03:12+00:00,530.0,18.08,15.89,19.74,1.8899994,11.673868,840.0,19211,0.4680228979492187,True,REGULAR,USD,QQQ,2025-06-30,0,548.0900268554688,0.9669944243297842,2025-06-29 12:49:54.076490,18.09002685546875,2.2000268554687494,18.09002685546875,-0.010026855468751705,-0.010026855468751705,0.0,1,0.999499918894542,0.0,0.0,0.0,0.49641616870117194,0.0,0.0,ATM,6,6,0.04372267332916927,3.849999999999998,17.814999999999998,0.26500000000000057,0.0,0
QQQ250630C00531000,2025-06-27 19:54:40+00:00,531.0,17.0,14.9,18.79,1.8900003,12.508275,36.0,1044,0.4555718505859375,True,REGULAR,USD,QQQ,2025-06-30,0,548.0900268554688,0.9688189421115384,2025-06-29 12:49:54.076490,17.09002685546875,2.1900268554687496,17.09002685546875,-0.09002685546875,-0.09002685546875,0.0,1,0.9995040639962832,0.0,0.0,0.0,0.4802053933105469,0.0,0.0,ATM,6,6,0.03444976076555024,3.889999999999999,16.845,0.15500000000000114,0.0,0
QQQ250630C00532000,2025-06-27 20:07:56+00:00,532.0,15.87,13.91,17.82,1.6300001,11.4466305,261.0,468,0.4410456286621094,True,REGULAR,USD,QQQ,2025-06-30,0,548.0900268554688,0.9706434598932928,2025-06-29 12:49:54.076490,16.09002685546875,2.18002685546875,16.09002685546875,-0.22002685546875078,-0.22002685546875078,0.0,1,0.999263138229524,0.0,0.0,0.0,0.4650688259277344,0.0,0.0,ATM,6,6,0.5565031982942431,3.91,15.865,0.004999999999999005,0.0,0
QQQ250630C00533000,2025-06-27 20:12:39+00:00,533.0,15.07,12.92,16.82,1.8800001,14.253223,46.0,984,0.4233456103515625,True,REGULAR,USD,QQQ,2025-06-30,0,548.0900268554688,0.9724679776750472,2025-06-29 12:49:54.076490,15.09002685546875,2.17002685546875,15.09002685546875,-0.020026855468749716,-0.020026855468749716,0.0,1,0.9994081146160408,0.0,0.0,0.0,0.4495416374511719,0.0,0.0,ATM,6,6,0.046700507614213196,3.9000000000000004,14.870000000000001,0.1999999999999993,0.0,0
QQQ250630C00534000,2025-06-27 20:07:56+00:00,534.0,14.03,11.93,15.88,1.3199997,10.385521,191.0,1130,0.4108945629882812,True,REGULAR,USD,QQQ,2025-06-30,0,548.0900268554688,0.9742924954568016,2025-06-29 12:49:54.076490,14.09002685546875,2.1600268554687503,14.09002685546875,-0.06002685546875064,-0.06002685546875064,0.0,1,0.9995685483937993,0.0,0.0,0.0,0.43977611010742185,0.0,0.0,ATM,6,6,0.16887709991158267,3.950000000000001,13.905000000000001,0.12499999999999822,0.0,0
QQQ250630C00535000,2025-06-27 20:00:29+00:00,535.0,13.0,10.94,15.12,1.5799999,13.835377,363.0,13521,0.4135800830078124,True,REGULAR,USD,QQQ,2025-06-30,0,548.0900268554688,0.9761170132385558,2025-06-29 12:49:54.076490,13.09002685546875,2.1500268554687505,13.09002685546875,-0.09002685546875,-0.09002685546875,0.0,1,0.999449932418095,0.0,0.0,0.0,0.42888754711914057,0.0,0.0,ATM,6,6,0.026845141251294186,4.18,13.03,-0.02999999999999936,0.0,0
QQQ250630C00536000,2025-06-27 20:00:41+00:00,536.0,11.89,9.95,14.13,1.1800003,11.017743,201.0,438,0.395513857421875,True,REGULAR,USD,QQQ,2025-06-30,0,548.0900268554688,0.97794153102031,2025-06-29 12:49:54.076490,12.09002685546875,2.1400268554687507,12.09002685546875,-0.20002685546874943,-0.20002685546874943,0.0,1,0.999538380941674,0.0,0.0,0.0,0.4168759484863281,0.0,0.0,ATM,6,6,0.45785876993166286,4.1800000000000015,12.04,-0.14999999999999858,0.0,0
QQQ250630C00537000,2025-06-27 20:13:28+00:00,537.0,11.12,8.97,13.16,1.9300003,21.001093,435.0,545,0.3789124609375,True,REGULAR,USD,QQQ,2025-06-30,0,548.0900268554688,0.9797660488020644,2025-06-29 12:49:54.076490,11.09002685546875,2.1200268554687494,11.09002685546875,0.02997314453124922,0.02997314453124922,0.0,1,0.999547508268094,0.0,0.0,0.0,0.4044493149414062,0.0,0.0,ATM,6,6,0.7967032967032966,4.1899999999999995,11.065000000000001,0.05499999999999794,0.0,0
QQQ250630C00538000,2025-06-27 20:09:27+00:00,538.0,10.2,8.0,12.19,1.4799995,16.972471,463.0,1180,0.3618227880859375,True,REGULAR,USD,QQQ,2025-06-30,0,548.0900268554688,0.9815905665838188,2025-06-29 12:49:54.076490,10.09002685546875,2.09002685546875,10.09002685546875,0.10997314453124929,0.10997314453124929,0.0,1,0.9998182039662954,0.0,0.0,0.0,0.3921447504882812,0.0,0.0,ATM,6,6,0.3920406435224386,4.1899999999999995,10.094999999999999,0.10500000000000043,0.0,0
QQQ250630C00539000,2025-06-27 20:05:26+00:00,539.0,8.97,7.04,11.19,1.19,15.29563,829.0,1323,0.3419255261230468,True,REGULAR,USD,QQQ,2025-06-30,0,548.0900268554688,0.983415084365573,2025-06-29 12:49:54.076490,9.09002685546875,2.05002685546875,9.09002685546875,-0.12002685546874936,-0.12002685546874936,0.0,1,0.9996985519481498,0.0,0.0,0.0,0.3783509431152343,0.0,0.0,ATM,6,6,0.6261329305135952,4.1499999999999995,9.115,-0.14499999999999957,0.0,0
QQQ250630C00540000,2025-06-27 20:12:56+00:00,540.0,8.5,6.1,8.75,1.5999999,23.188404,1639.0,27761,0.1994708959960937,True,REGULAR,USD,QQQ,2025-06-30,0,548.0900268554688,0.9852396021473272,2025-06-29 12:49:54.076490,8.09002685546875,1.9900268554687504,8.09002685546875,0.40997314453125,0.40997314453125,0.0,1,0.9996009730209441,0.0,0.0,0.0,0.3355291057128906,0.0,0.0,ATM,6,6,0.059037533318925146,2.6500000000000004,7.425,1.0750000000000002,0.0,0
QQQ250630C00541000,2025-06-27 20:07:34+00:00,541.0,7.02,5.41,9.18,0.98,16.225166,664.0,811,0.3002999658203125,True,REGULAR,USD,QQQ,2025-06-30,0,548.0900268554688,0.9870641199290816,2025-06-29 12:49:54.076490,7.09002685546875,1.6800268554687499,7.09002685546875,-0.07002685546875043,-0.07002685546875043,0.0,1,0.9995482832249003,0.0,0.0,0.0,0.3164863273925781,0.0,0.0,ATM,6,6,0.8177339901477833,3.7699999999999996,7.295,-0.27500000000000036,0.0,0
QQQ250630C00542000,2025-06-27 20:13:53+00:00,542.0,6.45,4.28,8.0,1.1399999,21.468924,1532.0,1251,0.2661206201171875,True,REGULAR,USD,QQQ,2025-06-30,0,548.0900268554688,0.988888637710836,2025-06-29 12:49:54.076490,6.09002685546875,1.8100268554687498,6.09002685546875,0.3599731445312502,0.3599731445312502,0.0,1,0.9998248326476283,0.0,0.0,0.0,0.29392795922851556,0.0,0.0,ATM,6,6,1.2236421725239617,3.7199999999999998,6.140000000000001,0.3099999999999996,0.0,0
QQQ250630C00543000,2025-06-27 20:13:37+00:00,543.0,5.53,3.41,5.88,0.98,21.538462,2815.0,1566,0.1596763720703125,True,REGULAR,USD,QQQ,2025-06-30,0,548.0900268554688,0.9907131554925904,2025-06-29 12:49:54.076490,5.09002685546875,1.6800268554687499,5.09002685546875,0.43997314453125025,0.43997314453125025,0.0,1,0.9997758106756984,0.0,0.0,0.0,0.2534986760253906,0.0,0.0,ATM,6,6,1.7964262922782386,2.4699999999999998,4.645,0.8850000000000007,0.0,0
QQQ250630C00544000,2025-06-27 20:13:00+00:00,544.0,4.75,3.06,4.7,0.9000001,23.376625,4123.0,1767,0.1261073718261718,True,REGULAR,USD,QQQ,2025-06-30,0,548.0900268554688,0.9925376732743446,2025-06-29 12:49:54.076490,4.09002685546875,1.03002685546875,4.09002685546875,0.65997314453125,0.65997314453125,0.0,1,0.9998999690745831,0.0,0.0,0.0,0.2103350451660156,0.0,0.0,ATM,6,6,2.3320135746606336,1.6400000000000001,3.88,0.8700000000000001,0.0,0
QQQ250630C00545000,2025-06-27 20:14:20+00:00,545.0,3.63,3.62,4.3,0.42000008,13.084115,12730.0,8234,0.1518639501953125,True,REGULAR,USD,QQQ,2025-06-30,0,548.0900268554688,0.9943621910560988,2025-06-29 12:49:54.076490,3.09002685546875,-0.5299731445312501,3.09002685546875,0.5399731445312499,0.5399731445312499,0.0,1,0.930626929854473,0.0,0.0,0.0,0.20081365600585938,0.0,0.0,ATM,6,6,1.545840922890103,0.6799999999999997,3.96,-0.33000000000000007,0.0,0
QQQ250630C00546000,2025-06-27 20:14:46+00:00,546.0,3.1,3.12,3.21,0.43999982,16.541346,19225.0,1929,0.1232997827148437,True,REGULAR,USD,QQQ,2025-06-30,0,548.0900268554688,0.9961867088378532,2025-06-29 12:49:54.076490,2.09002685546875,-1.02997314453125,2.09002685546875,1.00997314453125,1.00997314453125,0.0,0,0.045916314999791895,0.0,0.0,0.0,0.16541361938476562,0.0,0.0,ATM,6,6,9.961139896373057,0.08999999999999986,3.165,-0.06499999999999995,0.0,0
QQQ250630C00547000,2025-06-27 20:14:46+00:00,547.0,2.47,2.45,2.52,0.35000014,16.509441,29013.0,1366,0.1191494335937499,True,REGULAR,USD,QQQ,2025-06-30,0,548.0900268554688,0.9980112266196076,2025-06-29 12:49:54.076490,1.09002685546875,-1.3599731445312502,1.09002685546875,1.3799731445312502,1.3799731445312502,0.0,1,0.959449140062025,0.0,0.0,0.0,0.13601938208007808,0.0,0.0,ATM,6,6,21.22384784198976,0.06999999999999984,2.4850000000000003,-0.015000000000000124,0.0,0
QQQ250630C00548000,2025-06-27 20:14:57+00:00,548.0,1.96,1.86,1.9,0.26999998,15.976329,37651.0,1223,0.1146328771972656,True,REGULAR,USD,QQQ,2025-06-30,0,548.0900268554688,0.9998357444013618,2025-06-29 12:49:54.076490,0.09002685546875,-1.76997314453125,0.09002685546875,1.86997314453125,1.86997314453125,0.0,1,0.6173048127275341,0.0,0.0,0.0,0.1270106831054687,0.0,0.0,ATM,6,6,30.76062091503268,0.039999999999999813,1.88,0.08000000000000007,0.0,0
QQQ250630C00549000,2025-06-27 20:14:56+00:00,549.0,1.36,1.34,1.38,0.029999971,2.255637,51758.0,829,0.1109708044433593,False,REGULAR,USD,QQQ,2025-06-30,0,548.0900268554688,1.001660262183116,2025-06-29 12:49:54.076490,0.0,-1.34,0.0,1.36,1.36,0.0,1,0.9300077598522497,0.0,0.0,0.0,0.12398336962890621,0.0,0.0,ATM,6,6,62.35903614457831,0.039999999999999813,1.3599999999999999,2.220446049250313e-16,0.0,0
QQQ250630C00550000,2025-06-27 20:14:59+00:00,550.0,0.94,0.93,0.95,-0.06999999,-6.9306927,60454.0,11759,0.1073087316894531,False,REGULAR,USD,QQQ,2025-06-30,0,548.0900268554688,1.0034847799648705,2025-06-29 12:49:54.076490,0.0,-0.93,0.0,0.94,0.94,0.0,1,0.9475218623820172,0.0,0.0,0.0,0.11507232592773434,0.0,0.0,ATM,6,6,5.140646258503401,0.019999999999999907,0.94,0.0,0.0,0
QQQ250630C00551000,2025-06-27 20:14:57+00:00,551.0,0.63,0.61,0.62,-0.120000005,-16.000002,16877.0,728,0.1042570043945312,False,REGULAR,USD,QQQ,2025-06-30,0,548.0900268554688,1.0053092977466247,2025-06-29 12:49:54.076490,0.0,-0.61,0.0,0.63,0.63,0.0,1,0.8521349349003892,0.0,0.0,0.0,0.11126377026367182,0.0,0.0,ATM,6,6,23.150891632373114,0.010000000000000009,0.615,0.015000000000000013,0.0,0
QQQ250630C00552000,2025-06-27 20:14:49+00:00,552.0,0.39,0.4,0.41,-0.15000004,-27.777782,14088.0,400,0.1042570043945312,False,REGULAR,USD,QQQ,2025-06-30,0,548.0900268554688,1.007133815528379,2025-06-29 12:49:54.076490,0.0,-0.4,0.0,0.39,0.39,0.0,0,0.07803811342695298,0.0,0.0,0.0,0.10828528442382808,0.0,0.0,ATM,6,6,35.13216957605985,0.009999999999999953,0.405,-0.015000000000000013,0.0,0
QQQ250630C00553000,2025-06-27 20:14:58+00:00,553.0,0.26,0.25,0.26,-0.14000002,-35.000004,9654.0,398,0.1042570043945312,False,REGULAR,USD,QQQ,2025-06-30,0,548.0900268554688,1.0089583333101333,2025-06-29 12:49:54.076490,0.0,-0.25,0.0,0.26,0.26,0.0,1,0.9423822510678838,0.0,0.0,0.0,0.1062101098632812,0.0,0.0,ATM,6,6,24.195488721804512,0.010000000000000009,0.255,0.0050000000000000044,0.0,0
QQQ250630C00554000,2025-06-27 20:14:58+00:00,554.0,0.16,0.15,0.16,-0.13,-44.827587,6415.0,585,0.1042570043945312,False,REGULAR,USD,QQQ,2025-06-30,0,548.0900268554688,1.0107828510918877,2025-06-29 12:49:54.076490,0.0,-0.15,0.0,0.16,0.16,0.0,1,0.9590054970088042,0.0,0.0,0.0,0.10486734985351558,0.0,0.0,ATM,6,6,10.947098976109215,0.010000000000000009,0.155,0.0050000000000000044,0.0,0
QQQ250630C00555000,2025-06-27 20:14:43+00:00,555.0,0.1,0.09,0.1,-0.1,-50.0,9226.0,2450,0.1054776953125,False,REGULAR,USD,QQQ,2025-06-30,0,548.0900268554688,1.012607368873642,2025-06-29 12:49:54.076490,0.0,-0.09,0.0,0.1,0.1,0.0,1,0.9917950726336597,0.0,0.0,0.0,0.10450114257812496,0.0,0.0,ATM,6,6,3.7641778865769076,0.010000000000000009,0.095,0.0050000000000000044,0.0,0
QQQ250630C00556000,2025-06-27 20:14:32+00:00,556.0,0.07,0.06,0.07,-0.059999995,-46.153843,2565.0,402,0.1098721826171875,False,REGULAR,USD,QQQ,2025-06-30,0,548.0900268554688,1.0144318866553963,2025-06-29 12:49:54.076490,0.0,-0.06,0.0,0.07,0.07,0.0,1,0.9402831722275934,0.0,0.0,0.0,0.10562417822265621,0.0,0.0,ATM,6,6,6.364764267990075,0.010000000000000009,0.065,0.0050000000000000044,0.0,0
QQQ250630C00557000,2025-06-27 20:14:44+00:00,557.0,0.05,0.04,0.05,-0.05,-50.0,2269.0,159,0.114266669921875,False,REGULAR,USD,QQQ,2025-06-30,0,548.0900268554688,1.0162564044371507,2025-06-29 12:49:54.076490,0.0,-0.04,0.0,0.05,0.05,0.0,1,0.9749209167315558,0.0,0.0,0.0,0.10762611132812498,0.0,0.0,ATM,6,6,14.18125,0.010000000000000002,0.045,0.0050000000000000044,0.0,0
QQQ250630C00558000,2025-06-27 20:13:50+00:00,558.0,0.03,0.03,0.04,-0.03,-50.0,5628.0,646,0.1201259863281249,False,REGULAR,USD,QQQ,2025-06-30,0,548.0900268554688,1.018080922218905,2025-06-29 12:49:54.076490,0.0,-0.03,0.0,0.03,0.03,0.0,0,0.05392896504576748,0.0,0.0,0.0,0.11079990771484372,0.0,0.0,ATM,6,6,8.698608964451314,0.010000000000000002,0.035,-0.0050000000000000044,0.0,0
QQQ250630C00559000,2025-06-27 20:14:35+00:00,559.0,0.02,0.02,0.03,-0.05,-71.42857,1104.0,105,0.12500875,False,REGULAR,USD,QQQ,2025-06-30,0,548.0900268554688,1.0199054400006593,2025-06-29 12:49:54.076490,0.0,-0.02,0.0,0.02,0.02,0.0,0,0.010112690672597218,0.0,0.0,0.0,0.11495025683593747,0.0,0.0,ATM,6,6,10.415094339622641,0.009999999999999998,0.025,-0.005000000000000001,0.0,0
QQQ250630C00560000,2025-06-27 20:11:30+00:00,560.0,0.02,0.01,0.02,-0.02,-50.0,3224.0,6018,0.12696185546875,False,REGULAR,USD,QQQ,2025-06-30,0,548.0900268554688,1.0217299577824135,2025-06-29 12:49:54.076490,0.0,-0.01,0.0,0.02,0.02,0.0,1,0.9825102726805349,0.0,0.0,0.0,0.11924708886718749,0.0,0.0,ATM,6,6,0.5356371490280778,0.01,0.015,0.005000000000000001,0.0,0
QQQ250630C00561000,2025-06-27 19:59:53+00:00,561.0,0.02,0.01,0.02,-0.030000001,-60.000004,356.0,54,0.1367273828125,False,REGULAR,USD,QQQ,2025-06-30,0,548.0900268554688,1.023554475564168,2025-06-29 12:49:54.076490,0.0,-0.01,0.0,0.02,0.02,0.0,1,0.9884116969109168,0.0,0.0,0.0,0.12461812890624997,0.0,0.0,ATM,6,6,6.472727272727273,0.01,0.015,0.005000000000000001,0.0,0
QQQ250630C00562000,2025-06-27 20:01:04+00:00,562.0,0.01,0.01,0.02,-0.03,-75.0,233.0,133,0.1445398046875,False,REGULAR,USD,QQQ,2025-06-30,0,548.0900268554688,1.025378993345922,2025-06-29 12:49:54.076490,0.0,-0.01,0.0,0.01,0.01,0.0,0,0.0022435566393622657,0.0,0.0,0.0,0.130672755859375,0.0,0.0,ATM,6,6,1.7388059701492538,0.01,0.015,-0.004999999999999999,0.0,0
QQQ250630C00563000,2025-06-27 19:26:27+00:00,563.0,0.02,0.01,0.02,0.0,0.0,151.0,164,0.15430533203125,False,REGULAR,USD,QQQ,2025-06-30,0,548.0900268554688,1.0272035111276765,2025-06-29 12:49:54.076490,0.0,-0.01,0.0,0.02,0.02,0.0,1,0.9972008802636848,0.0,0.0,0.0,0.137508625,0.0,0.0,ATM,6,6,0.9151515151515152,0.01,0.015,0.005000000000000001,0.0,0
QQQ250630C00564000,2025-06-27 20:11:38+00:00,564.0,0.01,0.0,0.01,-0.01,-50.0,991.0,21,0.15039912109375,False,REGULAR,USD,QQQ,2025-06-30,0,548.0900268554688,1.029028028909431,2025-06-29 12:49:54.076490,0.0,0.0,0.0,0.01,0.01,0.0,1,0.9997548972499012,0.0,0.0,0.0,0.14258669921875,0.0,0.0,ATM,6,6,45.04545454545455,0.01,0.005,0.005,0.0,0
QQQ250630C00565000,2025-06-27 19:58:04+00:00,565.0,0.01,0.0,0.01,-0.01,-50.0,431.0,820,0.1601646484375,False,REGULAR,USD,QQQ,2025-06-30,0,548.0900268554688,1.030852546691185,2025-06-29 12:49:54.076490,0.0,0.0,0.0,0.01,0.01,0.0,1,0.9997108021164495,0.0,0.0,0.0,0.14922725781249999,0.0,0.0,ATM,6,6,0.5249695493300852,0.01,0.005,0.005,0.0,0
QQQ250630C00566000,2025-06-27 19:28:51+00:00,566.0,0.01,0.0,0.01,-0.01,-50.0,109.0,66,0.1679770703125,False,REGULAR,USD,QQQ,2025-06-30,0,548.0900268554688,1.0326770644729395,2025-06-29 12:49:54.076490,0.0,0.0,0.0,0.01,0.01,0.0,1,0.9997135459052595,0.0,0.0,0.0,0.15547719531249998,0.0,0.0,ATM,6,6,1.626865671641791,0.01,0.005,0.005,0.0,0
QQQ250630C00567000,2025-06-27 18:45:22+00:00,567.0,0.01,0.0,0.01,-0.01,-50.0,816.0,48,0.1757894921875,False,REGULAR,USD,QQQ,2025-06-30,0,548.0900268554688,1.0345015822546937,2025-06-29 12:49:54.076490,0.0,0.0,0.0,0.01,0.01,0.0,1,0.9997107242286487,0.0,0.0,0.0,0.1617271328125,0.0,0.0,ATM,6,6,16.653061224489797,0.01,0.005,0.005,0.0,0
QQQ250630C00568000,2025-06-27 18:17:07+00:00,568.0,0.01,0.0,0.01,0.0,0.0,733.0,32,0.1836019140624999,False,REGULAR,USD,QQQ,2025-06-30,0,548.0900268554688,1.036326100036448,2025-06-29 12:49:54.076490,0.0,0.0,0.0,0.01,0.01,0.0,1,0.9998401761846202,0.0,0.0,0.0,0.16758644921875,0.0,0.0,ATM,6,6,22.21212121212121,0.01,0.005,0.005,0.0,0
QQQ250630C00569000,2025-06-27 19:45:23+00:00,569.0,0.01,0.0,0.01,-0.02,-66.66667,118.0,12,0.1914143359375,False,REGULAR,USD,QQQ,2025-06-30,0,548.0900268554688,1.0381506178182025,2025-06-29 12:49:54.076490,0.0,0.0,0.0,0.01,0.01,0.0,1,0.9997135459052595,0.0,0.0,0.0,0.1757894921875,0.0,0.0,ATM,6,6,9.076923076923077,0.01,0.005,0.005,0.0,0
QQQ250630C00570000,2025-06-27 18:24:19+00:00,570.0,0.01,0.0,0.01,-0.01,-50.0,14.0,2219,0.1992267578125,False,REGULAR,USD,QQQ,2025-06-30,0,548.0900268554688,1.0399751355999567,2025-06-29 12:49:54.076490,0.0,0.0,0.0,0.01,0.01,0.0,1,0.9997492401084003,0.0,0.0,0.0,0.18360191406249998,0.0,0.0,ATM,6,6,0.006306306306306306,0.01,0.005,0.005,0.0,0
QQQ250630C00571000,2025-06-26 16:29:55+00:00,571.0,0.01,0.0,0.01,0.0,0.0,43.0,64,0.2070391796874999,False,REGULAR,USD,QQQ,2025-06-30,0,548.0900268554688,1.0417996533817109,2025-06-29 12:49:54.076490,0.0,0.0,0.0,0.01,0.01,0.0,1,0.9998508931709149,0.0,0.0,0.0,0.19141433593749996,0.0,0.0,ATM,6,6,0.6615384615384615,0.01,0.005,0.005,0.0,0
QQQ250630C00572000,2025-06-24 15:17:22+00:00,572.0,0.02,0.0,0.01,0.0,0.0,42.0,48,0.2148516015625,False,REGULAR,USD,QQQ,2025-06-30,0,548.0900268554688,1.0436241711634653,2025-06-29 12:49:54.076490,0.0,0.0,0.0,0.02,0.02,0.0,1,0.9998510077096449,0.0,0.0,0.0,0.19922675781249996,0.0,0.0,ATM,6,6,0.8571428571428571,0.01,0.005,0.015,0.0,0
QQQ250630C00573000,2025-06-24 13:50:52+00:00,573.0,0.01,0.0,0.01,0.0,0.0,6.0,206,0.2226640234374999,False,REGULAR,USD,QQQ,2025-06-30,0,548.0900268554688,1.0454486889452197,2025-06-29 12:49:54.076490,0.0,0.0,0.0,0.01,0.01,0.0,1,0.9998508931709149,0.0,0.0,0.0,0.20703917968749996,0.0,0.0,ATM,6,6,0.028985507246376812,0.01,0.005,0.005,0.0,0
QQQ250630C00575000,2025-06-27 14:50:14+00:00,575.0,0.01,0.0,0.01,-0.01,-50.0,1.0,1359,0.2382888671874999,False,REGULAR,USD,QQQ,2025-06-30,0,548.0900268554688,1.0490977245087283,2025-06-29 12:49:54.076490,0.0,0.0,0.0,0.01,0.01,0.0,1,0.9997127413122117,0.0,0.0,0.0,0.21641408593749994,0.0,0.0,ATM,6,6,0.0007352941176470588,0.01,0.005,0.005,0.0,0
QQQ250630C00580000,2025-06-27 14:23:48+00:00,580.0,0.01,0.0,0.01,0.0,0.0,30.0,9621,0.2773509765624999,False,REGULAR,USD,QQQ,2025-06-30,0,548.0900268554688,1.0582203134174997,2025-06-29 12:49:54.076490,0.0,0.0,0.0,0.01,0.01,0.0,1,0.9998583981678562,0.0,0.0,0.0,0.2320389296874999,0.0,0.0,ITM,6,6,0.0031178549158179174,0.01,0.005,0.005,0.0,0
QQQ250630C00585000,2025-06-25 15:09:17+00:00,585.0,0.01,0.0,0.01,0.0,0.0,2.0,1487,0.3125068749999999,False,REGULAR,USD,QQQ,2025-06-30,0,548.0900268554688,1.0673429023262713,2025-06-29 12:49:54.076490,0.0,0.0,0.0,0.01,0.01,0.0,1,0.9998461751030132,0.0,0.0,0.0,0.25313246874999995,0.0,0.0,ITM,6,6,0.0013440860215053765,0.01,0.005,0.005,0.0,0
QQQ250630C00590000,2025-06-24 14:35:54+00:00,590.0,0.01,0.0,0.01,0.0,0.0,2.0,1038,0.3515689843749999,False,REGULAR,USD,QQQ,2025-06-30,0,548.0900268554688,1.0764654912350429,2025-06-29 12:49:54.076490,0.0,0.0,0.0,0.01,0.01,0.0,1,0.9998508931709149,0.0,0.0,0.0,0.2804759453124999,0.0,0.0,ITM,6,6,0.0019249278152069298,0.01,0.005,0.005,0.0,0
QQQ250630C00595000,2025-06-24 14:52:45+00:00,595.0,0.01,0.0,0.01,0.0,0.0,2.0,996,0.39063109375,False,REGULAR,USD,QQQ,2025-06-30,0,548.0900268554688,1.0855880801438145,2025-06-29 12:49:54.076490,0.0,0.0,0.0,0.01,0.01,0.0,1,0.9998508931709149,0.0,0.0,0.0,0.3140693593749999,0.0,0.0,ITM,6,6,0.0020060180541624875,0.01,0.005,0.005,0.0,0
QQQ250630C00600000,2025-06-27 19:54:40+00:00,600.0,0.01,0.0,0.01,-0.01,-50.0,22.0,3067,0.42188078125,False,REGULAR,USD,QQQ,2025-06-30,0,548.0900268554688,1.0947106690525858,2025-06-29 12:49:54.076490,0.0,0.0,0.0,0.01,0.01,0.0,1,0.9997492401084003,0.0,0.0,0.0,0.3507877421875,0.0,0.0,ITM,6,6,0.007170795306388526,0.01,0.005,0.005,0.0,0
QQQ250630C00605000,2025-06-27 17:25:14+00:00,605.0,0.01,0.0,0.01,0.0,0.0,2.0,387,0.460942890625,False,REGULAR,USD,QQQ,2025-06-30,0,548.0900268554688,1.1038332579613577,2025-06-29 12:49:54.076490,0.0,0.0,0.0,0.01,0.01,0.0,1,0.9998508931709149,0.0,0.0,0.0,0.3875061249999999,0.0,0.0,ITM,6,6,0.005154639175257732,0.01,0.005,0.005,0.0,0
QQQ250630C00610000,2025-06-20 13:30:15+00:00,610.0,0.01,0.0,0.01,0.0,0.0,1.0,637,0.492192578125,False,REGULAR,USD,QQQ,2025-06-30,0,548.0900268554688,1.112955846870129,2025-06-29 12:49:54.076490,0.0,0.0,0.0,0.01,0.01,0.0,1,0.9998287342409056,0.0,0.0,0.0,0.423443265625,0.0,0.0,ITM,6,6,0.001567398119122257,0.01,0.005,0.005,0.0,0
QQQ250630C00615000,2025-06-09 17:03:45+00:00,615.0,0.03,0.0,0.01,0.0,0.0,2.0,664,0.500005,False,REGULAR,USD,QQQ,2025-06-30,0,548.0900268554688,1.1220784357789009,2025-06-29 12:49:54.076490,0.0,0.0,0.0,0.03,0.03,0.0,1,0.9998288657984489,0.0,0.0,0.0,0.45313046875000007,0.0,0.0,ITM,6,6,0.0030075187969924814,0.01,0.005,0.024999999999999998,0.0,0
QQQ250630C00620000,2025-06-03 16:11:51+00:00,620.0,0.03,0.0,0.01,0.0,0.0,1.0,1059,0.5312546875,False,REGULAR,USD,QQQ,2025-06-30,0,548.0900268554688,1.1312010246876725,2025-06-29 12:49:54.076490,0.0,0.0,0.0,0.03,0.03,0.0,1,0.9998308573229069,0.0,0.0,0.0,0.48125518750000007,0.0,0.0,ITM,6,6,0.0009433962264150943,0.01,0.005,0.024999999999999998,0.0,0
QQQ250630C00625000,2025-06-06 18:15:15+00:00,625.0,0.02,0.0,0.01,0.0,0.0,11.0,304,0.5625043750000001,False,REGULAR,USD,QQQ,2025-06-30,0,548.0900268554688,1.1403236135964436,2025-06-29 12:49:54.076490,0.0,0.0,0.0,0.02,0.02,0.0,1,0.9998508128990558,0.0,0.0,0.0,0.5093799062500001,0.0,0.0,ITM,6,6,0.036065573770491806,0.01,0.005,0.015,0.0,0
QQQ250630C00630000,2025-06-09 15:51:15+00:00,630.0,0.02,0.0,0.01,0.0,0.0,1.0,544,0.5937540625000001,False,REGULAR,USD,QQQ,2025-06-30,0,548.0900268554688,1.1494462025052152,2025-06-29 12:49:54.076490,0.0,0.0,0.0,0.02,0.02,0.0,1,0.9998542523878668,0.0,0.0,0.0,0.535942140625,0.0,0.0,ITM,6,6,0.001834862385321101,0.01,0.005,0.015,0.0,0
QQQ250630C00635000,2025-06-05 14:49:58+00:00,635.0,0.03,0.0,0.01,0.0,0.0,1.0,494,0.6250037500000001,False,REGULAR,USD,QQQ,2025-06-30,0,548.0900268554688,1.1585687914139868,2025-06-29 12:49:54.076490,0.0,0.0,0.0,0.03,0.03,0.0,1,0.9998542523878668,0.0,0.0,0.0,0.5625043750000002,0.0,0.0,ITM,6,6,0.00202020202020202,0.01,0.005,0.024999999999999998,0.0,0
QQQ250630C00640000,2025-05-15 15:56:20+00:00,640.0,0.1,0.0,0.01,0.0,0.0,1.0,37,0.6562534375000001,False,REGULAR,USD,QQQ,2025-06-30,0,548.0900268554688,1.1676913803227584,2025-06-29 12:49:54.076490,0.0,0.0,0.0,0.1,0.1,0.0,1,0.9999100499875699,0.0,0.0,0.0,0.5937540625000001,0.0,0.0,ITM,6,6,0.02631578947368421,0.01,0.005,0.095,0.0,0
QQQ250630C00645000,2025-06-17 19:45:13+00:00,645.0,0.01,0.0,0.01,0.0,0.0,200.0,239,0.6875031250000001,False,REGULAR,USD,QQQ,2025-06-30,0,548.0900268554688,1.1768139692315298,2025-06-29 12:49:54.076490,0.0,0.0,0.0,0.01,0.01,0.0,1,0.9998035562155979,0.0,0.0,0.0,0.6250037500000001,0.0,0.0,ITM,6,6,0.8333333333333334,0.01,0.005,0.005,0.0,0
QQQ250630C00650000,2025-05-22 13:56:27+00:00,650.0,0.03,0.0,0.01,0.0,0.0,50.0,203,0.7187528125,False,REGULAR,USD,QQQ,2025-06-30,0,548.0900268554688,1.1859365581403014,2025-06-29 12:49:54.076490,0.0,0.0,0.0,0.03,0.03,0.0,1,0.9998542523878668,0.0,0.0,0.0,0.6562534375,0.0,0.0,ITM,6,6,0.24509803921568626,0.01,0.005,0.024999999999999998,0.0,0
QQQ250630C00655000,2025-06-04 17:25:32+00:00,655.0,0.01,0.0,0.01,0.0,0.0,80.0,42,0.7500025,False,REGULAR,USD,QQQ,2025-06-30,0,548.0900268554688,1.195059147049073,2025-06-29 12:49:54.076490,0.0,0.0,0.0,0.01,0.01,0.0,1,0.9998035562155979,0.0,0.0,0.0,0.6875031250000001,0.0,0.0,ITM,6,6,1.8604651162790697,0.01,0.005,0.005,0.0,0
QQQ250630C00660000,2025-05-30 13:53:12+00:00,660.0,0.01,0.0,0.01,0.0,0.0,11.0,39,0.7656273437500001,False,REGULAR,USD,QQQ,2025-06-30,0,548.0900268554688,1.2041817359578446,2025-06-29 12:49:54.076490,0.0,0.0,0.0,0.01,0.01,0.0,1,0.9998035562155979,0.0,0.0,0.0,0.71562784375,0.0,0.0,ITM,6,6,0.275,0.01,0.005,0.005,0.0,0
QQQ250630C00665000,2025-05-13 16:10:26+00:00,665.0,0.06,0.0,0.01,0.0,0.0,1.0,11,0.79687703125,False,REGULAR,USD,QQQ,2025-06-30,0,548.0900268554688,1.2133043248666162,2025-06-29 12:49:54.076490,0.0,0.0,0.0,0.06,0.06,0.0,1,0.9998923787131831,0.0,0.0,0.0,0.7437525625000001,0.0,0.0,ITM,6,6,0.08333333333333333,0.01,0.005,0.055,0.0,0
QQQ250630C00670000,2025-05-21 17:37:00+00:00,670.0,0.03,0.0,0.01,0.0,0.0,1.0,70,0.8281267187499999,False,REGULAR,USD,QQQ,2025-06-30,0,548.0900268554688,1.2224269137753876,2025-06-29 12:49:54.076490,0.0,0.0,0.0,0.03,0.03,0.0,1,0.9998542523878668,0.0,0.0,0.0,0.77187728125,0.0,0.0,ITM,6,6,0.014084507042253521,0.01,0.005,0.024999999999999998,0.0,0
QQQ250630C00675000,2025-03-31 15:42:19+00:00,675.0,0.04,0.0,0.0,0.0,0.0,1.0,0,0.500005,False,REGULAR,USD,QQQ,2025-06-30,0,548.0900268554688,1.2315495026841592,2025-06-29 12:49:54.076490,0.0,0.0,0.0,0.04,0.04,0.0,1,0.9998542523878668,0.0,0.0,0.0,0.72812771875,0.0,0.0,ITM,6,6,1.0,0.0,0.0,0.04,0.0,0
QQQ250630C00680000,2025-06-09 13:30:09+00:00,680.0,0.01,0.0,0.01,0.0,0.0,2.0,1706,0.87500125,False,REGULAR,USD,QQQ,2025-06-30,0,548.0900268554688,1.2406720915929308,2025-06-29 12:49:54.076490,0.0,0.0,0.0,0.01,0.01,0.0,1,0.9998348241466071,0.0,0.0,0.0,0.75312746875,0.0,0.0,ITM,6,6,0.0011716461628588166,0.01,0.005,0.005,0.0,0
QQQ250630C00685000,2025-05-13 17:55:07+00:00,685.0,0.04,0.0,0.01,0.0,0.0,17.0,19,0.9062509375,False,REGULAR,USD,QQQ,2025-06-30,0,548.0900268554688,1.2497946805017024,2025-06-29 12:49:54.076490,0.0,0.0,0.0,0.04,0.04,0.0,1,0.9998542523878668,0.0,0.0,0.0,0.7812521875,0.0,0.0,ITM,6,6,0.85,0.01,0.005,0.035,0.0,0
QQQ250630C00690000,2025-06-06 15:19:09+00:00,690.0,0.01,0.0,0.01,0.0,0.0,1.0,706,0.937500625,False,REGULAR,USD,QQQ,2025-06-30,0,548.0900268554688,1.2589172694104738,2025-06-29 12:49:54.076490,0.0,0.0,0.0,0.01,0.01,0.0,1,0.9998035562155979,0.0,0.0,0.0,0.80937690625,0.0,0.0,ITM,6,6,0.0014144271570014145,0.01,0.005,0.005,0.0,0
QQQ250701C00445000,2025-06-27 19:50:11+00:00,445.0,102.16,100.92,104.81,15.520004,17.913208,1.0,5,1.48047134765625,True,REGULAR,USD,QQQ,2025-07-01,1,548.0900268554688,0.8119104128806679,2025-06-29 12:49:54.220070,103.19278067001602,1.4388451228017374,102.35884512280174,-1.0327806700160238,-0.1988451228017425,0.8339355472142813,1,0.9992446891738401,0.9968274732702426,0.00022653975222537655,-0.2650334512326961,0.9398458320312499,0.0,0.0,OTM,6,6,0.16666666666666666,3.8900000000000006,102.86500000000001,-0.7050000000000125,0.002760294135211507,0
QQQ250701C00460000,2025-06-27 19:54:49+00:00,460.0,88.5,85.92,89.83,6.9800034,8.562321,2.0,3,1.2922398669433592,True,REGULAR,USD,QQQ,2025-07-01,1,548.0900268554688,0.8392781796069826,2025-06-29 12:49:54.220070,88.20393517626638,1.559041512031115,87.47904151203112,0.29606482373361587,1.0209584879688833,0.7248936642352675,1,0.9998943450714649,0.995683587465441,0.00034209111747480033,-0.2977504021263408,1.098292805419922,0.0,0.0,OTM,6,6,0.5,3.9099999999999966,87.875,0.625,0.0036382778957055532,0
QQQ250701C00465000,2025-06-27 14:01:03+00:00,465.0,84.25,80.92,84.83,0.0,0.0,37.0,0,1.2287636218261715,True,REGULAR,USD,QQQ,2025-07-01,1,548.0900268554688,0.8484007685157541,2025-06-29 12:49:54.220070,83.20793823562207,1.6001562090177828,82.52015620901778,1.0420617643779337,1.7298437909822155,0.6877820266042818,1,0.9999705788145985,0.9952072451518473,0.0003950053910568185,-0.3087486811587004,1.169045279785156,0.0,0.0,OTM,6,6,37.0,3.9099999999999966,82.875,1.375,0.003994682832353117,0
QQQ250701C00474000,2025-06-27 14:17:10+00:00,474.0,75.37,71.93,75.83,22.770004,43.288982,1.0,1,1.1149946594238282,True,REGULAR,USD,QQQ,2025-07-01,1,548.0900268554688,0.8648214285515429,2025-06-29 12:49:54.220070,74.21625860997904,1.6644118258499958,73.59441182585,1.1537413900209685,1.775588174150002,0.6218467841290334,1,0.9999724390639642,0.9941326304406968,0.0005211173572025322,-0.3310748586899085,1.2107940241699218,0.0,0.0,OTM,6,6,0.5,3.8999999999999915,73.88,1.490000000000009,0.004782106686504095,0
QQQ250701C00475000,2025-06-26 14:36:02+00:00,475.0,69.34,70.93,74.83,0.0,0.0,2.0,2,1.102299410400391,True,REGULAR,USD,QQQ,2025-07-01,1,548.0900268554688,0.8666459463332972,2025-06-29 12:49:54.220070,73.21724829516785,1.6726065091414455,72.60260650914145,-3.8772482951678455,-3.262606509141449,0.6146417860263966,0,9.397421806768784e-05,0.9939950025475539,0.0005380687076878968,-0.3336408067475002,1.2437537812500001,0.0,0.0,OTM,6,6,0.6666666666666666,3.8999999999999915,72.88,-3.539999999999992,0.004881443259776501,0
QQQ250701C00480000,2025-06-20 14:46:20+00:00,480.0,47.3,65.93,69.83,0.0,0.0,1.0,1,1.0390673046875003,True,REGULAR,USD,QQQ,2025-07-01,1,548.0900268554688,0.8757685352420688,2025-06-29 12:49:54.220070,68.22265612368841,1.7137694358498692,67.64376943584988,-20.922656123688412,-20.34376943584988,0.5788866878385335,0,9.397421806768784e-05,0.9932210031711889,0.0006354640231773669,-0.3475577385225304,1.15547297265625,0.0,0.0,OTM,6,6,0.5,3.8999999999999915,67.88,-20.58,0.0054343246806603795,0
QQQ250701C00494000,2025-06-20 14:56:02+00:00,494.0,33.3,51.93,55.85,0.0,0.0,4.0,4,0.8649915844726561,True,REGULAR,USD,QQQ,2025-07-01,1,548.0900268554688,0.901311784186629,2025-06-29 12:49:54.220070,54.24445348258865,1.8327304751697184,53.76273047516972,-20.944453482588656,-20.46273047516972,0.48172300741893537,0,9.397799494765057e-05,0.9898452507219385,0.001088515198806648,-0.40203763406890775,1.0700233161621093,0.0,0.0,OTM,6,6,0.8,3.9200000000000017,53.89,-20.590000000000003,0.0077492079345147895,0
QQQ250701C00498000,2025-06-23 19:49:59+00:00,498.0,34.2,47.94,51.85,0.0,0.0,1.0,1,0.8139667041015625,True,REGULAR,USD,QQQ,2025-07-01,1,548.0900268554688,0.9086098553136464,2025-06-29 12:49:54.220070,50.25174063691958,1.8583654309483393,49.79836543094834,-16.051740636919575,-15.598365430948334,0.45337520597124126,0,9.397799494765057e-05,0.9885172660582153,0.0012873734643059369,-0.4183281487742717,0.9870639326171876,0.0,0.0,OTM,6,6,0.5,3.9100000000000037,49.894999999999996,-15.694999999999993,0.008624265701304215,0
QQQ250701C00500000,2025-06-27 18:39:04+00:00,500.0,46.13,45.94,49.85,0.83000183,1.8322338,4.0,33,0.7885763330078125,True,REGULAR,USD,QQQ,2025-07-01,1,548.0900268554688,0.912258890877155,2025-06-29 12:49:54.220070,48.255933597850344,1.8765093237793806,47.81650932377938,-2.1259335978503415,-1.6865093237793758,0.43942427407096574,1,0.9880059947002128,0.9877365336381602,0.0014068618772507052,-0.4275640774323802,0.9217802673339845,0.0,0.0,OTM,6,6,0.11764705882352941,3.9100000000000037,47.894999999999996,-1.7649999999999935,0.009130743336016822,0
QQQ250701C00503000,2025-06-26 18:43:16+00:00,503.0,43.69,42.94,46.85,0.0,0.0,1.0,1,0.7502466381835937,True,REGULAR,USD,QQQ,2025-07-01,1,548.0900268554688,0.9177324442224178,2025-06-29 12:49:54.220070,45.26267881981414,1.9043709848839754,44.84437098488397,-1.5726788198141435,-1.1543709848839754,0.4183078349301681,1,0.996958438199785,0.9864221096393003,0.001614845760752591,-0.44190278904262936,0.851369712890625,0.0,0.0,OTM,6,6,0.5,3.9100000000000037,44.894999999999996,-1.2049999999999983,0.009971168162281534,0
QQQ250701C00505000,2025-06-27 18:53:08+00:00,505.0,40.47,40.94,44.86,0.9700012,2.4556992,2.0,35,0.725588681640625,True,REGULAR,USD,QQQ,2025-07-01,1,548.0900268554688,0.9213814797859264,2025-06-29 12:49:54.220070,43.26865465316348,1.9239422386506249,42.86394223865062,-2.7986546531634815,-2.3939422386506237,0.4047124145128578,0,0.001599308784824066,0.9853175050483242,0.0017861351620853325,-0.45502031303692425,0.7886739882812499,0.0,0.0,OTM,6,6,0.05555555555555555,3.9200000000000017,42.9,-2.4299999999999997,0.010666348140224236,0
QQQ250701C00506000,2025-06-20 14:59:14+00:00,506.0,22.11,39.94,43.84,0.0,0.0,1.0,1,0.7104521142578125,True,REGULAR,USD,QQQ,2025-07-01,1,548.0900268554688,0.9232059975676808,2025-06-29 12:49:54.220070,42.26880213716669,1.9325819407435247,41.87258194074352,-20.15880213716669,-19.762581940743523,0.3962201964231653,0,9.397799494765057e-05,0.9850332324635331,0.0018545219458554166,-0.45336354406227325,0.7577660942382812,0.0,0.0,OTM,6,6,0.5,3.9000000000000057,41.89,-19.78,0.010843705715459591,0
QQQ250701C00508000,2025-06-27 18:14:04+00:00,508.0,39.0,37.95,41.84,0.75,1.9607844,1.0,2,0.6846955358886719,True,REGULAR,USD,QQQ,2025-07-01,1,548.0900268554688,0.9268550331311894,2025-06-29 12:49:54.220070,40.27426892955151,1.9421544867691907,39.89215448676919,-1.2742689295515106,-0.8921544867691935,0.3821144427823171,1,0.9981607561451629,0.9838706860598954,0.0020518814384878643,-0.46420056294074896,0.7319118605957031,0.0,0.0,OTM,6,6,0.3333333333333333,3.8900000000000006,39.895,-0.8950000000000031,0.011562738237464924,0
QQQ250701C00510000,2025-06-27 19:13:00+00:00,510.0,35.8,35.95,39.85,4.9299984,15.970191,1.0,6,0.6599155102539063,True,REGULAR,USD,QQQ,2025-07-01,1,548.0900268554688,0.930504068694698,2025-06-29 12:49:54.220070,38.28154303945814,1.9630513971664598,37.91305139716646,-2.4815430394581455,-2.1130513971664655,0.36849164229167997,0,0.015595410508674202,0.9824202662747964,0.002291627776373937,-0.4791951142630025,0.7061796960449219,0.0,0.0,OTM,6,6,0.14285714285714285,3.8999999999999986,37.900000000000006,-2.1000000000000085,0.012446388369381292,0
QQQ250701C00512000,2025-06-27 13:40:54+00:00,512.0,35.87,33.95,37.85,5.4799995,18.032248,1.0,1,0.6337927246093751,True,REGULAR,USD,QQQ,2025-07-01,1,548.0900268554688,0.9341531042582066,2025-06-29 12:49:54.220070,36.28791252801551,1.983803727403135,35.93380372740314,-0.4179125280155134,-0.06380372740314044,0.35410880061237293,1,0.9993087612652032,0.9809587128716202,0.002554085033604577,-0.4908730118543076,0.6828889133300782,0.0,0.0,OTM,6,6,0.5,3.8999999999999986,35.900000000000006,-0.030000000000008242,0.013322739512276513,0
QQQ250701C00514000,2025-06-26 17:22:02+00:00,514.0,31.61,31.95,35.85,0.0,0.0,1.0,3,0.6076699389648439,True,REGULAR,USD,QQQ,2025-07-01,1,548.0900268554688,0.9378021398217152,2025-06-29 12:49:54.220070,34.29506525003757,2.005211955337696,33.955211955337695,-2.6850652500375674,-2.345211955337696,0.33985329469987136,0,0.0035865929252623273,0.9792825951682042,0.0028615911346051488,-0.5036619237638144,0.659305164794922,0.0,0.0,OTM,6,6,0.25,3.900000000000002,33.9,-2.289999999999999,0.014311536717144191,0
QQQ250701C00515000,2025-06-26 19:53:09+00:00,515.0,32.0,30.95,34.88,0.0,0.0,1.0,1,0.5976602734375001,True,REGULAR,USD,QQQ,2025-07-01,1,548.0900268554688,0.9396266576034696,2025-06-29 12:49:54.220070,33.303564374511154,2.018824087523317,32.968824087523316,-1.3035643745111543,-0.9688240875233163,0.334740286987838,1,0.9978752998634849,0.9778185325634906,0.003082408842165121,-0.521938577332581,0.6367467966308594,0.0,0.0,OTM,6,6,0.5,3.9300000000000033,32.915,-0.9149999999999991,0.015161967655107933,0
QQQ250701C00517000,2025-06-20 16:25:35+00:00,517.0,13.74,28.96,32.87,0.0,0.0,1.0,1,0.5701947277832031,True,REGULAR,USD,QQQ,2025-07-01,1,548.0900268554688,0.9432756931669782,2025-06-29 12:49:54.220070,31.310387998639385,2.030446183007019,30.99044618300702,-17.570387998639383,-17.25044618300702,0.31994181563236523,0,9.79424135884618e-05,0.9759313701202065,0.0034608337700199284,-0.5320135124538439,0.6138466350097657,0.0,0.0,OTM,6,6,0.5,3.9099999999999966,30.915,-17.174999999999997,0.016241078745364998,0
QQQ250701C00518000,2025-06-24 14:09:35+00:00,518.0,19.93,27.96,31.89,0.0,0.0,1.0,38,0.5588423022460938,True,REGULAR,USD,QQQ,2025-07-01,1,548.0900268554688,0.9451002109487324,2025-06-29 12:49:54.220070,30.318192512455823,2.0440411961814284,30.00404119618143,-10.388192512455824,-10.07404119618143,0.3141513162743941,0,0.00011022463567896176,0.9743903082762488,0.003719805309336794,-0.5470618667357613,0.5936319934082032,0.0,0.0,OTM,6,6,0.02564102564102564,3.9299999999999997,29.925,-9.995000000000001,0.01710883421216021,0
QQQ250701C00519000,2025-06-25 16:18:58+00:00,519.0,22.37,26.96,30.88,0.0,0.0,1.0,3,0.5444381494140625,True,REGULAR,USD,QQQ,2025-07-01,1,548.0900268554688,0.9469247287304868,2025-06-29 12:49:54.220070,29.321190666963503,2.0547949595176256,29.014794959517626,-6.951190666963502,-6.644794959517625,0.3063957074458763,0,9.79424135884618e-05,0.9733681211317827,0.003945259118788105,-0.5502956515361073,0.5757610783691407,0.0,0.0,OTM,6,6,0.25,3.919999999999998,28.92,-6.550000000000001,0.017678076797932814,0
QQQ250701C00520000,2025-06-27 19:51:48+00:00,520.0,27.3,25.97,29.89,1.6399994,6.3912683,23.0,59,0.5319871020507813,True,REGULAR,USD,QQQ,2025-07-01,1,548.0900268554688,0.9487492465122412,2025-06-29 12:49:54.220070,28.328008923559764,2.0579704150687057,28.027970415068705,-1.0280089235597636,-0.7279704150687039,0.30003850849105973,1,0.9990194934414551,0.971818881879838,0.00423253866846758,-0.5620130861074054,0.5606245109863282,0.0,0.0,OTM,6,6,0.38333333333333336,3.9200000000000017,27.93,-0.629999999999999,0.01853160234121699,0
QQQ250701C00521000,2025-06-23 13:55:44+00:00,521.0,10.8,24.97,28.89,0.0,0.0,1.0,34,0.5185595019531251,True,REGULAR,USD,QQQ,2025-07-01,1,548.0900268554688,0.9505737642939954,2025-06-29 12:49:54.220070,27.33349282305801,2.0703759701580253,27.040375970158024,-16.53349282305801,-16.240375970158023,0.2931168528999848,0,9.870839204686038e-05,0.9703620387085363,0.004527916747484182,-0.5701560760241364,0.5448043566894532,0.0,0.0,ATM,6,6,0.02857142857142857,3.9200000000000017,26.93,-16.13,0.019324486591353728,0
QQQ250701C00522000,2025-06-27 18:22:50+00:00,522.0,24.77,23.98,27.9,1.1599998,4.913172,4.0,17,0.5059863854980469,True,REGULAR,USD,QQQ,2025-07-01,1,548.0900268554688,0.9523982820757498,2025-06-29 12:49:54.220070,26.341151769387125,2.0743490131900018,26.054349013190002,-1.571151769387125,-1.2843490131900026,0.2868027561971225,1,0.9968988064221472,0.9685530416941138,0.004873837838433365,-0.5825986504615407,0.531962688232422,0.0,0.0,ATM,6,6,0.2222222222222222,3.919999999999998,25.939999999999998,-1.1699999999999982,0.02029648544421964,0
QQQ250701C00523000,2025-06-26 17:30:43+00:00,523.0,22.9,22.99,26.9,0.0,0.0,2.0,16,0.4924367163085938,True,REGULAR,USD,QQQ,2025-07-01,1,548.0900268554688,0.954222799857504,2025-06-29 12:49:54.220070,25.347402908102254,2.077709089813599,25.067709089813597,-2.447402908102255,-2.1677090898135987,0.27969381828865636,0,0.011868964119156014,0.9668320205715378,0.0052330683228647475,-0.5913198984626169,0.518681571044922,0.0,0.0,ATM,6,6,0.11764705882352941,3.91,24.945,-2.0450000000000017,0.021208881540478175,0
QQQ250701C00524000,2025-06-27 19:46:48+00:00,524.0,23.2,22.0,25.9,0.52000046,2.2927709,3.0,35,0.4787649780273437,True,REGULAR,USD,QQQ,2025-07-01,1,548.0900268554688,0.9560473176392584,2025-06-29 12:49:54.220070,24.353931226832174,2.0814065282979044,24.081406528297904,-1.1539312268321744,-0.8814065282979051,0.2725246985342693,1,0.998184708297026,0.9649781228261353,0.005628674639750834,-0.6000385571065001,0.5055469367675782,0.0,0.0,ATM,6,6,0.08333333333333333,3.8999999999999986,23.95,-0.75,0.022178871984837433,0
QQQ250701C00525000,2025-06-27 18:14:04+00:00,525.0,22.56,21.01,24.92,0.789999,3.6288426,3.0,96,0.46680220703125,True,REGULAR,USD,QQQ,2025-07-01,1,548.0900268554688,0.9578718354210128,2025-06-29 12:49:54.220070,23.365047706824498,2.088389594297226,23.098389594297227,-0.8050477068244994,-0.5383895942972288,0.2666581125272707,1,0.9992288192654544,0.9624119921978513,0.006116946207063448,-0.6175640198314466,0.49250995776367185,0.0,0.0,ATM,6,6,0.030927835051546393,3.91,22.965000000000003,-0.4050000000000047,0.023500575451353593,0
QQQ250701C00526000,2025-06-27 19:07:20+00:00,526.0,19.93,20.02,23.93,1.1100006,5.8979845,18.0,334,0.4537408142089844,True,REGULAR,USD,QQQ,2025-07-01,1,548.0900268554688,0.959696353202767,2025-06-29 12:49:54.220070,22.374553082800446,2.094471064220077,22.114471064220076,-2.4445530828004465,-2.1844710642200766,0.26008201858036983,0,0.012488383675585125,0.9599229251750375,0.006630421351517189,-0.6307499146829154,0.4795462202148437,0.0,0.0,ATM,6,6,0.05373134328358209,3.91,21.975,-2.0450000000000017,0.024760528417640676,0
QQQ250701C00527000,2025-06-26 19:46:53+00:00,527.0,19.39,19.06,22.94,0.0,0.0,1.0,228,0.4406794213867187,True,REGULAR,USD,QQQ,2025-07-01,1,548.0900268554688,0.9615208709845212,2025-06-29 12:49:54.220070,21.385011156851533,2.0716236946947895,21.131623694694788,-1.9950111568515325,-1.7416236946947876,0.2533874621567449,1,0.9927401306519522,0.957158049381377,0.00720618061855327,-0.6448142690506143,0.46648482739257807,0.0,0.0,ATM,6,6,0.004366812227074236,3.8800000000000026,21.0,-1.6099999999999994,0.02613598357951723,0
QQQ250701C00528000,2025-06-27 18:42:43+00:00,528.0,17.52,18.03,22.0,2.88,19.67213,29.0,304,0.4314021704101562,True,REGULAR,USD,QQQ,2025-07-01,1,548.0900268554688,0.9633453887662756,2025-06-29 12:49:54.220070,20.40715107328714,2.1279919417964734,20.157991941796475,-2.8871510732871393,-2.637991941796475,0.24915913149066427,0,0.0009117907584749824,0.9526522025486965,0.007978091235756359,-0.6797351674408858,0.4542779182128906,0.0,0.0,ATM,6,6,0.09508196721311475,3.969999999999999,20.015,-2.495000000000001,0.028326457103040745,0
QQQ250701C00529000,2025-06-27 19:58:08+00:00,529.0,19.41,17.08,21.05,4.41,29.4,51.0,432,0.4211483666992188,True,REGULAR,USD,QQQ,2025-07-01,1,548.0900268554688,0.96516990654803,2025-06-29 12:49:54.220070,19.429091277469865,2.1053532122534655,19.185353212253464,-0.019091277469865275,0.22464678774653635,0.24373806521640162,1,0.9998259175666258,0.9479656751816617,0.008811581353388222,-0.7116518073255904,0.44275459594726563,0.0,0.0,ATM,6,6,0.11778290993071594,3.9700000000000024,19.064999999999998,0.3450000000000024,0.03054217145322941,0
QQQ250701C00530000,2025-06-27 19:54:06+00:00,530.0,18.03,16.06,20.1,1.3800011,8.288295,26.0,943,0.4106504248046875,True,REGULAR,USD,QQQ,2025-07-01,1,548.0900268554688,0.9669944243297842,2025-06-29 12:49:54.220070,18.452948171358628,2.155089377852832,18.21508937785283,-0.4229481713586267,-0.18508937785282953,0.2378587935057972,1,0.9994975000504238,0.9427830964137619,0.009741459361045778,-0.744261520315959,0.4315242395019531,0.0,0.0,ATM,6,6,0.02754237288135593,4.040000000000003,18.08,-0.04999999999999716,0.032923593760777976,0
QQQ250701C00531000,2025-06-27 19:30:03+00:00,531.0,15.8,15.1,19.15,-0.60999966,-3.7172437,15.0,460,0.3999083447265625,True,REGULAR,USD,QQQ,2025-07-01,1,548.0900268554688,0.9688189421115384,2025-06-29 12:49:54.220070,17.478955314376435,2.14731498684886,17.24731498684886,-1.6789553143764344,-1.447314986848859,0.23164032752757535,1,0.9987429461357326,0.9370353459261388,0.010781753244151258,-0.7775224985378564,0.4207577456054688,0.0,0.0,ATM,6,6,0.03253796095444685,4.049999999999999,17.125,-1.3249999999999993,0.035486305697270654,0
QQQ250701C00532000,2025-06-27 19:19:48+00:00,532.0,14.35,14.17,18.19,0.20000076,1.413433,1.0,547,0.3879455737304687,True,REGULAR,USD,QQQ,2025-07-01,1,548.0900268554688,0.9706434598932928,2025-06-29 12:49:54.220070,16.503665759439457,2.109069855204032,16.279069855204032,-2.1536657594394573,-1.9290698552040322,0.22459590423542508,1,0.9884590466124052,0.93112895772379,0.011913999293547643,-0.8055195933004466,0.4102109760742188,0.0,0.0,ATM,6,6,0.0018248175182481751,4.020000000000001,16.18,-1.83,0.03803989469211901,0
QQQ250701C00533000,2025-06-27 19:12:45+00:00,533.0,13.75,13.13,17.24,-0.029999733,-0.21770489,11.0,211,0.3765931481933594,True,REGULAR,USD,QQQ,2025-07-01,1,548.0900268554688,0.9724679776750472,2025-06-29 12:49:54.220070,15.534071457671757,2.186732426991288,15.316732426991289,-1.7840714576717573,-1.5667324269912886,0.21733903068046878,1,0.998747785825291,0.9240885184970077,0.013223510293114532,-0.8389960648009211,0.3992491716308594,0.0,0.0,ATM,6,6,0.05188679245283019,4.109999999999998,15.184999999999999,-1.4349999999999987,0.040985487633234646,0
QQQ250701C00534000,2025-06-26 18:05:32+00:00,534.0,12.81,12.19,16.3,0.0,0.0,5.0,100,0.3656069299316406,True,REGULAR,USD,QQQ,2025-07-01,1,548.0900268554688,0.9742924954568016,2025-06-29 12:49:54.220070,14.57023918130642,2.170388123086534,14.360388123086533,-1.760239181306419,-1.5503881230865328,0.20985105821988626,1,0.9988521901944326,0.9158449506457027,0.014725149686180232,-0.876737519670633,0.3881408842773437,0.0,0.0,ATM,6,6,0.04950495049504951,4.110000000000001,14.245000000000001,-1.4350000000000005,0.04430829842227585,0
QQQ250701C00535000,2025-06-27 19:50:47+00:00,535.0,13.01,11.22,15.33,1.2200003,10.3477545,303.0,508,0.3521793298339843,True,REGULAR,USD,QQQ,2025-07-01,1,548.0900268554688,0.9761170132385558,2025-06-29 12:49:54.220070,13.599906416641886,2.1790887187476002,13.3990887187476,-0.5899064166418864,-0.3890887187476011,0.20081769789428527,1,0.9995431274414397,0.9079061908980941,0.016349329268844182,-0.9007692663015123,0.37644666528320314,0.0,0.0,ATM,6,6,0.5952848722986247,4.109999999999999,13.275,-0.26500000000000057,0.04738869377694248,0
QQQ250701C00536000,2025-06-27 20:04:02+00:00,536.0,12.59,10.23,14.19,1.71,15.716912,56.0,245,0.3270330969238281,True,REGULAR,USD,QQQ,2025-07-01,1,548.0900268554688,0.97794153102031,2025-06-29 12:49:54.220070,12.575976193708186,2.159813555936685,12.389813555936685,0.014023806291813656,0.20018644406331454,0.18616263777150088,1,0.9998136411807508,0.9065193980996133,0.017802136116288336,-0.8498349237248127,0.3618716157226562,0.0,0.0,ATM,6,6,0.22764227642276422,3.959999999999999,12.21,0.379999999999999,0.04791536041647226,0
QQQ250701C00537000,2025-06-27 19:51:29+00:00,537.0,10.95,9.29,13.28,0.7399998,7.2477937,48.0,237,0.317267569580078,True,REGULAR,USD,QQQ,2025-07-01,1,548.0900268554688,0.9797660488020644,2025-06-29 12:49:54.220070,11.629692672595809,2.161007567313895,11.451007567313894,-0.6796926725958095,-0.501007567313895,0.1786851052819145,1,0.9995987174773874,0.8938892860325132,0.020130419355031362,-0.8993654449568937,0.3477360148925781,0.0,0.0,ATM,6,6,0.20168067226890757,3.99,11.285,-0.33500000000000085,0.05256412491566728,0
QQQ250701C00538000,2025-06-27 19:14:01+00:00,538.0,9.01,8.36,12.35,-0.40999985,-4.35244,53.0,448,0.305671005859375,True,REGULAR,USD,QQQ,2025-07-01,1,548.0900268554688,0.9815905665838188,2025-06-29 12:49:54.220070,10.681956233034157,2.151362623265495,10.511362623265494,-1.671956233034157,-1.5013626232654946,0.17059360976866245,1,0.9989167514189309,0.8805830466864648,0.022733508313221084,-0.938741101826735,0.3335515864257812,0.0,0.0,ATM,6,6,0.11804008908685969,3.99,10.355,-1.3450000000000006,0.05719152059538136,0
QQQ250701C00539000,2025-06-27 20:13:44+00:00,539.0,9.61,7.44,11.64,1.4299994,17.481653,59.0,233,0.3071358349609374,True,REGULAR,USD,QQQ,2025-07-01,1,548.0900268554688,0.983415084365573,2025-06-29 12:49:54.220070,9.826602700036517,2.2166567553999625,9.656656755399963,-0.2166027000365176,-0.0466567553999635,0.1699459446365541,1,0.9997064280751095,0.8547104888142595,0.02590206497366201,-1.0683129090224464,0.32185736743164056,0.0,0.0,ATM,6,6,0.25213675213675213,4.2,9.540000000000001,0.06999999999999851,0.0654750462421915,0
QQQ250701C00540000,2025-06-27 20:02:22+00:00,540.0,8.69,6.55,10.71,1.2499995,16.801067,445.0,1139,0.2940744421386718,True,REGULAR,USD,QQQ,2025-07-01,1,548.0900268554688,0.9852396021473272,2025-06-29 12:49:54.220070,8.895499328881783,2.183405616836251,8.73340561683625,-0.20549932888178368,-0.043405616836251326,0.16209371204553236,1,0.9996384108607371,0.8371160431649667,0.02917826596369129,-1.100009614380961,0.31023638989257807,0.0,0.0,ATM,6,6,0.39035087719298245,4.160000000000001,8.63,0.05999999999999872,0.07061999708238466,0
QQQ250701C00541000,2025-06-27 20:11:52+00:00,541.0,7.87,5.67,9.88,1.3299999,20.336391,444.0,500,0.2863840893554687,True,REGULAR,USD,QQQ,2025-07-01,1,548.0900268554688,0.9870641199290816,2025-06-29 12:49:54.220070,8.017828621158401,2.1919800225037456,7.8619800225037455,-0.14782862115840079,0.008019977496254604,0.1558485986546554,1,0.9996971607903751,0.8119835437713703,0.032816508948839765,-1.1674358231811512,0.3021065883789062,0.0,0.0,ATM,6,6,0.8862275449101796,4.210000000000001,7.775,0.09499999999999975,0.07734855407117201,0
QQQ250701C00542000,2025-06-27 20:00:05+00:00,542.0,7.04,4.81,9.0,1.0999999,18.518517,636.0,795,0.2749095947265625,True,REGULAR,USD,QQQ,2025-07-01,1,548.0900268554688,0.988888637710836,2025-06-29 12:49:54.220070,7.130375985835997,2.1736976381819186,6.983697638181918,-0.09037598583599671,0.05630236181808179,0.1466783476540785,1,0.9997075916215702,0.7861769592113397,0.036930397611343355,-1.2065863302675701,0.2936349934082031,0.0,0.0,ATM,6,6,0.7989949748743719,4.19,6.904999999999999,0.13500000000000068,0.08355738038761354,0
QQQ250701C00543000,2025-06-27 20:14:01+00:00,543.0,6.11,3.99,8.2,1.0,19.569471,625.0,866,0.2669751037597656,True,REGULAR,USD,QQQ,2025-07-01,1,548.0900268554688,0.9907131554925904,2025-06-29 12:49:54.220070,6.295684516678932,2.1676891257201287,6.157689125720129,-0.18568451667893182,-0.04768912572012862,0.1379953909588032,1,0.9996189220054611,0.753160728975667,0.041209807337356144,-1.264398112055931,0.28589581298828126,0.0,0.0,ATM,6,6,0.720876585928489,4.209999999999999,6.095,0.015000000000000568,0.09054871321197411,0
QQQ250701C00544000,2025-06-27 19:47:28+00:00,544.0,4.88,3.2,7.41,0.23000002,4.9462366,432.0,725,0.2585523364257813,True,REGULAR,USD,QQQ,2025-07-01,1,548.0900268554688,0.9925376732743446,2025-06-29 12:49:54.220070,5.486298362648142,2.155316205068316,5.355316205068316,-0.6062983626481424,-0.4753162050683164,0.130982157579826,1,0.9994752510165082,0.7157843921532557,0.045710397059525544,-1.310446334530674,0.27617911328125,0.0,0.0,ATM,6,6,0.5950413223140496,4.21,5.305,-0.4249999999999998,0.09726898751119878,0
QQQ250701C00545000,2025-06-27 20:14:01+00:00,545.0,4.5,4.53,4.62,0.56999993,14.503815,2934.0,1328,0.1420984228515625,True,REGULAR,USD,QQQ,2025-07-01,1,548.0900268554688,0.9943621910560988,2025-06-29 12:49:54.220070,3.6720290359339742,-0.9334173832610126,3.5965826167389876,0.8279709640660258,0.9034173832610124,0.07544641919498662,0,0.05928244308234492,0.7829745108045112,0.07206593487653869,-0.6570939550176949,0.2457839094238281,0.0,0.0,ATM,6,6,2.2076749435665914,0.08999999999999986,4.575,-0.07500000000000018,0.08428110431979198,0
QQQ250701C00546000,2025-06-27 20:14:44+00:00,546.0,3.82,3.83,3.91,0.48000002,14.371258,3402.0,1258,0.1384363500976562,True,REGULAR,USD,QQQ,2025-07-01,1,548.0900268554688,0.9961867088378532,2025-06-29 12:49:54.220070,2.893829274129928,-1.0058993683935284,2.8241006316064716,0.926170725870072,0.9958993683935282,0.06972864252345623,0,0.059715746979345855,0.7087679038819398,0.08636103496066512,-0.7338999247001481,0.2161943615722656,0.0,0.0,ATM,6,6,2.7021445591739477,0.08000000000000007,3.87,-0.050000000000000266,0.09839633301642245,0
QQQ250701C00547000,2025-06-27 20:14:56+00:00,547.0,3.17,3.19,3.25,0.34000015,12.01414,4924.0,729,0.13477427734375,True,REGULAR,USD,QQQ,2025-07-01,1,548.0900268554688,0.9980112266196076,2025-06-29 12:49:54.220070,2.192886288274906,-1.0614687845798594,2.1285312154201406,0.9771137117250941,1.0414687845798594,0.06435507285476527,0,0.052795543909443104,0.6198724046244292,0.09848683050546495,-0.7824016759109531,0.1881672980957031,0.0,0.0,ATM,6,6,6.745205479452054,0.06000000000000005,3.2199999999999998,-0.04999999999999982,0.10924362629101803,0
QQQ250701C00548000,2025-06-27 20:14:59+00:00,548.0,2.63,2.6,2.65,0.3000002,12.8755455,9528.0,616,0.1313563427734375,True,REGULAR,USD,QQQ,2025-07-01,1,548.0900268554688,0.9998357444013618,2025-06-29 12:49:54.220070,1.587130802657498,-1.0708489171965092,1.5291510828034909,1.042869197342502,1.100848917196509,0.05797971985400707,1,0.9371820029052723,0.5188444053731657,0.10574715292540232,-0.7895853169057335,0.1610435458984375,0.0,0.0,ATM,6,6,15.442463533225284,0.04999999999999982,2.625,0.004999999999999893,0.11432222455639182,0
QQQ250701C00549000,2025-06-27 20:14:53+00:00,549.0,2.09,2.07,2.11,0.15999997,8.2901535,5209.0,966,0.127938408203125,False,REGULAR,USD,QQQ,2025-07-01,1,548.0900268554688,1.001660262183116,2025-06-29 12:49:54.220070,1.085660358105315,-1.0296871808829806,1.0403128191170192,1.0043396418946848,1.0496871808829806,0.0453475389882958,1,0.9095330267913245,0.4114113027454471,0.10600253177370599,-0.7447417794807009,0.13492076025390626,0.0,0.0,ATM,6,6,5.386763185108583,0.040000000000000036,2.09,0.0,0.11161642697229433,0
QQQ250701C00550000,2025-06-27 20:14:59+00:00,550.0,1.63,1.6,1.64,0.07000005,4.487183,16583.0,6499,0.1248256463623046,False,REGULAR,USD,QQQ,2025-07-01,1,548.0900268554688,1.0034847799648705,2025-06-29 12:49:54.220070,0.6968958361887019,-0.9345633693390933,0.6654366306609067,0.933104163811298,0.9645633693390931,0.03145920552779513,1,0.5986806190987455,0.3056576801379679,0.0979082911253731,-0.6506344058117125,0.13146620495605468,0.0,0.0,ATM,6,6,2.551230769230769,0.039999999999999813,1.62,0.009999999999999787,0.10058523361423904,0
QQQ250701C00551000,2025-06-27 20:13:23+00:00,551.0,1.23,1.21,1.24,0.0,0.0,2006.0,600,0.1218349536132812,False,REGULAR,USD,QQQ,2025-07-01,1,548.0900268554688,1.0053092977466247,2025-06-29 12:49:54.220070,0.41469257779013446,-0.8162837825200169,0.39371621747998303,0.8153074222098655,0.8362837825200169,0.020976360310151432,1,0.9400705365426976,0.21021349141234807,0.08250452693701875,-0.5196936857456433,0.12814592565917965,0.0,0.0,ATM,6,6,3.3377703826955076,0.030000000000000027,1.225,0.004999999999999893,0.08272954115629946,0
QQQ250701C00552000,2025-06-27 20:14:49+00:00,552.0,0.9,0.89,0.92,-0.18000007,-16.666672,5515.0,274,0.1197597790527343,False,REGULAR,USD,QQQ,2025-07-01,1,548.0900268554688,1.007133815528379,2025-06-29 12:49:54.220070,0.2309530750614499,-0.6709261250369161,0.21907387496308395,0.6690469249385501,0.6809261250369161,0.01187920009836596,1,0.9468692348756355,0.13371249229905835,0.06278017814850598,-0.3805393803824735,0.12514302600097654,0.0,0.0,ATM,6,6,20.054545454545455,0.030000000000000027,0.905,-0.0050000000000000044,0.06187916784857473,0
QQQ250701C00553000,2025-06-27 20:14:14+00:00,553.0,0.63,0.64,0.67,-0.07999998,-11.267604,2588.0,2142,0.118172880859375,False,REGULAR,USD,QQQ,2025-07-01,1,548.0900268554688,1.0089583333101333,2025-06-29 12:49:54.220070,0.1195403107075137,-0.5274860988209648,0.11251390117903527,0.5104596892924863,0.5174860988209647,0.007026409528478425,0,0.04240329356650427,0.07829950521871144,0.04314430261864362,-0.253798672074167,0.12250633361816402,0.0,0.0,ATM,6,6,1.2076528231451236,0.030000000000000027,0.655,-0.025000000000000022,0.04196161660112337,0
QQQ250701C00554000,2025-06-27 20:14:56+00:00,554.0,0.46,0.46,0.48,-0.099999994,-17.857141,1217.0,406,0.117196328125,False,REGULAR,USD,QQQ,2025-07-01,1,548.0900268554688,1.0107828510918877,2025-06-29 12:49:54.220070,0.057995739248934086,-0.40641273229731834,0.05358726770268169,0.40200426075106593,0.40641273229731834,0.004408471546252395,0,0.03356744402620928,0.04244620624729627,0.026893997950245833,-0.15518620666359412,0.12035791760253903,0.0,0.0,ATM,6,6,2.9901719901719903,0.019999999999999962,0.47,-0.009999999999999953,0.02594061733995419,0
QQQ250701C00555000,2025-06-27 20:14:46+00:00,555.0,0.33,0.31,0.33,-0.109999985,-24.999996,6940.0,1242,0.1158535681152343,False,REGULAR,USD,QQQ,2025-07-01,1,548.0900268554688,1.012607368873642,2025-06-29 12:49:54.220070,0.025255355597353812,-0.28679802696509626,0.023201973034903744,0.3047446444026462,0.3067980269650963,0.0020533825624500686,1,0.94402262356376,0.02065450025902065,0.01497088376644729,-0.08423619557691052,0.11856350195312496,0.0,0.0,ATM,6,6,5.583266291230893,0.020000000000000018,0.32,0.010000000000000009,0.014274726213125068,0
QQQ250701C00556000,2025-06-27 20:14:53+00:00,556.0,0.21,0.21,0.23,-0.12000002,-36.36364,1408.0,273,0.1157314990234375,False,REGULAR,USD,QQQ,2025-07-01,1,548.0900268554688,1.0144318866553963,2025-06-29 12:49:54.220070,0.010793467175883364,-0.20056906065303232,0.00943093934696769,0.19920653282411663,0.20056906065303232,0.0013625278289156745,0,0.04487620124733918,0.009648385465281099,0.007780329254523557,-0.04360562529120682,0.11734281103515623,0.0,0.0,ATM,6,6,5.138686131386861,0.020000000000000018,0.22,-0.010000000000000009,0.007410721448144698,0
QQQ250701C00557000,2025-06-27 20:14:13+00:00,557.0,0.14,0.15,0.16,-0.099999994,-41.666664,572.0,453,0.116219775390625,False,REGULAR,USD,QQQ,2025-07-01,1,548.0900268554688,1.0162564044371507,2025-06-29 12:49:54.220070,0.004494056929933876,-0.1466148766658569,0.003385123334143082,0.13550594307006614,0.13661487666585692,0.0011089335957907942,0,0.041002875062007754,0.004328811273388795,0.0038134526151284067,-0.02152066090736328,0.11663481030273437,0.0,0.0,ATM,6,6,1.2599118942731278,0.010000000000000009,0.155,-0.014999999999999986,0.0036476177545688147,0
QQQ250701C00558000,2025-06-27 20:13:28+00:00,558.0,0.1,0.1,0.11,-0.080000006,-44.444447,831.0,119,0.1169521899414062,False,REGULAR,USD,QQQ,2025-07-01,1,548.0900268554688,1.018080922218905,2025-06-29 12:49:54.220070,0.0018030143886726968,-0.09880481773461207,0.0011951822653879353,0.09819698561132731,0.09880481773461207,0.0006078321232847615,0,0.20732639127162872,0.0018549834647993298,0.0017647766363174942,-0.010072186028945579,0.1163906721191406,0.0,0.0,ATM,6,6,6.925,0.009999999999999995,0.10500000000000001,-0.0050000000000000044,0.0016986700859880138,0
QQQ250701C00559000,2025-06-27 20:13:17+00:00,559.0,0.08,0.07,0.08,-0.08,-50.0,321.0,866,0.1191494335937499,False,REGULAR,USD,QQQ,2025-07-01,1,548.0900268554688,1.0199054400006593,2025-06-29 12:49:54.220070,0.0008021857226257478,-0.06952458274359075,0.0004754172564092573,0.07919781427737425,0.07952458274359074,0.00032676846621649056,1,0.9640046490976097,0.0008584031045425541,0.0008561251574172756,-0.005065861484663853,0.11678129321289057,0.0,0.0,ATM,6,6,0.370242214532872,0.009999999999999995,0.07500000000000001,0.0049999999999999906,0.0008395376475541371,0
QQQ250701C00560000,2025-06-27 20:09:18+00:00,560.0,0.06,0.05,0.06,-0.05,-45.454548,1029.0,2430,0.122079091796875,False,REGULAR,USD,QQQ,2025-07-01,1,548.0900268554688,1.0217299577824135,2025-06-29 12:49:54.220070,0.00038259115443281533,-0.049807553989652344,0.00019244601034765685,0.05961740884556718,0.05980755398965234,0.00019014514408515848,1,0.9859035478323878,0.00041947754992450147,0.00043123927534675195,-0.0026761752618941147,0.11802639794921872,0.0,0.0,ATM,6,6,0.423282599753188,0.009999999999999995,0.055,0.0049999999999999975,0.00043328188503797676,0
QQQ250701C00561000,2025-06-27 20:14:09+00:00,561.0,0.05,0.04,0.05,-0.05,-50.0,495.0,80,0.1264735791015624,False,REGULAR,USD,QQQ,2025-07-01,1,548.0900268554688,1.023554475564168,2025-06-29 12:49:54.220070,0.00021795471370633646,-0.03988767790708753,0.00011232209291246436,0.049782045286293666,0.049887677907087535,0.0001056326207938721,1,0.9802788920977016,0.00023894337537025574,0.00024660468487501335,-0.001641147008857724,0.12017481396484371,0.0,0.0,ATM,6,6,6.111111111111111,0.010000000000000002,0.045,0.0050000000000000044,0.0002566918420914872,0
QQQ250701C00562000,2025-06-27 20:05:25+00:00,562.0,0.03,0.03,0.04,-0.04,-57.142853,129.0,1,0.129891513671875,False,REGULAR,USD,QQQ,2025-07-01,1,548.0900268554688,1.025378993345922,2025-06-29 12:49:54.220070,0.00011254471200408678,-0.029949492372948028,5.0507627051969786e-05,0.029887455287995912,0.029949492372948028,6.203708495211699e-05,0,0.03463938146795181,0.00012477739030633506,0.00013076360261509928,-0.0009172349018307175,0.1229091616210937,0.0,0.0,ATM,6,6,64.5,0.010000000000000002,0.035,-0.0050000000000000044,0.00013979079984055044,0
QQQ250701C00563000,2025-06-27 20:12:40+00:00,563.0,0.03,0.02,0.03,-0.04,-57.142853,609.0,200,0.132821171875,False,REGULAR,USD,QQQ,2025-07-01,1,548.0900268554688,1.0272035111276765,2025-06-29 12:49:54.220070,5.519482281812066e-05,-0.02,0.0,0.029944805177181878,0.03,5.519482281812066e-05,1,0.9493050198181492,6.214891706623332e-05,6.639784043707248e-05,-0.0004866835706559874,0.12608295800781247,0.0,0.0,ATM,6,6,3.029850746268657,0.009999999999999998,0.025,0.0049999999999999975,7.258254580692767e-05,0
QQQ250701C00564000,2025-06-27 19:59:36+00:00,564.0,0.03,0.02,0.03,-0.02,-40.0,42.0,0,0.14063359375,False,REGULAR,USD,QQQ,2025-07-01,1,548.0900268554688,1.029028028909431,2025-06-29 12:49:54.220070,5.1923354776481356e-05,-0.02,0.0,0.029948076645223518,0.03,5.1923354776481356e-05,1,0.9767757975372778,5.554553704177976e-05,5.640636234954684e-05,-0.0004632420328831503,0.13037979003906247,0.0,0.0,ATM,6,6,42.0,0.009999999999999998,0.025,0.0049999999999999975,6.528720893078511e-05,0
QQQ250701C00565000,2025-06-27 20:11:34+00:00,565.0,0.02,0.02,0.03,-0.02,-50.0,394.0,1898,0.147469462890625,False,REGULAR,USD,QQQ,2025-07-01,1,548.0900268554688,1.030852546691185,2025-06-29 12:49:54.220070,4.3843454983250735e-05,-0.02,0.0,0.01995615654501675,0.02,4.3843454983250735e-05,0,0.019487896520820273,4.520484536904157e-05,4.428562302824071e-05,-0.0003997097502895869,0.13545786425781248,0.0,0.0,ATM,6,6,0.20747761979989468,0.009999999999999998,0.025,-0.005000000000000001,5.3749668760235696e-05,0
QQQ250701C00566000,2025-06-27 20:11:43+00:00,566.0,0.02,0.01,0.02,-0.01,-33.333336,159.0,101,0.147469462890625,False,REGULAR,USD,QQQ,2025-07-01,1,548.0900268554688,1.0326770644729395,2025-06-29 12:49:54.220070,1.578446415072092e-05,-0.01,0.0,0.01998421553584928,0.02,1.578446415072092e-05,1,0.9957335583479037,1.705915244481191e-05,1.7593376636591224e-05,-0.00015872563350418956,0.13965704101562498,0.0,0.0,ATM,6,6,1.5588235294117647,0.01,0.015,0.005000000000000001,2.13531638922144e-05,0
QQQ250701C00567000,2025-06-27 19:11:55+00:00,567.0,0.01,0.01,0.02,-0.01,-50.0,32.0,0,0.15430533203125,False,REGULAR,USD,QQQ,2025-07-01,1,548.0900268554688,1.0345015822546937,2025-06-29 12:49:54.220070,1.409303225543071e-05,-0.01,0.0,0.00998590696774457,0.01,1.409303225543071e-05,0,0.0014085930326812976,1.465903920317027e-05,1.4557967629657903e-05,-0.00014373941305040056,0.1445398046875,0.0,0.0,ATM,6,6,32.0,0.01,0.015,-0.004999999999999999,1.8488114306775752e-05,0
QQQ250701C00568000,2025-06-27 15:14:28+00:00,568.0,0.01,0.01,0.02,0.0,0.0,1.0,0,0.16211775390625,False,REGULAR,USD,QQQ,2025-07-01,1,548.0900268554688,1.036326100036448,2025-06-29 12:49:54.220070,1.440968520737343e-05,-0.01,0.0,0.009985590314792627,0.01,1.440968520737343e-05,0,0.004338811654415085,1.4284162375298222e-05,1.3519368988488715e-05,-0.00014728771088981318,0.15039912109375,0.0,0.0,ATM,6,6,1.0,0.01,0.015,-0.004999999999999999,1.8038396732261015e-05,0
QQQ250701C00570000,2025-06-27 18:31:16+00:00,570.0,0.01,0.01,0.02,-0.02,-66.66667,63.0,126,0.1757894921875,False,REGULAR,USD,QQQ,2025-07-01,1,548.0900268554688,1.0399751355999567,2025-06-29 12:49:54.220070,1.2063317853972834e-05,-0.01,0.0,0.009987936682146027,0.01,1.2063317853972834e-05,0,0.0013395860736707807,1.11531845453028e-05,9.853287292717978e-06,-0.000126134825237893,0.15743030078125,0.0,0.0,ATM,6,6,0.49606299212598426,0.01,0.015,-0.004999999999999999,1.4255583298442995e-05,0
QQQ250701C00571000,2025-06-27 19:48:56+00:00,571.0,0.01,0.01,0.02,0.0,0.0,1.0,0,0.18164880859375,False,REGULAR,USD,QQQ,2025-07-01,1,548.0900268554688,1.0417996533817109,2025-06-29 12:49:54.220070,9.992947403594278e-06,-0.01,0.0,0.009990007052596405,0.01,9.992947403594278e-06,0,0.004338811654415085,9.025345071148746e-06,7.794664750584851e-06,-0.00010651471548703532,0.16426616992187498,0.0,0.0,ATM,6,6,1.0,0.01,0.015,-0.004999999999999999,1.1653085406291523e-05,0
QQQ250701C00573000,2025-06-27 16:11:21+00:00,573.0,0.01,0.0,0.02,-0.01,-50.0,1.0,14,0.195320546875,False,REGULAR,USD,QQQ,2025-07-01,1,548.0900268554688,1.0454486889452197,2025-06-29 12:49:54.220070,8.846728960541957e-06,0.0,0.0,0.009991153271039457,0.01,8.846728960541957e-06,1,0.9997135459052595,7.4920944383311655e-06,6.070356163384802e-06,-9.586087827542051e-05,0.17383638671875,0.0,0.0,ATM,6,6,0.06666666666666667,0.02,0.01,0.0,9.758274697153223e-06,0
QQQ250701C00574000,2025-06-27 18:17:20+00:00,574.0,0.01,0.0,0.01,0.0,0.0,102.0,0,0.187508125,False,REGULAR,USD,QQQ,2025-07-01,1,548.0900268554688,1.047273206726974,2025-06-29 12:49:54.220070,1.4657460463602962e-06,0.0,0.0,0.00999853425395364,0.01,1.4657460463602962e-06,1,0.9998508931709149,1.383748873101411e-06,1.2565061924185067e-06,-1.828335213291047e-05,0.1804769453125,0.0,0.0,ATM,6,6,102.0,0.01,0.005,0.005,1.9390796971842404e-06,0
QQQ250701C00575000,2025-06-27 18:30:07+00:00,575.0,0.01,0.0,0.01,-0.01,-50.0,24.0,30,0.195320546875,False,REGULAR,USD,QQQ,2025-07-01,1,548.0900268554688,1.0490977245087283,2025-06-29 12:49:54.220070,1.669134791238325e-06,0.0,0.0,0.009998330865208762,0.01,1.669134791238325e-06,1,0.9997135459052595,1.5079472061255459e-06,1.3099445672726831e-06,-2.067803693634873e-05,0.18711750390624998,0.0,0.0,ATM,6,6,0.7741935483870968,0.01,0.005,0.005,2.105774122874979e-06,0
QQQ250701C00590000,2025-06-25 18:27:55+00:00,590.0,0.01,0.0,0.01,0.0,0.0,10.0,59,0.2890696093749999,False,REGULAR,USD,QQQ,2025-07-01,1,548.0900268554688,1.0764654912350429,2025-06-29 12:49:54.220070,9.616564645647347e-07,0.0,0.0,0.009999038343535436,0.01,9.616564645647347e-07,1,0.9998508931709149,6.074812042584986e-07,3.6953208996225506e-07,-1.2752330368401834e-05,0.20977352734374993,0.0,0.0,ITM,6,6,0.16666666666666666,0.01,0.005,0.005,8.791551584607967e-07,0
QQQ250702C00453000,2025-06-27 19:50:11+00:00,453.0,94.18,92.97,96.87,0.0,0.0,1.0,0,1.2026407055664063,True,REGULAR,USD,QQQ,2025-07-02,2,548.0900268554688,0.8265065551347024,2025-06-29 12:49:54.360049,95.46813187905633,1.5224433045031418,94.49244330450314,-1.2881318790563228,-0.31244330450313385,0.9756885745531889,1,0.9988918247992997,0.9856654700628709,0.0007464282777393963,-0.5051904430866371,0.41397190673828116,0.0,0.0,OTM,6,6,1.0,3.9000000000000057,94.92,-0.7399999999999949,0.014776273248053242,0
QQQ250702C00470000,2025-06-26 19:54:45+00:00,470.0,76.73,75.98,79.89,0.0,0.0,1.0,0,1.0173388977050783,True,REGULAR,USD,QQQ,2025-07-02,2,548.0900268554688,0.8575233574245257,2025-06-29 12:49:54.360049,78.50622611868681,1.7036217224292471,77.68362172242925,-1.7762261186868074,-0.9536217224292471,0.8226043962575602,1,0.9987560767864203,0.9813455126689614,0.001105653041415131,-0.5338285707258216,0.5783755769042969,0.0,0.0,OTM,6,6,1.0,3.9099999999999966,77.935,-1.2049999999999983,0.01851507371051474,0
QQQ250702C00487000,2025-06-20 14:24:11+00:00,487.0,42.86,58.98,62.92,0.0,0.0,4.0,4,0.8339860351562498,True,REGULAR,USD,QQQ,2025-07-02,2,548.0900268554688,0.888540159714349,2025-06-29 12:49:54.360049,61.559077665512405,1.9033571838920906,60.88335718389209,-18.699077665512405,-18.023357183892088,0.6757204816203171,0,9.586532792354267e-05,0.9743857332067135,0.0017627903191584492,-0.5692690594282844,0.7076711589355469,0.0,0.0,OTM,6,6,0.8,3.940000000000005,60.95,-18.090000000000003,0.024199164169464694,0
QQQ250702C00490000,2025-06-20 13:44:02+00:00,490.0,43.75,55.99,59.9,0.0,0.0,7.0,5,0.7985859985351562,True,REGULAR,USD,QQQ,2025-07-02,2,548.0900268554688,0.8940137130596119,2025-06-29 12:49:54.360049,58.56286677732834,1.9254316473295958,57.9154316473296,-14.812866777328338,-14.165431647329598,0.6474351299987404,0,9.586532792354267e-05,0.9731602709290439,0.0019142870423719195,-0.5674222558673352,0.8283242492675781,0.0,0.0,OTM,6,6,1.1666666666666667,3.9099999999999966,57.945,-14.195,0.02516342088276466,0
QQQ250702C00495000,2025-06-25 19:52:24+00:00,495.0,46.02,50.99,54.92,0.0,0.0,1.0,2,0.7456080126953125,True,REGULAR,USD,QQQ,2025-07-02,2,548.0900268554688,0.9031363019683836,2025-06-29 12:49:54.360049,53.58613692902742,1.989641715580838,52.97964171558084,-7.566136929027415,-6.959641715580837,0.6064952134465784,0,9.586532792354267e-05,0.9698435733825952,0.0022590111930583016,-0.5822736500704335,0.9196319299316407,0.0,0.0,OTM,6,6,0.3333333333333333,3.9299999999999997,52.955,-6.934999999999995,0.02772489306898398,0
QQQ250702C00498000,2025-06-20 17:18:54+00:00,498.0,30.44,47.99,51.93,0.0,0.0,1.0,1,0.7133817724609376,True,REGULAR,USD,QQQ,2025-07-02,2,548.0900268554688,0.9086098553136464,2025-06-29 12:49:54.360049,50.60065682825126,2.029362289102316,50.01936228910232,-20.16065682825126,-19.579362289102317,0.5812945391489421,0,9.586532792354267e-05,0.967589928566619,0.002506070820981152,-0.5905454238588921,0.8217801433105469,0.0,0.0,OTM,6,6,0.5,3.9399999999999977,49.96,-19.52,0.029427697217348944,0
QQQ250702C00500000,2025-06-27 19:03:00+00:00,500.0,45.4,46.0,49.92,17.29,61.50836,150.0,25,0.6901886450195314,True,REGULAR,USD,QQQ,2025-07-02,2,548.0900268554688,0.912258890877155,2025-06-29 12:49:54.360049,48.60596501334163,2.0429771832373618,48.04297718323736,-3.2059650133416326,-2.642977183237363,0.5629878301042694,0,0.0014065567178024462,0.9662515149359088,0.0026781061390150377,-0.5908705268722464,0.7563500927734375,0.0,0.0,OTM,6,6,5.769230769230769,3.9200000000000017,47.96,-2.5600000000000023,0.030425416039911182,0
QQQ250702C00502000,2025-06-27 17:56:56+00:00,502.0,45.55,44.0,47.91,0.0,0.0,1.0,0,0.6667513793945314,True,REGULAR,USD,QQQ,2025-07-02,2,548.0900268554688,0.9159079264406635,2025-06-29 12:49:54.360049,46.61088042321569,2.0664065010424935,46.06640650104249,-1.0608804232156928,-0.5164065010424963,0.5444739221731965,1,0.9989709571959977,0.9648498290133704,0.0028665049031710694,-0.5904552095619265,0.7229031616210938,0.0,0.0,OTM,6,6,1.0,3.9099999999999966,45.955,-0.40500000000000114,0.031459914813332386,0
QQQ250702C00503000,2025-06-20 14:02:22+00:00,503.0,28.92,43.0,46.94,0.0,0.0,6.0,3,0.6586948193359375,True,REGULAR,USD,QQQ,2025-07-02,2,548.0900268554688,0.9177324442224178,2025-06-29 12:49:54.360049,45.62530198206906,2.086381394487958,45.08638139448796,-16.70530198206906,-16.166381394487956,0.538920587581103,0,9.586532792354267e-05,0.9633288205105198,0.003004028197044383,-0.6024338475318474,0.69492492578125,0.0,0.0,OTM,6,6,1.5,3.9399999999999977,44.97,-16.049999999999997,0.03257085679070708,0
QQQ250702C00504000,2025-06-20 14:03:50+00:00,504.0,27.9,42.0,45.9,0.0,0.0,2.0,1,0.6435582519531251,True,REGULAR,USD,QQQ,2025-07-02,2,548.0900268554688,0.9195569620041724,2025-06-29 12:49:54.360049,44.61697421264586,2.09073014315598,44.09073014315598,-16.71697421264586,-16.19073014315598,0.5262440694898771,0,9.586532792354267e-05,0.9632719882755583,0.0030785802260606568,-0.5909066025730038,0.6745149736328127,0.0,0.0,OTM,6,6,1.0,3.8999999999999986,43.95,-16.050000000000004,0.03261213785092328,0
QQQ250702C00505000,2025-06-24 18:05:31+00:00,505.0,35.79,41.0,44.89,0.0,0.0,2.0,3,0.6313513427734375,True,REGULAR,USD,QQQ,2025-07-02,2,548.0900268554688,0.9213814797859264,2025-06-29 12:49:54.360049,43.61818243074276,2.1016178399453835,43.10161783994538,-7.828182430742764,-7.311617839945384,0.5165645907973797,0,9.586532792354267e-05,0.9625658344995291,0.003187329435555483,-0.5891126363435752,0.6581088876953126,0.0,0.0,OTM,6,6,0.5,3.8900000000000006,42.945,-7.155000000000001,0.03312371143365164,0
QQQ250702C00506000,2025-06-24 18:07:16+00:00,506.0,34.85,40.0,43.94,0.0,0.0,1.0,1,0.6250037500000001,True,REGULAR,USD,QQQ,2025-07-02,2,548.0900268554688,0.9232059975676808,2025-06-29 12:49:54.360049,42.639462294926545,2.1267873662502907,42.12678736625029,-7.789462294926544,-7.276787366250289,0.5126749286762546,0,9.586532792354267e-05,0.9604668580642218,0.0033660984340446827,-0.6073659699793225,0.6450719086914063,0.0,0.0,OTM,6,6,0.5,3.9399999999999977,41.97,-7.119999999999997,0.034629830464206465,0
QQQ250702C00507000,2025-06-24 18:08:52+00:00,507.0,33.9,39.01,42.94,0.0,0.0,1.0,0,0.6137733935546876,True,REGULAR,USD,QQQ,2025-07-02,2,548.0900268554688,0.9250305153494351,2025-06-29 12:49:54.360049,41.64458835951382,2.1307019227372024,41.1407019227372,-7.74458835951382,-7.240701922737202,0.503886436776618,0,9.586532792354267e-05,0.9594176267379813,0.0035014260718722566,-0.6091318514885148,0.6344763115234375,0.0,0.0,OTM,6,6,1.0,3.9299999999999997,40.974999999999994,-7.074999999999996,0.03537479648434026,0
QQQ250702C00508000,2025-06-25 19:56:08+00:00,508.0,33.17,38.01,41.93,0.0,0.0,1.0,2,0.6015664843750002,True,REGULAR,USD,QQQ,2025-07-02,2,548.0900268554688,0.9268550331311894,2025-06-29 12:49:54.360049,40.64642213161147,2.1422594323651083,40.152259432365106,-7.476422131611471,-6.982259432365105,0.4941626992463668,0,9.586532792354267e-05,0.9585581044326759,0.0036337213624027527,-0.6075291049728169,0.6230506445312501,0.0,0.0,OTM,6,6,0.3333333333333333,3.9200000000000017,39.97,-6.799999999999997,0.03598124484635118,0
QQQ250702C00510000,2025-06-27 19:01:29+00:00,510.0,35.19,36.01,39.93,4.169998,13.442934,1.0,6,0.5788616333007812,True,REGULAR,USD,QQQ,2025-07-02,2,548.0900268554688,0.930504068694698,2025-06-29 12:49:54.360049,38.65681897231633,2.1705416783271616,38.18054167832716,-3.4668189723163323,-2.990541678327162,0.4762772939891704,0,0.00013453441829370817,0.9562560335046673,0.0039449832889410985,-0.6104719013210759,0.6101113208007813,0.0,0.0,OTM,6,6,0.14285714285714285,3.9200000000000017,37.97,-2.780000000000001,0.03758900795657797,0
QQQ250702C00512000,2025-06-27 19:07:55+00:00,512.0,33.87,34.02,37.95,0.0,0.0,2.0,0,0.5579878186035157,True,REGULAR,USD,QQQ,2025-07-02,2,548.0900268554688,0.9341531042582066,2025-06-29 12:49:54.360049,36.67551722222714,2.1956173865107544,36.21561738651076,-2.805517222227145,-2.34561738651076,0.45989983571638504,0,0.004524248912585827,0.9531693689430147,0.004323321078363351,-0.6204617446104624,0.5954386159667969,0.0,0.0,OTM,6,6,2.0,3.9299999999999997,35.985,-2.115000000000002,0.03970846863992114,0
QQQ250702C00514000,2025-06-25 14:27:23+00:00,514.0,28.51,32.03,35.93,0.0,0.0,15.0,16,0.5333298620605469,True,REGULAR,USD,QQQ,2025-07-02,2,548.0900268554688,0.9378021398217152,2025-06-29 12:49:54.360049,34.68049196218033,2.210814080095439,34.24081408009544,-6.170491962180325,-5.730814080095438,0.43967788208488656,0,9.990935488569948e-05,0.9508629608845153,0.004700653695968537,-0.6168540158794356,0.5771038383789062,0.0,0.0,OTM,6,6,0.8823529411764706,3.8999999999999986,33.980000000000004,-5.470000000000002,0.04126625799236299,0
QQQ250702C00518000,2025-06-25 15:09:04+00:00,518.0,24.31,28.05,31.96,0.0,0.0,2.0,3,0.4897511962890626,True,REGULAR,USD,QQQ,2025-07-02,2,548.0900268554688,0.9451002109487324,2025-06-29 12:49:54.360049,30.719073340662703,2.2652601378978865,30.315260137897887,-6.4090733406627045,-6.0052601378978885,0.403813202764816,0,9.990935488569948e-05,0.9433109923141046,0.005733715373556518,-0.6325534657762443,0.5522993989257813,0.0,0.0,OTM,6,6,0.5,3.91,30.005000000000003,-5.695000000000004,0.046222407965969214,0
QQQ250702C00520000,2025-06-27 19:54:40+00:00,520.0,28.18,26.07,30.01,6.300001,28.793425,8.0,35,0.4704642797851562,True,REGULAR,USD,QQQ,2025-07-02,2,548.0900268554688,0.9487492465122412,2025-06-29 12:49:54.360049,28.754557402387434,2.296914553093192,28.366914553093192,-0.574557402387434,-0.18691455309319238,0.38764284929424164,1,0.9996886193462278,0.9377287476548251,0.0064247990118151445,-0.651652289929402,0.5260789580078125,0.0,0.0,OTM,6,6,0.2222222222222222,3.9400000000000013,28.04,0.14000000000000057,0.049753900304872326,0
QQQ250702C00522000,2025-06-26 16:08:26+00:00,522.0,23.61,24.09,27.98,0.0,0.0,3.0,5,0.4444635632324218,True,REGULAR,USD,QQQ,2025-07-02,2,548.0900268554688,0.9523982820757498,2025-06-29 12:49:54.360049,26.759641066551353,2.303785398133119,26.39378539813312,-3.1496410665513537,-2.7837853981331193,0.36585566841823436,0,0.00011516027473873117,0.9341174937004268,0.007105339660009237,-0.6440831391238618,0.4991993439941407,0.0,0.0,ATM,6,6,0.5,3.8900000000000006,26.035,-2.4250000000000007,0.05198307159736395,0
QQQ250702C00523000,2025-06-23 15:25:57+00:00,523.0,10.67,23.09,27.1,0.0,0.0,1.0,1,0.4416559741210937,True,REGULAR,USD,QQQ,2025-07-02,2,548.0900268554688,0.954222799857504,2025-06-29 12:49:54.360049,25.81832474653055,2.3655615905758616,25.45556159057586,-15.14832474653055,-14.785561590575862,0.36276315595468844,0,0.00022461272316521677,0.9275810435908546,0.0076912275681413015,-0.6834757950375843,0.4759329750976562,0.0,0.0,ATM,6,6,0.5,4.010000000000002,25.095,-14.424999999999999,0.05591401792041086,0
QQQ250702C00524000,2025-06-24 18:32:14+00:00,524.0,17.5,22.1,26.1,0.0,0.0,3.0,5,0.4295711340332031,True,REGULAR,USD,QQQ,2025-07-02,2,548.0900268554688,0.9560473176392584,2025-06-29 12:49:54.360049,24.828436540079736,2.376137905328129,24.47613790532813,-7.3284365400797356,-6.97613790532813,0.3522986347516053,0,0.00022461272316521677,0.9247895767615297,0.008139520452539677,-0.6841202778014069,0.4551812294921874,0.0,0.0,ATM,6,6,0.5,4.0,24.1,-6.600000000000001,0.057553910828434036,0
QQQ250702C00525000,2025-06-27 15:42:59+00:00,525.0,24.95,21.11,25.08,3.8600006,18.302515,1.0,40,0.4160214648437499,True,REGULAR,USD,QQQ,2025-07-02,2,548.0900268554688,0.9578718354210128,2025-06-29 12:49:54.360049,23.830748977844507,2.380132065154662,23.49013206515466,1.1192510221554919,1.459867934845338,0.3406169126898462,1,0.9999630154623543,0.922479983261067,0.008600292431535142,-0.6785236345488564,0.44043528320312497,0.0,0.0,ATM,6,6,0.024390243902439025,3.969999999999999,23.095,1.8550000000000004,0.0588938421435196,0
QQQ250702C00526000,2025-06-27 15:08:22+00:00,526.0,23.02,20.12,24.11,7.1400003,44.96222,1.0,102,0.4060117993164062,True,REGULAR,USD,QQQ,2025-07-02,2,548.0900268554688,0.959696353202767,2025-06-29 12:49:54.360049,22.855077116746656,2.403713879990004,22.523713879990005,0.16492288325334314,0.4962861200099944,0.33136323675665125,1,0.9999336565601571,0.9181812981484179,0.009179584697466799,-0.6885104426679763,0.427544787109375,0.0,0.0,ATM,6,6,0.009708737864077669,3.9899999999999984,22.115000000000002,0.9049999999999976,0.061348312170806676,0
QQQ250702C00527000,2025-06-26 17:55:13+00:00,527.0,19.14,19.13,23.13,0.0,0.0,3.0,225,0.3950255810546875,True,REGULAR,USD,QQQ,2025-07-02,2,548.0900268554688,0.9615208709845212,2025-06-29 12:49:54.360049,21.87519436021853,2.4240000072213626,21.55400000722136,-2.7351943602185287,-2.414000007221361,0.3211943529971677,1,0.9646513181935158,0.9140152281294951,0.009793433451248895,-0.694506350424193,0.4176571906738281,0.0,0.0,ATM,6,6,0.01327433628318584,4.0,21.13,-1.9899999999999984,0.06367971742755776,0
QQQ250702C00528000,2025-06-27 17:44:34+00:00,528.0,20.08,18.14,22.17,4.4300003,28.306711,53.0,147,0.3853821228027343,True,REGULAR,USD,QQQ,2025-07-02,2,548.0900268554688,0.9633453887662756,2025-06-29 12:49:54.360049,20.90597021650848,2.454009770301333,20.594009770301334,-0.8259702165084803,-0.5140097703013353,0.311960446207145,1,0.9997686131716442,0.9087185882509174,0.010495574320936991,-0.7068245394766988,0.40640242041015623,0.0,0.0,ATM,6,6,0.3581081081081081,4.030000000000001,20.155,-0.07500000000000284,0.0665792200745814,0
QQQ250702C00529000,2025-06-27 19:23:19+00:00,529.0,17.71,17.16,21.25,3.5099993,24.718306,3.0,106,0.3781800463867187,True,REGULAR,USD,QQQ,2025-07-02,2,548.0900268554688,0.96516990654803,2025-06-29 12:49:54.360049,19.956590357827338,2.492433904045452,19.652433904045452,-2.246590357827337,-1.9424339040454512,0.3041564537818857,1,0.9993550299003335,0.9015025021035138,0.011312183360701908,-0.730722347634561,0.3961242028808593,0.0,0.0,ATM,6,6,0.028037383177570093,4.09,19.205,-1.4949999999999974,0.07041837149911,0
QQQ250702C00530000,2025-06-27 19:18:45+00:00,530.0,16.46,16.19,20.31,-0.44000053,-2.6035535,7.0,458,0.3693910717773437,True,REGULAR,USD,QQQ,2025-07-02,2,548.0900268554688,0.9669944243297842,2025-06-29 12:49:54.360049,19.000313740435047,2.5148784260589174,18.70487842605892,-2.540313740435046,-2.244878426058918,0.29543531437612813,1,0.9887574253163837,0.8945565840421482,0.012170168645663844,-0.7479224758804387,0.3867981242675781,0.0,0.0,ATM,6,6,0.015250544662309368,4.119999999999997,18.25,-1.7899999999999991,0.07399867121030153,0
QQQ250702C00531000,2025-06-27 18:41:16+00:00,531.0,15.08,15.22,19.33,-0.8500004,-5.3358464,6.0,126,0.3577945080566406,True,REGULAR,USD,QQQ,2025-07-02,2,548.0900268554688,0.9688189421115384,2025-06-29 12:49:54.360049,18.02647464498051,2.521469699236251,17.74146969923625,-2.94647464498051,-2.6614696992362514,0.2850049457442587,0,0.05223392208971907,0.8886986338544531,0.013063110043790615,-0.7524234663069979,0.377154666015625,0.0,0.0,ATM,6,6,0.047244094488188976,4.109999999999998,17.275,-2.1949999999999985,0.0769345089164994,0
QQQ250702C00532000,2025-06-27 19:46:27+00:00,532.0,15.6,14.26,18.28,0.69000053,4.6277704,68.0,104,0.3416813879394531,True,REGULAR,USD,QQQ,2025-07-02,2,548.0900268554688,0.9706434598932928,2025-06-29 12:49:54.360049,17.019444691508056,2.4880071900128105,16.74800719001281,-1.4194446915080565,-1.1480071900128106,0.2714375014952459,1,0.9992002565088428,0.8852296538026834,0.01398207634042548,-0.7358631291587291,0.36648582739257807,0.0,0.0,ATM,6,6,0.6476190476190476,4.020000000000001,16.27,-0.6699999999999999,0.07863826481614358,0
QQQ250702C00533000,2025-06-27 18:07:01+00:00,533.0,15.49,13.31,17.16,3.4699993,28.868547,5.0,236,0.321173780517578,True,REGULAR,USD,QQQ,2025-07-02,2,548.0900268554688,0.9724679776750472,2025-06-29 12:49:54.360049,15.978024656352943,2.4131465695251926,15.723146569525193,-0.4880246563529429,-0.23314656952519286,0.25487808682775004,1,0.9997516193842013,0.8844845227896744,0.014943459607532343,-0.6985446896033775,0.35364415893554685,0.0,0.0,ATM,6,6,0.02109704641350211,3.8499999999999996,15.235,0.2550000000000008,0.07900092353535468,0
QQQ250702C00534000,2025-06-27 13:34:11+00:00,534.0,14.34,12.36,16.3,0.9200001,6.85544,1.0,231,0.3165351550292968,True,REGULAR,USD,QQQ,2025-07-02,2,548.0900268554688,0.9742924954568016,2025-06-29 12:49:54.360049,15.066826134916482,2.457193237716192,14.817193237716191,-0.7268261349164824,-0.4771932377161914,0.24963289720029103,1,0.9994075927551537,0.8717947174713625,0.016314531545616167,-0.7360570745249745,0.3413151806640624,0.0,0.0,ATM,6,6,0.004310344827586207,3.9400000000000013,14.33,0.009999999999999787,0.08500363330699015,0
QQQ250702C00535000,2025-06-27 19:58:09+00:00,535.0,13.69,11.42,15.42,1.2799997,10.3142605,41.0,367,0.3101875622558593,True,REGULAR,USD,QQQ,2025-07-02,2,548.0900268554688,0.9761170132385558,2025-06-29 12:49:54.360049,14.15085066196258,2.4871215288228186,13.907121528822818,-0.4608506619625796,-0.217121528822819,0.24372913313976063,1,0.999638307639789,0.8590775630883654,0.017765247462969844,-0.7659595060559912,0.32947447875976554,0.0,0.0,ATM,6,6,0.11141304347826086,4.0,13.42,0.2699999999999996,0.0907061161247964,0
QQQ250702C00536000,2025-06-27 19:17:08+00:00,536.0,11.12,10.49,14.51,0.010000229,0.09001106,32.0,276,0.3016427258300781,True,REGULAR,USD,QQQ,2025-07-02,2,548.0900268554688,0.97794153102031,2025-06-29 12:49:54.360049,13.223614249460354,2.4971398101806273,12.987139810180627,-2.103614249460355,-1.8671398101806282,0.23647443927972667,1,0.9988452863541183,0.84670306455322,0.01932922594860078,-0.7854972767928455,0.31824412231445304,0.0,0.0,ATM,6,6,0.11552346570397112,4.02,12.5,-1.3800000000000008,0.0959728186630242,0
QQQ250702C00537000,2025-06-27 19:44:58+00:00,537.0,10.97,9.58,13.6,0.96000004,9.590409,42.0,151,0.2926706475830077,True,REGULAR,USD,QQQ,2025-07-02,2,548.0900268554688,0.9797660488020644,2025-06-29 12:49:54.360049,12.300632780230728,2.4922787769918155,12.072278776991816,-1.3306327802307276,-1.102278776991815,0.22835400323891264,1,0.999536673518627,0.8332346985781695,0.021049760183030137,-0.8028450721732039,0.308441974243164,0.0,0.0,ATM,6,6,0.27631578947368424,4.02,11.59,-0.6199999999999992,0.10140684040640897,0
QQQ250702C00538000,2025-06-27 18:41:47+00:00,538.0,8.75,8.67,12.72,-1.3199997,-13.10824,32.0,122,0.2847971911621093,True,REGULAR,USD,QQQ,2025-07-02,2,548.0900268554688,0.9815905665838188,2025-06-29 12:49:54.360049,11.398811427396026,2.5084350927238432,11.178435092723843,-2.6488114273960264,-2.428435092723843,0.2203763346721832,1,0.971307298499259,0.817246038861775,0.022926430010069124,-0.8250223679630156,0.30116665637207024,0.0,0.0,ATM,6,6,0.2601626016260163,4.050000000000001,10.695,-1.9450000000000003,0.10747638887092377,0
QQQ250702C00539000,2025-06-27 19:47:17+00:00,539.0,9.43,7.79,11.96,0.5100002,5.717491,80.0,173,0.282660982055664,True,REGULAR,USD,QQQ,2025-07-02,2,548.0900268554688,0.983415084365573,2025-06-29 12:49:54.360049,10.574914866997915,2.569710159698796,10.359710159698796,-1.1449148669979152,-0.9297101596987964,0.21520470729911878,1,0.99947239523086,0.7947026502703503,0.024796940626294076,-0.8735057836317861,0.2943918217773437,0.0,0.0,ATM,6,6,0.45977011494252873,4.170000000000001,9.875,-0.4450000000000003,0.11537318877071315,0
QQQ250702C00540000,2025-06-27 19:52:17+00:00,540.0,8.54,6.93,11.11,0.010000229,0.11723598,267.0,416,0.2750316638183593,True,REGULAR,USD,QQQ,2025-07-02,2,548.0900268554688,0.9852396021473272,2025-06-29 12:49:54.360049,9.705916561638674,2.570356823842271,9.50035682384227,-1.1659165616386744,-0.9603568238422717,0.2055597377964027,1,0.9994032808188192,0.7745919895232656,0.026905255269003232,-0.8943247914718009,0.2873606420898437,0.0,0.0,ATM,6,6,0.6402877697841727,4.18,9.02,-0.4800000000000004,0.12180377362835534,0
QQQ250702C00541000,2025-06-27 20:13:54+00:00,541.0,8.15,6.09,10.27,0.7699995,10.433598,159.0,243,0.2672802764892578,True,REGULAR,USD,QQQ,2025-07-02,2,548.0900268554688,0.9870641199290816,2025-06-29 12:49:54.360049,8.851772266543776,2.566091370191554,8.656091370191554,-0.7017722665437756,-0.5060913701915535,0.19568089635222208,1,0.9995672885148671,0.7523265144137787,0.029159017345131266,-0.9124835501153029,0.2804881522216796,0.0,0.0,ATM,6,6,0.6516393442622951,4.18,8.18,-0.02999999999999936,0.12828643207014767,0
QQQ250702C00542000,2025-06-27 20:13:16+00:00,542.0,7.31,5.27,9.45,0.9299998,14.5768,283.0,301,0.25977302734375,True,REGULAR,USD,QQQ,2025-07-02,2,548.0900268554688,0.988888637710836,2025-06-29 12:49:54.360049,8.01950713291717,2.561861774839212,7.831861774839211,-0.70950713291717,-0.5218617748392118,0.18764535807795824,1,0.9996563928050974,0.7273881420252529,0.03152331694822202,-0.9289030853598464,0.27390862817382805,0.0,0.0,ATM,6,6,0.9370860927152318,4.18,7.359999999999999,-0.04999999999999982,0.13479286201487828,0
QQQ250702C00543000,2025-06-27 19:56:40+00:00,543.0,6.66,4.47,8.67,0.96000004,16.842106,433.0,384,0.2533033654785156,True,REGULAR,USD,QQQ,2025-07-02,2,548.0900268554688,0.9907131554925904,2025-06-29 12:49:54.360049,7.223446048863252,2.5728485056985617,7.0428485056985615,-0.563446048863252,-0.3828485056985613,0.18059754316469068,1,0.9996431888635982,0.6990220542934793,0.033882264137464535,-0.9461068008534101,0.2676098630371093,0.0,0.0,ATM,6,6,1.1246753246753247,4.2,6.57,0.08999999999999986,0.14127142122634823,0
QQQ250702C00544000,2025-06-27 20:09:47+00:00,544.0,5.85,5.77,5.88,0.90999985,18.42105,669.0,211,0.1515587774658203,True,REGULAR,USD,QQQ,2025-07-02,2,548.0900268554688,0.9925376732743446,2025-06-29 12:49:54.360049,5.126004101140609,-0.7550619591068513,5.014938040893148,0.7239958988593909,0.8350619591068513,0.11106606024746046,1,0.974079035265842,0.7573119565802734,0.05086392594337584,-0.5369447334196273,0.24138942211914055,0.0,0.0,ATM,6,6,3.1556603773584904,0.11000000000000032,5.824999999999999,0.025000000000000355,0.12689131619220767,0
QQQ250702C00545000,2025-06-27 20:14:43+00:00,545.0,5.04,5.06,5.15,0.5700002,12.751682,1506.0,709,0.1482018774414062,True,REGULAR,USD,QQQ,2025-07-02,2,548.0900268554688,0.9943621910560988,2025-06-29 12:49:54.360049,4.352188363370374,-0.8135457408325353,4.246454259167464,0.6878116366296263,0.7935457408325357,0.1057341042029094,0,0.8438056235783787,0.7074066569942005,0.05716661451051978,-0.5692073982281933,0.21602346484374996,0.0,0.0,ATM,6,6,2.12112676056338,0.09000000000000075,5.105,-0.06500000000000039,0.1394559695182146,0
QQQ250702C00546000,2025-06-27 20:04:01+00:00,546.0,4.56,4.39,4.46,0.72,18.750002,1175.0,279,0.1449060119628906,True,REGULAR,USD,QQQ,2025-07-02,2,548.0900268554688,0.9961867088378532,2025-06-29 12:49:54.360049,3.6288814136136693,-0.8612372997405324,3.5287627002594673,0.9311185863863303,1.0312372997405324,0.10011871335420208,1,0.9783708140367361,0.6506548448154879,0.06296023042204597,-0.5923810973910418,0.19154861193847655,0.0,0.0,ATM,6,6,4.196428571428571,0.07000000000000028,4.425,0.1349999999999998,0.15017361781956257,0
QQQ250702C00547000,2025-06-27 20:11:56+00:00,547.0,3.85,3.76,3.82,0.52,15.615615,5506.0,376,0.1419763537597656,True,REGULAR,USD,QQQ,2025-07-02,2,548.0900268554688,0.9980112266196076,2025-06-29 12:49:54.360049,2.968395572503482,-0.8858857891380709,2.874114210861929,0.881604427496518,0.9758857891380712,0.09428136164155321,1,0.933935611764833,0.5873551925094564,0.06759151563433917,-0.6043596975349266,0.16798927722167964,0.0,0.0,ATM,6,6,14.60477453580902,0.06000000000000005,3.79,0.06000000000000005,0.1579607306275842,0
QQQ250702C00548000,2025-06-27 20:13:43+00:00,548.0,3.16,3.17,3.23,0.18000007,6.040271,2726.0,253,0.1391687646484375,True,REGULAR,USD,QQQ,2025-07-02,2,548.0900268554688,0.9998357444013618,2025-06-29 12:49:54.360049,2.374144557936745,-0.8827917957481328,2.287208204251867,0.7858554420632551,0.872791795748133,0.08693635368487795,0,0.01672756527054605,0.519018922667717,0.0705754949757943,-0.6011378199694958,0.14516235705566405,0.0,0.0,ATM,6,6,10.73228346456693,0.06000000000000005,3.2,-0.040000000000000036,0.1616726791987227,0
QQQ250702C00549000,2025-06-27 20:13:16+00:00,549.0,2.68,2.64,2.69,0.25,10.288066,2439.0,456,0.1363611755371093,False,REGULAR,USD,QQQ,2025-07-02,2,548.0900268554688,1.001660262183116,2025-06-29 12:49:54.360049,1.8495802841862314,-0.8650411033007233,1.7749588966992769,0.8304197158137687,0.9050411033007233,0.07462138748695457,1,0.35765930647337607,0.4474304903028275,0.07148358879512746,-0.5803166995308863,0.14212283666992184,0.0,0.0,ATM,6,6,5.336980306345733,0.04999999999999982,2.665,0.015000000000000124,0.1604493695304655,0
QQQ250702C00550000,2025-06-27 20:14:32+00:00,550.0,2.14,2.16,2.2,0.120000124,5.9406,8247.0,4075,0.1334315173339843,False,REGULAR,USD,QQQ,2025-07-02,2,548.0900268554688,1.0034847799648705,2025-06-29 12:49:54.360049,1.396355517785878,-0.8231879484969844,1.3368120515030157,0.7436444822141222,0.8031879484969844,0.05954346628286222,0,0.0700994384496501,0.37466386962085796,0.07002629265944446,-0.5409878827243289,0.13916876464843747,0.0,0.0,ATM,6,6,2.023307163886163,0.040000000000000036,2.18,-0.040000000000000036,0.1538014711668339,0
QQQ250702C00551000,2025-06-27 20:13:46+00:00,551.0,1.72,1.74,1.78,0.060000062,3.614462,1333.0,277,0.1313563427734375,False,REGULAR,USD,QQQ,2025-07-02,2,548.0900268554688,1.0053092977466247,2025-06-29 12:49:54.360049,1.029965468004292,-0.7566781984990941,0.9833218015009059,0.690034531995708,0.7366781984990941,0.04664366650338614,0,0.06934230624676048,0.30448349981661293,0.06567726285125212,-0.4890548552542468,0.13645883081054686,0.0,0.0,ATM,6,6,4.794964028776978,0.040000000000000036,1.76,-0.040000000000000036,0.1420061076675356,0
QQQ250702C00552000,2025-06-27 20:14:27+00:00,552.0,1.36,1.37,1.41,-0.00999999,-0.7299263,1089.0,1545,0.1290370300292968,False,REGULAR,USD,QQQ,2025-07-02,2,548.0900268554688,1.007133815528379,2025-06-29 12:49:54.360049,0.7310238771738682,-0.6746986841429093,0.6953013158570908,0.6289761228261319,0.6646986841429093,0.035722561316777424,0,0.9856321827356496,0.23861978848974646,0.05919433374150045,-0.4234080160045093,0.1338709660644531,0.0,0.0,ATM,6,6,0.704398447606727,0.039999999999999813,1.3900000000000001,-0.030000000000000027,0.12572898971591775,0
QQQ250702C00553000,2025-06-27 20:03:42+00:00,553.0,1.12,1.07,1.1,0.0,0.0,1717.0,112,0.1270839245605468,False,REGULAR,USD,QQQ,2025-07-02,2,548.0900268554688,1.0089583333101333,2025-06-29 12:49:54.360049,0.5022692991508819,-0.5937184805719935,0.4762815194280066,0.6177307008491182,0.6437184805719935,0.025987779722875304,1,0.9507461060831036,0.18030066559374197,0.0509457269431569,-0.3520550533413689,0.13145399804687494,0.0,0.0,ATM,6,6,15.194690265486726,0.030000000000000027,1.085,0.03500000000000014,0.10657106654437194,0
QQQ250702C00554000,2025-06-27 20:14:12+00:00,554.0,0.81,0.82,0.85,-0.14999998,-15.624998,745.0,119,0.1257411645507812,False,REGULAR,USD,QQQ,2025-07-02,2,548.0900268554688,1.0107828510918877,2025-06-29 12:49:54.360049,0.3362918426222876,-0.5010038883462928,0.3189961116537071,0.47370815737771244,0.49100388834629294,0.017295730968580503,0,0.03258858289573749,0.13174348236606442,0.04185078191706354,-0.28214022008646106,0.1293299958496093,0.0,0.0,ATM,6,6,6.208333333333333,0.030000000000000027,0.835,-0.02499999999999991,0.08662075908456368,0
QQQ250702C00555000,2025-06-27 20:14:40+00:00,555.0,0.61,0.62,0.64,-0.050000012,-7.5757594,5022.0,1823,0.1241542663574218,False,REGULAR,USD,QQQ,2025-07-02,2,548.0900268554688,1.012607368873642,2025-06-29 12:49:54.360049,0.21481801134712697,-0.41719378291683007,0.2028062170831699,0.395181988652873,0.40719378291683006,0.01201179426395707,0,0.016048429476137775,0.09195215538790391,0.032756096444147315,-0.21465089266795334,0.1274745456542968,0.0,0.0,ATM,6,6,2.7532894736842106,0.020000000000000018,0.63,-0.020000000000000018,0.06694138901444541,0
QQQ250702C00556000,2025-06-27 20:14:40+00:00,556.0,0.46,0.46,0.48,-0.11,-19.298244,591.0,285,0.1232997827148437,False,REGULAR,USD,QQQ,2025-07-02,2,548.0900268554688,1.0144318866553963,2025-06-29 12:49:54.360049,0.13471889760875655,-0.33392346231340453,0.12607653768659546,0.32528110239124347,0.33392346231340453,0.008642359922161086,0,0.04793733168408715,0.0623505080119249,0.024538878015594373,-0.15818121216003384,0.12586323364257807,0.0,0.0,ATM,6,6,2.0664335664335662,0.019999999999999962,0.47,-0.009999999999999953,0.04980327971564384,0
QQQ250702C00557000,2025-06-27 20:11:07+00:00,557.0,0.35,0.34,0.35,-0.09,-20.454546,322.0,171,0.1222011608886718,False,REGULAR,USD,QQQ,2025-07-02,2,548.0900268554688,1.0162564044371507,2025-06-29 12:49:54.360049,0.08034673149765936,-0.2658542550438557,0.07414574495614433,0.2696532685023406,0.27585425504385563,0.006200986541515033,1,0.7276648738578461,0.04024299794470645,0.017466918880057167,-0.11034708873601395,0.12449605981445304,0.0,0.0,ATM,6,6,1.872093023255814,0.009999999999999953,0.345,0.0050000000000000044,0.035134401947360484,0
QQQ250702C00558000,2025-06-27 20:14:09+00:00,558.0,0.25,0.24,0.26,-0.09,-26.470589,207.0,328,0.1223232299804687,False,REGULAR,USD,QQQ,2025-07-02,2,548.0900268554688,1.018080922218905,2025-06-29 12:49:54.360049,0.04871672172700059,-0.19515598809400558,0.044844011905994394,0.2012832782729994,0.2051559880940056,0.0038727098210061955,1,0.9356148865926001,0.0259346563880251,0.012144192917734845,-0.07671742541237017,0.12354392089843744,0.0,0.0,ATM,6,6,0.6291793313069909,0.020000000000000018,0.25,0.0,0.024452233164430317,0
QQQ250702C00559000,2025-06-27 20:14:23+00:00,559.0,0.18,0.18,0.19,-0.059999987,-24.999996,124.0,463,0.1223232299804687,False,REGULAR,USD,QQQ,2025-07-02,2,548.0900268554688,1.0199054400006593,2025-06-29 12:49:54.360049,0.028483290524761173,-0.15411151494875733,0.025888485051242676,0.15151670947523882,0.15411151494875733,0.0025948054735184974,0,0.9137517085581515,0.016098389439164237,0.00810796037147958,-0.05112890068491907,0.12286033398437494,0.0,0.0,ATM,6,6,0.2672413793103448,0.010000000000000009,0.185,-0.0050000000000000044,0.016325311927633566,0
QQQ250702C00560000,2025-06-27 20:14:27+00:00,560.0,0.13,0.13,0.14,-0.07000001,-35.000004,2122.0,1290,0.12305564453125,False,REGULAR,USD,QQQ,2025-07-02,2,548.0900268554688,1.0217299577824135,2025-06-29 12:49:54.360049,0.01691877318558266,-0.11517200761985633,0.014827992380143684,0.11308122681441735,0.11517200761985633,0.0020907808054389746,0,0.03363456228186085,0.010026086091238133,0.0053505404046256646,-0.03409168291511173,0.12264060961914058,0.0,0.0,ATM,6,6,1.6436870642912471,0.010000000000000009,0.135,-0.0050000000000000044,0.010837774686743112,0
QQQ250702C00561000,2025-06-27 20:07:24+00:00,561.0,0.1,0.09,0.11,-0.05,-33.333332,96.0,204,0.12500875,False,REGULAR,USD,QQQ,2025-07-02,2,548.0900268554688,1.023554475564168,2025-06-29 12:49:54.360049,0.010726189368062133,-0.08123694345040755,0.008763056549592448,0.08927381063193787,0.09123694345040756,0.0019631328184696855,1,0.960806615686057,0.006537873797517315,0.003617226255474164,-0.023750884748806517,0.12298240307617184,0.0,0.0,ATM,6,6,0.4682926829268293,0.020000000000000004,0.1,0.0,0.007443154219989114,0
QQQ250702C00562000,2025-06-27 20:03:05+00:00,562.0,0.06,0.07,0.08,-0.08,-57.142853,54.0,20,0.125985302734375,False,REGULAR,USD,QQQ,2025-07-02,2,548.0900268554688,1.025378993345922,2025-06-29 12:49:54.360049,0.006288667431762374,-0.06529258059547093,0.004707419404529079,0.053711332568237624,0.055292580595470917,0.001581248027233295,0,0.036646946341198174,0.0039847451882755874,0.0023098522566031864,-0.01538538663361316,0.12373923144531247,0.0,0.0,ATM,6,6,2.5714285714285716,0.009999999999999995,0.07500000000000001,-0.015000000000000013,0.004790104816650401,0
QQQ250702C00563000,2025-06-27 20:03:14+00:00,563.0,0.06,0.05,0.06,-0.05,-45.454548,327.0,98,0.12696185546875,False,REGULAR,USD,QQQ,2025-07-02,2,548.0900268554688,1.0272035111276765,2025-06-29 12:49:54.360049,0.003630519734331372,-0.047430559719679764,0.0025694402803202354,0.056369480265668626,0.05743055971967976,0.0010610794540111368,1,0.9675699080953647,0.0023859492830053254,0.0014443529630571576,-0.009759420157844305,0.12466695654296873,0.0,0.0,ATM,6,6,3.303030303030303,0.009999999999999995,0.055,0.0049999999999999975,0.003018474615684297,0
QQQ250702C00564000,2025-06-27 19:48:59+00:00,564.0,0.05,0.04,0.05,-0.03,-37.5,27.0,0,0.1308680664062499,False,REGULAR,USD,QQQ,2025-07-02,2,548.0900268554688,1.029028028909431,2025-06-29 12:49:54.360049,0.002670451012039332,-0.038280102669957856,0.0017198973300421424,0.04732954898796067,0.04828010266995786,0.0009505536819971897,1,0.903179972509184,0.0017461508375169448,0.0010555188990946287,-0.0075697326166929545,0.12637592382812496,0.0,0.0,ATM,6,6,27.0,0.010000000000000002,0.045,0.0050000000000000044,0.0022737390991352745,0
QQQ250702C00565000,2025-06-27 17:44:27+00:00,565.0,0.06,0.03,0.04,-0.02,-25.0,163.0,284,0.132821171875,False,REGULAR,USD,QQQ,2025-07-02,2,548.0900268554688,1.030852546691185,2025-06-29 12:49:54.360049,0.0016722369908567236,-0.028979919451573077,0.0010200805484269222,0.058327763009143274,0.058979919451573076,0.0006521564424298014,1,0.9917627473348258,0.0011148434695315782,0.0006903441507770897,-0.00509512972463462,0.12832902929687498,0.0,0.0,ATM,6,6,0.5719298245614035,0.010000000000000002,0.035,0.024999999999999994,0.001509294146209793,0
QQQ250702C00567000,2025-06-27 19:49:38+00:00,567.0,0.03,0.02,0.03,-0.02,-40.0,38.0,2,0.14063359375,False,REGULAR,USD,QQQ,2025-07-02,2,548.0900268554688,1.0345015822546937,2025-06-29 12:49:54.360049,0.0009541020577914505,-0.019479835993113242,0.0005201640068867587,0.02904589794220855,0.02947983599311324,0.00043393805090469184,1,0.9705891081916989,0.0006259006026889315,0.00038335641147764266,-0.003166914347015976,0.131453998046875,0.0,0.0,ATM,6,6,12.666666666666666,0.009999999999999998,0.025,0.0049999999999999975,0.0008874272010663692,0
QQQ250702C00568000,2025-06-27 20:04:18+00:00,568.0,0.02,0.02,0.03,-0.03,-60.000004,122.0,0,0.147469462890625,False,REGULAR,USD,QQQ,2025-07-02,2,548.0900268554688,1.036326100036448,2025-06-29 12:49:54.360049,0.0009587975055887488,-0.019483001279720785,0.0005169987202792173,0.01904120249441125,0.019483001279720785,0.00044179878530953146,0,0.00914399299703768,0.0006015217896413413,0.00035241504564564034,-0.003198870833629233,0.135750830078125,0.0,0.0,ATM,6,6,122.0,0.009999999999999998,0.025,-0.005000000000000001,0.000855455593680919,0
QQQ250702C00570000,2025-06-27 16:14:06+00:00,570.0,0.03,0.01,0.02,0.0,0.0,7.0,58,0.1523522265625,False,REGULAR,USD,QQQ,2025-07-02,2,548.0900268554688,1.0399751355999567,2025-06-29 12:49:54.360049,0.00044682651786237537,-0.009778056562865354,0.0002219434371346471,0.029553173482137624,0.029778056562865352,0.00022488308072772826,1,0.9986545668818181,0.0002847956112309759,0.0001704868293144838,-0.0016497525667595317,0.14082890429687497,0.0,0.0,ATM,6,6,0.11864406779661017,0.01,0.015,0.015,0.0004275437577765914,0
QQQ250702C00575000,2025-06-27 19:49:23+00:00,575.0,0.01,0.01,0.02,-0.02,-66.66667,6.0,4,0.18164880859375,False,REGULAR,USD,QQQ,2025-07-02,2,548.0900268554688,1.0490977245087283,2025-06-29 12:49:54.360049,0.00036984921666885495,-0.009805884768115078,0.00019411523188492185,0.009630150783331145,0.009805884768115078,0.0001757339847839331,0,0.0010753360568259373,0.00020196659178947643,0.00010377573655152236,-0.0014242133365900502,0.150985052734375,0.0,0.0,ATM,6,6,1.2,0.01,0.015,-0.004999999999999999,0.0003102910926464059,0
QQQ250702C00580000,2025-06-27 18:10:27+00:00,580.0,0.01,0.0,0.01,-0.01,-50.0,200.0,3,0.195320546875,False,REGULAR,USD,QQQ,2025-07-02,2,548.0900268554688,1.0582203134174997,2025-06-29 12:49:54.360049,9.229757077518219e-05,0.0,0.0,0.009907702429224818,0.01,9.229757077518219e-05,1,0.9997135459052595,5.0590416115078404e-05,2.629422825894106e-05,-0.00041658339077292443,0.163484927734375,0.0,0.0,ITM,6,6,50.0,0.01,0.005,0.005,8.453747865671345e-05,0
QQQ250702C00585000,2025-06-27 14:26:03+00:00,585.0,0.01,0.0,0.01,-0.02,-66.66667,3.0,5,0.2226640234374999,False,REGULAR,USD,QQQ,2025-07-02,2,548.0900268554688,1.0673429023262713,2025-06-29 12:49:54.360049,8.782170012446022e-05,0.0,0.0,0.00991217829987554,0.01,8.782170012446022e-05,1,0.9997135459052595,4.2613261878282446e-05,1.96144353467384e-05,-0.00040336876694100157,0.17989101367187496,0.0,0.0,ITM,6,6,0.5,0.01,0.005,0.005,7.188972017116581e-05,0
QQQ250703C00415000,2025-06-20 19:47:43+00:00,415.0,111.31,131.14,135.04,0.0,0.0,1.0,2,0.500005,True,REGULAR,USD,QQQ,2025-07-03,3,548.0900268554688,0.7571748794280386,2025-06-29 12:49:54.505794,133.26053976271248,1.6490437680234038,132.7890437680234,-21.95053976271248,-21.479043768023388,0.47149599468909287,0,0.0001772907119503546,0.9999999996543082,8.797190738749576e-11,-0.056825966160561465,0.25039812109375,0.0,0.0,OTM,6,6,0.3333333333333333,3.9000000000000057,133.08999999999997,-21.779999999999973,1.0860518135889723e-09,0
QQQ250703C00420000,2025-06-23 16:41:55+00:00,420.0,107.06,126.15,130.06,0.0,0.0,1.0,0,0.7500025,True,REGULAR,USD,QQQ,2025-07-03,3,548.0900268554688,0.7662974683368101,2025-06-29 12:49:54.505794,128.2629240559,1.395474074008206,127.54547407400821,-21.202924055899985,-20.48547407400821,0.7174499818917752,0,0.00017464545436495434,0.999961702725668,4.29813390040563e-06,-0.058502602377740805,0.36992817578125,0.0,0.0,OTM,6,6,1.0,3.9099999999999966,128.10500000000002,-21.045000000000016,7.959299400022481e-05,0
QQQ250703C00425000,2025-06-20 18:11:34+00:00,425.0,102.11,121.15,125.08,0.0,0.0,3.0,6,0.7539087109375,True,REGULAR,USD,QQQ,2025-07-03,3,548.0900268554688,0.7754200572455817,2025-06-29 12:49:54.505794,123.26541083221929,1.3937756356701811,122.54377563567019,-21.15541083221929,-20.433775635670187,0.7216351965491015,0,0.00017464545436495434,0.9999155607518104,9.013400910086084e-06,-0.060296990497626796,0.48438015624999997,0.0,0.0,OTM,6,6,0.42857142857142855,3.9299999999999926,123.11500000000001,-21.00500000000001,0.0001677797873093857,0
QQQ250703C00430000,2025-06-26 18:06:10+00:00,430.0,116.15,116.16,120.08,0.0,0.0,1.0,8,0.73437765625,True,REGULAR,USD,QQQ,2025-07-03,3,548.0900268554688,0.7845426461543533,2025-06-29 12:49:54.505794,118.26772902546327,1.405471963613678,117.56547196361367,-2.1177290254632624,-1.415471963613669,0.7022570618495934,0,0.016150424663469935,0.9998852439374045,1.2344497761965102e-05,-0.06161078943033273,0.592191578125,0.0,0.0,OTM,6,6,0.1111111111111111,3.9200000000000017,118.12,-1.9699999999999989,0.00022383349173906553,0
QQQ250703C00435000,2025-06-20 19:48:29+00:00,435.0,91.33,111.16,115.09,0.0,0.0,1.0,2,0.7148466015625,True,REGULAR,USD,QQQ,2025-07-03,3,548.0900268554688,0.7936652350631248,2025-06-29 12:49:54.505794,113.27014182802725,1.427127548229663,112.58712754822966,-21.94014182802725,-21.25712754822966,0.6830142797975896,0,0.00017464545436495434,0.999843668421068,1.694510263857815e-05,-0.06311591774455454,0.69062809375,0.0,0.0,OTM,6,6,0.3333333333333333,3.930000000000007,113.125,-21.795,0.000299081293424413,0
QQQ250703C00440000,2025-06-24 16:59:26+00:00,440.0,100.18,106.17,110.09,0.0,0.0,1.0,1,0.6914093359375001,True,REGULAR,USD,QQQ,2025-07-03,3,548.0900268554688,0.8027878239718964,2025-06-29 12:49:54.505794,108.27253397416183,1.4425495133598503,107.61254951335985,-8.092533974161825,-7.432549513359845,0.6599844608019794,0,0.00017464545436495434,0.999801655523567,2.188793859781276e-05,-0.06453990381613617,0.7289089609375001,0.0,0.0,OTM,6,6,0.5,3.9200000000000017,108.13,-7.949999999999989,0.00037365628421241526,0
QQQ250703C00445000,2025-06-26 15:04:42+00:00,445.0,99.46,101.17,105.1,0.0,0.0,2.0,4,0.6660189648437502,True,REGULAR,USD,QQQ,2025-07-03,3,548.0900268554688,0.8119104128806679,2025-06-29 12:49:54.505794,103.27492699477972,1.4698106059353933,102.6398106059354,-3.814926994779725,-3.179810605935401,0.6351163888443239,0,0.0001772907119503546,0.9997565252595517,2.7514621484859995e-05,-0.06593776876505754,0.7121122539062501,0.0,0.0,OTM,6,6,0.4,3.9299999999999926,103.13499999999999,-3.674999999999997,0.00045246222627115854,0
QQQ250703C00450000,2025-06-25 15:36:14+00:00,450.0,91.5,96.17,100.09,0.0,0.0,5.0,39,0.6250037500000001,True,REGULAR,USD,QQQ,2025-07-03,3,548.0900268554688,0.8210330017894395,2025-06-29 12:49:54.505794,98.27664981362079,1.5121293391292028,97.6821293391292,-6.776649813620793,-6.1821293391292045,0.5945204744915884,0,0.00019952142234088845,0.9997806932650314,2.6595339156820946e-05,-0.06587695865256595,0.6863312617187501,0.0,0.0,OTM,6,6,0.125,3.9200000000000017,98.13,-6.6299999999999955,0.00041041227886737226,0
QQQ250703C00455000,2025-06-26 19:31:02+00:00,455.0,91.8,91.18,95.11,0.0,0.0,1.0,6,0.6132851171875001,True,REGULAR,USD,QQQ,2025-07-03,3,548.0900268554688,0.830155590698211,2025-06-29 12:49:54.505794,93.27983395426372,1.5161751265203947,92.6961751265204,-1.479833954263725,-0.8961751265204043,0.5836588277433208,1,0.9944122661945872,0.999641581883534,4.2826682210216615e-05,-0.06890443153609528,0.6621127539062501,0.0,0.0,OTM,6,6,0.14285714285714285,3.9299999999999926,93.14500000000001,-1.345000000000013,0.0006484986047341275,0
QQQ250703C00460000,2025-06-20 17:28:31+00:00,460.0,66.6,86.18,90.11,0.0,0.0,48.0,52,0.5820354296875,True,REGULAR,USD,QQQ,2025-07-03,3,548.0900268554688,0.8392781796069826,2025-06-29 12:49:54.505794,88.28205502626446,1.548919569436066,87.72891956943607,-21.682055026264464,-21.12891956943608,0.5531354568283859,0,0.00019952142234088845,0.9996026972158746,4.9655214607071404e-05,-0.06987977159874374,0.6355505195312501,0.0,0.0,OTM,6,6,0.9056603773584906,3.9299999999999926,88.14500000000001,-21.545000000000016,0.000713586252532096,0
QQQ250703C00465000,2025-06-23 19:21:54+00:00,465.0,65.94,81.19,85.12,0.0,0.0,1.0,58,0.56055126953125,True,REGULAR,USD,QQQ,2025-07-03,3,548.0900268554688,0.8484007685157541,2025-06-29 12:49:54.505794,83.28512838022016,1.562321930217692,82.75232193021769,-17.34512838022016,-16.812321930217692,0.5328064500024681,0,0.00019952142234088845,0.9994594494171722,6.857896997791616e-05,-0.07249884711317238,0.6093789062500001,0.0,0.0,OTM,6,6,0.01694915254237288,3.930000000000007,83.155,-17.215000000000003,0.0009491579463092626,0
QQQ250703C00470000,2025-06-26 18:34:43+00:00,470.0,76.9,76.19,80.12,0.0,0.0,110.0,154,0.5273484765625001,True,REGULAR,USD,QQQ,2025-07-03,3,548.0900268554688,0.8575233574245257,2025-06-29 12:49:54.505794,78.28725329364988,1.5967208200790992,77.7867208200791,-1.3872532936498772,-0.8867208200790913,0.5005324735707859,1,0.9985381480429273,0.9994178884024291,7.806407048126208e-05,-0.07324645989375234,0.58164480859375,0.0,0.0,OTM,6,6,0.7096774193548387,3.930000000000007,78.155,-1.2549999999999955,0.0010164384333999374,0
QQQ250703C00475000,2025-06-27 16:27:45+00:00,475.0,74.44,71.2,75.13,10.040001,15.590063,4.0,133,0.5029346582031251,True,REGULAR,USD,QQQ,2025-07-03,3,548.0900268554688,0.8666459463332972,2025-06-29 12:49:54.505794,73.29041035133281,1.612744973875465,72.81274497387547,1.1495896486671882,1.62725502612453,0.47766537745734183,1,0.9999693201513351,0.9992398859438556,0.00010470031587721136,-0.0758821052832106,0.5572309902343751,0.0,0.0,OTM,6,6,0.029850746268656716,3.9299999999999926,73.16499999999999,1.2750000000000057,0.0013001448684764596,0
QQQ250703C00476000,2025-06-27 14:17:10+00:00,476.0,73.69,70.2,74.13,0.0,0.0,1.0,0,0.8776867700195312,True,REGULAR,USD,QQQ,2025-07-03,3,548.0900268554688,0.8684704641150516,2025-06-29 12:49:54.505794,72.89907245559618,1.80703462566494,72.00703462566494,0.7909275444038144,1.6829653743350548,0.8920378299312404,1,0.9999688116168705,0.9654090144712247,0.0017547450829319467,-0.6187527230439396,0.6101113208007812,0.0,0.0,OTM,6,6,1.0,3.9299999999999926,72.16499999999999,1.5250000000000057,0.03802644933309928,0
QQQ250703C00479000,2025-06-27 16:20:45+00:00,479.0,70.73,67.2,71.14,2.77,4.075927,4.0,0,0.848634326171875,True,REGULAR,USD,QQQ,2025-07-03,3,548.0900268554688,0.8739440174603145,2025-06-29 12:49:54.505794,69.91354375387692,1.850191302933169,69.05019130293317,0.8164562461230815,1.6798086970668322,0.8633524509437507,1,0.9999640584405541,0.9636812184245409,0.0018888200022127185,-0.622550755938337,0.6634311000976563,0.0,0.0,OTM,6,6,4.0,3.9399999999999977,69.17,1.5600000000000023,0.0395770443140085,0
QQQ250703C00480000,2025-06-27 14:40:50+00:00,480.0,69.64,66.2,70.14,2.699997,4.033458,1.0,78,0.8385025915527342,True,REGULAR,USD,QQQ,2025-07-03,3,548.0900268554688,0.8757685352420688,2025-06-29 12:49:54.505794,68.91674398066266,1.8635281153098333,68.06352811530984,0.7232560193373416,1.5764718846901644,0.8532158653528228,1,0.9999637959678903,0.9631469442145324,0.0019346188197234767,-0.6226117000778804,0.7190213645019531,0.0,0.0,OTM,6,6,0.012658227848101266,3.9399999999999977,68.17,1.4699999999999989,0.04005271929995234,0
QQQ250703C00485000,2025-06-27 18:45:49+00:00,485.0,61.03,61.2,65.14,0.75,1.2441938,2.0,87,0.7883321948242188,True,REGULAR,USD,QQQ,2025-07-03,3,548.0900268554688,0.8848911241508404,2025-06-29 12:49:54.505794,63.935586798623774,1.9324752781515784,63.13247527815158,-2.905586798623773,-2.10247527815158,0.8031115204721928,0,0.029120622626711622,0.9601614962404057,0.0021926623616665753,-0.6240839295629943,0.7712181081542968,0.0,0.0,OTM,6,6,0.022727272727272728,3.9399999999999977,63.17,-2.1400000000000006,0.04267889970463412,0
QQQ250703C00490000,2025-06-27 17:46:02+00:00,490.0,57.99,56.21,60.15,3.710003,6.834935,41.0,237,0.7390162817382812,True,REGULAR,USD,QQQ,2025-07-03,3,548.0900268554688,0.8940137130596119,2025-06-29 12:49:54.505794,58.96024563198819,1.9965280560235072,58.20652805602351,-0.9702456319881847,-0.2165280560235061,0.7537175759646786,1,0.999392392510871,0.9565341953092934,0.0025100623028160842,-0.6278631727527942,0.818434432861328,0.0,0.0,OTM,6,6,0.1722689075630252,3.9399999999999977,58.18,-0.18999999999999773,0.04580055045398751,0
QQQ250703C00491000,2025-06-20 19:37:49+00:00,491.0,36.23,55.21,59.17,0.0,0.0,6.0,130,0.7307155834960937,True,REGULAR,USD,QQQ,2025-07-03,3,548.0900268554688,0.8958382308413662,2025-06-29 12:49:54.505794,57.97281483602933,2.0172609470583964,57.2272609470584,-21.742814836029332,-20.9972609470584,0.7455538889709317,0,0.00022798736476063895,0.9554085930145272,0.0025914550338874843,-0.6331964880088827,0.7890401955566405,0.0,0.0,OTM,6,6,0.04580152671755725,3.960000000000001,57.19,-20.96,0.04675458822076646,0
QQQ250703C00492000,2025-06-20 18:59:31+00:00,492.0,35.07,54.21,58.16,0.0,0.0,9.0,46,0.719729365234375,True,REGULAR,USD,QQQ,2025-07-03,3,548.0900268554688,0.8976627486231205,2025-06-29 12:49:54.505794,56.97302633387079,2.028790767475023,56.238790767475024,-21.90302633387079,-21.168790767475024,0.7342355663957676,0,0.0001965524361406136,0.9548183677437069,0.002659012207068414,-0.6306969133712735,0.7632592033691405,0.0,0.0,OTM,6,6,0.19148936170212766,3.9499999999999957,56.185,-21.115000000000002,0.04725216840335418,0
QQQ250703C00493000,2025-06-20 15:02:00+00:00,493.0,33.96,53.21,57.16,0.0,0.0,4.0,26,0.7095976306152343,True,REGULAR,USD,QQQ,2025-07-03,3,548.0900268554688,0.8994872664048748,2025-06-29 12:49:54.505794,55.977333753471385,2.043470843652422,55.25347084365242,-22.017333753471384,-21.293470843652422,0.723862909818962,0,0.0001965524361406136,0.9540227949058924,0.002735094535208405,-0.6306925071319628,0.7374782111816407,0.0,0.0,OTM,6,6,0.14814814814814814,3.9499999999999957,55.185,-21.225,0.04791998661036811,0
QQQ250703C00494000,2025-06-27 19:28:26+00:00,494.0,52.69,52.22,56.17,19.89,60.640247,1.0,105,0.7004424487304688,True,REGULAR,USD,QQQ,2025-07-03,3,548.0900268554688,0.901311784186629,2025-06-29 12:49:54.505794,54.98651146368411,2.0520112624753253,54.272011262475324,-2.296511463684112,-1.5820112624753264,0.7145002012087858,1,0.9983954897381608,0.9529796807492567,0.0028211881862189505,-0.6336022726641466,0.7199002619628906,0.0,0.0,OTM,6,6,0.009433962264150943,3.950000000000003,54.195,-1.5050000000000026,0.04879066121589288,0
QQQ250703C00495000,2025-06-26 14:07:06+00:00,495.0,49.2,51.22,55.17,0.0,0.0,2.0,137,0.6903107141113283,True,REGULAR,USD,QQQ,2025-07-03,3,548.0900268554688,0.9031363019683836,2025-06-29 12:49:54.505794,53.99112512571037,2.0670954517804105,53.28709545178041,-4.791125125710366,-4.087095451780407,0.7040296739299592,0,0.00022798736476063895,0.9521229663446942,0.002904308013034787,-0.6336151961502348,0.7101591484375,0.0,0.0,OTM,6,6,0.014492753623188406,3.950000000000003,53.195,-3.9949999999999974,0.04950162736835112,0
QQQ250703C00496000,2025-06-27 14:15:34+00:00,496.0,53.96,50.22,54.17,4.3899994,8.856162,1.0,54,0.6801789794921876,True,REGULAR,USD,QQQ,2025-07-03,3,548.0900268554688,0.9049608197501378,2025-06-29 12:49:54.505794,52.99587166597263,2.082296449131121,52.30229644913112,0.9641283340273716,1.6577035508688809,0.6935752168415092,1,0.9999587324648017,0.9512357896140566,0.0029911796639553474,-0.6336285499879191,0.7000518276367188,0.0,0.0,OTM,6,6,0.01818181818181818,3.950000000000003,52.195,1.7650000000000006,0.05023401550331728,0
QQQ250703C00497000,2025-06-23 19:20:04+00:00,497.0,35.3,49.22,53.17,0.0,0.0,6.0,84,0.670047244873047,True,REGULAR,USD,QQQ,2025-07-03,3,548.0900268554688,0.906785337531892,2025-06-29 12:49:54.505794,52.00076021482073,2.097666311316047,51.317666311316046,-16.700760214820733,-16.01766631131605,0.6830939035046839,0,0.00021284801978397846,0.95031638335529,0.003082039999007352,-0.6336436650631343,0.6901154035644532,0.0,0.0,OTM,6,6,0.07058823529411765,3.950000000000003,51.195,-15.895000000000003,0.05098892855004061,0
QQQ250703C00497500,2025-06-24 17:01:49+00:00,497.5,43.03,48.72,52.68,0.0,0.0,2.0,25,0.6657748266601564,True,REGULAR,USD,QQQ,2025-07-03,3,548.0900268554688,0.9076975964227691,2025-06-29 12:49:54.505794,51.50734347024871,2.108619381304777,50.828619381304776,-8.477343470248712,-7.798619381304775,0.6787240889439374,0,0.00017729783677623368,0.9496486436306849,0.0031350149626657793,-0.6360856132314872,0.6813508427734376,0.0,0.0,OTM,6,6,0.07692307692307693,3.960000000000001,50.7,-7.670000000000002,0.051534631826045715,0
QQQ250703C00498000,2025-06-27 19:17:18+00:00,498.0,48.66,48.22,52.18,16.490002,51.258945,17.0,197,0.6607699938964844,True,REGULAR,USD,QQQ,2025-07-03,3,548.0900268554688,0.9086098553136464,2025-06-29 12:49:54.505794,51.01023145858801,2.116674689474884,50.33667468947488,-2.350231458588013,-1.6766746894748863,0.6735567691131266,1,0.9878101825338341,0.9491497803258507,0.0031836637715905447,-0.6362920154476402,0.6734163518066408,0.0,0.0,OTM,6,6,0.08585858585858586,3.960000000000001,50.2,-1.5400000000000063,0.05194092721060065,0
QQQ250703C00499000,2025-06-18 19:46:07+00:00,499.0,32.8,47.22,51.18,0.0,0.0,2.0,56,0.6506382592773439,True,REGULAR,USD,QQQ,2025-07-03,3,548.0900268554688,0.9104343730954008,2025-06-29 12:49:54.505794,50.0155030745816,2.1324521937004306,49.35245219370043,-17.215503074581605,-16.552452193700432,0.6630508808811726,0,0.00019952944037955855,0.948154561200333,0.0032834756827995683,-0.6363340350077188,0.6654818608398438,0.0,0.0,OTM,6,6,0.03508771929824561,3.960000000000001,49.2,-16.400000000000006,0.05274795065130927,0
QQQ250703C00500000,2025-06-27 19:50:11+00:00,500.0,47.91,46.23,50.18,0.49000168,1.0333229,24.0,153,0.6403844555664062,True,REGULAR,USD,QQQ,2025-07-03,3,548.0900268554688,0.912258890877155,2025-06-29 12:49:54.505794,49.02029687589976,2.137830303091363,48.36783030309136,-1.1102968758997633,-0.4578303030913631,0.6524665728084003,1,0.9995006679700239,0.9471527703435438,0.003387131727296897,-0.636001020696179,0.6575229560546876,0.0,0.0,OTM,6,6,0.15584415584415584,3.950000000000003,48.205,-0.2950000000000017,0.05355562080795541,0
QQQ250703C00502000,2025-06-26 18:31:33+00:00,502.0,44.86,44.23,48.19,0.0,0.0,2.0,25,0.6208534008789064,True,REGULAR,USD,QQQ,2025-07-03,3,548.0900268554688,0.9159079264406635,2025-06-29 12:49:54.505794,47.03580662802989,2.1734671329986597,46.40346713299866,-2.175806628029889,-1.5434671329986571,0.632339495031232,1,0.9978153527112459,0.9447584250819371,0.0036183990366402776,-0.6384419199700313,0.6476841872558594,0.0,0.0,OTM,6,6,0.07692307692307693,3.960000000000001,46.209999999999994,-1.3499999999999943,0.055467387740317745,0
QQQ250703C00502500,2025-06-10 14:18:07+00:00,502.5,32.65,43.73,47.66,0.0,0.0,2.0,6,0.6132851171875001,True,REGULAR,USD,QQQ,2025-07-03,3,548.0900268554688,0.9168201853315407,2025-06-29 12:49:54.505794,46.5249085157692,2.170461694723258,45.900461694723255,-13.8749085157692,-13.250461694723256,0.6244468210459431,0,0.00017729783677623368,0.9448811649660404,0.0036566215905796404,-0.6305292763217901,0.6371862453613282,0.0,0.0,OTM,6,6,0.2857142857142857,3.9299999999999997,45.69499999999999,-13.044999999999995,0.05537001413959377,0
QQQ250703C00503000,2025-06-26 19:54:02+00:00,503.0,44.24,43.23,47.21,0.0,0.0,15.0,250,0.6123085644531252,True,REGULAR,USD,QQQ,2025-07-03,3,548.0900268554688,0.9177324442224178,2025-06-29 12:49:54.505794,46.05089482217966,2.1974429977376815,45.42744299773768,-1.8108948221796553,-1.1874429977376764,0.6234518244419789,1,0.9992191285838257,0.943137390307129,0.0037535449046921785,-0.6436160706659252,0.6274939594726564,0.0,0.0,OTM,6,6,0.05976095617529881,3.980000000000004,45.22,-0.9799999999999969,0.05674716103547846,0
QQQ250703C00504000,2025-06-27 16:46:45+00:00,504.0,45.31,42.24,46.2,19.660002,76.64718,3.0,85,0.6012002770996094,True,REGULAR,USD,QQQ,2025-07-03,3,548.0900268554688,0.9195569620041724,2025-06-29 12:49:54.505794,45.05176791529152,2.1999161154509963,44.439916115451,0.2582320847084816,0.870083884549004,0.6118517998405224,1,0.9999216894627705,0.942191227128601,0.003872863179326215,-0.6406074233270751,0.6176063630371095,0.0,0.0,OTM,6,6,0.03488372093023256,3.960000000000001,44.22,1.0900000000000034,0.057488836095709005,0
QQQ250703C00505000,2025-06-27 18:30:07+00:00,505.0,42.16,41.24,45.2,0.18999863,0.45270106,7.0,350,0.590946473388672,True,REGULAR,USD,QQQ,2025-07-03,3,548.0900268554688,0.9213814797859264,2025-06-29 12:49:54.505794,44.0577120308713,2.2165629681541574,43.45656296815416,-1.897712030871304,-1.2965629681541628,0.6011490627171412,1,0.9991224359165446,0.9409505864700481,0.00400631637638525,-0.6403468318885349,0.6077187666015627,0.0,0.0,OTM,6,6,0.019943019943019943,3.960000000000001,43.22,-1.0600000000000023,0.0584555265786296,0
QQQ250703C00506000,2025-06-27 14:15:50+00:00,506.0,43.95,40.24,44.21,6.66,17.860014,1.0,162,0.5815471533203125,True,REGULAR,USD,QQQ,2025-07-03,3,548.0900268554688,0.9232059975676808,2025-06-29 12:49:54.505794,43.06899324522533,2.237726651182058,42.47772665118206,0.881006754774674,1.472273348817943,0.5912665940432689,1,0.9999550612077324,0.9393910649589641,0.004155055785803631,-0.6428964059164878,0.5998575170898438,0.0,0.0,OTM,6,6,0.006134969325153374,3.969999999999999,42.225,1.7250000000000014,0.059661474532691335,0
QQQ250703C00507000,2025-06-27 19:17:53+00:00,507.0,39.37,39.24,43.21,0.55999756,1.4429207,2.0,167,0.5711712805175782,True,REGULAR,USD,QQQ,2025-07-03,3,548.0900268554688,0.9250305153494351,2025-06-29 12:49:54.505794,42.07480036231726,2.2543379226750773,41.49433792267508,-2.7048003623172647,-2.124337922675082,0.5804624396421829,1,0.6025787095412101,0.9380681282824131,0.00430251625016413,-0.6422792259678701,0.5914347497558594,0.0,0.0,OTM,6,6,0.011904761904761904,3.969999999999999,41.225,-1.855000000000004,0.06067657679037646,0
QQQ250703C00507500,2025-06-27 19:25:15+00:00,507.5,39.8,38.75,42.71,13.34,50.415726,1.0,33,0.5660443786621094,True,REGULAR,USD,QQQ,2025-07-03,3,548.0900268554688,0.9259427742403122,2025-06-29 12:49:54.505794,41.57817562672824,2.253038032645719,41.00303803264572,-1.7781756267282418,-1.203038032645722,0.5751375940825199,1,0.9997644865222228,0.9373643818284606,0.004379914843336495,-0.6421765751036714,0.5821819125976563,0.0,0.0,OTM,6,6,0.029411764705882353,3.960000000000001,40.730000000000004,-0.9300000000000068,0.061213658755117965,0
QQQ250703C00508000,2025-06-27 17:29:08+00:00,508.0,41.49,38.25,42.21,6.75,19.43005,10.0,209,0.5607954077148438,True,REGULAR,USD,QQQ,2025-07-03,3,548.0900268554688,0.9268550331311894,2025-06-29 12:49:54.505794,41.080872634846514,2.2611986091053353,40.511198609105335,0.4091273651534877,0.9788013908946667,0.569674025741179,1,0.9999551890873384,0.936684215109013,0.004458262084878744,-0.6416724295569851,0.5741009387207032,0.0,0.0,OTM,6,6,0.047619047619047616,3.960000000000001,40.230000000000004,1.259999999999998,0.06173084667511433,0
QQQ250703C00509000,2025-06-27 16:52:29+00:00,509.0,40.37,37.25,41.22,4.2299995,11.704481,4.0,146,0.5512740185546876,True,REGULAR,USD,QQQ,2025-07-03,3,548.0900268554688,0.9286795509129436,2025-06-29 12:49:54.505794,40.092609228196864,2.2827926509649146,39.532792650964915,0.2773907718031339,0.8372073490350829,0.559816577231949,1,0.9999368610563398,0.934947048580196,0.004631694433800401,-0.6439409153398065,0.5661664477539063,0.0,0.0,OTM,6,6,0.027210884353741496,3.969999999999999,39.235,1.134999999999998,0.06304339814297708,0
QQQ250703C00510000,2025-06-27 19:18:28+00:00,510.0,36.79,36.54,40.22,1.3600006,3.8385565,22.0,786,0.5408981457519533,True,REGULAR,USD,QQQ,2025-07-03,3,548.0900268554688,0.930504068694698,2025-06-29 12:49:54.505794,39.09937586863151,2.010501941989112,38.55050194198911,-2.3093758686315127,-1.7605019419891121,0.5488739266424005,1,0.993653343456676,0.9334187294616905,0.0048062754601728985,-0.6433819319234103,0.5580366462402344,0.0,0.0,OTM,6,6,0.02795425667090216,3.6799999999999997,38.379999999999995,-1.5899999999999963,0.06418836890295455,0
QQQ250703C00511000,2025-06-26 17:08:10+00:00,511.0,34.6,35.26,39.21,0.0,0.0,1.0,205,0.5296677893066408,True,REGULAR,USD,QQQ,2025-07-03,3,548.0900268554688,0.9323285864764524,2025-06-29 12:49:54.505794,38.10090541806136,2.303905547509487,37.563905547509485,-3.5009054180613575,-2.9639055475094835,0.5369998705518739,0,0.00028759652379101554,0.9321197052580464,0.00498205577973224,-0.639935577718301,0.549735947998047,0.0,0.0,OTM,6,6,0.0048543689320388345,3.950000000000003,37.235,-2.634999999999998,0.06515448827548508,0
QQQ250703C00512000,2025-06-27 19:10:00+00:00,512.0,34.1,34.27,38.23,-0.060001373,-0.17564805,403.0,169,0.5207567456054687,True,REGULAR,USD,QQQ,2025-07-03,3,548.0900268554688,0.9341531042582066,2025-06-29 12:49:54.505794,37.118028861110474,2.320802409280084,36.59080240928009,-3.018028861110473,-2.490802409280086,0.5272264518303871,0,0.003153582026141193,0.9299028061911718,0.00519439339826978,-0.6444095636115102,0.5406784213867188,0.0,0.0,OTM,6,6,2.3705882352941177,3.9599999999999937,36.25,-2.1499999999999986,0.06678853720985167,0
QQQ250703C00512500,2025-06-26 15:06:09+00:00,512.5,32.28,33.77,37.73,0.0,0.0,1.0,89,0.5155077746582031,True,REGULAR,USD,QQQ,2025-07-03,3,548.0900268554688,0.9350653631490838,2025-06-29 12:49:54.505794,36.62154196997534,2.3299331714788494,36.09993317147885,-4.341541969975339,-3.8199331714788514,0.5216087984964872,0,0.00024120218292768928,0.9290460835281784,0.0052965116810384525,-0.6439539143123567,0.5316208947753907,0.0,0.0,OTM,6,6,0.011111111111111112,3.9599999999999937,35.75,-3.469999999999999,0.06741512490041913,0
QQQ250703C00513000,2025-06-27 13:38:17+00:00,513.0,35.32,33.27,37.23,1.3899994,4.096668,1.0,63,0.5102588037109376,True,REGULAR,USD,QQQ,2025-07-03,3,548.0900268554688,0.935977622039961,2025-06-29 12:49:54.505794,36.125152171636444,2.3391343553990467,35.60913435539905,-0.8051521716364434,-0.2891343553990495,0.5160178162373938,1,0.9993832556468091,0.9281669538538253,0.005401809898237546,-0.6435025424108183,0.5234178518066407,0.0,0.0,OTM,6,6,0.015625,3.9599999999999937,35.25,0.07000000000000028,0.0680553062089929,0
QQQ250703C00514000,2025-06-27 16:50:19+00:00,514.0,35.62,32.28,36.25,2.6299973,7.972104,2.0,97,0.5012256909179689,True,REGULAR,USD,QQQ,2025-07-03,3,548.0900268554688,0.9378021398217152,2025-06-29 12:49:54.505794,35.14287390418764,2.356690418481236,34.63669041848124,0.4771260958123591,0.9833095815187605,0.5061834857064014,1,0.9999391942270636,0.9257633292949605,0.005639444270243333,-0.6477135756553525,0.5154833608398438,0.0,0.0,OTM,6,6,0.02040816326530612,3.969999999999999,34.265,1.3549999999999969,0.06979138581256639,0
QQQ250703C00515000,2025-06-27 19:17:01+00:00,515.0,31.64,31.29,33.52,-0.050001144,-0.1577821,9.0,407,0.3249579223632812,True,REGULAR,USD,QQQ,2025-07-03,3,548.0900268554688,0.9396266576034696,2025-06-29 12:49:54.505794,33.39535286355124,1.7924125426921265,33.082412542692126,-1.7553528635512379,-1.442412542692125,0.31294032085911283,1,0.995824651768654,0.9839210189298313,0.002489423753412133,-0.17747567083205365,0.4745413874511719,0.0,0.0,OTM,6,6,0.022058823529411766,2.230000000000004,32.405,-0.7650000000000006,0.01997368277601801,0
QQQ250703C00516000,2025-06-27 19:53:06+00:00,516.0,31.97,30.3,34.25,1.75,5.7908673,10.0,219,0.4801077380371094,True,REGULAR,USD,QQQ,2025-07-03,3,548.0900268554688,0.941451175385224,2025-06-29 12:49:54.505794,33.15882645673116,2.3754594771147914,32.67545947711479,-1.1888264567311637,-0.7054594771147933,0.48336697961637043,1,0.9995511274078712,0.9218058588511922,0.006124891874105958,-0.6456417465582986,0.46641158593750004,0.0,0.0,OTM,6,6,0.045454545454545456,3.9499999999999993,32.275,-0.3049999999999997,0.07260546672360847,0
QQQ250703C00517000,2025-06-27 14:23:00+00:00,517.0,33.03,29.31,33.26,4.8999996,17.419125,1.0,138,0.4702201416015625,True,REGULAR,USD,QQQ,2025-07-03,3,548.0900268554688,0.9432756931669782,2025-06-29 12:49:54.505794,32.1725401990812,2.3902077798838555,31.700207779883854,0.8574598009188037,1.329792220116147,0.47233241919734326,1,0.999957092707387,0.9193636970956005,0.00640095822656476,-0.647028804438814,0.4573540593261719,0.0,0.0,OTM,6,6,0.007194244604316547,3.9499999999999993,31.284999999999997,1.7450000000000045,0.07431532996538585,0
QQQ250703C00517500,2025-06-23 18:06:19+00:00,517.5,17.39,28.81,32.76,0.0,0.0,28.0,189,0.4648491015625,True,REGULAR,USD,QQQ,2025-07-03,3,548.0900268554688,0.9441879520578554,2025-06-29 12:49:54.505794,31.676480262741393,2.4000284309433404,31.21002843094334,-14.286480262741392,-13.820028430943339,0.4664518317980537,0,0.00026370840206369037,0.9182751353266851,0.006540762850918933,-0.6462175788837987,0.44827211889648433,0.0,0.0,OTM,6,6,0.14736842105263157,3.9499999999999993,30.784999999999997,-13.394999999999996,0.07507106699983776,0
QQQ250703C00518000,2025-06-27 17:19:46+00:00,518.0,31.62,28.32,32.28,7.950001,33.586823,41.0,77,0.460942890625,True,REGULAR,USD,QQQ,2025-07-03,3,548.0900268554688,0.9451002109487324,2025-06-29 12:49:54.505794,31.191698538926232,2.409906444193709,30.72990644419371,0.42830146107376876,0.8900935558062919,0.46179209473252314,1,0.9999373467203209,0.9164998956650867,0.006703750497355915,-0.6506674820985583,0.4402155588378906,0.0,0.0,OTM,6,6,0.5256410256410257,3.960000000000001,30.3,1.3200000000000003,0.0762951889195218,0
QQQ250703C00519000,2025-06-26 16:09:45+00:00,519.0,26.87,27.33,31.21,0.0,0.0,1.0,53,0.4454401159667969,True,REGULAR,USD,QQQ,2025-07-03,3,548.0900268554688,0.9469247287304868,2025-06-29 12:49:54.505794,30.16378240373922,2.387780132300943,29.71778013230094,-3.2937824037392183,-2.84778013230094,0.4460022714382781,0,0.00022678354369749793,0.9163319107641208,0.006947546841453488,-0.6319385764900248,0.46431199755859376,0.0,0.0,OTM,6,6,0.018518518518518517,3.8800000000000026,29.27,-2.3999999999999986,0.07641049264701696,0
QQQ250703C00520000,2025-06-27 19:55:17+00:00,520.0,28.57,26.34,30.32,1.2999992,4.7671404,43.0,518,0.4421442504882812,True,REGULAR,USD,QQQ,2025-07-03,3,548.0900268554688,0.9487492465122412,2025-06-29 12:49:54.505794,29.231468835304725,2.4509312195902275,28.790931219590227,-0.6614688353047242,-0.2209312195902271,0.4405376157144971,1,0.9995214495462594,0.9103292654968761,0.007371361945697562,-0.6573466191386405,0.4567193000488281,0.0,0.0,OTM,6,6,0.08285163776493257,3.9800000000000004,28.33,0.240000000000002,0.08047183557829753,0
QQQ250703C00521000,2025-06-27 19:53:06+00:00,521.0,27.01,25.35,29.46,3.3899994,14.3522415,13.0,151,0.4405573522949219,True,REGULAR,USD,QQQ,2025-07-03,3,548.0900268554688,0.9505737642939954,2025-06-29 12:49:54.505794,28.318792732423162,2.532567226989322,27.882567226989323,-1.3087927324231607,-0.8725672269893217,0.4362255054338391,1,0.9995261681025882,0.9030925502240615,0.007834564411713386,-0.6896754216149101,0.4507867421875,0.0,0.0,ATM,6,6,0.08552631578947369,4.109999999999999,27.405,-0.3949999999999996,0.0852215636538544,0
QQQ250703C00522000,2025-06-27 19:18:14+00:00,522.0,24.6,24.37,28.3,2.1800003,9.723462,2.0,105,0.4190731921386719,True,REGULAR,USD,QQQ,2025-07-03,3,548.0900268554688,0.9523982820757498,2025-06-29 12:49:54.505794,27.24023465099708,2.4547859498792697,26.82478594987927,-2.6402346509970798,-2.2247859498792693,0.4154487011178105,1,0.9869855552546032,0.9054962899954108,0.008085405046473326,-0.6485896512348917,0.44163156030273437,0.0,0.0,ATM,6,6,0.018867924528301886,3.9299999999999997,26.335,-1.7349999999999994,0.08366115401730663,0
QQQ250703C00522500,2025-06-27 13:49:00+00:00,522.5,26.19,23.87,27.8,15.070001,135.52159,1.0,286,0.4135800830078124,True,REGULAR,USD,QQQ,2025-07-03,3,548.0900268554688,0.9533105409666268,2025-06-29 12:49:54.505794,26.745092660105172,2.465658621039818,26.33565862103982,-0.5550926601051707,-0.14565862103981786,0.4094340390653528,1,0.9997990782922306,0.9040419694727138,0.008285444428467539,-0.64741044446372,0.43215899877929687,0.0,0.0,ATM,6,6,0.003484320557491289,3.9299999999999997,25.835,0.3550000000000004,0.08460725682488665,0
QQQ250703C00523000,2025-06-27 17:29:53+00:00,523.0,26.75,23.38,27.32,2.7000008,11.226615,11.0,222,0.4094297338867187,True,REGULAR,USD,QQQ,2025-07-03,3,548.0900268554688,0.954222799857504,2025-06-29 12:49:54.505794,26.261677360728072,2.477043160329494,25.857043160329493,0.488322639271928,0.8929568396705072,0.4046342003985792,1,0.9999510363597035,0.901823768691378,0.008511006728121705,-0.6512237425804217,0.4249569223632812,0.0,0.0,ATM,6,6,0.04932735426008968,3.9400000000000013,25.35,1.3999999999999986,0.08603843506337876,0
QQQ250703C00524000,2025-06-27 19:50:30+00:00,524.0,24.28,22.4,26.35,1.2300014,5.336232,24.0,294,0.40039662109375,True,REGULAR,USD,QQQ,2025-07-03,3,548.0900268554688,0.9560473176392584,2025-06-29 12:49:54.505794,25.290003948811545,2.4957260508287717,24.89572605082877,-1.0100039488115442,-0.6157260508287692,0.394277897982775,1,0.9995511274078712,0.8975492887136752,0.00897797792012641,-0.6562223761902911,0.41660739648437495,0.0,0.0,ATM,6,6,0.08135593220338982,3.950000000000003,24.375,-0.09499999999999886,0.0887566958579133,0
QQQ250703C00525000,2025-06-27 20:00:56+00:00,525.0,23.36,21.41,25.37,1.2000008,5.415166,198.0,648,0.3905090246582031,True,REGULAR,USD,QQQ,2025-07-03,3,548.0900268554688,0.9578718354210128,2025-06-29 12:49:54.505794,24.312475546194776,2.5191356488302326,23.929135648830233,-0.9524755461947763,-0.5691356488302333,0.383339897364543,1,0.9994849275279447,0.8934428997028703,0.009471165556135681,-0.6581057707820194,0.4065977309570313,0.0,0.0,ATM,6,6,0.3050847457627119,3.960000000000001,23.39,-0.030000000000001137,0.09132016606345628,0
QQQ250703C00526000,2025-06-27 18:30:07+00:00,526.0,21.08,20.43,24.43,2.3199997,12.366735,13.0,241,0.3829407409667968,True,REGULAR,USD,QQQ,2025-07-03,3,548.0900268554688,0.959696353202767,2025-06-29 12:49:54.505794,23.358522480761224,2.554074222237734,22.984074222237734,-2.278522480761225,-1.9040742222377354,0.37444825852348984,1,0.998930018557011,0.8876545236619078,0.010032363683645943,-0.6688529183465182,0.39937124072265623,0.0,0.0,ATM,6,6,0.05371900826446281,4.0,22.43,-1.3500000000000014,0.09485648561765127,0
QQQ250703C00527000,2025-06-27 19:46:24+00:00,527.0,20.93,19.45,23.46,0.9899998,4.9648933,90.0,340,0.3735414208984374,True,REGULAR,USD,QQQ,2025-07-03,3,548.0900268554688,0.9615208709845212,2025-06-29 12:49:54.505794,22.389962428889817,2.57601373934682,22.02601373934682,-1.459962428889817,-1.0960137393468194,0.3639486895429975,1,0.9994186426312924,0.882534404170199,0.01061606990122807,-0.6727624077983693,0.3913635083007812,0.0,0.0,ATM,6,6,0.26392961876832843,4.010000000000002,21.455,-0.5249999999999986,0.09791173029068373,0
QQQ250703C00527500,2025-06-27 19:40:04+00:00,527.5,20.21,18.97,22.99,3.6299992,21.893843,16.0,320,0.3695131408691406,True,REGULAR,USD,QQQ,2025-07-03,3,548.0900268554688,0.9624331298753984,2025-06-29 12:49:54.505794,21.913258591850592,2.5838976026262976,21.553897602626297,-1.7032585918505916,-1.3438976026262957,0.35936098922429593,1,0.9996060575112893,0.8794064945896753,0.010932799210753177,-0.6773128271900537,0.3833801896972656,0.0,0.0,ATM,6,6,0.04984423676012461,4.02,20.979999999999997,-0.769999999999996,0.09974553159464775,0
QQQ250703C00528000,2025-06-27 19:18:20+00:00,528.0,18.83,18.48,22.51,-0.15999985,-0.8425479,27.0,718,0.3649965844726562,True,REGULAR,USD,QQQ,2025-07-03,3,548.0900268554688,0.9633453887662756,2025-06-29 12:49:54.505794,21.43246744988039,2.598034792086697,21.078034792086697,-2.6024674498803932,-2.248034792086699,0.35443265779369426,1,0.9930931783564358,0.8764628249356783,0.011257127529069043,-0.6800130512492704,0.3763001823730468,0.0,0.0,ATM,6,6,0.037552155771905425,4.030000000000001,20.495,-1.6650000000000027,0.10144918820298043,0
QQQ250703C00529000,2025-06-27 19:57:49+00:00,529.0,19.89,17.52,21.58,1.289999,6.9354787,62.0,509,0.3574893353271484,True,REGULAR,USD,QQQ,2025-07-03,3,548.0900268554688,0.96516990654803,2025-06-29 12:49:54.505794,20.489193751432765,2.6227694498793035,20.142769449879303,-0.5991937514327645,-0.2527694498793025,0.34642430155346204,1,0.9995638239567864,0.8692222691916631,0.011958194905585378,-0.6913423754093008,0.36969624450683586,0.0,0.0,ATM,6,6,0.12156862745098039,4.059999999999999,19.549999999999997,0.3400000000000034,0.10555064890637145,0
QQQ250703C00530000,2025-06-27 19:55:17+00:00,530.0,18.65,16.55,20.64,1.7299995,10.224584,326.0,1683,0.3491276025390625,True,REGULAR,USD,QQQ,2025-07-03,3,548.0900268554688,0.9669944243297842,2025-06-29 12:49:54.505794,19.541046984436946,2.653529306929606,19.203529306929607,-0.8910469844369473,-0.5535293069296081,0.3375176775073392,1,0.9995095943783807,0.8619621950920482,0.012707389651264153,-0.6994305835178171,0.362933616821289,0.0,0.0,ATM,6,6,0.19358669833729217,4.09,18.595,0.054999999999999716,0.10953999650437701,0
QQQ250703C00531000,2025-06-27 19:57:41+00:00,531.0,18.05,15.6,19.71,1.289999,7.696892,43.0,680,0.3411931115722656,True,REGULAR,USD,QQQ,2025-07-03,3,548.0900268554688,0.9688189421115384,2025-06-29 12:49:54.505794,18.60198994551041,2.672743588561845,18.272743588561845,-0.5519899455104103,-0.22274358856184406,0.3292463569485662,1,0.9995657334261271,0.8537926266828568,0.013518935081470479,-0.7091807228016545,0.35646395495605465,0.0,0.0,ATM,6,6,0.0631424375917768,4.110000000000001,17.655,0.3949999999999996,0.11388720287787547,0
QQQ250703C00532000,2025-06-27 19:49:28+00:00,532.0,16.09,14.65,18.8,0.6999998,4.5484066,54.0,463,0.33399103515625,True,REGULAR,USD,QQQ,2025-07-03,3,548.0900268554688,0.9706434598932928,2025-06-29 12:49:54.505794,17.67670238735394,2.7050542280262686,17.35505422802627,-1.5867023873539416,-1.265054228026269,0.32164815932767254,1,0.9995057131048029,0.8444091414549035,0.014394325692455585,-0.7217346384509005,0.34935953381347656,0.0,0.0,ATM,6,6,0.11637931034482758,4.15,16.725,-0.6350000000000016,0.1187020787082724,0
QQQ250703C00532500,2025-06-27 14:20:28+00:00,532.5,17.81,14.19,18.35,2.6699991,17.635397,8.0,656,0.3304510314941405,True,REGULAR,USD,QQQ,2025-07-03,3,548.0900268554688,0.97155571878417,2025-06-29 12:49:54.505794,17.21714565097875,2.709479972643825,16.899479972643825,0.5928543490212483,0.9105200273561742,0.31766567833492587,1,0.9999515416798813,0.8393805472124252,0.014855477611367343,-0.7282097691918119,0.3424504232177734,0.0,0.0,ATM,6,6,0.0121765601217656,4.160000000000002,16.27,1.5399999999999991,0.12120650278534015,0
QQQ250703C00533000,2025-06-27 19:47:58+00:00,533.0,15.42,13.72,17.71,0.71000004,4.8266487,112.0,464,0.3170234313964843,True,REGULAR,USD,QQQ,2025-07-03,3,548.0900268554688,0.9724679776750472,2025-06-29 12:49:54.505794,16.638651925071258,2.613812344796182,16.333812344796183,-1.2186519250712582,-0.9138123447961828,0.3048395802750754,1,0.9994770830958069,0.8413521259694194,0.01536003204342577,-0.696156398621649,0.3343572424316406,0.0,0.0,ATM,6,6,0.24086021505376345,3.99,15.715,-0.29499999999999993,0.12023078249611391,0
QQQ250703C00534000,2025-06-27 18:48:00+00:00,534.0,13.19,12.8,16.84,-0.3000002,-2.223871,46.0,1547,0.3114692877197265,True,REGULAR,USD,QQQ,2025-07-03,3,548.0900268554688,0.9742924954568016,2025-06-29 12:49:54.505794,15.74239158577734,2.6445769758528996,15.4445769758529,-2.5523915857773414,-2.254576975852901,0.29781460992444053,1,0.9931057071464992,0.8291915275018551,0.016400261977344986,-0.7148298067747703,0.32682557946777335,0.0,0.0,ATM,6,6,0.029715762273901807,4.039999999999999,14.82,-1.6300000000000008,0.1261241361747483,0
QQQ250703C00535000,2025-06-27 19:58:40+00:00,535.0,14.16,11.88,15.92,1.71,13.73494,307.0,1719,0.3029854858398437,True,REGULAR,USD,QQQ,2025-07-03,3,548.0900268554688,0.9761170132385558,2025-06-29 12:49:54.505794,14.817097509272742,2.64911266627778,14.529112666277781,-0.6570975092727416,-0.36911266627778083,0.28798484299496074,1,0.9995433515568423,0.8182490289697973,0.017535211754522016,-0.7218283783601253,0.31918405432128905,0.0,0.0,ATM,6,6,0.17848837209302326,4.039999999999999,13.9,0.2599999999999998,0.13117921538784386,0
QQQ250703C00536000,2025-06-27 20:14:10+00:00,536.0,13.11,10.98,15.0,0.8800001,7.195422,152.0,430,0.2941965112304687,True,REGULAR,USD,QQQ,2025-07-03,3,548.0900268554688,0.97794153102031,2025-06-29 12:49:54.505794,13.894786558823398,2.6374752993801955,13.617475299380196,-0.7847865588233987,-0.5074752993801965,0.2773112594432021,1,0.9995140714057587,0.8064905949004068,0.018772312868173362,-0.7272599570813314,0.3112251495361328,0.0,0.0,ATM,6,6,0.35266821345707655,4.02,12.99,0.11999999999999922,0.13636015668632898,0
QQQ250703C00537000,2025-06-27 19:53:30+00:00,537.0,11.93,12.01,14.17,0.49000072,4.283223,68.0,331,0.2893137475585937,True,REGULAR,USD,QQQ,2025-07-03,3,548.0900268554688,0.9797660488020644,2025-06-29 12:49:54.505794,13.03583089246058,0.7565043945394869,12.766504394539487,-1.105830892460581,-0.836504394539487,0.2693264979210941,0,0.04708599542669813,0.7904908799757286,0.020019958858631587,-0.7471411739883776,0.3029976927490234,0.0,0.0,ATM,6,6,0.20481927710843373,2.16,13.09,-1.1600000000000001,0.14300935275385132,0
QQQ250703C00537500,2025-06-27 19:54:00+00:00,537.5,11.37,9.66,13.85,0.39000034,3.5519156,6.0,240,0.2910837493896483,True,REGULAR,USD,QQQ,2025-07-03,3,548.0900268554688,0.9806783076929416,2025-06-29 12:49:54.505794,12.673268980710304,2.7451957850681197,12.40519578506812,-1.303268980710305,-1.0351957850681206,0.26807319564218446,1,0.9993914666141528,0.7787876654626252,0.020535829754550584,-0.7727624886267425,0.29780975634765616,0.0,0.0,ATM,6,6,0.024896265560165973,4.1899999999999995,11.754999999999999,-0.3849999999999998,0.1475918597622803,0
QQQ250703C00538000,2025-06-27 20:13:32+00:00,538.0,11.43,9.23,13.42,1.1700001,11.403509,122.0,618,0.2875437457275389,True,REGULAR,USD,QQQ,2025-07-03,3,548.0900268554688,0.9815905665838188,2025-06-29 12:49:54.505794,12.237206733980486,2.744690651093755,11.974690651093756,-0.807206733980486,-0.5446906510937559,0.2625160828867301,1,0.9995647484017744,0.7708264111434053,0.02120922164729393,-0.7778261955444985,0.2930246479492187,0.0,0.0,ATM,6,6,0.19709208400646203,4.1899999999999995,11.325,0.10500000000000043,0.15057776479913837,0
QQQ250703C00539000,2025-06-27 19:30:40+00:00,539.0,9.5,8.38,12.56,0.27999973,3.0368733,60.0,253,0.280158565673828,True,REGULAR,USD,QQQ,2025-07-03,3,548.0900268554688,0.983415084365573,2025-06-29 12:49:54.505794,11.36957664306226,2.7375308419727666,11.117530841972767,-1.8695766430622598,-1.6175308419727674,0.25204580108949237,1,0.9988848075272786,0.7540619384402625,0.022628483249263007,-0.7859349472550557,0.2884592639160155,0.0,0.0,ATM,6,6,0.23622047244094488,4.18,10.47,-0.9700000000000006,0.1565278210631652,0
QQQ250703C00540000,2025-06-27 20:12:30+00:00,540.0,9.7,9.31,11.73,0.97999954,11.238526,2043.0,13353,0.2735668347167969,True,REGULAR,USD,QQQ,2025-07-03,3,548.0900268554688,0.9852396021473272,2025-06-29 12:49:54.505794,10.528041112730762,0.974606695561798,10.284606695561799,-0.8280411127307623,-0.5846066955617992,0.24343441716896308,1,0.9980971543291394,0.7351776250834383,0.024087487010069217,-0.7955768874533709,0.2843333286132811,0.0,0.0,ATM,6,6,0.1529878688033548,2.42,10.52,-0.8200000000000003,0.16269984099116055,0
QQQ250703C00541000,2025-06-27 20:07:53+00:00,541.0,8.99,6.74,9.51,1.1699996,14.961632,173.0,1286,0.2051471087646484,True,REGULAR,USD,QQQ,2025-07-03,3,548.0900268554688,0.9870641199290816,2025-06-29 12:49:54.505794,8.7054642586549,1.7791435268970108,8.519143526897011,0.28453574134510085,0.47085647310298917,0.18632073175788832,1,0.999924549261307,0.767752169536422,0.029949952372595047,-0.5751409390113295,0.2675000008544921,0.0,0.0,ATM,6,6,0.13442113442113443,2.7699999999999996,8.125,0.8650000000000002,0.15170284526343955,0
QQQ250703C00542000,2025-06-27 19:58:31+00:00,542.0,8.15,6.1,9.5,1.0199995,14.305743,704.0,1249,0.2344436907958984,True,REGULAR,USD,QQQ,2025-07-03,3,548.0900268554688,0.988888637710836,2025-06-29 12:49:54.505794,8.446733616471647,2.1405653568658813,8.240565356865881,-0.29673361647164676,-0.09056535686588063,0.20616825960576612,1,0.9995699136449446,0.7107794162714657,0.02934666205546458,-0.7159774883538748,0.2561719891357421,0.0,0.0,ATM,6,6,0.5632,3.4000000000000004,7.8,0.35000000000000053,0.16987499237190096,0
QQQ250703C00542500,2025-06-27 19:53:03+00:00,542.5,7.38,5.57,9.76,0.52,7.5801744,154.0,349,0.2588575091552735,True,REGULAR,USD,QQQ,2025-07-03,3,548.0900268554688,0.9898008966017132,2025-06-29 12:49:54.505794,8.5284442327399,2.734926997001354,8.304926997001354,-1.1484442327399007,-0.9249269970013545,0.2235172357385462,1,0.9993919367743601,0.6794188114271795,0.02782360219481999,-0.8170558283914876,0.250434741821289,0.0,0.0,ATM,6,6,0.44,4.1899999999999995,7.665,-0.28500000000000014,0.17783052590728363,0
QQQ250703C00543000,2025-06-27 20:11:50+00:00,543.0,7.36,7.01,9.39,0.96000004,15.000001,1879.0,1463,0.2564161273193359,True,REGULAR,USD,QQQ,2025-07-03,3,548.0900268554688,0.9907131554925904,2025-06-29 12:49:54.505794,8.152517200206319,0.9223860067049108,7.932386006704911,-0.7925172002063183,-0.5723860067049102,0.22013119350140808,1,0.988366360276525,0.666642423378023,0.028538073051468067,-0.8210756477287807,0.24568625415039064,0.0,0.0,ATM,6,6,1.2834699453551912,2.380000000000001,8.2,-0.839999999999999,0.18067670909489608,0
QQQ250703C00544000,2025-06-27 19:59:34+00:00,544.0,6.8,6.51,6.61,1.0700002,18.67365,645.0,1015,0.1668784484863281,True,REGULAR,USD,QQQ,2025-07-03,3,548.0900268554688,0.9925376732743446,2025-06-29 12:49:54.505794,5.89121279446573,-0.7645253688584956,5.745474631141504,0.9087872055342698,1.0545253688584957,0.14573816332422584,1,0.996833062936602,0.7018813762159806,0.04181081679175551,-0.5310392788199289,0.22434857690429685,0.0,0.0,ATM,6,6,0.6348425196850394,0.10000000000000053,6.5600000000000005,0.23999999999999932,0.17227453829543948,0
QQQ250703C00545000,2025-06-27 20:14:46+00:00,545.0,5.85,5.82,5.91,0.6500001,12.500003,5865.0,14232,0.1639487902832031,True,REGULAR,USD,QQQ,2025-07-03,3,548.0900268554688,0.9943621910560988,2025-06-29 12:49:54.505794,5.163161956875854,-0.796687029306856,5.023312970693144,0.6868380431241459,0.8266870293068553,0.13984898618270947,1,0.9862339316818944,0.6610967698214992,0.044921570481080475,-0.5458093092122716,0.2161089132080078,0.0,0.0,ATM,6,6,0.4120705402936837,0.08999999999999986,5.865,-0.015000000000000568,0.1818424763743637,0
QQQ250703C00546000,2025-06-27 20:04:41+00:00,546.0,5.2,5.17,5.24,0.5499997,11.8279505,2008.0,1173,0.1608970629882812,True,REGULAR,USD,QQQ,2025-07-03,3,548.0900268554688,0.9961867088378532,2025-06-29 12:49:54.505794,4.472918038589171,-0.8303268922859299,4.33967310771407,0.7270819614108293,0.8603268922859302,0.13324493087510092,1,0.9714988017399704,0.6169139477569597,0.04774102499744214,-0.5542969619003663,0.20139958764648433,0.0,0.0,ATM,6,6,1.7103918228279387,0.07000000000000028,5.205,-0.004999999999999893,0.18965838372680724,0
QQQ250703C00547000,2025-06-27 20:13:30+00:00,547.0,4.55,4.55,4.61,0.4500003,10.975617,5884.0,1173,0.1580894738769531,True,REGULAR,USD,QQQ,2025-07-03,3,548.0900268554688,0.9980112266196076,2025-06-29 12:49:54.505794,3.831302517173185,-0.8461529300265833,3.7038470699734165,0.7186974828268147,0.8461529300265833,0.12745544719976865,0,0.10529401138325702,0.5693576802166485,0.050016200390746036,-0.5566189624855211,0.18124598059082028,0.0,0.0,ATM,6,6,5.0119250425894375,0.0600000000000005,4.58,-0.03000000000000025,0.19522967891841975,0
QQQ250703C00547500,2025-06-27 20:01:13+00:00,547.5,4.31,4.25,4.31,0.47000003,12.239584,1550.0,467,0.156685679321289,True,REGULAR,USD,QQQ,2025-07-03,3,548.0900268554688,0.9989234855104848,2025-06-29 12:49:54.505794,3.528197209265784,-0.8455382073875426,3.4044617926124574,0.7818027907342158,0.9055382073875422,0.12373541665332644,1,0.9304425270440589,0.5445318373693945,0.05092109028199922,-0.5548435621880572,0.1612998909912109,0.0,0.0,ATM,6,6,3.3119658119658117,0.05999999999999961,4.279999999999999,0.03000000000000025,0.19699680756632276,0
QQQ250703C00548000,2025-06-27 20:11:22+00:00,548.0,3.99,3.97,4.02,0.46000004,13.031162,6366.0,680,0.155281884765625,True,REGULAR,USD,QQQ,2025-07-03,3,548.0900268554688,0.9998357444013618,2025-06-29 12:49:54.505794,3.2374519047876333,-0.8514165695489555,3.1185834304510447,0.7525480952123669,0.8714165695489555,0.11886847433658865,1,0.9309944312817905,0.5191018430217783,0.05164460525777611,-0.5509763784999384,0.1589805782470703,0.0,0.0,ATM,6,6,9.348017621145374,0.04999999999999938,3.995,-0.004999999999999893,0.1980058153826067,0
QQQ250703C00549000,2025-06-27 20:14:44+00:00,549.0,3.41,3.43,3.48,0.25,7.911392,3844.0,655,0.1529625720214844,False,REGULAR,USD,QQQ,2025-07-03,3,548.0900268554688,1.001660262183116,2025-06-29 12:49:54.505794,2.70416834096838,-0.8322622773744444,2.597737722625556,0.7058316590316203,0.8122622773744443,0.10643061834282408,0,0.03791738452636497,0.46690379256754894,0.052307127734527975,-0.5383157550762833,0.15678333459472654,0.0,0.0,ATM,6,6,5.859756097560975,0.04999999999999982,3.455,-0.04499999999999993,0.19755054856348103,0
QQQ250703C00550000,2025-06-27 20:14:55+00:00,550.0,2.94,2.93,2.97,0.20000005,7.299272,16852.0,5725,0.1501549829101562,False,REGULAR,USD,QQQ,2025-07-03,3,548.0900268554688,1.0034847799648705,2025-06-29 12:49:54.505794,2.2145004253792706,-0.8081095056184577,2.1218904943815424,0.7254995746207293,0.8181095056184575,0.09260993099772818,1,0.9614490893556944,0.41350074545916915,0.05220745069197856,-0.5151301173511703,0.15463491857910153,0.0,0.0,ATM,6,6,2.9430667132378625,0.040000000000000036,2.95,-0.010000000000000231,0.1935550136926539,0
QQQ250703C00551000,2025-06-27 20:11:19+00:00,551.0,2.51,2.47,2.52,-0.09,-3.4615386,1222.0,456,0.1480798083496094,False,REGULAR,USD,QQQ,2025-07-03,3,548.0900268554688,1.0053092977466247,2025-06-29 12:49:54.505794,1.7934349013859787,-0.7540344916070398,1.7159655083929604,0.7165650986140211,0.7940344916070394,0.07746939299301836,1,0.9714890908446057,0.3605040073687772,0.05086927783076846,-0.4858376584158533,0.15263298547363277,0.0,0.0,ATM,6,6,2.673960612691466,0.04999999999999982,2.495,0.01499999999999968,0.18598743517085642,0
QQQ250703C00552000,2025-06-27 20:14:28+00:00,552.0,2.04,2.06,2.1,0.03,1.4925373,4353.0,244,0.1453942883300781,False,REGULAR,USD,QQQ,2025-07-03,3,548.0900268554688,1.007133815528379,2025-06-29 12:49:54.505794,1.4157347094947283,-0.708220739910894,1.351779260089106,0.6242652905052717,0.6882207399108939,0.06395544940562226,0,0.06443846408574791,0.3080047133967555,0.04869457232995817,-0.4465315418049261,0.15037470727539062,0.0,0.0,ATM,6,6,17.76734693877551,0.040000000000000036,2.08,-0.040000000000000036,0.17480751194380365,0
QQQ250703C00552500,2025-06-27 20:14:10+00:00,552.5,1.88,1.88,1.92,0.0,0.0,1184.0,174,0.1446008392333984,False,REGULAR,USD,QQQ,2025-07-03,3,548.0900268554688,1.0080460744192563,2025-06-29 12:49:54.505794,1.2566755952693427,-0.6816014287282546,1.1983985712717453,0.6233244047306572,0.6816014287282546,0.05827702399759738,0,0.9256506507769329,0.28318639084007247,0.04710613129029097,-0.42641155963094995,0.1482384981689453,0.0,0.0,ATM,6,6,6.765714285714286,0.040000000000000036,1.9,-0.020000000000000018,0.1681823595628809,0
QQQ250703C00553000,2025-06-27 20:11:05+00:00,553.0,1.74,1.71,1.74,0.03,1.754386,1911.0,302,0.1434411828613281,False,REGULAR,USD,QQQ,2025-07-03,3,548.0900268554688,1.0089583333101333,2025-06-29 12:49:54.505794,1.1043927161053944,-0.6584254463643733,1.0515745536356267,0.6356072838946056,0.6884254463643733,0.05281816246976767,1,0.9831291773481188,0.2585888970079053,0.04538088897864941,-0.4035029676627245,0.14633422033691404,0.0,0.0,ATM,6,6,6.306930693069307,0.030000000000000027,1.725,0.014999999999999902,0.16072337614371845,0
QQQ250703C00554000,2025-06-27 20:07:26+00:00,554.0,1.42,1.39,1.42,-0.13,-8.387097,1514.0,1030,0.1413660083007812,False,REGULAR,USD,QQQ,2025-07-03,3,548.0900268554688,1.0107828510918877,2025-06-29 12:49:54.505794,0.841621568767053,-0.5909644633292844,0.7990355366707155,0.578378431232947,0.6209644633292845,0.04258603209633749,1,0.9786510036990624,0.2123284293047465,0.04129439551585848,-0.3554220937373702,0.14457642541503907,0.0,0.0,ATM,6,6,1.4684772065955383,0.030000000000000027,1.4049999999999998,0.015000000000000124,0.1441346168044192,0
QQQ250703C00555000,2025-06-27 20:14:20+00:00,555.0,1.11,1.12,1.15,-0.06999993,-5.932198,14312.0,3299,0.139657041015625,False,REGULAR,USD,QQQ,2025-07-03,3,548.0900268554688,1.012607368873642,2025-06-29 12:49:54.505794,0.630817039596451,-0.521703633172117,0.5982963668278831,0.47918296040354913,0.511703633172117,0.03252067276856785,0,0.38234395206491323,0.17087067925465815,0.036585110617050054,-0.30637983742395103,0.14289187194824216,0.0,0.0,ATM,6,6,4.336969696969697,0.029999999999999805,1.135,-0.02499999999999991,0.12615352734653557,0
QQQ250703C00556000,2025-06-27 20:06:17+00:00,556.0,0.89,0.89,0.92,-0.2,-18.348623,764.0,335,0.1381922119140625,False,REGULAR,USD,QQQ,2025-07-03,3,548.0900268554688,1.0144318866553963,2025-06-29 12:49:54.505794,0.4643462777487457,-0.4495553139034922,0.44044468609650783,0.4256537222512543,0.4495553139034922,0.023901591652237875,0,0.06173301713211645,0.13466026650003404,0.0315643153621325,-0.25809977525647165,0.14145145666503905,0.0,0.0,ATM,6,6,2.2738095238095237,0.030000000000000027,0.905,-0.015000000000000013,0.10769911426238077,0
QQQ250703C00557000,2025-06-27 20:10:11+00:00,557.0,0.71,0.7,0.73,-0.16,-18.390804,495.0,211,0.1369715209960937,False,REGULAR,USD,QQQ,2025-07-03,3,548.0900268554688,1.0162564044371507,2025-06-29 12:49:54.505794,0.3359250872555535,-0.3821074965366194,0.31789250346338055,0.3740749127444465,0.3921074965366194,0.01803258379217293,1,0.9344530203788051,0.10396251762297765,0.02652517647520525,-0.2125453457147526,0.1399255930175781,0.0,0.0,ATM,6,6,2.3349056603773586,0.030000000000000027,0.715,-0.0050000000000000044,0.08970584675113377,0
QQQ250703C00558000,2025-06-27 20:11:23+00:00,558.0,0.57,0.55,0.57,-0.08,-12.307693,2134.0,1412,0.135750830078125,False,REGULAR,USD,QQQ,2025-07-03,3,548.0900268554688,1.018080922218905,2025-06-29 12:49:54.505794,0.23733748843987001,-0.3266522863393771,0.22334771366062295,0.33266251156012994,0.346652286339377,0.013989774779247066,1,0.9023517338282107,0.07831851561648144,0.02168793010954398,-0.1703166992821578,0.1383875224609375,0.0,0.0,ATM,6,6,1.5102618542108988,0.019999999999999907,0.56,0.009999999999999898,0.07269303282796923,0
QQQ250703C00559000,2025-06-27 20:14:34+00:00,559.0,0.41,0.42,0.44,-0.16,-28.070175,1167.0,50,0.1345301391601562,False,REGULAR,USD,QQQ,2025-07-03,3,548.0900268554688,1.0199054400006593,2025-06-29 12:49:54.505794,0.16352056919722102,-0.26737625650071073,0.15262374349928928,0.24647943080277895,0.2573762565007107,0.010896825697931739,0,0.030349335968669663,0.05748493344406115,0.017231103964283193,-0.13262510267079758,0.13702034863281248,0.0,0.0,ATM,6,6,22.88235294117647,0.020000000000000018,0.43,-0.020000000000000018,0.05723542127625917,0
QQQ250703C00560000,2025-06-27 20:14:55+00:00,560.0,0.34,0.32,0.34,-0.099999994,-22.727272,6634.0,8208,0.1340418627929687,False,REGULAR,USD,QQQ,2025-07-03,3,548.0900268554688,1.0217299577824135,2025-06-29 12:49:54.505794,0.11292548686061821,-0.21573817010027865,0.10426182989972135,0.22707451313938182,0.23573817010027867,0.008663656960896854,1,0.9531902943283456,0.04189505188148192,0.013433060249709054,-0.10245006875499957,0.13589731298828123,0.0,0.0,ATM,6,6,0.808137410159581,0.020000000000000018,0.33,0.010000000000000009,0.044457763051011207,0
QQQ250703C00561000,2025-06-27 20:14:44+00:00,561.0,0.26,0.25,0.26,-0.09,-25.714287,806.0,192,0.1335535864257812,False,REGULAR,USD,QQQ,2025-07-03,3,548.0900268554688,1.023554475564168,2025-06-29 12:49:54.505794,0.07637325639799641,-0.17959030713246085,0.07040969286753915,0.1836267436020036,0.18959030713246086,0.0059635635304572665,1,0.5533948833767799,0.029862131879778625,0.010214003388242208,-0.07720170393163533,0.13496958789062496,0.0,0.0,ATM,6,6,4.176165803108808,0.010000000000000009,0.255,0.0050000000000000044,0.03368090420287109,0
QQQ250703C00562000,2025-06-27 20:03:55+00:00,562.0,0.2,0.19,0.2,-0.07,-25.925926,862.0,263,0.1335535864257812,False,REGULAR,USD,QQQ,2025-07-03,3,548.0900268554688,1.025378993345922,2025-06-29 12:49:54.505794,0.05177597125079636,-0.1424391400063903,0.047560859993609705,0.14822402874920365,0.1524391400063903,0.0042151112571866545,1,0.9474677648769154,0.021182699795602517,0.00765990159009682,-0.05780648042944886,0.13428600097656246,0.0,0.0,ATM,6,6,3.265151515151515,0.010000000000000009,0.195,0.0050000000000000044,0.025258696502534695,0
QQQ250703C00563000,2025-06-27 20:09:30+00:00,563.0,0.14,0.14,0.16,-0.06,-29.999998,384.0,32,0.13477427734375,False,REGULAR,USD,QQQ,2025-07-03,3,548.0900268554688,1.0272035111276765,2025-06-29 12:49:54.505794,0.036820257946914126,-0.10663107290182929,0.03336892709817073,0.10317974205308589,0.10663107290182929,0.0034513308487433975,0,0.45815058624550903,0.015506146635814726,0.005818442592068666,-0.044650403039322,0.13409069042968746,0.0,0.0,ATM,6,6,11.636363636363637,0.01999999999999999,0.15000000000000002,-0.010000000000000009,0.019361810046930727,0
QQQ250703C00564000,2025-06-27 19:57:48+00:00,564.0,0.12,0.11,0.12,-0.07,-36.842106,341.0,23,0.13477427734375,False,REGULAR,USD,QQQ,2025-07-03,3,548.0900268554688,1.029028028909431,2025-06-29 12:49:54.505794,0.024273709313076708,-0.08861173779998553,0.021388262200014465,0.09572629068692329,0.09861173779998553,0.002885447113062243,1,0.9862086573267608,0.010663230073532646,0.004208961495939411,-0.03225809008946037,0.1341395180664062,0.0,0.0,ATM,6,6,14.208333333333334,0.009999999999999995,0.11499999999999999,0.0050000000000000044,0.014006001037169384,0
QQQ250703C00565000,2025-06-27 20:14:20+00:00,565.0,0.09,0.08,0.09,-0.049999997,-35.714283,799.0,2304,0.13477427734375,False,REGULAR,USD,QQQ,2025-07-03,3,548.0900268554688,1.030852546691185,2025-06-29 12:49:54.505794,0.01573298869159334,-0.06695462870915293,0.013045371290847074,0.07426701130840666,0.07695462870915293,0.0026876174007462676,1,0.9663876191236377,0.00719980856478168,0.0029830145169906816,-0.02283561238452799,0.13428600097656246,0.0,0.0,ATM,6,6,0.34663774403470715,0.009999999999999995,0.08499999999999999,0.0050000000000000044,0.009926463917327375,0
QQQ250703C00566000,2025-06-27 19:47:07+00:00,566.0,0.07,0.07,0.08,-0.05,-41.666664,535.0,335,0.13868048828125,False,REGULAR,USD,QQQ,2025-07-03,3,548.0900268554688,1.0326770644729395,2025-06-29 12:49:54.505794,0.012990200436429067,-0.05959649334814729,0.010403506651852718,0.05700979956357094,0.05959649334814729,0.0025866937845763494,0,0.06057932874593909,0.005892650005962686,0.0024282225655485375,-0.019658289994709262,0.13531138134765625,0.0,0.0,ATM,6,6,1.5922619047619047,0.009999999999999995,0.07500000000000001,-0.0050000000000000044,0.008314498175625329,0
QQQ250703C00567000,2025-06-27 19:51:58+00:00,567.0,0.05,0.05,0.06,-0.04,-44.444443,894.0,17,0.13868048828125,False,REGULAR,USD,QQQ,2025-07-03,3,548.0900268554688,1.0345015822546937,2025-06-29 12:49:54.505794,0.008319644605302656,-0.04377861626701766,0.006221383732982348,0.041680355394697347,0.04377861626701766,0.0020982608723203082,0,0.03454401581533226,0.003919697879849403,0.0016882657323222018,-0.013654569955283219,0.13633676171875,0.0,0.0,ATM,6,6,49.666666666666664,0.009999999999999995,0.055,-0.0049999999999999975,0.005780805495559142,0
QQQ250703C00568000,2025-06-27 20:03:13+00:00,568.0,0.04,0.04,0.05,-0.03,-42.85714,347.0,17,0.14063359375,False,REGULAR,USD,QQQ,2025-07-03,3,548.0900268554688,1.036326100036448,2025-06-29 12:49:54.505794,0.0060566453985475555,-0.03557066984377546,0.00442933015622454,0.033943354601452445,0.03557066984377546,0.0016273152423230157,0,0.02533147557229363,0.0028899394368407084,0.001265891964446337,-0.010518960337610196,0.137508625,0.0,0.0,ATM,6,6,19.27777777777778,0.010000000000000002,0.045,-0.0049999999999999975,0.0043955973966795245,0
QQQ250703C00569000,2025-06-27 19:57:21+00:00,569.0,0.04,0.03,0.04,-0.04,-50.0,533.0,26,0.14258669921875,False,REGULAR,USD,QQQ,2025-07-03,3,548.0900268554688,1.0381506178182025,2025-06-29 12:49:54.505794,0.004414461211975418,-0.02697981473092331,0.003020185269076689,0.03558553878802458,0.036979814730923315,0.0013942759428987287,1,0.949884896746384,0.0021308811259156,0.000947845316532071,-0.008089442962471256,0.139071109375,0.0,0.0,ATM,6,6,19.74074074074074,0.010000000000000002,0.035,0.0049999999999999975,0.0033369421183544966,0
QQQ250703C00570000,2025-06-27 20:14:38+00:00,570.0,0.02,0.03,0.04,-0.04,-66.66667,1026.0,1793,0.148446015625,False,REGULAR,USD,QQQ,2025-07-03,3,548.0900268554688,1.0399751355999567,2025-06-29 12:49:54.505794,0.004333968536162747,-0.0270753213844896,0.002924678615510398,0.015666031463837254,0.017075321384489604,0.0014092899206523488,0,0.006271769154893563,0.002018550844569781,0.000866778247224175,-0.008011023888848761,0.14180545703125,0.0,0.0,ATM,6,6,0.5719063545150501,0.010000000000000002,0.035,-0.015000000000000003,0.003176937994390723,0
QQQ250703C00571000,2025-06-27 20:14:26+00:00,571.0,0.03,0.02,0.03,-0.03,-50.0,182.0,100,0.148446015625,False,REGULAR,USD,QQQ,2025-07-03,3,548.0900268554688,1.0417996533817109,2025-06-29 12:49:54.505794,0.0027547948344217588,-0.018324611566090058,0.0016753884339099434,0.02724520516557824,0.028324611566090056,0.0010794064005118153,1,0.9626996702048238,0.0013257523049253934,0.0005909988146875076,-0.005458418898302002,0.14375856250000002,0.0,0.0,ATM,6,6,1.801980198019802,0.009999999999999998,0.025,0.0049999999999999975,0.00216614410321609,0
QQQ250703C00572000,2025-06-27 20:03:50+00:00,572.0,0.02,0.02,0.03,-0.03,-60.000004,230.0,3,0.15430533203125,False,REGULAR,USD,QQQ,2025-07-03,3,548.0900268554688,1.0436241711634653,2025-06-29 12:49:54.505794,0.0027592763577560797,-0.018317448826973226,0.0016825511730267737,0.01724072364224392,0.018317448826973226,0.001076725184729306,0,0.004999341896868519,0.0012809740338443772,0.0005509745866097185,-0.0054943143666361565,0.14688353125,0.0,0.0,ATM,6,6,57.5,0.009999999999999998,0.025,-0.005000000000000001,0.0020991558842218074,0
QQQ250703C00574000,2025-06-27 16:40:06+00:00,574.0,0.05,0.01,0.02,0.0,0.0,1.0,0,0.157234990234375,False,REGULAR,USD,QQQ,2025-07-03,3,548.0900268554688,1.047273206726974,2025-06-29 12:49:54.505794,0.0014191202549165283,-0.009217296118678482,0.0007827038813215177,0.048580879745083475,0.049217296118678484,0.0006364163735950106,1,0.9988677052736631,0.0006768927915524481,0.0003009465408784802,-0.003112369969836301,0.15020381054687498,0.0,0.0,ATM,6,6,1.0,0.01,0.015,0.035,0.0011683440291542762,0
QQQ250703C00575000,2025-06-27 19:48:11+00:00,575.0,0.02,0.01,0.02,-0.030000001,-60.000004,17.0,248,0.16211775390625,False,REGULAR,USD,QQQ,2025-07-03,3,548.0900268554688,1.0490977245087283,2025-06-29 12:49:54.505794,0.0013505892963274757,-0.009265852917653661,0.0007341470823463392,0.018649410703672525,0.01926585291765366,0.0006164422139811366,1,0.9914525164580329,0.0006280787962433651,0.00027240099130709447,-0.0029930940142423226,0.154110021484375,0.0,0.0,ATM,6,6,0.06827309236947791,0.01,0.015,0.005000000000000001,0.0010903638673467047,0
QQQ250703C00580000,2025-06-27 19:57:41+00:00,580.0,0.02,0.0,0.02,-0.01,-33.333336,1208.0,351,0.187508125,False,REGULAR,USD,QQQ,2025-07-03,3,548.0900268554688,1.0582203134174997,2025-06-29 12:49:54.505794,0.0011980577425169114,0.0005962584890746509,0.0005962584890746509,0.01880194225748309,0.01940374151092535,0.0006017992534422605,1,0.9998310091539799,0.000490053520078253,0.00018722685980464938,-0.0027455064358832063,0.161922443359375,0.0,0.0,ITM,6,6,3.4318181818181817,0.02,0.01,0.01,0.0008668030562968405,0
QQQ250703C00585000,2025-06-27 16:01:58+00:00,585.0,0.02,0.0,0.01,0.0,0.0,7.0,158,0.1992267578125,False,REGULAR,USD,QQQ,2025-07-03,3,548.0900268554688,1.0673429023262713,2025-06-29 12:49:54.505794,0.00042410717049268243,0.00021913957924471416,0.00021913957924471416,0.019575892829507318,0.019780860420755286,0.00020496759124796827,1,0.9998178407145608,0.00017411023763565155,6.724868660025036e-05,-0.0011114131217120201,0.172078591796875,0.0,0.0,ITM,6,6,0.0440251572327044,0.01,0.005,0.015,0.00033079860062730856,0
QQQ250703C00590000,2025-06-27 18:16:21+00:00,590.0,0.01,0.0,0.01,0.0,0.0,368.0,755,0.2226640234374999,False,REGULAR,USD,QQQ,2025-07-03,3,548.0900268554688,1.0764654912350429,2025-06-29 12:49:54.505794,0.00039756885561947897,0.00019298951669965658,0.00019298951669965658,0.009602431144380521,0.009807010483300344,0.0002045793389198224,1,0.9998076571311129,0.00014751034610044553,5.15211963016022e-05,-0.0010621762742831955,0.18575033007812497,0.0,0.0,ITM,6,6,0.48677248677248675,0.01,0.005,0.005,0.0002832488664239153,0
QQQ250703C00595000,2025-06-26 20:08:30+00:00,595.0,0.01,0.0,0.01,0.0,0.0,16.0,225,0.2461012890625,False,REGULAR,USD,QQQ,2025-07-03,3,548.0900268554688,1.0855880801438145,2025-06-29 12:49:54.505794,0.00038600836933282145,0.00017039227120614324,0.00017039227120614324,0.009613991630667179,0.009829607728793857,0.00021561609812667821,1,0.9997628493928904,0.00013054608004791545,4.1571846526521426e-05,-0.0010458637975728745,0.20352358984374996,0.0,0.0,ITM,6,6,0.07079646017699115,0.01,0.005,0.005,0.00025260700711733836,0
QQQ250703C00600000,2025-06-27 14:09:58+00:00,600.0,0.01,0.0,0.01,0.0,0.0,10.0,101,0.26563234375,False,REGULAR,USD,QQQ,2025-07-03,3,548.0900268554688,1.0947106690525858,2025-06-29 12:49:54.505794,0.0003021850567759832,7.099364344969118e-05,7.099364344969118e-05,0.009697814943224017,0.009929006356550309,0.00023119141332629198,1,0.9997628493928904,9.632904523417442e-05,2.8954701643418954e-05,-0.00084793151693631,0.22422650781249995,0.0,0.0,ITM,6,6,0.09803921568627451,0.01,0.005,0.005,0.00018990318032107846,0
QQQ250703C00605000,2025-06-26 18:07:55+00:00,605.0,0.01,0.0,0.01,0.0,0.0,4.0,212,0.2890696093749999,False,REGULAR,USD,QQQ,2025-07-03,3,548.0900268554688,1.1038332579613577,2025-06-29 12:49:54.505794,0.00031214462401980836,5.497318554169581e-05,5.497318554169581e-05,0.009687855375980192,0.009945026814458304,0.00025717143847811254,1,0.9997628493928904,9.17240167747947e-05,2.5409800119893833e-05,-0.0008805936945736404,0.24453880468749994,0.0,0.0,ITM,6,6,0.018779342723004695,0.01,0.005,0.005,0.00018135764761169357,0
QQQ250703C00610000,2025-06-27 16:28:48+00:00,610.0,0.01,0.0,0.01,-0.01,-50.0,2.0,3,0.3125068749999999,False,REGULAR,USD,QQQ,2025-07-03,3,548.0900268554688,1.112955846870129,2025-06-29 12:49:54.505794,0.00032627504977138233,4.2574855509895235e-05,4.2574855509895235e-05,0.009673724950228618,0.009957425144490105,0.0002837001942614871,1,0.9996601292124142,8.887958323998109e-05,2.281818120162037e-05,-0.0009236533311418332,0.26719482812499995,0.0,0.0,ITM,6,6,0.5,0.01,0.005,0.005,0.00017606490235437945,0
SPY250630C00345000,2025-06-03 19:58:00+00:00,345.0,252.03,268.41,270.54,0.0,0.0,12.0,0,3.583985415039063,True,REGULAR,USD,SPY,2025-06-30,0,614.9099731445312,0.5610577402668173,2025-06-29 12:49:52.353214,269.90997314453125,1.499973144531225,269.90997314453125,-17.87997314453125,-17.87997314453125,0.0,0,6.527985012205733e-05,0.0,0.0,0.0,3.583985415039063,,,OTM,6,6,12.0,2.1299999999999955,269.475,-17.44500000000002,0.0,0
SPY250630C00350000,2025-06-27 19:45:05+00:00,350.0,263.21,263.41,265.55,12.999985,5.1956296,5.0,0,3.5107434106445314,True,REGULAR,USD,SPY,2025-06-30,0,614.9099731445312,0.5691890118648871,2025-06-29 12:49:52.353214,264.90997314453125,1.499973144531225,264.90997314453125,-1.6999731445312705,-1.6999731445312705,0.0,0,0.018298412313040947,0.0,0.0,0.0,3.547364412841797,0.0,,OTM,6,6,5.0,2.1399999999999864,264.48,-1.2700000000000387,0.0,0
SPY250630C00375000,2025-06-26 15:09:29+00:00,375.0,235.73,238.42,240.55,0.0,0.0,1.0,0,3.123049067382812,True,REGULAR,USD,SPY,2025-06-30,0,614.9099731445312,0.6098453698552362,2025-06-29 12:49:52.353214,239.90997314453125,1.4899731445312625,239.90997314453125,-4.17997314453126,-4.17997314453126,0.0,0,6.642858731591686e-05,0.0,0.0,0.0,3.4059259643554687,0.0,,OTM,6,6,1.0,2.130000000000024,239.485,-3.755000000000024,0.0,0
SPY250630C00380000,2025-05-23 15:41:23+00:00,380.0,200.19,214.11,216.1,0.0,0.0,20.0,0,1.0000000000000004e-05,True,REGULAR,USD,SPY,2025-06-30,0,614.9099731445312,0.617976641453306,2025-06-29 12:49:52.353214,234.90997314453125,20.799973144531236,234.90997314453125,-34.71997314453125,-34.71997314453125,0.0,0,0.0015739953526669151,0.0,0.0,0.0,2.5544469732666015,0.0,,OTM,6,6,20.0,1.9899999999999807,215.10500000000002,-14.91500000000002,0.0,0
SPY250630C00385000,2025-06-24 19:51:02+00:00,385.0,220.98,228.42,230.55,0.0,0.0,1.0,1,2.9746119384765626,True,REGULAR,USD,SPY,2025-06-30,0,614.9099731445312,0.6261079130513758,2025-06-29 12:49:52.353214,229.90997314453125,1.4899731445312625,229.90997314453125,-8.92997314453126,-8.92997314453126,0.0,0,6.642858731591686e-05,0.0,0.0,0.0,2.638479966308594,0.0,,OTM,6,6,0.5,2.130000000000024,229.485,-8.505000000000024,0.0,0
SPY250630C00390000,2025-06-12 13:44:52+00:00,390.0,210.9,223.42,225.55,0.0,0.0,2.0,0,2.9003933740234373,True,REGULAR,USD,SPY,2025-06-30,0,614.9099731445312,0.6342391846494456,2025-06-29 12:49:52.353214,224.90997314453125,1.4899731445312625,224.90997314453125,-14.009973144531244,-14.009973144531244,0.0,0,6.642858731591686e-05,0.0,0.0,0.0,2.5017615581054686,0.0,,OTM,6,6,2.0,2.130000000000024,224.485,-13.585000000000008,0.0,0
SPY250630C00395000,2025-06-12 13:44:52+00:00,395.0,205.9,218.42,220.55,0.0,0.0,1.0,1,2.8281279296875,True,REGULAR,USD,SPY,2025-06-30,0,614.9099731445312,0.6423704562475154,2025-06-29 12:49:52.353214,219.90997314453125,1.4899731445312625,219.90997314453125,-14.009973144531244,-14.009973144531244,0.0,0,6.642858731591686e-05,0.0,0.0,0.0,2.3652384619140627,0.0,,OTM,6,6,0.5,2.130000000000024,219.485,-13.585000000000008,0.0,0
SPY250630C00400000,2025-06-26 18:49:08+00:00,400.0,211.3,213.42,215.55,0.0,0.0,18.0,15,2.75781560546875,True,REGULAR,USD,SPY,2025-06-30,0,614.9099731445312,0.6505017278455852,2025-06-29 12:49:52.353214,214.90997314453125,1.4899731445312625,214.90997314453125,-3.6099731445312386,-3.6099731445312386,0.0,0,7.244734013590346e-05,0.0,0.0,0.0,2.29219176953125,0.0,,OTM,6,6,1.125,2.130000000000024,214.485,-3.1850000000000023,0.0,0
SPY250630C00405000,2025-06-10 17:13:04+00:00,405.0,197.79,208.42,210.55,0.0,0.0,4.0,5,2.686526721191407,True,REGULAR,USD,SPY,2025-06-30,0,614.9099731445312,0.658632999443655,2025-06-29 12:49:52.353214,209.90997314453125,1.4899731445312625,209.90997314453125,-12.119973144531258,-12.119973144531258,0.0,0,6.434546372142777e-05,0.0,0.0,0.0,2.8294951137695312,0.0,,OTM,6,6,0.6666666666666666,2.130000000000024,209.485,-11.695000000000022,0.0,0
SPY250630C00410000,2025-06-10 19:09:52+00:00,410.0,193.4,203.42,205.55,0.0,0.0,6.0,1,2.61719095703125,True,REGULAR,USD,SPY,2025-06-30,0,614.9099731445312,0.6667642710417249,2025-06-29 12:49:52.353214,204.90997314453125,1.4899731445312625,204.90997314453125,-11.509973144531244,-11.509973144531244,0.0,0,6.434546372142777e-05,0.0,0.0,0.0,2.758010917480469,0.0,,OTM,6,6,3.0,2.130000000000024,204.485,-11.085000000000008,0.0,0
SPY250630C00415000,2025-06-10 16:24:37+00:00,415.0,187.04,198.42,200.55,0.0,0.0,2.0,0,2.547855192871093,True,REGULAR,USD,SPY,2025-06-30,0,614.9099731445312,0.6748955426397947,2025-06-29 12:49:52.353214,199.90997314453125,1.4899731445312625,199.90997314453125,-12.869973144531258,-12.869973144531258,0.0,0,6.434546372142777e-05,0.0,0.0,0.0,2.6875032812499997,0.0,0.0,OTM,6,6,2.0,2.130000000000024,199.485,-12.445000000000022,0.0,0
SPY250630C00420000,2025-05-15 19:21:59+00:00,420.0,171.5,176.95,178.11,0.0,0.0,2.0,105,1.0000000000000004e-05,True,REGULAR,USD,SPY,2025-06-30,0,614.9099731445312,0.6830268142378645,2025-06-29 12:49:52.353214,194.90997314453125,17.95997314453126,194.90997314453125,-23.40997314453125,-23.40997314453125,0.0,0,0.0016772466608818775,0.0,0.0,0.0,2.1218796953125,0.0,0.0,OTM,6,6,0.018867924528301886,1.160000000000025,177.53,-6.030000000000001,0.0,0
SPY250630C00425000,2025-06-27 13:56:46+00:00,425.0,189.46,188.42,190.55,12.170013,6.864467,1.0,1,2.4111367846679688,True,REGULAR,USD,SPY,2025-06-30,0,614.9099731445312,0.6911580858359343,2025-06-29 12:49:52.353214,189.90997314453125,1.4899731445312625,189.90997314453125,-0.44997314453124204,-0.44997314453124204,0.0,1,0.9971870644055465,0.0,0.0,0.0,2.0525439311523437,0.0,0.0,OTM,6,6,0.5,2.130000000000024,189.485,-0.025000000000005684,0.0,0
SPY250630C00430000,2025-06-10 16:34:18+00:00,430.0,172.31,183.42,185.55,0.0,0.0,2.0,2,2.343754140625,True,REGULAR,USD,SPY,2025-06-30,0,614.9099731445312,0.6992893574340041,2025-06-29 12:49:52.353214,184.90997314453125,1.4899731445312625,184.90997314453125,-12.599973144531248,-12.599973144531248,0.0,0,6.434546372142777e-05,0.0,0.0,0.0,1.9839894150390627,0.0,0.0,OTM,6,6,0.6666666666666666,2.130000000000024,184.485,-12.175000000000011,0.0,0
SPY250630C00435000,2025-06-12 13:50:22+00:00,435.0,166.2,178.42,180.56,0.0,0.0,2.0,0,2.2832074169921874,True,REGULAR,USD,SPY,2025-06-30,0,614.9099731445312,0.7074206290320739,2025-06-29 12:49:52.353214,179.90997314453125,1.4899731445312625,179.90997314453125,-13.709973144531261,-13.709973144531261,0.0,0,6.434546372142777e-05,0.0,0.0,0.0,1.91719270703125,0.0,0.0,OTM,6,6,2.0,2.140000000000015,179.49,-13.29000000000002,0.0,0
SPY250630C00440000,2025-06-26 15:57:09+00:00,440.0,171.16,173.42,175.56,0.0,0.0,1.0,3,2.216801333007812,True,REGULAR,USD,SPY,2025-06-30,0,614.9099731445312,0.7155519006301437,2025-06-29 12:49:52.353214,174.90997314453125,1.4899731445312625,174.90997314453125,-3.7499731445312534,-3.7499731445312534,0.0,0,6.434546372142777e-05,0.0,0.0,0.0,1.8509819350585937,0.0,0.0,OTM,6,6,0.25,2.140000000000015,174.49,-3.3300000000000125,0.0,0
SPY250630C00445000,2025-06-20 13:44:04+00:00,445.0,154.5,168.42,170.56,0.0,0.0,2.0,0,2.151371809082031,True,REGULAR,USD,SPY,2025-06-30,0,614.9099731445312,0.7236831722282135,2025-06-29 12:49:52.353214,169.90997314453125,1.4899731445312625,169.90997314453125,-15.40997314453125,-15.40997314453125,0.0,0,6.434546372142777e-05,0.0,0.0,0.0,2.281254296875,0.0,0.0,OTM,6,6,2.0,2.140000000000015,169.49,-14.990000000000009,0.0,0
SPY250630C00450000,2025-06-26 16:36:00+00:00,450.0,161.03,163.43,165.56,0.0,0.0,6.0,0,2.086918845214843,True,REGULAR,USD,SPY,2025-06-30,0,614.9099731445312,0.7318144438262834,2025-06-29 12:49:52.353214,164.90997314453125,1.4799731445312432,164.90997314453125,-3.879973144531249,-3.879973144531249,0.0,0,6.434546372142777e-05,0.0,0.0,0.0,2.2164107089843745,0.0,0.0,OTM,6,6,6.0,2.1299999999999955,164.495,-3.4650000000000034,0.0,0
SPY250630C00455000,2025-06-24 19:32:06+00:00,455.0,153.0,158.43,160.56,0.0,0.0,2.0,4,2.0224658813476566,True,REGULAR,USD,SPY,2025-06-30,0,614.9099731445312,0.7399457154243532,2025-06-29 12:49:52.353214,159.90997314453125,1.4799731445312432,159.90997314453125,-6.90997314453125,-6.90997314453125,0.0,0,6.434546372142777e-05,0.0,0.0,0.0,2.152153057128906,0.0,0.0,OTM,6,6,0.4,2.1299999999999955,159.495,-6.4950000000000045,0.0,0
SPY250630C00460000,2025-06-25 13:46:47+00:00,460.0,147.8,153.43,155.56,0.0,0.0,1.0,4,1.958984580078125,True,REGULAR,USD,SPY,2025-06-30,0,614.9099731445312,0.748076987022423,2025-06-29 12:49:52.353214,154.90997314453125,1.4799731445312432,154.90997314453125,-7.109973144531239,-7.109973144531239,0.0,0,6.434546372142777e-05,0.0,0.0,0.0,2.0873084897460936,0.0,0.0,OTM,6,6,0.2,2.1299999999999955,154.495,-6.694999999999993,0.0,0
SPY250630C00465000,2025-06-10 14:50:08+00:00,465.0,136.94,148.43,150.56,0.0,0.0,1.0,0,1.8955083349609376,True,REGULAR,USD,SPY,2025-06-30,0,614.9099731445312,0.7562082586204929,2025-06-29 12:49:52.353214,149.90997314453125,1.4799731445312432,149.90997314453125,-12.969973144531252,-12.969973144531252,0.0,0,6.434546372142777e-05,0.0,0.0,0.0,2.0230498901367184,0.0,0.0,OTM,6,6,1.0,2.1299999999999955,149.495,-12.555000000000007,0.0,0
SPY250630C00470000,2025-06-26 14:50:10+00:00,470.0,140.48,143.43,145.56,0.0,0.0,3.0,1,1.8320320898437497,True,REGULAR,USD,SPY,2025-06-30,0,614.9099731445312,0.7643395302185627,2025-06-29 12:49:52.353214,144.90997314453125,1.4799731445312432,144.90997314453125,-4.42997314453126,-4.42997314453126,0.0,0,6.434546372142777e-05,0.0,0.0,0.0,1.9591819462890623,0.0,0.0,OTM,6,6,1.5,2.1299999999999955,144.495,-4.015000000000015,0.0,0
SPY250630C00475000,2025-06-25 18:23:31+00:00,475.0,131.76,138.42,140.56,0.0,0.0,1.0,1,1.7705089599609374,True,REGULAR,USD,SPY,2025-06-30,0,614.9099731445312,0.7724708018166325,2025-06-29 12:49:52.353214,139.90997314453125,1.4899731445312625,139.90997314453125,-8.149973144531259,-8.149973144531259,0.0,0,6.434546372142777e-05,0.0,0.0,0.0,1.8958999692382812,0.0,0.0,OTM,6,6,0.5,2.140000000000015,139.49,-7.730000000000018,0.0,0
SPY250630C00480000,2025-06-18 14:44:57+00:00,480.0,121.0,133.42,135.56,0.0,0.0,2.0,0,1.7080092724609377,True,REGULAR,USD,SPY,2025-06-30,0,614.9099731445312,0.7806020734147023,2025-06-29 12:49:52.353214,134.90997314453125,1.4899731445312625,134.90997314453125,-13.90997314453125,-13.90997314453125,0.0,0,6.434546372142777e-05,0.0,0.0,0.0,1.8330086474609373,0.0,0.0,OTM,6,6,2.0,2.140000000000015,134.49,-13.490000000000009,0.0,0
SPY250630C00485000,2025-06-26 14:31:29+00:00,485.0,125.5,128.43,130.56,0.0,0.0,200.0,3,1.646486142578125,True,REGULAR,USD,SPY,2025-06-30,0,614.9099731445312,0.7887333450127721,2025-06-29 12:49:52.353214,129.90997314453125,1.4799731445312432,129.90997314453125,-4.40997314453125,-4.40997314453125,0.0,0,6.434546372142777e-05,0.0,0.0,0.0,1.7705089599609374,0.0,0.0,OTM,6,6,50.0,2.1299999999999955,129.495,-3.9950000000000045,0.0,0
SPY250630C00490000,2025-06-20 14:09:07+00:00,490.0,107.4,123.43,125.56,0.0,0.0,2.0,2,1.5859395703124997,True,REGULAR,USD,SPY,2025-06-30,0,614.9099731445312,0.796864616610842,2025-06-29 12:49:52.353214,124.90997314453125,1.4799731445312432,124.90997314453125,-17.509973144531244,-17.509973144531244,0.0,0,6.434546372142777e-05,0.0,0.0,0.0,1.7085952070312498,0.0,0.0,OTM,6,6,0.6666666666666666,2.1299999999999955,124.495,-17.095,0.0,0
SPY250630C00491000,2025-06-11 15:34:27+00:00,491.0,113.67,122.43,124.56,0.0,0.0,2.0,0,1.5732443212890623,True,REGULAR,USD,SPY,2025-06-30,0,614.9099731445312,0.7984908709304559,2025-06-29 12:49:52.353214,123.90997314453125,1.4799731445312432,123.90997314453125,-10.239973144531248,-10.239973144531248,0.0,0,6.434546372142777e-05,0.0,0.0,0.0,1.6568376533203124,0.0,0.0,OTM,6,6,2.0,2.1299999999999955,123.495,-9.825000000000003,0.0,0
SPY250630C00492000,2025-06-17 18:20:56+00:00,492.0,105.72,121.43,123.56,0.0,0.0,1.0,0,1.5615256298828122,True,REGULAR,USD,SPY,2025-06-30,0,614.9099731445312,0.8001171252500698,2025-06-29 12:49:52.353214,122.90997314453125,1.4799731445312432,122.90997314453125,-17.18997314453125,-17.18997314453125,0.0,0,6.434546372142777e-05,0.0,0.0,0.0,1.6150409873046871,0.0,0.0,OTM,6,6,1.0,2.1299999999999955,122.495,-16.775000000000006,0.0,0
SPY250630C00493000,2025-06-11 18:37:33+00:00,493.0,109.13,120.43,122.56,0.0,0.0,1.0,0,1.5488303808593749,True,REGULAR,USD,SPY,2025-06-30,0,614.9099731445312,0.8017433795696838,2025-06-29 12:49:52.353214,121.90997314453125,1.4799731445312432,121.90997314453125,-12.779973144531255,-12.779973144531255,0.0,0,6.434546372142777e-05,0.0,0.0,0.0,1.5832052089843747,0.0,0.0,OTM,6,6,1.0,2.1299999999999955,121.495,-12.365000000000009,0.0,0
SPY250630C00494000,2025-06-11 18:37:33+00:00,494.0,108.11,119.43,121.56,0.0,0.0,1.0,0,1.537111689453125,True,REGULAR,USD,SPY,2025-06-30,0,614.9099731445312,0.8033696338892978,2025-06-29 12:49:52.353214,120.90997314453125,1.4799731445312432,120.90997314453125,-12.79997314453125,-12.79997314453125,0.0,0,6.434546372142777e-05,0.0,0.0,0.0,1.5613303183593747,0.0,0.0,OTM,6,6,1.0,2.1299999999999955,120.495,-12.385000000000005,0.0,0
SPY250630C00495000,2025-06-25 15:46:46+00:00,495.0,112.05,118.43,120.56,0.0,0.0,1.0,1,1.5249047192382812,True,REGULAR,USD,SPY,2025-06-30,0,614.9099731445312,0.8049958882089118,2025-06-29 12:49:52.353214,119.90997314453125,1.4799731445312432,119.90997314453125,-7.859973144531253,-7.859973144531253,0.0,0,6.434546372142777e-05,0.0,0.0,0.0,1.5491233481445312,0.0,0.0,OTM,6,6,0.5,2.1299999999999955,119.495,-7.445000000000007,0.0,0
SPY250630C00496000,2025-06-11 18:37:33+00:00,496.0,106.14,117.43,119.56,0.0,0.0,1.0,0,1.5126977490234377,True,REGULAR,USD,SPY,2025-06-30,0,614.9099731445312,0.8066221425285257,2025-06-29 12:49:52.353214,118.90997314453125,1.4799731445312432,118.90997314453125,-12.76997314453125,-12.76997314453125,0.0,0,6.434546372142777e-05,0.0,0.0,0.0,1.5370140336914062,0.0,0.0,OTM,6,6,1.0,2.1299999999999955,118.495,-12.355000000000004,0.0,0
SPY250630C00497000,2025-06-11 18:37:33+00:00,497.0,105.14,116.43,118.56,0.0,0.0,1.0,0,1.5009790576171875,True,REGULAR,USD,SPY,2025-06-30,0,614.9099731445312,0.8082483968481396,2025-06-29 12:49:52.353214,117.90997314453125,1.4799731445312432,117.90997314453125,-12.76997314453125,-12.76997314453125,0.0,0,6.434546372142777e-05,0.0,0.0,0.0,1.5249047192382812,0.0,0.0,OTM,6,6,1.0,2.1299999999999955,117.495,-12.355000000000004,0.0,0
SPY250630C00498000,2025-06-11 18:37:33+00:00,498.0,104.13,115.43,117.56,0.0,0.0,3.0,0,1.4882838085937498,True,REGULAR,USD,SPY,2025-06-30,0,614.9099731445312,0.8098746511677536,2025-06-29 12:49:52.353214,116.90997314453125,1.4799731445312432,116.90997314453125,-12.779973144531255,-12.779973144531255,0.0,0,6.434546372142777e-05,0.0,0.0,0.0,1.5127954047851562,0.0,0.0,OTM,6,6,3.0,2.1299999999999955,116.495,-12.365000000000009,0.0,0
SPY250630C00499000,2025-06-13 16:37:24+00:00,499.0,102.3,114.43,116.56,0.0,0.0,1.0,0,1.4765651171875,True,REGULAR,USD,SPY,2025-06-30,0,614.9099731445312,0.8115009054873676,2025-06-29 12:49:52.353214,115.90997314453125,1.4799731445312432,115.90997314453125,-13.609973144531253,-13.609973144531253,0.0,0,6.434546372142777e-05,0.0,0.0,0.0,1.5006860903320312,0.0,0.0,OTM,6,6,1.0,2.1299999999999955,115.495,-13.195000000000007,0.0,0
SPY250630C00500000,2025-06-27 15:40:41+00:00,500.0,116.0,113.43,115.56,5.040001,4.542178,12.0,19,1.46484642578125,True,REGULAR,USD,SPY,2025-06-30,0,614.9099731445312,0.8131271598069816,2025-06-29 12:49:52.353214,114.90997314453125,1.4799731445312432,114.90997314453125,1.09002685546875,1.09002685546875,0.0,1,0.9999569938392971,0.0,0.0,0.0,1.488674431640625,0.0,0.0,OTM,6,6,0.6,2.1299999999999955,114.495,1.5049999999999955,0.0,0
SPY250630C00501000,2025-06-20 16:41:17+00:00,501.0,94.98,112.43,114.56,0.0,0.0,2.0,4,1.4521511767578126,True,REGULAR,USD,SPY,2025-06-30,0,614.9099731445312,0.8147534141265955,2025-06-29 12:49:52.353214,113.90997314453125,1.4799731445312432,113.90997314453125,-18.929973144531246,-18.929973144531246,0.0,0,6.434546372142777e-05,0.0,0.0,0.0,1.4765651171875,0.0,0.0,OTM,6,6,0.4,2.1299999999999955,113.495,-18.515,0.0,0
SPY250630C00502000,2025-06-17 14:15:08+00:00,502.0,99.7,111.43,113.56,0.0,0.0,2.0,0,1.4404324853515624,True,REGULAR,USD,SPY,2025-06-30,0,614.9099731445312,0.8163796684462095,2025-06-29 12:49:52.353214,112.90997314453125,1.4799731445312432,112.90997314453125,-13.209973144531247,-13.209973144531247,0.0,0,6.434546372142777e-05,0.0,0.0,0.0,1.464455802734375,0.0,0.0,OTM,6,6,2.0,2.1299999999999955,112.495,-12.795000000000002,0.0,0
SPY250630C00503000,2025-04-29 16:56:00+00:00,503.0,56.98,86.56,89.93,0.0,0.0,2.0,80,1.0000000000000004e-05,True,REGULAR,USD,SPY,2025-06-30,0,614.9099731445312,0.8180059227658234,2025-06-29 12:49:52.353214,111.90997314453125,25.349973144531248,111.90997314453125,-54.92997314453125,-54.92997314453125,0.0,0,0.0016772466608818775,0.0,0.0,0.0,1.1668010410156249,0.0,0.0,OTM,6,6,0.024691358024691357,3.3700000000000045,88.245,-31.265000000000008,0.0,0
SPY250630C00504000,2025-04-28 18:01:40+00:00,504.0,53.72,85.15,86.36,0.0,0.0,2.0,167,1.0000000000000004e-05,True,REGULAR,USD,SPY,2025-06-30,0,614.9099731445312,0.8196321770854375,2025-06-29 12:49:52.353214,110.90997314453125,25.759973144531244,110.90997314453125,-57.18997314453125,-57.18997314453125,0.0,0,0.002237509452678336,0.0,0.0,0.0,0.871490017578125,0.0,0.0,OTM,6,6,0.011904761904761904,1.2099999999999937,85.755,-32.035,0.0,0
SPY250630C00505000,2025-06-18 17:54:28+00:00,505.0,95.0,108.43,110.57,0.0,0.0,15.0,1,1.408206083984375,True,REGULAR,USD,SPY,2025-06-30,0,614.9099731445312,0.8212584314050514,2025-06-29 12:49:52.353214,109.90997314453125,1.4799731445312432,109.90997314453125,-14.90997314453125,-14.90997314453125,0.0,0,6.434546372142777e-05,0.0,0.0,0.0,0.8601619492187499,0.0,0.0,OTM,6,6,7.5,2.1399999999999864,109.5,-14.5,0.0,0
SPY250630C00506000,2025-05-12 18:11:44+00:00,506.0,79.17,94.93,96.96,0.0,0.0,21.0,30,1.0000000000000004e-05,True,REGULAR,USD,SPY,2025-06-30,0,614.9099731445312,0.8228846857246653,2025-06-29 12:49:52.353214,108.90997314453125,13.979973144531243,108.90997314453125,-29.73997314453125,-29.73997314453125,0.0,0,0.001760556742811241,0.0,0.0,0.0,0.5697337138671875,0.0,0.0,OTM,6,6,0.6774193548387096,2.029999999999987,95.945,-16.77499999999999,0.0,0
SPY250630C00507000,2025-06-27 19:22:56+00:00,507.0,105.1,106.43,108.57,22.21,26.794546,4.0,0,1.3842804223632812,True,REGULAR,USD,SPY,2025-06-30,0,614.9099731445312,0.8245109400442793,2025-06-29 12:49:52.353214,107.90997314453125,1.4799731445312432,107.90997314453125,-2.8099731445312557,-2.8099731445312557,0.0,0,7.518223578630784e-05,0.0,0.0,0.0,0.5585033012695313,0.0,0.0,OTM,6,6,4.0,2.1399999999999864,107.5,-2.4000000000000057,0.0,0
SPY250630C00508000,2025-06-27 19:22:56+00:00,508.0,104.16,105.43,107.57,15.910004,18.028332,4.0,0,1.3720734521484377,True,REGULAR,USD,SPY,2025-06-30,0,614.9099731445312,0.8261371943638932,2025-06-29 12:49:52.353214,106.90997314453125,1.4799731445312432,106.90997314453125,-2.7499731445312534,-2.7499731445312534,0.0,0,0.00019623244555252496,0.0,0.0,0.0,0.8329159916992188,0.0,0.0,OTM,6,6,4.0,2.1399999999999864,106.5,-2.3400000000000034,0.0,0
SPY250630C00509000,2025-06-17 14:03:56+00:00,509.0,91.7,104.43,106.57,0.0,0.0,2.0,0,1.3603547607421875,True,REGULAR,USD,SPY,2025-06-30,0,614.9099731445312,0.8277634486835073,2025-06-29 12:49:52.353214,105.90997314453125,1.4799731445312432,105.90997314453125,-14.209973144531247,-14.209973144531247,0.0,0,6.434546372142777e-05,0.0,0.0,0.0,1.1049849438476564,0.0,0.0,OTM,6,6,2.0,2.1399999999999864,105.5,-13.799999999999997,0.0,0
SPY250630C00510000,2025-06-27 18:58:25+00:00,510.0,100.82,103.43,105.57,15.82,18.611765,22.0,9,1.3486360693359374,True,REGULAR,USD,SPY,2025-06-30,0,614.9099731445312,0.8293897030031212,2025-06-29 12:49:52.353214,104.90997314453125,1.4799731445312432,104.90997314453125,-4.089973144531257,-4.089973144531257,0.0,0,7.564286973806047e-05,0.0,0.0,0.0,1.0930709409179689,0.0,0.0,OTM,6,6,2.2,2.1399999999999864,104.5,-3.680000000000007,0.0,0
SPY250630C00511000,2025-06-18 18:54:30+00:00,511.0,87.26,102.43,104.57,0.0,0.0,1.0,0,1.3364290991210934,True,REGULAR,USD,SPY,2025-06-30,0,614.9099731445312,0.8310159573227351,2025-06-29 12:49:52.353214,103.90997314453125,1.4799731445312432,103.90997314453125,-16.649973144531245,-16.649973144531245,0.0,0,6.434546372142777e-05,0.0,0.0,0.0,1.3603547607421873,0.0,0.0,OTM,6,6,1.0,2.1399999999999864,103.5,-16.239999999999995,0.0,0
SPY250630C00512000,2025-06-18 18:54:30+00:00,512.0,86.24,101.43,103.57,0.0,0.0,1.0,0,1.32422212890625,True,REGULAR,USD,SPY,2025-06-30,0,614.9099731445312,0.8326422116423491,2025-06-29 12:49:52.353214,102.90997314453125,1.4799731445312432,102.90997314453125,-16.669973144531255,-16.669973144531255,0.0,0,6.434546372142777e-05,0.0,0.0,0.0,1.3483431020507812,0.0,0.0,OTM,6,6,1.0,2.1399999999999864,102.5,-16.260000000000005,0.0,0
SPY250630C00513000,2025-06-16 15:18:51+00:00,513.0,91.27,100.43,102.57,0.0,0.0,1.0,0,1.3125034374999998,True,REGULAR,USD,SPY,2025-06-30,0,614.9099731445312,0.834268465961963,2025-06-29 12:49:52.353214,101.90997314453125,1.4799731445312432,101.90997314453125,-10.639973144531254,-10.639973144531254,0.0,0,6.434546372142777e-05,0.0,0.0,0.0,1.3364290991210936,0.0,0.0,OTM,6,6,1.0,2.1399999999999864,101.5,-10.230000000000004,0.0,0
SPY250630C00514000,2025-06-18 18:57:01+00:00,514.0,83.65,99.43,101.57,0.0,0.0,1.0,0,1.3007847460937496,True,REGULAR,USD,SPY,2025-06-30,0,614.9099731445312,0.8358947202815771,2025-06-29 12:49:52.353214,100.90997314453125,1.4799731445312432,100.90997314453125,-17.259973144531244,-17.259973144531244,0.0,0,6.434546372142777e-05,0.0,0.0,0.0,1.324515096191406,0.0,0.0,OTM,6,6,1.0,2.1399999999999864,100.5,-16.849999999999994,0.0,0
SPY250630C00515000,2025-06-20 15:07:56+00:00,515.0,80.0,98.43,100.57,0.0,0.0,21.0,26,1.2890660546875,True,REGULAR,USD,SPY,2025-06-30,0,614.9099731445312,0.837520974601191,2025-06-29 12:49:52.353214,99.90997314453125,1.4799731445312432,99.90997314453125,-19.90997314453125,-19.90997314453125,0.0,0,6.434546372142777e-05,0.0,0.0,0.0,1.3126010932617187,0.0,0.0,OTM,6,6,0.7777777777777778,2.1399999999999864,99.5,-19.5,0.0,0
SPY250630C00516000,2025-06-16 13:32:43+00:00,516.0,85.4,97.43,99.57,0.0,0.0,2.0,0,1.276859084472656,True,REGULAR,USD,SPY,2025-06-30,0,614.9099731445312,0.839147228920805,2025-06-29 12:49:52.353214,98.90997314453125,1.4799731445312432,98.90997314453125,-13.509973144531244,-13.509973144531244,0.0,0,6.434546372142777e-05,0.0,0.0,0.0,1.3006870903320311,0.0,0.0,OTM,6,6,2.0,2.1399999999999864,98.5,-13.099999999999994,0.0,0
SPY250630C00517000,2025-05-02 14:13:55+00:00,517.0,56.04,72.71,75.27,0.0,0.0,1.0,88,1.0000000000000004e-05,True,REGULAR,USD,SPY,2025-06-30,0,614.9099731445312,0.8407734832404189,2025-06-29 12:49:52.353214,97.90997314453125,25.199973144531256,97.90997314453125,-41.86997314453125,-41.86997314453125,0.0,0,0.0016772466608818775,0.0,0.0,0.0,1.035844664550781,0.0,0.0,OTM,6,6,0.011235955056179775,2.5600000000000023,73.99,-17.949999999999996,0.0,0
SPY250630C00518000,2025-06-27 15:41:01+00:00,518.0,98.05,95.43,97.57,17.220001,21.303972,1.0,2,1.2529334228515625,True,REGULAR,USD,SPY,2025-06-30,0,614.9099731445312,0.842399737560033,2025-06-29 12:49:52.353214,96.90997314453125,1.4799731445312432,96.90997314453125,1.1400268554687472,1.1400268554687472,0.0,1,0.9999569938392971,0.0,0.0,0.0,1.0239306616210935,0.0,0.0,OTM,6,6,0.3333333333333333,2.1399999999999864,96.5,1.5499999999999972,0.0,0
SPY250630C00519000,2025-06-13 14:02:29+00:00,519.0,79.49,94.43,96.57,0.0,0.0,2.0,0,1.241214731445312,True,REGULAR,USD,SPY,2025-06-30,0,614.9099731445312,0.8440259918796469,2025-06-29 12:49:52.353214,95.90997314453125,1.4799731445312432,95.90997314453125,-16.419973144531255,-16.419973144531255,0.0,0,6.434546372142777e-05,0.0,0.0,0.0,1.012016658691406,0.0,0.0,OTM,6,6,2.0,2.1399999999999864,95.5,-16.010000000000005,0.0,0
SPY250630C00520000,2025-06-27 14:18:35+00:00,520.0,95.0,93.43,95.57,3.5100021,3.8364873,1.0,159,1.2294960400390624,True,REGULAR,USD,SPY,2025-06-30,0,614.9099731445312,0.8456522461992608,2025-06-29 12:49:52.353214,94.90997314453125,1.4799731445312432,94.90997314453125,0.09002685546875,0.09002685546875,0.0,1,0.9993300840758766,0.0,0.0,0.0,1.0001026557617185,0.0,0.0,OTM,6,6,0.00625,2.1399999999999864,94.5,0.5,0.0,0
SPY250630C00521000,2025-06-11 18:37:32+00:00,521.0,81.21,92.43,94.57,0.0,0.0,1.0,6,1.2177773486328125,True,REGULAR,USD,SPY,2025-06-30,0,614.9099731445312,0.8472785005188748,2025-06-29 12:49:52.353214,93.90997314453125,1.4799731445312432,93.90997314453125,-12.699973144531256,-12.699973144531256,0.0,0,6.434546372142777e-05,0.0,0.0,0.0,0.9882863085937499,0.0,0.0,OTM,6,6,0.14285714285714285,2.1399999999999864,93.5,-12.290000000000006,0.0,0
SPY250630C00522000,2025-06-20 13:57:54+00:00,522.0,76.34,91.43,93.57,0.0,0.0,3.0,1,1.2060586572265624,True,REGULAR,USD,SPY,2025-06-30,0,614.9099731445312,0.8489047548384887,2025-06-29 12:49:52.353214,92.90997314453125,1.4799731445312432,92.90997314453125,-16.569973144531247,-16.569973144531247,0.0,0,6.434546372142777e-05,0.0,0.0,0.0,1.2294960400390624,0.0,0.0,OTM,6,6,1.5,2.1399999999999864,92.5,-16.159999999999997,0.0,0
SPY250630C00523000,2025-06-18 19:00:57+00:00,523.0,73.86,90.43,92.57,0.0,0.0,3.0,0,1.1938516870117186,True,REGULAR,USD,SPY,2025-06-30,0,614.9099731445312,0.8505310091581028,2025-06-29 12:49:52.353214,91.90997314453125,1.4799731445312432,91.90997314453125,-18.04997314453125,-18.04997314453125,0.0,0,6.434546372142777e-05,0.0,0.0,0.0,1.2176796928710936,0.0,0.0,OTM,6,6,3.0,2.1399999999999864,91.5,-17.64,0.0,0
SPY250630C00524000,2025-06-26 13:40:51+00:00,524.0,85.0,89.43,91.57,0.0,0.0,2.0,2,1.1821329956054685,True,REGULAR,USD,SPY,2025-06-30,0,614.9099731445312,0.8521572634777167,2025-06-29 12:49:52.353214,90.90997314453125,1.4799731445312432,90.90997314453125,-5.90997314453125,-5.90997314453125,0.0,0,6.434546372142777e-05,0.0,0.0,0.0,1.205863345703125,0.0,0.0,OTM,6,6,0.6666666666666666,2.1399999999999864,90.5,-5.5,0.0,0
SPY250630C00525000,2025-06-27 13:37:35+00:00,525.0,88.27,88.43,90.57,18.269997,26.099995,1.0,22,1.1704143041992188,True,REGULAR,USD,SPY,2025-06-30,0,614.9099731445312,0.8537835177973306,2025-06-29 12:49:52.353214,89.90997314453125,1.4799731445312432,89.90997314453125,-1.639973144531254,-1.639973144531254,0.0,0,0.01617103053417219,0.0,0.0,0.0,1.194046998535156,0.0,0.0,OTM,6,6,0.043478260869565216,2.1399999999999864,89.5,-1.230000000000004,0.0,0
SPY250630C00526000,2025-06-20 17:35:17+00:00,526.0,68.31,87.43,89.57,0.0,0.0,1.0,1,1.1586956127929686,True,REGULAR,USD,SPY,2025-06-30,0,614.9099731445312,0.8554097721169446,2025-06-29 12:49:52.353214,88.90997314453125,1.4799731445312432,88.90997314453125,-20.599973144531248,-20.599973144531248,0.0,0,6.434546372142777e-05,0.0,0.0,0.0,1.1822306513671872,0.0,0.0,OTM,6,6,0.5,2.1399999999999864,88.5,-20.189999999999998,0.0,0
SPY250630C00527000,2025-06-18 19:03:47+00:00,527.0,70.5,86.44,88.57,0.0,0.0,4.0,0,1.1464886425781249,True,REGULAR,USD,SPY,2025-06-30,0,614.9099731445312,0.8570360264365585,2025-06-29 12:49:52.353214,87.90997314453125,1.4699731445312523,87.90997314453125,-17.40997314453125,-17.40997314453125,0.0,0,6.434546372142777e-05,0.0,0.0,0.0,1.1703166484375,0.0,0.0,OTM,6,6,4.0,2.1299999999999955,87.505,-17.004999999999995,0.0,0
SPY250630C00528000,2025-06-26 16:57:00+00:00,528.0,82.75,85.44,87.57,0.0,0.0,1.0,7,1.1347699511718752,True,REGULAR,USD,SPY,2025-06-30,0,614.9099731445312,0.8586622807561726,2025-06-29 12:49:52.353214,86.90997314453125,1.4699731445312523,86.90997314453125,-4.15997314453125,-4.15997314453125,0.0,0,6.434546372142777e-05,0.0,0.0,0.0,1.1585003012695312,0.0,0.0,OTM,6,6,0.125,2.1299999999999955,86.505,-3.7549999999999955,0.0,0
SPY250630C00529000,2025-06-18 19:05:43+00:00,529.0,69.07,84.44,86.57,0.0,0.0,2.0,0,1.123051259765625,True,REGULAR,USD,SPY,2025-06-30,0,614.9099731445312,0.8602885350757865,2025-06-29 12:49:52.353214,85.90997314453125,1.4699731445312523,85.90997314453125,-16.839973144531257,-16.839973144531257,0.0,0,6.434546372142777e-05,0.0,0.0,0.0,1.1466839541015625,0.0,0.0,OTM,6,6,2.0,2.1299999999999955,85.505,-16.435000000000002,0.0,0
SPY250630C00530000,2025-06-26 18:52:25+00:00,530.0,81.51,83.43,85.57,0.0,0.0,1.0,3,1.111332568359375,True,REGULAR,USD,SPY,2025-06-30,0,614.9099731445312,0.8619147893954004,2025-06-29 12:49:52.353214,84.90997314453125,1.4799731445312432,84.90997314453125,-3.399973144531245,-3.399973144531245,0.0,0,7.017548866671225e-05,0.0,0.0,0.0,1.1348676069335937,0.0,0.0,OTM,6,6,0.25,2.1399999999999864,84.5,-2.989999999999995,0.0,0
SPY250630C00531000,2025-06-18 19:15:16+00:00,531.0,67.37,82.43,84.57,0.0,0.0,2.0,0,1.0996138769531252,True,REGULAR,USD,SPY,2025-06-30,0,614.9099731445312,0.8635410437150144,2025-06-29 12:49:52.353214,83.90997314453125,1.4799731445312432,83.90997314453125,-16.539973144531245,-16.539973144531245,0.0,0,6.434546372142777e-05,0.0,0.0,0.0,1.123051259765625,0.0,0.0,OTM,6,6,2.0,2.1399999999999864,83.5,-16.129999999999995,0.0,0
SPY250630C00532000,2025-06-20 14:01:52+00:00,532.0,66.08,81.43,83.57,0.0,0.0,29.0,18,1.087895185546875,True,REGULAR,USD,SPY,2025-06-30,0,614.9099731445312,0.8651672980346283,2025-06-29 12:49:52.353214,82.90997314453125,1.4799731445312432,82.90997314453125,-16.82997314453125,-16.82997314453125,0.0,0,6.434546372142777e-05,0.0,0.0,0.0,1.111332568359375,0.0,0.0,OTM,6,6,1.5263157894736843,2.1399999999999864,82.5,-16.42,0.0,0
SPY250630C00533000,2025-06-26 19:23:13+00:00,533.0,79.0,80.43,82.57,0.0,0.0,5.0,5,1.076176494140625,True,REGULAR,USD,SPY,2025-06-30,0,614.9099731445312,0.8667935523542424,2025-06-29 12:49:52.353214,81.90997314453125,1.4799731445312432,81.90997314453125,-2.90997314453125,-2.90997314453125,0.0,0,7.017548866671225e-05,0.0,0.0,0.0,1.0996138769531252,0.0,0.0,OTM,6,6,0.8333333333333334,2.1399999999999864,81.5,-2.5,0.0,0
SPY250630C00534000,2025-06-18 18:53:04+00:00,534.0,64.78,79.43,81.57,0.0,0.0,7.0,0,1.0644578027343752,True,REGULAR,USD,SPY,2025-06-30,0,614.9099731445312,0.8684198066738563,2025-06-29 12:49:52.353214,80.90997314453125,1.4799731445312432,80.90997314453125,-16.12997314453125,-16.12997314453125,0.0,0,6.434546372142777e-05,0.0,0.0,0.0,1.087895185546875,0.0,0.0,OTM,6,6,7.0,2.1399999999999864,80.5,-15.719999999999999,0.0,0
SPY250630C00535000,2025-06-20 15:02:18+00:00,535.0,59.68,78.44,80.57,0.0,0.0,42.0,17,1.052739111328125,True,REGULAR,USD,SPY,2025-06-30,0,614.9099731445312,0.8700460609934703,2025-06-29 12:49:52.353214,79.90997314453125,1.4699731445312523,79.90997314453125,-20.22997314453125,-20.22997314453125,0.0,0,6.434546372142777e-05,0.0,0.0,0.0,1.076176494140625,0.0,0.0,OTM,6,6,2.3333333333333335,2.1299999999999955,79.505,-19.824999999999996,0.0,0
SPY250630C00536000,2025-06-20 13:31:16+00:00,536.0,62.41,77.44,79.57,0.0,0.0,5.0,5,1.041020419921875,True,REGULAR,USD,SPY,2025-06-30,0,614.9099731445312,0.8716723153130842,2025-06-29 12:49:52.353214,78.90997314453125,1.4699731445312523,78.90997314453125,-16.499973144531253,-16.499973144531253,0.0,0,6.434546372142777e-05,0.0,0.0,0.0,1.0644578027343752,0.0,0.0,OTM,6,6,0.8333333333333334,2.1299999999999955,78.505,-16.095,0.0,0
SPY250630C00537000,2025-06-24 13:59:02+00:00,537.0,67.4,76.44,78.57,0.0,0.0,2.0,1,1.0293017285156252,True,REGULAR,USD,SPY,2025-06-30,0,614.9099731445312,0.8732985696326981,2025-06-29 12:49:52.353214,77.90997314453125,1.4699731445312523,77.90997314453125,-10.509973144531244,-10.509973144531244,0.0,0,6.434546372142777e-05,0.0,0.0,0.0,1.052739111328125,0.0,0.0,OTM,6,6,1.0,2.1299999999999955,77.505,-10.10499999999999,0.0,0
SPY250630C00538000,2025-06-18 19:08:25+00:00,538.0,59.83,75.44,77.57,0.0,0.0,9.0,1,1.017583037109375,True,REGULAR,USD,SPY,2025-06-30,0,614.9099731445312,0.8749248239523122,2025-06-29 12:49:52.353214,76.90997314453125,1.4699731445312523,76.90997314453125,-17.07997314453125,-17.07997314453125,0.0,0,6.434546372142777e-05,0.0,0.0,0.0,1.041020419921875,0.0,0.0,OTM,6,6,4.5,2.1299999999999955,76.505,-16.674999999999997,0.0,0
SPY250630C00539000,2025-06-18 19:12:29+00:00,539.0,58.47,74.44,76.57,0.0,0.0,5.0,0,1.0058643457031249,True,REGULAR,USD,SPY,2025-06-30,0,614.9099731445312,0.8765510782719261,2025-06-29 12:49:52.353214,75.90997314453125,1.4699731445312523,75.90997314453125,-17.43997314453125,-17.43997314453125,0.0,0,6.434546372142777e-05,0.0,0.0,0.0,1.029301728515625,0.0,0.0,OTM,6,6,5.0,2.1299999999999955,75.505,-17.034999999999997,0.0,0
SPY250630C00540000,2025-06-27 19:58:58+00:00,540.0,75.07,73.44,75.57,9.050003,13.7079735,32.0,101,0.99414068359375,True,REGULAR,USD,SPY,2025-06-30,0,614.9099731445312,0.8781773325915401,2025-06-29 12:49:52.353214,74.90997314453125,1.4699731445312523,74.90997314453125,0.16002685546874318,0.16002685546874318,0.0,1,0.9995632337171864,0.0,0.0,0.0,1.0175820429687499,0.0,0.0,OTM,6,6,0.3137254901960784,2.1299999999999955,74.505,0.5649999999999977,0.0,0
SPY250630C00541000,2025-06-18 20:12:36+00:00,541.0,56.86,72.44,74.58,0.0,0.0,6.0,0,0.9853517089843752,True,REGULAR,USD,SPY,2025-06-30,0,614.9099731445312,0.879803586911154,2025-06-29 12:49:52.353214,73.90997314453125,1.4699731445312523,73.90997314453125,-17.04997314453125,-17.04997314453125,0.0,0,6.434546372142777e-05,0.0,0.0,0.0,1.0064483007812501,0.0,0.0,OTM,6,6,6.0,2.1400000000000006,73.50999999999999,-16.64999999999999,0.0,0
SPY250630C00542000,2025-06-25 13:58:29+00:00,542.0,66.53,71.44,73.58,0.0,0.0,4.0,4,0.973633076171875,True,REGULAR,USD,SPY,2025-06-30,0,614.9099731445312,0.8814298412307681,2025-06-29 12:49:52.353214,72.90997314453125,1.4699731445312523,72.90997314453125,-6.379973144531249,-6.379973144531249,0.0,0,6.434546372142777e-05,0.0,0.0,0.0,0.9953145703125001,0.0,0.0,OTM,6,6,0.8,2.1400000000000006,72.50999999999999,-5.97999999999999,0.0,0
SPY250630C00543000,2025-06-18 20:13:24+00:00,543.0,54.94,70.44,72.58,0.0,0.0,6.0,1,0.9619144433593748,True,REGULAR,USD,SPY,2025-06-30,0,614.9099731445312,0.883056095550382,2025-06-29 12:49:52.353214,71.90997314453125,1.4699731445312523,71.90997314453125,-16.969973144531252,-16.969973144531252,0.0,0,6.434546372142777e-05,0.0,0.0,0.0,0.9841808515625001,0.0,0.0,OTM,6,6,3.0,2.1400000000000006,71.50999999999999,-16.569999999999993,0.0,0
SPY250630C00544000,2025-06-27 13:52:02+00:00,544.0,70.0,69.44,71.58,16.060001,29.773825,1.0,1,0.9497075341796876,True,REGULAR,USD,SPY,2025-06-30,0,614.9099731445312,0.8846823498699959,2025-06-29 12:49:52.353214,70.90997314453125,1.4699731445312523,70.90997314453125,-0.90997314453125,-0.90997314453125,0.0,1,0.9937892334871873,0.0,0.0,0.0,0.9729494892578124,0.0,0.0,OTM,6,6,0.5,2.1400000000000006,70.50999999999999,-0.5099999999999909,0.0,0
SPY250630C00545000,2025-06-25 19:52:57+00:00,545.0,62.07,68.44,70.58,0.0,0.0,1.0,18,0.9379889013671876,True,REGULAR,USD,SPY,2025-06-30,0,614.9099731445312,0.8863086041896099,2025-06-29 12:49:52.353214,69.90997314453125,1.4699731445312523,69.90997314453125,-7.83997314453125,-7.83997314453125,0.0,0,6.434546372142777e-05,0.0,0.0,0.0,0.9617191328125001,0.0,0.0,OTM,6,6,0.05263157894736842,2.1400000000000006,69.50999999999999,-7.439999999999991,0.0,0
SPY250630C00546000,2025-06-27 15:40:41+00:00,546.0,70.0,67.44,69.58,18.46,35.81684,32.0,33,0.9262702685546876,True,REGULAR,USD,SPY,2025-06-30,0,614.9099731445312,0.8879348585092238,2025-06-29 12:49:52.353214,68.90997314453125,1.4699731445312523,68.90997314453125,1.09002685546875,1.09002685546875,0.0,1,0.9999595157666364,0.0,0.0,0.0,0.9499028447265625,0.0,0.0,OTM,6,6,0.9411764705882353,2.1400000000000006,68.50999999999999,1.490000000000009,0.0,0
SPY250630C00547000,2025-06-20 15:01:03+00:00,547.0,47.63,66.44,68.58,0.0,0.0,1.0,2,0.9145516357421876,True,REGULAR,USD,SPY,2025-06-30,0,614.9099731445312,0.8895611128288379,2025-06-29 12:49:52.353214,67.90997314453125,1.4699731445312523,67.90997314453125,-20.279973144531247,-20.279973144531247,0.0,0,6.434546372142777e-05,0.0,0.0,0.0,0.938086556640625,0.0,0.0,OTM,6,6,0.3333333333333333,2.1400000000000006,67.50999999999999,-19.87999999999999,0.0,0
SPY250630C00548000,2025-06-18 20:14:57+00:00,548.0,49.89,65.44,67.58,0.0,0.0,4.0,3,0.9028330029296876,True,REGULAR,USD,SPY,2025-06-30,0,614.9099731445312,0.8911873671484518,2025-06-29 12:49:52.353214,66.90997314453125,1.4699731445312523,66.90997314453125,-17.01997314453125,-17.01997314453125,0.0,0,6.434546372142777e-05,0.0,0.0,0.0,0.9262702685546877,0.0,0.0,OTM,6,6,1.0,2.1400000000000006,66.50999999999999,-16.61999999999999,0.0,0
SPY250630C00549000,2025-06-27 14:15:25+00:00,549.0,66.26,64.44,66.58,7.9900017,13.712033,12.0,16,0.8911143701171874,True,REGULAR,USD,SPY,2025-06-30,0,614.9099731445312,0.8928136214680658,2025-06-29 12:49:52.353214,65.90997314453125,1.4699731445312523,65.90997314453125,0.3500268554687551,0.3500268554687551,0.0,1,0.9997294074763751,0.0,0.0,0.0,0.9145516357421876,0.0,0.0,OTM,6,6,0.7058823529411765,2.1400000000000006,65.50999999999999,0.7500000000000142,0.0,0
SPY250630C00550000,2025-06-27 19:59:53+00:00,550.0,65.0,63.44,65.58,3.5,5.691057,94.0,74,0.8793957373046875,True,REGULAR,USD,SPY,2025-06-30,0,614.9099731445312,0.8944398757876797,2025-06-29 12:49:52.353214,64.90997314453125,1.4699731445312523,64.90997314453125,0.09002685546875,0.09002685546875,0.0,1,0.9992973695749221,0.0,0.0,0.0,0.9028330029296875,0.0,0.0,OTM,6,6,1.2533333333333334,2.1400000000000006,64.50999999999999,0.4900000000000091,0.0,0
SPY250630C00551000,2025-06-18 19:05:19+00:00,551.0,46.92,62.44,64.58,0.0,0.0,12.0,0,0.8676771044921875,True,REGULAR,USD,SPY,2025-06-30,0,614.9099731445312,0.8960661301072936,2025-06-29 12:49:52.353214,63.90997314453125,1.4699731445312523,63.90997314453125,-16.98997314453125,-16.98997314453125,0.0,0,6.434546372142777e-05,0.0,0.0,0.0,0.8911143701171875,0.0,0.0,OTM,6,6,12.0,2.1400000000000006,63.51,-16.589999999999996,0.0,0
SPY250630C00552000,2025-06-20 13:46:02+00:00,552.0,48.42,61.44,63.58,0.0,0.0,1.0,1,0.8559584716796875,True,REGULAR,USD,SPY,2025-06-30,0,614.9099731445312,0.8976923844269077,2025-06-29 12:49:52.353214,62.90997314453125,1.4699731445312523,62.90997314453125,-14.489973144531248,-14.489973144531248,0.0,0,6.434546372142777e-05,0.0,0.0,0.0,0.8793957373046876,0.0,0.0,OTM,6,6,0.5,2.1400000000000006,62.51,-14.089999999999996,0.0,0
SPY250630C00553000,2025-06-26 15:16:51+00:00,553.0,57.72,60.44,62.58,0.0,0.0,2.0,2,0.8442398388671875,True,REGULAR,USD,SPY,2025-06-30,0,614.9099731445312,0.8993186387465216,2025-06-29 12:49:52.353214,61.90997314453125,1.4699731445312523,61.90997314453125,-4.189973144531251,-4.189973144531251,0.0,0,6.434546372142777e-05,0.0,0.0,0.0,0.8676771044921875,0.0,0.0,OTM,6,6,0.6666666666666666,2.1400000000000006,61.51,-3.789999999999999,0.0,0
SPY250630C00554000,2025-06-23 16:02:41+00:00,554.0,42.22,59.44,61.58,0.0,0.0,3.0,4,0.8325212060546874,True,REGULAR,USD,SPY,2025-06-30,0,614.9099731445312,0.9009448930661356,2025-06-29 12:49:52.353214,60.90997314453125,1.4699731445312523,60.90997314453125,-18.68997314453125,-18.68997314453125,0.0,0,6.434546372142777e-05,0.0,0.0,0.0,0.8559584716796873,0.0,0.0,OTM,6,6,0.6,2.1400000000000006,60.51,-18.29,0.0,0
SPY250630C00555000,2025-06-20 18:20:00+00:00,555.0,41.27,58.44,60.58,0.0,0.0,40.0,44,0.8208025732421874,True,REGULAR,USD,SPY,2025-06-30,0,614.9099731445312,0.9025711473857496,2025-06-29 12:49:52.353214,59.90997314453125,1.4699731445312523,59.90997314453125,-18.639973144531247,-18.639973144531247,0.0,0,6.434546372142777e-05,0.0,0.0,0.0,0.8442398388671875,0.0,0.0,OTM,6,6,0.8888888888888888,2.1400000000000006,59.51,-18.239999999999995,0.0,0
SPY250630C00556000,2025-06-23 19:54:00+00:00,556.0,44.87,57.44,59.58,0.0,0.0,2.0,5,0.8090839404296875,True,REGULAR,USD,SPY,2025-06-30,0,614.9099731445312,0.9041974017053634,2025-06-29 12:49:52.353214,58.90997314453125,1.4699731445312523,58.90997314453125,-14.039973144531253,-14.039973144531253,0.0,0,6.434546372142777e-05,0.0,0.0,0.0,0.8325212060546875,0.0,0.0,OTM,6,6,0.3333333333333333,2.1400000000000006,58.51,-13.64,0.0,0
SPY250630C00557000,2025-06-20 15:19:52+00:00,557.0,39.49,56.45,58.58,0.0,0.0,2.0,4,0.7973653076171875,True,REGULAR,USD,SPY,2025-06-30,0,614.9099731445312,0.9058236560249776,2025-06-29 12:49:52.353214,57.90997314453125,1.4599731445312472,57.90997314453125,-18.419973144531248,-18.419973144531248,0.0,0,6.434546372142777e-05,0.0,0.0,0.0,0.8208025732421873,0.0,0.0,OTM,6,6,0.4,2.1299999999999955,57.515,-18.025,0.0,0
SPY250630C00558000,2025-06-26 15:47:12+00:00,558.0,52.73,55.44,57.58,0.0,0.0,1.0,4,0.7856466748046875,True,REGULAR,USD,SPY,2025-06-30,0,614.9099731445312,0.9074499103445914,2025-06-29 12:49:52.353214,56.90997314453125,1.4699731445312523,56.90997314453125,-4.179973144531253,-4.179973144531253,0.0,0,6.743982381555157e-05,0.0,0.0,0.0,0.8090839404296875,0.0,0.0,OTM,6,6,0.2,2.1400000000000006,56.51,-3.780000000000001,0.0,0
SPY250630C00559000,2025-06-26 19:03:07+00:00,559.0,52.69,54.44,56.58,0.0,0.0,5.0,9,0.7739280419921876,True,REGULAR,USD,SPY,2025-06-30,0,614.9099731445312,0.9090761646642054,2025-06-29 12:49:52.353214,55.90997314453125,1.4699731445312523,55.90997314453125,-3.2199731445312523,-3.2199731445312523,0.0,0,7.355019283716773e-05,0.0,0.0,0.0,0.7973653076171875,0.0,0.0,OTM,6,6,0.5,2.1400000000000006,55.51,-2.8200000000000003,0.0,0
SPY250630C00560000,2025-06-27 14:18:41+00:00,560.0,55.04,53.45,55.58,4.3100014,8.495962,43.0,104,0.7622094091796876,True,REGULAR,USD,SPY,2025-06-30,0,614.9099731445312,0.9107024189838192,2025-06-29 12:49:52.353214,54.90997314453125,1.4599731445312472,54.90997314453125,0.13002685546874915,0.13002685546874915,0.0,1,0.9993324021357466,0.0,0.0,0.0,0.7856466748046875,0.0,0.0,OTM,6,6,0.4095238095238095,2.1299999999999955,54.515,0.5249999999999986,0.0,0
SPY250630C00561000,2025-06-24 13:44:14+00:00,561.0,44.68,52.45,54.58,0.0,0.0,1.0,116,0.7504907763671875,True,REGULAR,USD,SPY,2025-06-30,0,614.9099731445312,0.9123286733034331,2025-06-29 12:49:52.353214,53.90997314453125,1.4599731445312472,53.90997314453125,-9.22997314453125,-9.22997314453125,0.0,0,6.424339460567091e-05,0.0,0.0,0.0,0.7739280419921876,0.0,0.0,OTM,6,6,0.008547008547008548,2.1299999999999955,53.515,-8.835,0.0,0
SPY250630C00562000,2025-06-27 19:55:23+00:00,562.0,52.66,51.45,53.58,7.970001,17.833971,8.0,184,0.7385280053710936,True,REGULAR,USD,SPY,2025-06-30,0,614.9099731445312,0.9139549276230472,2025-06-29 12:49:52.353214,52.90997314453125,1.4599731445312472,52.90997314453125,-0.2499731445312534,-0.2499731445312534,0.0,1,0.9989205925482331,0.0,0.0,0.0,0.7621605815429687,0.0,0.0,OTM,6,6,0.043243243243243246,2.1299999999999955,52.515,0.14499999999999602,0.0,0
SPY250630C00563000,2025-06-23 17:39:10+00:00,563.0,36.62,50.45,52.58,0.0,0.0,4.0,422,0.726565234375,True,REGULAR,USD,SPY,2025-06-30,0,614.9099731445312,0.9155811819426612,2025-06-29 12:49:52.353214,51.90997314453125,1.4599731445312472,51.90997314453125,-15.289973144531253,-15.289973144531253,0.0,0,6.757392872942847e-05,0.0,0.0,0.0,0.7503442934570312,0.0,0.0,OTM,6,6,0.009456264775413711,2.1299999999999955,51.515,-14.895000000000003,0.0,0
SPY250630C00564000,2025-06-26 15:13:10+00:00,564.0,46.73,49.45,51.59,0.0,0.0,1.0,1093,0.7172879833984375,True,REGULAR,USD,SPY,2025-06-30,0,614.9099731445312,0.9172074362622752,2025-06-29 12:49:52.353214,50.90997314453125,1.4599731445312472,50.90997314453125,-4.179973144531253,-4.179973144531253,0.0,0,8.065423174033454e-05,0.0,0.0,0.0,0.7390162817382813,0.0,0.0,OTM,6,6,0.0009140767824497258,2.1400000000000006,50.52,-3.7900000000000063,0.0,0
SPY250630C00565000,2025-06-27 19:57:01+00:00,565.0,49.86,48.45,50.59,3.6599998,7.922077,17.0,1083,0.7050810742187501,True,REGULAR,USD,SPY,2025-06-30,0,614.9099731445312,0.9188336905818892,2025-06-29 12:49:52.353214,49.90997314453125,1.4599731445312472,49.90997314453125,-0.04997314453125057,-0.04997314453125057,0.0,1,0.9990105427664409,0.0,0.0,0.0,0.7275906147460937,0.0,0.0,OTM,6,6,0.015682656826568265,2.1400000000000006,49.52,0.3399999999999963,0.0,0
SPY250630C00566000,2025-06-27 15:19:40+00:00,566.0,49.15,47.45,49.59,8.460003,20.791357,1.0,852,0.69336244140625,True,REGULAR,USD,SPY,2025-06-30,0,614.9099731445312,0.9204599449015032,2025-06-29 12:49:52.353214,48.90997314453125,1.4599731445312472,48.90997314453125,0.24002685546874858,0.24002685546874858,0.0,1,0.999757783817749,0.0,0.0,0.0,0.7161649477539063,0.0,0.0,OTM,6,6,0.0011723329425556857,2.1400000000000006,48.52,0.6299999999999955,0.0,0
SPY250630C00567000,2025-06-27 18:04:37+00:00,567.0,47.32,46.45,48.59,2.5900002,5.7902975,5.0,1070,0.6816438085937502,True,REGULAR,USD,SPY,2025-06-30,0,614.9099731445312,0.9220861992211172,2025-06-29 12:49:52.353214,47.90997314453125,1.4599731445312472,47.90997314453125,-0.5899731445312497,-0.5899731445312497,0.0,1,0.997877688666132,0.0,0.0,0.0,0.7047881083984375,0.0,0.0,OTM,6,6,0.004668534080298786,2.1400000000000006,47.52,-0.20000000000000284,0.0,0
SPY250630C00568000,2025-06-27 17:50:29+00:00,568.0,45.78,45.45,47.59,2.0699997,4.735758,4.0,1280,0.6699251757812501,True,REGULAR,USD,SPY,2025-06-30,0,614.9099731445312,0.9237124535407312,2025-06-29 12:49:52.353214,46.90997314453125,1.4599731445312472,46.90997314453125,-1.1299731445312489,-1.1299731445312489,0.0,1,0.9835146016685028,0.0,0.0,0.0,0.6934600966796876,0.0,0.0,OTM,6,6,0.00312256049960968,2.1400000000000006,46.52,-0.740000000000002,0.0,0
SPY250630C00569000,2025-06-27 19:22:00+00:00,569.0,43.26,44.45,46.59,0.45999908,1.0747643,1.0,1192,0.6577182666015625,True,REGULAR,USD,SPY,2025-06-30,0,614.9099731445312,0.925338707860345,2025-06-29 12:49:52.353214,45.90997314453125,1.4599731445312472,45.90997314453125,-2.649973144531252,-2.649973144531252,0.0,0,0.0005341525704979877,0.0,0.0,0.0,0.6815461533203127,0.0,0.0,OTM,6,6,0.0008382229673093043,2.1400000000000006,45.52,-2.260000000000005,0.0,0
SPY250630C00570000,2025-06-27 20:01:30+00:00,570.0,44.58,43.92,45.59,2.880001,6.9064775,27.0,4135,0.6459996337890624,True,REGULAR,USD,SPY,2025-06-30,0,614.9099731445312,0.9269649621799588,2025-06-29 12:49:52.353214,44.90997314453125,0.9899731445312483,44.90997314453125,-0.3299731445312517,-0.3299731445312517,0.0,1,0.9979011502045453,0.0,0.0,0.0,0.669729865234375,0.0,0.0,OTM,6,6,0.006528046421663443,1.6700000000000017,44.755,-0.17500000000000426,0.0,0
SPY250630C00571000,2025-06-26 14:12:31+00:00,571.0,38.62,42.45,44.59,0.0,0.0,1.0,538,0.6340368627929689,True,REGULAR,USD,SPY,2025-06-30,0,614.9099731445312,0.928591216499573,2025-06-29 12:49:52.353214,43.90997314453125,1.4599731445312472,43.90997314453125,-5.289973144531253,-5.289973144531253,0.0,0,6.415953521279629e-05,0.0,0.0,0.0,0.6578647495117188,0.0,0.0,OTM,6,6,0.0018552875695732839,2.1400000000000006,43.52,-4.900000000000006,0.0,0
SPY250630C00572000,2025-06-27 13:48:04+00:00,572.0,41.59,41.45,43.59,5.7700005,16.10832,2.0,1107,0.622074091796875,True,REGULAR,USD,SPY,2025-06-30,0,614.9099731445312,0.9302174708191868,2025-06-29 12:49:52.353214,42.90997314453125,1.4599731445312472,42.90997314453125,-1.3199731445312466,-1.3199731445312466,0.0,1,0.9782372111516553,0.0,0.0,0.0,0.6459508061523438,0.0,0.0,OTM,6,6,0.0018050541516245488,2.1400000000000006,42.52,-0.9299999999999997,0.0,0
SPY250630C00573000,2025-06-27 19:41:47+00:00,573.0,40.1,40.46,42.59,1.2899971,3.323878,1.0,664,0.6103554589843752,True,REGULAR,USD,SPY,2025-06-30,0,614.9099731445312,0.9318437251388008,2025-06-29 12:49:52.353214,41.90997314453125,1.4499731445312491,41.90997314453125,-1.8099731445312486,-1.8099731445312486,0.0,0,0.002393609441785747,0.0,0.0,0.0,0.6340368627929689,0.0,0.0,OTM,6,6,0.0015037593984962407,2.1300000000000026,41.525000000000006,-1.4250000000000043,0.0,0
SPY250630C00574000,2025-06-26 20:14:00+00:00,574.0,37.81,39.45,41.59,0.0,0.0,5.0,658,0.5981485498046876,True,REGULAR,USD,SPY,2025-06-30,0,614.9099731445312,0.9334699794584148,2025-06-29 12:49:52.353214,40.90997314453125,1.4599731445312472,40.90997314453125,-3.0999731445312477,-3.0999731445312477,0.0,0,6.997271527224702e-05,0.0,0.0,0.0,0.6221229194335939,0.0,0.0,OTM,6,6,0.007587253414264037,2.1400000000000006,40.52,-2.710000000000001,0.0,0
SPY250630C00575000,2025-06-27 19:00:08+00:00,575.0,36.33,38.45,40.59,-0.48999786,-1.3307927,50.0,1568,0.5864299169921875,True,REGULAR,USD,SPY,2025-06-30,0,614.9099731445312,0.9350962337780288,2025-06-29 12:49:52.353214,39.90997314453125,1.4599731445312472,39.90997314453125,-3.5799731445312517,-3.5799731445312517,0.0,0,8.688999127649402e-05,0.0,0.0,0.0,0.6102089760742188,0.0,0.0,OTM,6,6,0.03186743148502231,2.1400000000000006,39.52,-3.190000000000005,0.0,0
SPY250630C00576000,2025-06-27 15:39:28+00:00,576.0,39.84,37.46,39.59,8.620001,27.61051,68.0,1432,0.5742230078125,True,REGULAR,USD,SPY,2025-06-30,0,614.9099731445312,0.9367224880976428,2025-06-29 12:49:52.353214,38.90997314453125,1.4499731445312491,38.90997314453125,0.9300268554687534,0.9300268554687534,0.0,1,0.9999234163550434,0.0,0.0,0.0,0.598246205078125,0.0,0.0,OTM,6,6,0.04745289602233078,2.1300000000000026,38.525000000000006,1.3149999999999977,0.0,0
SPY250630C00577000,2025-06-23 18:46:38+00:00,577.0,22.57,36.46,38.59,0.0,0.0,11.0,934,0.5622602368164062,True,REGULAR,USD,SPY,2025-06-30,0,614.9099731445312,0.9383487424172569,2025-06-29 12:49:52.353214,37.90997314453125,1.4499731445312491,37.90997314453125,-15.33997314453125,-15.33997314453125,0.0,0,6.686615991475816e-05,0.0,0.0,0.0,0.5862834340820313,0.0,0.0,OTM,6,6,0.011764705882352941,2.1300000000000026,37.525000000000006,-14.955000000000005,0.0,0
SPY250630C00578000,2025-06-27 18:30:07+00:00,578.0,34.43,35.46,37.59,5.1100006,17.42838,5.0,1088,0.5502974658203126,True,REGULAR,USD,SPY,2025-06-30,0,614.9099731445312,0.9399749967368708,2025-06-29 12:49:52.353214,36.90997314453125,1.4499731445312491,36.90997314453125,-2.4799731445312503,-2.4799731445312503,0.0,0,0.0006977715001155403,0.0,0.0,0.0,0.5742718354492188,0.0,0.0,OTM,6,6,0.004591368227731864,2.1300000000000026,36.525000000000006,-2.095000000000006,0.0,0
SPY250630C00579000,2025-06-27 18:27:46+00:00,579.0,34.12,34.46,36.6,3.4699993,11.321368,4.0,751,0.5400436621093752,True,REGULAR,USD,SPY,2025-06-30,0,614.9099731445312,0.9416012510564846,2025-06-29 12:49:52.353214,35.90997314453125,1.4499731445312491,35.90997314453125,-1.7899731445312526,-1.7899731445312526,0.0,0,0.002861798951977256,0.0,0.0,0.0,0.5626508579101562,0.0,0.0,OTM,6,6,0.005319148936170213,2.1400000000000006,35.53,-1.4100000000000037,0.0,0
SPY250630C00580000,2025-06-27 19:59:50+00:00,580.0,35.0,34.02,35.6,3.0499992,9.546163,141.0,5344,0.5278367529296876,True,REGULAR,USD,SPY,2025-06-30,0,614.9099731445312,0.9432275053760986,2025-06-29 12:49:52.353214,34.90997314453125,0.8899731445312469,34.90997314453125,0.09002685546875,0.09002685546875,0.0,1,0.9983191734825824,0.0,0.0,0.0,0.5509322250976563,0.0,0.0,OTM,6,6,0.02637979420018709,1.5799999999999983,34.81,0.18999999999999773,0.0,0
SPY250630C00581000,2025-06-27 18:42:25+00:00,581.0,30.27,32.46,34.6,-0.9699993,-3.1049914,2.0,805,0.51562984375,True,REGULAR,USD,SPY,2025-06-30,0,614.9099731445312,0.9448537596957126,2025-06-29 12:49:52.353214,33.90997314453125,1.4499731445312491,33.90997314453125,-3.6399731445312504,-3.6399731445312504,0.0,0,6.994399008009906e-05,0.0,0.0,0.0,0.5392135922851564,0.0,0.0,OTM,6,6,0.0024813895781637717,2.1400000000000006,33.53,-3.2600000000000016,0.0,0
SPY250630C00582000,2025-06-27 19:56:57+00:00,582.0,32.82,31.46,33.6,3.92,13.564014,7.0,718,0.5034229345703125,True,REGULAR,USD,SPY,2025-06-30,0,614.9099731445312,0.9464800140153266,2025-06-29 12:49:52.353214,32.90997314453125,1.4499731445312491,32.90997314453125,-0.08997314453124972,-0.08997314453124972,0.0,1,0.998607140735627,0.0,0.0,0.0,0.5274461318359376,0.0,0.0,OTM,6,6,0.009735744089012517,2.1400000000000006,32.53,0.28999999999999915,0.0,0
SPY250630C00583000,2025-06-27 17:31:17+00:00,583.0,32.78,30.46,32.6,4.629999,16.4476,4.0,333,0.491216025390625,True,REGULAR,USD,SPY,2025-06-30,0,614.9099731445312,0.9481062683349404,2025-06-29 12:49:52.353214,31.90997314453125,1.4499731445312491,31.90997314453125,0.8700268554687511,0.8700268554687511,0.0,1,0.9999072505139645,0.0,0.0,0.0,0.51562984375,0.0,0.0,OTM,6,6,0.011976047904191617,2.1400000000000006,31.53,1.25,0.0,0
SPY250630C00584000,2025-06-27 18:46:38+00:00,584.0,27.93,29.46,31.6,2.6399994,10.438906,11.0,753,0.4790091162109374,True,REGULAR,USD,SPY,2025-06-30,0,614.9099731445312,0.9497325226545544,2025-06-29 12:49:52.353214,30.90997314453125,1.4499731445312491,30.90997314453125,-2.9799731445312503,-2.9799731445312503,0.0,0,8.553172729772365e-05,0.0,0.0,0.0,0.5034229345703125,0.0,0.0,OTM,6,6,0.014588859416445624,2.1400000000000006,30.53,-2.6000000000000014,0.0,0
SPY250630C00585000,2025-06-27 19:55:26+00:00,585.0,29.74,28.46,30.6,3.0900002,11.594748,2508.0,6555,0.46680220703125,True,REGULAR,USD,SPY,2025-06-30,0,614.9099731445312,0.9513587769741684,2025-06-29 12:49:52.353214,29.90997314453125,1.4499731445312491,29.90997314453125,-0.16997314453125156,-0.16997314453125156,0.0,1,0.9954683920334707,0.0,0.0,0.0,0.491216025390625,0.0,0.0,ATM,6,6,0.3825503355704698,2.1400000000000006,29.53,0.2099999999999973,0.0,0
SPY250630C00586000,2025-06-27 19:43:23+00:00,586.0,27.06,27.46,29.6,1.4099998,5.4970756,19.0,914,0.4543511596679687,True,REGULAR,USD,SPY,2025-06-30,0,614.9099731445312,0.9529850312937824,2025-06-29 12:49:52.353214,28.90997314453125,1.4499731445312491,28.90997314453125,-1.8499731445312513,-1.8499731445312513,0.0,0,0.001958977525087338,0.0,0.0,0.0,0.47896028857421874,0.0,0.0,ATM,6,6,0.020765027322404372,2.1400000000000006,28.53,-1.4700000000000024,0.0,0
SPY250630C00587000,2025-06-27 19:34:08+00:00,587.0,25.75,26.46,28.6,0.62999916,2.5079584,3.0,18951,0.4419001123046875,True,REGULAR,USD,SPY,2025-06-30,0,614.9099731445312,0.9546112856133964,2025-06-29 12:49:52.353214,27.90997314453125,1.4499731445312491,27.90997314453125,-2.15997314453125,-2.15997314453125,0.0,0,0.0010836740985106757,0.0,0.0,0.0,0.46665572412109374,0.0,0.0,ATM,6,6,0.00015829463908822287,2.1400000000000006,27.53,-1.7800000000000011,0.0,0
SPY250630C00588000,2025-06-27 19:58:53+00:00,588.0,27.01,25.47,27.6,5.01,22.772728,29.0,2557,0.429693203125,True,REGULAR,USD,SPY,2025-06-30,0,614.9099731445312,0.9562375399330104,2025-06-29 12:49:52.353214,26.90997314453125,1.4399731445312511,26.90997314453125,0.10002685546875156,0.10002685546875156,0.0,1,0.9993825671774204,0.0,0.0,0.0,0.45435115966796874,0.0,0.0,ATM,6,6,0.011336982017200938,2.1300000000000026,26.535,0.4750000000000014,0.0,0
SPY250630C00589000,2025-06-27 20:05:18+00:00,589.0,25.47,24.47,26.61,2.2999992,9.926626,23.0,2589,0.4184628466796875,True,REGULAR,USD,SPY,2025-06-30,0,614.9099731445312,0.9578637942526242,2025-06-29 12:49:52.353214,25.90997314453125,1.4399731445312511,25.90997314453125,-0.43997314453125114,-0.43997314453125114,0.0,1,0.9972475575032275,0.0,0.0,0.0,0.44224190576171873,0.0,0.0,ATM,6,6,0.00888030888030888,2.1400000000000006,25.54,-0.07000000000000028,0.0,0
SPY250630C00590000,2025-06-27 20:11:55+00:00,590.0,24.62,23.47,25.61,2.7800007,12.728941,3846.0,24364,0.4060117993164062,True,REGULAR,USD,SPY,2025-06-30,0,614.9099731445312,0.9594900485722382,2025-06-29 12:49:52.353214,24.90997314453125,1.4399731445312511,24.90997314453125,-0.289973144531249,-0.289973144531249,0.0,1,0.9925848327094033,0.0,0.0,0.0,0.4300838242187499,0.0,0.0,ATM,6,6,0.15784937410219577,2.1400000000000006,24.54,0.08000000000000185,0.0,0
SPY250630C00591000,2025-06-27 19:57:06+00:00,591.0,24.04,22.47,24.61,3.42,16.585838,54.0,834,0.3933166137695312,True,REGULAR,USD,SPY,2025-06-30,0,614.9099731445312,0.9611163028918522,2025-06-29 12:49:52.353214,23.90997314453125,1.4399731445312511,23.90997314453125,0.13002685546874915,0.13002685546874915,0.0,1,0.9992201286732026,0.0,0.0,0.0,0.41787691503906255,0.0,0.0,ATM,6,6,0.06467065868263473,2.1400000000000006,23.54,0.5,0.0,0
SPY250630C00592000,2025-06-27 19:58:19+00:00,592.0,22.92,21.47,23.61,3.0300007,15.233789,19.0,1614,0.3808655664062499,True,REGULAR,USD,SPY,2025-06-30,0,614.9099731445312,0.9627425572114662,2025-06-29 12:49:52.353214,22.90997314453125,1.4399731445312511,22.90997314453125,0.010026855468751705,0.010026855468751705,0.0,1,0.9986179905544438,0.0,0.0,0.0,0.40567000585937496,0.0,0.0,ATM,6,6,0.011764705882352941,2.1400000000000006,22.54,0.38000000000000256,0.0,0
SPY250630C00593000,2025-06-27 19:59:01+00:00,593.0,21.98,20.48,22.61,3.2799988,17.5401,18.0,1947,0.3679262426757813,True,REGULAR,USD,SPY,2025-06-30,0,614.9099731445312,0.96436881153108,2025-06-29 12:49:52.353214,21.90997314453125,1.4299731445312496,21.90997314453125,0.07002685546875043,0.07002685546875043,0.0,1,0.9989708515562769,0.0,0.0,0.0,0.3933166137695312,0.0,0.0,ATM,6,6,0.009240246406570842,2.129999999999999,21.545,0.4349999999999987,0.0,0
SPY250630C00594000,2025-06-27 19:09:43+00:00,594.0,17.94,19.48,21.62,0.030000687,0.16750802,40.0,989,0.3564517480468749,True,REGULAR,USD,SPY,2025-06-30,0,614.9099731445312,0.965995065850694,2025-06-29 12:49:52.353214,20.90997314453125,1.4299731445312496,20.90997314453125,-2.9699731445312487,-2.9699731445312487,0.0,0,0.002167325206710268,0.0,0.0,0.0,0.3809143940429687,0.0,0.0,ATM,6,6,0.04040404040404041,2.1400000000000006,20.55,-2.6099999999999994,0.0,0
SPY250630C00595000,2025-06-27 19:59:36+00:00,595.0,20.02,18.48,19.62,2.4799995,14.139107,854.0,6620,1.0000000000000004e-05,True,REGULAR,USD,SPY,2025-06-30,0,614.9099731445312,0.967621320170308,2025-06-29 12:49:52.353214,19.90997314453125,1.4299731445312496,19.90997314453125,0.11002685546874957,0.11002685546874957,0.0,1,0.996218065231411,0.0,0.0,0.0,0.29971403417968745,0.0,0.0,ATM,6,6,0.12898353723002567,1.1400000000000006,19.05,0.9699999999999989,0.0,0
SPY250630C00596000,2025-06-27 19:48:03+00:00,596.0,17.49,18.47,18.62,0.9899998,5.9999986,247.0,2586,1.0000000000000004e-05,True,REGULAR,USD,SPY,2025-06-30,0,614.9099731445312,0.969247574489922,2025-06-29 12:49:52.353214,18.90997314453125,0.43997314453125114,18.90997314453125,-1.4199731445312516,-1.4199731445312516,0.0,0,0.0009151184854911363,0.0,0.0,0.0,0.2210527114257812,0.0,0.0,ATM,6,6,0.09547738693467336,0.15000000000000213,18.545,-1.0550000000000033,0.0,0
SPY250630C00597000,2025-06-27 19:48:37+00:00,597.0,16.68,17.47,17.62,1.1500006,7.4050264,120.0,2966,1.0000000000000004e-05,True,REGULAR,USD,SPY,2025-06-30,0,614.9099731445312,0.970873828809536,2025-06-29 12:49:52.353214,17.90997314453125,0.43997314453125114,17.90997314453125,-1.2299731445312503,-1.2299731445312503,0.0,0,0.001396841324430735,0.0,0.0,0.0,0.14488159814453122,0.0,0.0,ATM,6,6,0.04044489383215369,0.15000000000000213,17.545,-0.865000000000002,0.0,0
SPY250630C00598000,2025-06-27 19:57:54+00:00,598.0,16.98,16.48,16.63,2.62,18.245125,6098.0,3664,1.0000000000000004e-05,True,REGULAR,USD,SPY,2025-06-30,0,614.9099731445312,0.97250008312915,2025-06-29 12:49:52.353214,16.90997314453125,0.4299731445312496,16.90997314453125,0.07002685546875043,0.07002685546875043,0.0,1,0.997222396297082,0.0,0.0,0.0,0.07129834960937498,0.0,0.0,ATM,6,6,1.6638472032742155,0.14999999999999858,16.555,0.4250000000000007,0.0,0
SPY250630C00599000,2025-06-27 19:55:21+00:00,599.0,15.7,15.5,15.64,2.2399998,16.6419,267.0,3082,1.0000000000000004e-05,True,REGULAR,USD,SPY,2025-06-30,0,614.9099731445312,0.974126337448764,2025-06-29 12:49:52.353214,15.90997314453125,0.40997314453125,15.90997314453125,-0.2099731445312507,-0.2099731445312507,0.0,1,0.9786246916449872,0.0,0.0,0.0,1.0000000000000004e-05,0.0,0.0,ATM,6,6,0.08660395718456049,0.14000000000000057,15.57,0.129999999999999,0.0,0
SPY250630C00600000,2025-06-27 20:03:45+00:00,600.0,14.65,14.49,14.64,2.4799995,20.377974,1388.0,19755,1.0000000000000004e-05,True,REGULAR,USD,SPY,2025-06-30,0,614.9099731445312,0.975752591768378,2025-06-29 12:49:52.353214,14.90997314453125,0.4199731445312498,14.90997314453125,-0.25997314453124964,-0.25997314453124964,0.0,1,0.3895790120846889,0.0,0.0,0.0,1.0000000000000004e-05,0.0,0.0,ATM,6,6,0.07025713707228184,0.15000000000000036,14.565000000000001,0.08499999999999908,0.0,0
SPY250630C00601000,2025-06-27 19:59:10+00:00,601.0,14.13,13.52,13.65,2.6000004,22.549873,306.0,4676,1.0000000000000004e-05,True,REGULAR,USD,SPY,2025-06-30,0,614.9099731445312,0.977378846087992,2025-06-29 12:49:52.353214,13.90997314453125,0.3899731445312504,13.90997314453125,0.22002685546875078,0.22002685546875078,0.0,1,0.9991771402597395,0.0,0.0,0.0,1.0000000000000004e-05,0.0,0.0,ATM,6,6,0.0654265554842848,0.13000000000000078,13.585,0.5449999999999999,0.0,0
SPY250630C00602000,2025-06-27 20:14:25+00:00,602.0,12.51,12.52,12.67,1.8500004,17.3546,650.0,1962,1.0000000000000004e-05,True,REGULAR,USD,SPY,2025-06-30,0,614.9099731445312,0.9790051004076058,2025-06-29 12:49:52.353214,12.90997314453125,0.3899731445312504,12.90997314453125,-0.3999731445312502,-0.3999731445312502,0.0,0,0.054096425718776084,0.0,0.0,0.0,1.0000000000000004e-05,0.0,0.0,ATM,6,6,0.33112582781456956,0.15000000000000036,12.594999999999999,-0.08499999999999908,0.0,0
SPY250630C00603000,2025-06-27 20:03:03+00:00,603.0,11.63,11.54,11.68,1.79,18.191055,597.0,2415,1.0000000000000004e-05,True,REGULAR,USD,SPY,2025-06-30,0,614.9099731445312,0.9806313547272196,2025-06-29 12:49:52.353214,11.90997314453125,0.36997314453125085,11.90997314453125,-0.2799731445312492,-0.2799731445312492,0.0,1,0.9205734988928284,0.0,0.0,0.0,1.0000000000000004e-05,0.0,0.0,ATM,6,6,0.24710264900662252,0.14000000000000057,11.61,0.02000000000000135,0.0,0
SPY250630C00604000,2025-06-27 20:09:38+00:00,604.0,10.72,10.56,10.7,2.46,29.782082,912.0,3136,1.0000000000000004e-05,True,REGULAR,USD,SPY,2025-06-30,0,614.9099731445312,0.9822576090468336,2025-06-29 12:49:52.353214,10.90997314453125,0.3499731445312495,10.90997314453125,-0.18997314453124936,-0.18997314453124936,0.0,1,0.9949237277765204,0.0,0.0,0.0,1.0000000000000004e-05,0.0,0.0,ATM,6,6,0.2907236212942302,0.1399999999999988,10.629999999999999,0.09000000000000163,0.0,0
SPY250630C00605000,2025-06-27 20:13:27+00:00,605.0,9.66,9.61,9.73,2.2999997,31.249996,2214.0,24856,1.0000000000000004e-05,True,REGULAR,USD,SPY,2025-06-30,0,614.9099731445312,0.9838838633664476,2025-06-29 12:49:52.353214,9.90997314453125,0.29997314453125057,9.90997314453125,-0.24997314453124986,-0.24997314453124986,0.0,1,0.9564475731792466,0.0,0.0,0.0,1.0000000000000004e-05,0.0,0.0,ATM,6,6,0.08906947741078972,0.120000000000001,9.67,-0.009999999999999787,0.0,0
SPY250630C00606000,2025-06-27 20:14:40+00:00,606.0,8.65,8.65,8.77,2.0799994,31.659046,1029.0,3396,1.0000000000000004e-05,True,REGULAR,USD,SPY,2025-06-30,0,614.9099731445312,0.9855101176860616,2025-06-29 12:49:52.353214,8.90997314453125,0.25997314453124964,8.90997314453125,-0.25997314453124964,-0.25997314453124964,0.0,0,0.06427555208869613,0.0,0.0,0.0,1.0000000000000004e-05,0.0,0.0,ATM,6,6,0.30291433617898145,0.11999999999999922,8.71,-0.0600000000000005,0.0,0
SPY250630C00607000,2025-06-27 20:14:40+00:00,607.0,7.7,7.69,7.82,2.06,36.524822,2590.0,5700,1.0000000000000004e-05,True,REGULAR,USD,SPY,2025-06-30,0,614.9099731445312,0.9871363720056756,2025-06-29 12:49:52.353214,7.90997314453125,0.2199731445312496,7.90997314453125,-0.20997314453124982,-0.20997314453124982,0.0,1,0.9591840322539618,0.0,0.0,0.0,1.0000000000000004e-05,0.0,0.0,ATM,6,6,0.45430626205928787,0.1299999999999999,7.755000000000001,-0.055000000000000604,0.0,0
SPY250630C00608000,2025-06-27 20:14:47+00:00,608.0,6.83,6.78,6.89,1.9499998,39.95901,3672.0,4573,1.0000000000000004e-05,True,REGULAR,USD,SPY,2025-06-30,0,614.9099731445312,0.9887626263252896,2025-06-29 12:49:52.353214,6.90997314453125,0.12997314453124975,6.90997314453125,-0.07997314453124993,-0.07997314453124993,0.0,1,0.9933893450851375,0.0,0.0,0.0,1.0000000000000004e-05,0.0,0.0,ATM,6,6,0.8027984258854395,0.10999999999999943,6.835,-0.004999999999999893,0.0,0
SPY250630C00609000,2025-06-27 20:14:44+00:00,609.0,5.92,5.89,5.98,1.8200002,44.39025,3227.0,3529,0.07813421875,True,REGULAR,USD,SPY,2025-06-30,0,614.9099731445312,0.9903888806449036,2025-06-29 12:49:52.353214,5.90997314453125,0.01997314453125032,5.90997314453125,0.010026855468749929,0.010026855468749929,0.0,1,0.9979083161041222,0.0,0.0,0.0,0.01563484375,0.0,0.0,ATM,6,6,0.9141643059490085,0.09000000000000075,5.9350000000000005,-0.015000000000000568,0.0,0
SPY250630C00610000,2025-06-27 20:14:35+00:00,610.0,4.95,5.01,5.09,1.5299997,44.73683,12484.0,13697,0.0842376733398437,True,REGULAR,USD,SPY,2025-06-30,0,614.9099731445312,0.9920151349645177,2025-06-29 12:49:52.353214,4.90997314453125,-0.10002685546874979,4.90997314453125,0.04002685546875018,0.04002685546875018,0.0,0,0.021457058501938946,0.0,0.0,0.0,0.03248037841796873,0.0,0.0,ATM,6,6,0.9113739232004672,0.08000000000000007,5.05,-0.09999999999999964,0.0,0
SPY250630C00611000,2025-06-27 20:14:44+00:00,611.0,4.2,4.17,4.25,1.4199998,51.079132,18209.0,5059,0.0874114697265625,True,REGULAR,USD,SPY,2025-06-30,0,614.9099731445312,0.9936413892841316,2025-06-29 12:49:52.353214,3.90997314453125,-0.26002685546874993,3.90997314453125,0.2900268554687502,0.2900268554687502,0.0,1,0.9659578470737026,0.0,0.0,0.0,0.049960672363281236,0.0,0.0,ATM,6,6,3.598616600790514,0.08000000000000007,4.21,-0.009999999999999787,0.0,0
SPY250630C00612000,2025-06-27 20:14:43+00:00,612.0,3.37,3.39,3.45,1.1399999,51.121067,49135.0,6522,0.0876556079101562,True,REGULAR,USD,SPY,2025-06-30,0,614.9099731445312,0.9952676436037454,2025-06-29 12:49:52.353214,2.90997314453125,-0.4800268554687501,2.90997314453125,0.4600268554687501,0.4600268554687501,0.0,0,0.10595033043735806,0.0,0.0,0.0,0.06748979394531249,0.0,0.0,ATM,6,6,7.532577035106546,0.06000000000000005,3.42,-0.04999999999999982,0.0,0
SPY250630C00613000,2025-06-27 20:14:56+00:00,613.0,2.69,2.67,2.71,0.95000005,54.597706,74373.0,4817,0.0868011242675781,True,REGULAR,USD,SPY,2025-06-30,0,614.9099731445312,0.9968938979233594,2025-06-29 12:49:52.353214,1.90997314453125,-0.7600268554687499,1.90997314453125,0.78002685546875,0.78002685546875,0.0,1,0.9777506979109799,0.0,0.0,0.0,0.0848480187988281,0.0,0.0,ATM,6,6,15.436488169364882,0.040000000000000036,2.69,0.0,0.0,0
SPY250630C00614000,2025-06-27 20:14:59+00:00,614.0,2.05,2.02,2.05,0.74,56.488556,82109.0,5204,0.0855804333496093,True,REGULAR,USD,SPY,2025-06-30,0,614.9099731445312,0.9985201522429732,2025-06-29 12:49:52.353214,0.90997314453125,-1.11002685546875,0.90997314453125,1.1400268554687498,1.1400268554687498,0.0,1,0.9456575385411116,0.0,0.0,0.0,0.08633726171874996,0.0,0.0,ATM,6,6,15.775024015369837,0.029999999999999805,2.035,0.01499999999999968,0.0,0
SPY250630C00615000,2025-06-27 20:14:54+00:00,615.0,1.47,1.47,1.48,0.5,51.54639,132324.0,17531,0.08399353515625,False,REGULAR,USD,SPY,2025-06-30,0,614.9099731445312,1.0001464065625874,2025-06-29 12:49:52.353214,0.0,-1.47,0.0,1.47,1.47,0.0,0,0.09632352223277907,0.0,0.0,0.0,0.08628843408203121,0.0,0.0,ATM,6,6,7.547570157426421,0.010000000000000009,1.475,-0.0050000000000001155,0.0,0
SPY250630C00616000,2025-06-27 20:14:59+00:00,616.0,1.02,1.01,1.02,0.32,45.714287,103023.0,3312,0.0826507751464843,False,REGULAR,USD,SPY,2025-06-30,0,614.9099731445312,1.0017726608822013,2025-06-29 12:49:52.353214,0.0,-1.01,0.0,1.02,1.02,0.0,1,0.9378823852540576,0.0,0.0,0.0,0.08533629516601557,0.0,0.0,ATM,6,6,31.09658919408391,0.010000000000000009,1.0150000000000001,0.004999999999999893,0.0,0
SPY250630C00617000,2025-06-27 20:14:57+00:00,617.0,0.67,0.66,0.67,0.17000002,34.000004,53867.0,3482,0.0817962915039062,False,REGULAR,USD,SPY,2025-06-30,0,614.9099731445312,1.0033989152018152,2025-06-29 12:49:52.353214,0.0,-0.66,0.0,0.67,0.67,0.0,1,0.9782675432883182,0.0,0.0,0.0,0.08416443188476558,0.0,0.0,ATM,6,6,15.46569049669825,0.010000000000000009,0.665,0.0050000000000000044,0.0,0
SPY250630C00618000,2025-06-27 20:14:57+00:00,618.0,0.42,0.41,0.42,0.089999974,27.272718,56698.0,4002,0.0813080151367187,False,REGULAR,USD,SPY,2025-06-30,0,614.9099731445312,1.0050251695214292,2025-06-29 12:49:52.353214,0.0,-0.41,0.0,0.42,0.42,0.0,1,0.9250677073704574,0.0,0.0,0.0,0.0830658100585937,0.0,0.0,ATM,6,6,14.163877092180865,0.010000000000000009,0.415,0.0050000000000000044,0.0,0
SPY250630C00619000,2025-06-27 20:14:58+00:00,619.0,0.26,0.25,0.26,0.029999986,13.043472,29228.0,2442,0.0819183605957031,False,REGULAR,USD,SPY,2025-06-30,0,614.9099731445312,1.0066514238410431,2025-06-29 12:49:52.353214,0.0,-0.25,0.0,0.26,0.26,0.0,1,0.9910843014797208,0.0,0.0,0.0,0.08233339550781246,0.0,0.0,ATM,6,6,11.963978714695047,0.010000000000000009,0.255,0.0050000000000000044,0.0,0
SPY250630C00620000,2025-06-27 20:14:59+00:00,620.0,0.14,0.14,0.15,0.0,0.0,57034.0,22021,0.0820404296875,False,REGULAR,USD,SPY,2025-06-30,0,614.9099731445312,1.008277678160657,2025-06-29 12:49:52.353214,0.0,-0.14,0.0,0.14,0.14,0.0,0,0.0453525503657081,0.0,0.0,0.0,0.08194277441406246,0.0,0.0,ATM,6,6,2.5898646807737715,0.009999999999999981,0.14500000000000002,-0.0050000000000000044,0.0,0
SPY250630C00621000,2025-06-27 20:14:51+00:00,621.0,0.08,0.08,0.09,-0.020000003,-20.000004,15271.0,1390,0.0835052587890625,False,REGULAR,USD,SPY,2025-06-30,0,614.9099731445312,1.009903932480271,2025-06-29 12:49:52.353214,0.0,-0.08,0.0,0.08,0.08,0.0,0,0.08873963787572645,0.0,0.0,0.0,0.0821136711425781,0.0,0.0,ATM,6,6,10.9784327821711,0.009999999999999995,0.08499999999999999,-0.0049999999999999906,0.0,0
SPY250630C00622000,2025-06-27 20:14:59+00:00,622.0,0.05,0.04,0.05,-0.02,-28.571426,11923.0,1385,0.08399353515625,False,REGULAR,USD,SPY,2025-06-30,0,614.9099731445312,1.0115301867998852,2025-06-29 12:49:52.353214,0.0,-0.04,0.0,0.05,0.05,0.0,1,0.9833375111998333,0.0,0.0,0.0,0.08255311987304685,0.0,0.0,ATM,6,6,8.602453102453103,0.010000000000000002,0.045,0.0050000000000000044,0.0,0
SPY250630C00623000,2025-06-27 20:14:54+00:00,623.0,0.03,0.02,0.03,-0.01,-25.0,7175.0,860,0.0864349169921875,False,REGULAR,USD,SPY,2025-06-30,0,614.9099731445312,1.013156441119499,2025-06-29 12:49:52.353214,0.0,-0.02,0.0,0.03,0.03,0.0,1,0.9861500451292404,0.0,0.0,0.0,0.08357850024414062,0.0,0.0,ATM,6,6,8.333333333333334,0.009999999999999998,0.025,0.0049999999999999975,0.0,0
SPY250630C00624000,2025-06-27 20:14:51+00:00,624.0,0.02,0.01,0.02,-0.01,-33.333336,2100.0,625,0.0898528515625,False,REGULAR,USD,SPY,2025-06-30,0,614.9099731445312,1.014782695439113,2025-06-29 12:49:52.353214,0.0,-0.01,0.0,0.02,0.02,0.0,1,0.9952269778510073,0.0,0.0,0.0,0.0851653984375,0.0,0.0,ATM,6,6,3.3546325878594248,0.01,0.015,0.005000000000000001,0.0,0
SPY250630C00625000,2025-06-27 20:13:17+00:00,625.0,0.02,0.01,0.02,0.0,0.0,5477.0,10110,0.098641826171875,False,REGULAR,USD,SPY,2025-06-30,0,614.9099731445312,1.016408949758727,2025-06-29 12:49:52.353214,0.0,-0.01,0.0,0.02,0.02,0.0,1,0.9962967632416443,0.0,0.0,0.0,0.088485677734375,0.0,0.0,ATM,6,6,0.5416872712886954,0.01,0.015,0.005000000000000001,0.0,0
SPY250630C00626000,2025-06-27 20:09:41+00:00,626.0,0.02,0.01,0.02,0.0,0.0,3143.0,380,0.106454248046875,False,REGULAR,USD,SPY,2025-06-30,0,614.9099731445312,1.018035204078341,2025-06-29 12:49:52.353214,0.0,-0.01,0.0,0.02,0.02,0.0,1,0.996890243979152,0.0,0.0,0.0,0.0930754755859375,0.0,0.0,ATM,6,6,8.249343832020998,0.01,0.015,0.005000000000000001,0.0,0
SPY250630C00627000,2025-06-27 20:09:08+00:00,627.0,0.01,0.01,0.02,-0.01,-50.0,1104.0,345,0.11524322265625,False,REGULAR,USD,SPY,2025-06-30,0,614.9099731445312,1.0196614583979549,2025-06-29 12:49:52.353214,0.0,-0.01,0.0,0.01,0.01,0.0,0,0.0012862117728439208,0.0,0.0,0.0,0.09932541308593751,0.0,0.0,ATM,6,6,3.1907514450867054,0.01,0.015,-0.004999999999999999,0.0,0
SPY250630C00628000,2025-06-27 20:14:03+00:00,628.0,0.01,0.0,0.01,0.0,0.0,430.0,370,0.1132901171875,False,REGULAR,USD,SPY,2025-06-30,0,614.9099731445312,1.0212877127175688,2025-06-29 12:49:52.353214,0.0,0.0,0.0,0.01,0.01,0.0,1,0.9997823392663963,0.0,0.0,0.0,0.104696453125,0.0,0.0,ATM,6,6,1.1590296495956873,0.01,0.005,0.005,0.0,0
SPY250630C00629000,2025-06-27 19:43:43+00:00,629.0,0.01,0.0,0.01,-0.01,-50.0,56.0,904,0.1211025390625,False,REGULAR,USD,SPY,2025-06-30,0,614.9099731445312,1.0229139670371827,2025-06-29 12:49:52.353214,0.0,0.0,0.0,0.01,0.01,0.0,1,0.9996210439423308,0.0,0.0,0.0,0.110946390625,0.0,0.0,ATM,6,6,0.061878453038674036,0.01,0.005,0.005,0.0,0
SPY250630C00630000,2025-06-27 20:11:45+00:00,630.0,0.01,0.0,0.01,0.0,0.0,3265.0,15975,0.1289149609375,False,REGULAR,USD,SPY,2025-06-30,0,614.9099731445312,1.024540221356797,2025-06-29 12:49:52.353214,0.0,0.0,0.0,0.01,0.01,0.0,1,0.9987000851520506,0.0,0.0,0.0,0.117001017578125,0.0,0.0,ATM,6,6,0.20436905358037055,0.01,0.005,0.005,0.0,0
SPY250630C00631000,2025-06-27 17:54:40+00:00,631.0,0.01,0.0,0.01,0.0,0.0,1381.0,1428,0.1367273828125,False,REGULAR,USD,SPY,2025-06-30,0,614.9099731445312,1.0261664756764106,2025-06-29 12:49:52.353214,0.0,0.0,0.0,0.01,0.01,0.0,1,0.9997807097418666,0.0,0.0,0.0,0.12305564453125,0.0,0.0,ATM,6,6,0.966410076976907,0.01,0.005,0.005,0.0,0
SPY250630C00632000,2025-06-27 17:11:40+00:00,632.0,0.01,0.0,0.01,0.0,0.0,736.0,212,0.14258669921875,False,REGULAR,USD,SPY,2025-06-30,0,614.9099731445312,1.0277927299960248,2025-06-29 12:49:52.353214,0.0,0.0,0.0,0.01,0.01,0.0,1,0.9997540005140542,0.0,0.0,0.0,0.12852433984375,0.0,0.0,ATM,6,6,3.455399061032864,0.01,0.005,0.005,0.0,0
SPY250630C00633000,2025-06-27 14:59:58+00:00,633.0,0.01,0.0,0.01,0.0,0.0,331.0,1464,0.15039912109375,False,REGULAR,USD,SPY,2025-06-30,0,614.9099731445312,1.0294189843156387,2025-06-29 12:49:52.353214,0.0,0.0,0.0,0.01,0.01,0.0,1,0.999839097794432,0.0,0.0,0.0,0.135946140625,0.0,0.0,ATM,6,6,0.225938566552901,0.01,0.005,0.005,0.0,0
SPY250630C00634000,2025-06-27 20:09:38+00:00,634.0,0.01,0.0,0.01,0.0,0.0,106.0,1511,0.1562584375,False,REGULAR,USD,SPY,2025-06-30,0,614.9099731445312,1.0310452386352529,2025-06-29 12:49:52.353214,0.0,0.0,0.0,0.01,0.01,0.0,1,0.999865088340423,0.0,0.0,0.0,0.1429773203125,0.0,0.0,ATM,6,6,0.0701058201058201,0.01,0.005,0.005,0.0,0
SPY250630C00635000,2025-06-27 20:08:03+00:00,635.0,0.01,0.0,0.01,0.0,0.0,104.0,7712,0.164070859375,False,REGULAR,USD,SPY,2025-06-30,0,614.9099731445312,1.0326714929548666,2025-06-29 12:49:52.353214,0.0,0.0,0.0,0.01,0.01,0.0,1,0.9998258019596872,0.0,0.0,0.0,0.1500085,0.0,0.0,ATM,6,6,0.01348372876960975,0.01,0.005,0.005,0.0,0
SPY250630C00636000,2025-06-27 18:20:16+00:00,636.0,0.01,0.0,0.01,0.0,0.0,1.0,0,0.17188328125,False,REGULAR,USD,SPY,2025-06-30,0,614.9099731445312,1.0342977472744803,2025-06-29 12:49:52.353214,0.0,0.0,0.0,0.01,0.01,0.0,1,0.9997844980947501,0.0,0.0,0.0,0.15703967968750002,0.0,0.0,ATM,6,6,1.0,0.01,0.005,0.005,0.0,0
SPY250630C00637000,2025-06-27 19:40:32+00:00,637.0,0.01,0.0,0.01,0.0,0.0,2.0,1167,0.179695703125,False,REGULAR,USD,SPY,2025-06-30,0,614.9099731445312,1.0359240015940945,2025-06-29 12:49:52.353214,0.0,0.0,0.0,0.01,0.01,0.0,1,0.9998395485279298,0.0,0.0,0.0,0.16446148046875,0.0,0.0,ATM,6,6,0.0017123287671232876,0.01,0.005,0.005,0.0,0
SPY250630C00640000,2025-06-27 20:09:25+00:00,640.0,0.01,0.0,0.01,0.0,0.0,19.0,6511,0.1992267578125,False,REGULAR,USD,SPY,2025-06-30,0,614.9099731445312,1.0408027645529363,2025-06-29 12:49:52.353214,0.0,0.0,0.0,0.01,0.01,0.0,1,0.9998164859494048,0.0,0.0,0.0,0.17422700781249997,0.0,0.0,ATM,6,6,0.0029176904176904175,0.01,0.005,0.005,0.0,0
SPY250630C00645000,2025-06-24 15:35:17+00:00,645.0,0.01,0.0,0.01,0.0,0.0,53.0,4555,0.23438265625,False,REGULAR,USD,SPY,2025-06-30,0,614.9099731445312,1.0489340361510062,2025-06-29 12:49:52.353214,0.0,0.0,0.0,0.01,0.01,0.0,1,0.99987227507561,0.0,0.0,0.0,0.18985185156249998,0.0,0.0,ATM,6,6,0.011633011413520631,0.01,0.005,0.005,0.0,0
SPY250630C00648000,2025-06-20 15:01:25+00:00,648.0,0.01,0.0,0.01,0.0,0.0,163.0,161,0.257819921875,False,REGULAR,USD,SPY,2025-06-30,0,614.9099731445312,1.053812799109848,2025-06-29 12:49:52.353214,0.0,0.0,0.0,0.01,0.01,0.0,1,0.9997844980947501,0.0,0.0,0.0,0.2086016640625,0.0,0.0,ITM,6,6,1.0061728395061729,0.01,0.005,0.005,0.0,0
SPY250630C00650000,2025-06-24 15:48:38+00:00,650.0,0.01,0.0,0.01,0.0,0.0,73.0,9969,0.2695385546875,False,REGULAR,USD,SPY,2025-06-30,0,614.9099731445312,1.057065307749076,2025-06-29 12:49:52.353214,0.0,0.0,0.0,0.01,0.01,0.0,1,0.9998258019596872,0.0,0.0,0.0,0.22813271874999996,0.0,0.0,ITM,6,6,0.007321965897693079,0.01,0.005,0.005,0.0,0
SPY250630C00655000,2025-06-25 16:27:21+00:00,655.0,0.01,0.0,0.01,0.0,0.0,1.0,1806,0.304694453125,False,REGULAR,USD,SPY,2025-06-30,0,614.9099731445312,1.0651965793471458,2025-06-29 12:49:52.353214,0.0,0.0,0.0,0.01,0.01,0.0,1,0.999865088340423,0.0,0.0,0.0,0.25313246874999995,0.0,0.0,ITM,6,6,0.0005534034311012728,0.01,0.005,0.005,0.0,0
SPY250630C00660000,2025-06-25 16:14:23+00:00,660.0,0.01,0.0,0.01,0.0,0.0,1.0,3747,0.335944140625,False,REGULAR,USD,SPY,2025-06-30,0,614.9099731445312,1.0733278509452158,2025-06-29 12:49:52.353214,0.0,0.0,0.0,0.01,0.01,0.0,1,0.99987227507561,0.0,0.0,0.0,0.2804759453125,0.0,0.0,ITM,6,6,0.00026680896478121667,0.01,0.005,0.005,0.0,0
SPY250630C00665000,2025-06-20 17:57:14+00:00,665.0,0.01,0.0,0.01,0.0,0.0,1.0,10630,0.367193828125,False,REGULAR,USD,SPY,2025-06-30,0,614.9099731445312,1.0814591225432857,2025-06-29 12:49:52.353214,0.0,0.0,0.0,0.01,0.01,0.0,1,0.9997258406928121,0.0,0.0,0.0,0.3070381796875,0.0,0.0,ITM,6,6,9.406452826639074e-05,0.01,0.005,0.005,0.0,0
SPY250630C00670000,2025-06-17 17:56:55+00:00,670.0,0.01,0.0,0.01,0.0,0.0,1.0,3103,0.398443515625,False,REGULAR,USD,SPY,2025-06-30,0,614.9099731445312,1.0895903941413554,2025-06-29 12:49:52.353214,0.0,0.0,0.0,0.01,0.01,0.0,1,0.99987227507561,0.0,0.0,0.0,0.3351628984375,0.0,0.0,ITM,6,6,0.00032216494845360824,0.01,0.005,0.005,0.0,0
SPY250630C00675000,2025-06-17 14:35:08+00:00,675.0,0.02,0.0,0.01,0.0,0.0,1.0,7348,0.429693203125,False,REGULAR,USD,SPY,2025-06-30,0,614.9099731445312,1.097721665739425,2025-06-29 12:49:52.353214,0.0,0.0,0.0,0.02,0.02,0.0,1,0.9998799377620304,0.0,0.0,0.0,0.36719382812499995,0.0,0.0,ITM,6,6,0.00013607293509320997,0.01,0.005,0.015,0.0,0
SPY250630C00680000,2025-06-24 18:53:39+00:00,680.0,0.01,0.0,0.01,0.0,0.0,1.0,6304,0.460942890625,False,REGULAR,USD,SPY,2025-06-30,0,614.9099731445312,1.105852937337495,2025-06-29 12:49:52.353214,0.0,0.0,0.0,0.01,0.01,0.0,1,0.9998164859494048,0.0,0.0,0.0,0.398443515625,0.0,0.0,ITM,6,6,0.00015860428231562253,0.01,0.005,0.005,0.0,0
SPY250630C00685000,2025-06-10 18:44:01+00:00,685.0,0.01,0.0,0.01,0.0,0.0,19.0,620,0.492192578125,False,REGULAR,USD,SPY,2025-06-30,0,614.9099731445312,1.1139842089355647,2025-06-29 12:49:52.353214,0.0,0.0,0.0,0.01,0.01,0.0,1,0.9998395485279298,0.0,0.0,0.0,0.429693203125,0.0,0.0,ITM,6,6,0.030595813204508857,0.01,0.005,0.005,0.0,0
SPY250630C00690000,2025-06-02 13:30:00+00:00,690.0,0.02,0.0,0.01,0.0,0.0,1.0,1141,0.523442265625,False,REGULAR,USD,SPY,2025-06-30,0,614.9099731445312,1.1221154805336346,2025-06-29 12:49:52.353214,0.0,0.0,0.0,0.02,0.02,0.0,1,0.9998809572838762,0.0,0.0,0.0,0.460942890625,0.0,0.0,ITM,6,6,0.0008756567425569177,0.01,0.005,0.015,0.0,0
SPY250630C00695000,2025-06-06 16:22:50+00:00,695.0,0.01,0.0,0.01,0.0,0.0,14.0,2140,0.51562984375,False,REGULAR,USD,SPY,2025-06-30,0,614.9099731445312,1.1302467521317043,2025-06-29 12:49:52.353214,0.0,0.0,0.0,0.01,0.01,0.0,1,0.99987227507561,0.0,0.0,0.0,0.48438015624999997,0.0,0.0,ITM,6,6,0.006539000467071462,0.01,0.005,0.005,0.0,0
SPY250630C00700000,2025-06-27 19:44:21+00:00,700.0,0.01,0.0,0.01,0.0,0.0,264.0,13994,0.5468795312500001,False,REGULAR,USD,SPY,2025-06-30,0,614.9099731445312,1.1383780237297745,2025-06-29 12:49:52.353214,0.0,0.0,0.0,0.01,0.01,0.0,1,0.9993080802035111,0.0,0.0,0.0,0.507817421875,0.0,0.0,ITM,6,6,0.018863879957127544,0.01,0.005,0.005,0.0,0
SPY250630C00705000,2025-06-06 15:20:00+00:00,705.0,0.01,0.0,0.01,0.0,0.0,102.0,1647,0.57812921875,False,REGULAR,USD,SPY,2025-06-30,0,614.9099731445312,1.146509295327844,2025-06-29 12:49:52.353214,0.0,0.0,0.0,0.01,0.01,0.0,1,0.999865088340423,0.0,0.0,0.0,0.5312546874999999,0.0,0.0,ITM,6,6,0.061893203883495146,0.01,0.005,0.005,0.0,0
SPY250630C00710000,2025-06-04 16:05:44+00:00,710.0,0.01,0.0,0.01,0.0,0.0,202.0,2021,0.5937540625000001,False,REGULAR,USD,SPY,2025-06-30,0,614.9099731445312,1.154640566925914,2025-06-29 12:49:52.353214,0.0,0.0,0.0,0.01,0.01,0.0,1,0.99987227507561,0.0,0.0,0.0,0.551566984375,0.0,0.0,ITM,6,6,0.09990108803165183,0.01,0.005,0.005,0.0,0
SPY250630C00715000,2025-06-24 19:11:40+00:00,715.0,0.01,0.0,0.01,0.0,0.0,80.0,932,0.6250037500000001,False,REGULAR,USD,SPY,2025-06-30,0,614.9099731445312,1.1627718385239836,2025-06-29 12:49:52.353214,0.0,0.0,0.0,0.01,0.01,0.0,1,0.9998395485279298,0.0,0.0,0.0,0.57187928125,0.0,0.0,ITM,6,6,0.0857449088960343,0.01,0.005,0.005,0.0,0
SPY250630C00720000,2025-06-04 18:03:58+00:00,720.0,0.01,0.0,0.01,0.0,0.0,6.0,2143,0.6562534375000001,False,REGULAR,USD,SPY,2025-06-30,0,614.9099731445312,1.1709031101220535,2025-06-29 12:49:52.353214,0.0,0.0,0.0,0.01,0.01,0.0,1,0.99987227507561,0.0,0.0,0.0,0.600004,0.0,0.0,ITM,6,6,0.002798507462686567,0.01,0.005,0.005,0.0,0
SPY250630C00725000,2025-05-20 14:36:55+00:00,725.0,0.01,0.0,0.01,0.0,0.0,317.0,1063,0.6875031250000001,False,REGULAR,USD,SPY,2025-06-30,0,614.9099731445312,1.1790343817201232,2025-06-29 12:49:52.353214,0.0,0.0,0.0,0.01,0.01,0.0,1,0.9998395485279298,0.0,0.0,0.0,0.62812871875,0.0,0.0,ITM,6,6,0.29793233082706766,0.01,0.005,0.005,0.0,0
SPY250630C00730000,2025-05-27 19:16:56+00:00,730.0,0.01,0.0,0.0,0.0,0.0,1.0,0,0.500005,False,REGULAR,USD,SPY,2025-06-30,0,614.9099731445312,1.1871656533181931,2025-06-29 12:49:52.353214,0.0,0.0,0.0,0.01,0.01,0.0,1,0.9997844980947501,0.0,0.0,0.0,0.612503875,0.0,0.0,ITM,6,6,1.0,0.0,0.0,0.01,0.0,0
SPY250630C00735000,2025-06-18 13:30:01+00:00,735.0,0.01,0.0,0.01,0.0,0.0,100.0,44685,0.73437765625,False,REGULAR,USD,SPY,2025-06-30,0,614.9099731445312,1.1952969249162628,2025-06-29 12:49:52.353214,0.0,0.0,0.0,0.01,0.01,0.0,1,0.9993080802035111,0.0,0.0,0.0,0.64062859375,0.0,0.0,ITM,6,6,0.0022378373539811126,0.01,0.005,0.005,0.0,0
SPY250701C00450000,2025-06-27 15:44:52+00:00,450.0,165.93,163.58,165.7,4.64,2.8768058,2.0,0,1.7568371533203124,True,REGULAR,USD,SPY,2025-07-01,1,614.9099731445312,0.7318144438262834,2025-06-29 12:49:52.498298,164.97585189301202,0.28970656666732,163.86970656666733,0.9541481069879865,2.0602934333326743,1.1061453263446879,1,0.9999636337892397,0.99971217876577,1.8820758569851308e-05,-0.09169905386601859,0.8669952744140625,0.0,0.0,OTM,6,6,2.0,2.119999999999976,164.64,1.2900000000000205,0.00034253017796855023,0
SPY250701C00500000,2025-06-26 16:40:41+00:00,500.0,111.35,113.59,115.72,0.0,0.0,1.0,21,1.241703010253906,True,REGULAR,USD,SPY,2025-07-01,1,614.9099731445312,0.8131271598069816,2025-06-29 12:49:52.498298,114.98551515092026,0.6234663984520239,114.21346639845203,-3.63551515092027,-2.863466398452033,0.7720487524682369,0,7.792003443606838e-05,0.9993534210485846,5.639765585894816e-05,-0.1134681675533999,0.9840851889648438,0.0,0.0,OTM,6,6,0.045454545454545456,2.1299999999999955,114.655,-3.305000000000007,0.0007254525245574971,0
SPY250701C00530000,2025-06-27 15:44:52+00:00,530.0,85.98,83.61,85.73,4.600006,5.652502,2.0,1,0.9448247705078124,True,REGULAR,USD,SPY,2025-07-01,1,614.9099731445312,0.8619147893954004,2025-06-29 12:49:52.498298,84.99307288751368,0.798365909669613,84.40836590966961,0.9869271124863275,1.5716340903303916,0.5847069778440641,1,0.9999532217706055,0.9987863624528959,0.00013222311478571384,-0.13362697305457127,1.035549518066406,0.0,0.0,OTM,6,6,1.0,2.1200000000000045,84.67,1.3100000000000023,0.001294162655410724,0
SPY250701C00540000,2025-06-24 17:48:55+00:00,540.0,67.7,73.61,75.74,0.0,0.0,1.0,1,0.8479019116210937,True,REGULAR,USD,SPY,2025-07-01,1,614.9099731445312,0.8781773325915401,2025-06-29 12:49:52.498298,74.99641850166131,0.8626297627001946,74.4726297627002,-7.296418501661307,-6.772629762700191,0.523788738961116,0,6.949219619134368e-05,0.9984231376556538,0.00018714257439175565,-0.14351690448899196,1.1051289003906248,0.0,0.0,OTM,6,6,0.5,2.1299999999999955,74.675,-6.974999999999994,0.0016437979070362107,0
SPY250701C00545000,2025-06-20 13:58:13+00:00,545.0,53.44,68.61,70.74,0.0,0.0,3.0,2,0.7983418603515625,True,REGULAR,USD,SPY,2025-07-01,1,614.9099731445312,0.8863086041896099,2025-06-29 12:49:52.498298,69.99811486176327,0.8953622861091617,69.50536228610916,-16.558114861763272,-16.065362286109163,0.4927525756541087,0,6.949219619134368e-05,0.998206592686696,0.000223469088193312,-0.14826705900516104,1.1179217412109375,0.0,0.0,OTM,6,6,1.0,2.1299999999999955,69.675,-16.235,0.0018481472396093572,0
SPY250701C00555000,2025-06-23 16:48:38+00:00,555.0,40.31,58.7,60.42,0.0,0.0,1.0,138,0.6362341064453125,True,REGULAR,USD,SPY,2025-07-01,1,614.9099731445312,0.9025711473857496,2025-06-29 12:49:52.498298,59.99153808118808,0.9023449217849588,59.60234492178496,-19.68153808118808,-19.29234492178496,0.3891931594031206,0,9.071644568764805e-05,0.9990287618955729,0.00016008040919160836,-0.10949830273010439,0.8938011318359373,0.0,0.0,OTM,6,6,0.007194244604316547,1.7199999999999989,59.56,-19.25,0.0010550798806667917,0
SPY250701C00560000,2025-06-20 13:30:04+00:00,560.0,39.35,53.62,55.75,0.0,0.0,1.0,49,0.6518589501953126,True,REGULAR,USD,SPY,2025-07-01,1,614.9099731445312,0.9107024189838192,2025-06-29 12:49:52.498298,55.00495105441303,0.9832998807096018,54.6032998807096,-15.654951054413026,-15.253299880709598,0.40165117370342784,0,8.178981340515722e-05,0.9971325003055892,0.0004186782050442489,-0.16860618367115318,0.7758323198242187,0.0,0.0,OTM,6,6,0.02,2.1300000000000026,54.685,-15.335,0.002827249889405407,0
SPY250701C00565000,2025-06-23 16:48:38+00:00,565.0,30.34,48.63,50.76,0.0,0.0,2.0,3,0.603763728027344,True,REGULAR,USD,SPY,2025-07-01,1,614.9099731445312,0.9188336905818892,2025-06-29 12:49:52.498298,50.008239516535355,1.0063936288348145,49.63639362883482,-19.668239516535355,-19.296393628834817,0.3718458877005375,0,7.267582512929271e-05,0.996519781127475,0.000538098808852488,-0.17869124759307,0.7076201113281251,0.0,0.0,OTM,6,6,0.5,2.1299999999999955,49.695,-19.355,0.0033655748880359088,0
SPY250701C00570000,2025-06-26 13:33:25+00:00,570.0,39.33,43.63,45.76,0.0,0.0,1.0,13,0.5537154003906251,True,REGULAR,USD,SPY,2025-07-01,1,614.9099731445312,0.9269649621799588,2025-06-29 12:49:52.498298,45.01150272733855,1.0405634445494698,44.67056344454947,-5.681502727338554,-5.340563444549474,0.3409392827890798,0,6.900365941854798e-05,0.995804603804285,0.0006937385935531733,-0.18788639063032597,0.6487828090820313,0.0,0.0,OTM,6,6,0.07142857142857142,2.1299999999999955,44.695,-5.365000000000002,0.0039793548438785565,0
SPY250701C00572000,2025-06-26 14:20:17+00:00,572.0,37.84,41.64,43.76,0.0,0.0,2.0,36,0.5336960693359375,True,REGULAR,USD,SPY,2025-07-01,1,614.9099731445312,0.9302174708191868,2025-06-29 12:49:52.498298,43.01301019152811,1.0444266428003317,42.68442664280033,-5.173010191528107,-4.844426642800329,0.32858354872777795,0,7.765717165646921e-05,0.9954509942572863,0.0007737362626191923,-0.19211024959266962,0.5958536508789064,0.0,0.0,OTM,6,6,0.05405405405405406,2.1199999999999974,42.7,-4.859999999999999,0.004277767384338608,0
SPY250701C00574000,2025-06-27 18:16:06+00:00,574.0,39.85,39.64,41.77,2.47,6.607812,1.0,2,0.5148974291992188,True,REGULAR,USD,SPY,2025-07-01,1,614.9099731445312,0.9334699794584148,2025-06-29 12:49:52.498298,41.015232906145684,1.0584575290440412,40.69845752904404,-1.1652329061456825,-0.8484575290440404,0.31677537710164216,1,0.9900584452975757,0.9949599181662635,0.0008787452300664031,-0.19886265089872343,0.5715863154296876,0.0,0.0,OTM,6,6,0.3333333333333333,2.1300000000000026,40.705,-0.8549999999999969,0.004687204623372123,0
SPY250701C00575000,2025-06-23 16:48:38+00:00,575.0,21.01,38.64,40.77,0.0,0.0,1.0,4,0.5046436254882812,True,REGULAR,USD,SPY,2025-07-01,1,614.9099731445312,0.9350962337780288,2025-06-29 12:49:52.498298,40.01602833080619,1.0657116562858917,39.70571165628589,-19.006028330806192,-18.69571165628589,0.3103166745203012,0,6.900365941854798e-05,0.994749938874127,0.0009297725425751384,-0.20095441881609233,0.5421432504882813,0.0,0.0,OTM,6,6,0.2,2.1300000000000026,39.705,-18.694999999999997,0.004860620539556437,0
SPY250701C00576000,2025-06-24 18:13:06+00:00,576.0,31.82,37.64,39.77,0.0,0.0,1.0,5,0.4946339599609375,True,REGULAR,USD,SPY,2025-07-01,1,614.9099731445312,0.9367224880976428,2025-06-29 12:49:52.498298,39.01698734414322,1.0730175836253295,38.71301758362533,-7.196987344143217,-6.89301758362533,0.30396976051788727,0,7.191462293377878e-05,0.9945055015623891,0.0009877545245457239,-0.2036014816114343,0.520317296875,0.0,0.0,OTM,6,6,0.16666666666666666,2.1300000000000026,38.705,-6.884999999999998,0.00506131266958159,0
SPY250701C00578000,2025-06-27 15:12:54+00:00,578.0,37.48,35.64,37.77,14.43,62.60304,4.0,4,0.4741263525390625,True,REGULAR,USD,SPY,2025-07-01,1,614.9099731445312,0.9399749967368708,2025-06-29 12:49:52.498298,37.01880538640307,1.0877341247798427,36.72773412477984,0.4611946135969234,0.7522658752201536,0.29107126162323027,1,0.9998971408781157,0.9940022438229417,0.0011138303380361693,-0.2083482425339191,0.5043994873046874,0.0,0.0,OTM,6,6,0.8,2.1300000000000026,36.705,0.7749999999999986,0.0054707056304527804,0
SPY250701C00579000,2025-06-27 15:51:13+00:00,579.0,37.28,34.64,36.77,6.8099995,22.349852,1.0,4,0.463872548828125,True,REGULAR,USD,SPY,2025-07-01,1,614.9099731445312,0.9416012510564846,2025-06-29 12:49:52.498298,36.019792703707935,1.0950869407283506,35.73508694072835,1.2602072962920658,1.54491305927165,0.28470576297958416,1,0.9999641634829153,0.9937211591493942,0.001185595543614735,-0.2109110748222176,0.49043478320312495,0.0,0.0,OTM,6,6,0.2,2.1300000000000026,35.705,1.5750000000000028,0.005697252137184595,0
SPY250701C00580000,2025-06-27 18:32:02+00:00,580.0,32.66,33.65,35.77,0.5,1.5547264,13.0,7,0.4536187451171874,True,REGULAR,USD,SPY,2025-07-01,1,614.9099731445312,0.9432275053760986,2025-06-29 12:49:52.498298,35.020839556106694,1.0924282846033293,34.74242828460333,-2.360839556106697,-2.0824282846033313,0.27841127150336575,0,0.0007028456082895936,0.9934175037812426,0.0012641330956442232,-0.21361571271364352,0.4781790463867187,0.0,0.0,OTM,6,6,1.625,2.1200000000000045,34.71,-2.0500000000000043,0.0059403769414044,0
SPY250701C00583000,2025-06-26 15:19:43+00:00,583.0,28.12,30.65,32.78,0.0,0.0,51.0,26,0.4240780249023437,True,REGULAR,USD,SPY,2025-07-01,1,614.9099731445312,0.9481062683349404,2025-06-29 12:49:52.498298,32.02524204325891,1.1147497718400636,31.764749771840062,-3.9052420432589123,-3.644749771840061,0.2604922714188511,0,6.857552588466851e-05,0.9921960538345947,0.0015712440919681439,-0.2255542476489795,0.46206592626953125,0.0,0.0,OTM,6,6,1.8888888888888888,2.1300000000000026,31.715,-3.594999999999999,0.006902710119959727,0
SPY250701C00584000,2025-06-26 14:15:26+00:00,584.0,25.76,29.65,31.78,0.0,0.0,2.0,5,0.4135800830078124,True,REGULAR,USD,SPY,2025-07-01,1,614.9099731445312,0.9497325226545544,2025-06-29 12:49:52.498298,31.026465550081298,1.122312783229777,30.772312783229776,-5.266465550081296,-5.012312783229774,0.2541527668515222,0,6.857552588466851e-05,0.9917937062522061,0.0016839323008059827,-0.22848428872318646,0.44585515087890626,0.0,0.0,OTM,6,6,0.3333333333333333,2.1300000000000026,30.715,-4.954999999999998,0.007214636471020488,0
SPY250701C00585000,2025-06-27 18:30:54+00:00,585.0,27.33,28.66,30.78,1.1499996,4.3926644,8.0,24,0.403326279296875,True,REGULAR,USD,SPY,2025-07-01,1,614.9099731445312,0.9513587769741684,2025-06-29 12:49:52.498298,30.027962623449525,1.1199826831147526,29.779982683114753,-2.697962623449527,-2.4499826831147544,0.24797994033477266,0,0.0006203062028642875,0.9913208671913071,0.0018137693992698867,-0.23221506679644727,0.43169513623046873,0.0,0.0,ATM,6,6,0.32,2.120000000000001,29.72,-2.3900000000000006,0.007578247759355343,0
SPY250701C00586000,2025-06-24 14:29:57+00:00,586.0,19.72,27.66,29.79,0.0,0.0,1.0,7,0.3938048901367187,True,REGULAR,USD,SPY,2025-07-01,1,614.9099731445312,0.9529850312937824,2025-06-29 12:49:52.498298,29.030165306359436,1.1278809842960342,28.787880984296034,-9.310165306359437,-9.067880984296036,0.24228432206340145,0,6.857552588466851e-05,0.9906933596744946,0.001974756655746894,-0.23810016782461807,0.4176816044921875,0.0,0.0,ATM,6,6,0.125,2.129999999999999,28.725,-9.005000000000003,0.008056100961480643,0
SPY250701C00587000,2025-06-27 18:47:34+00:00,587.0,25.33,26.66,28.79,0.010000229,0.039495375,1.0,9,0.3833069482421875,True,REGULAR,USD,SPY,2025-07-01,1,614.9099731445312,0.9546112856133964,2025-06-29 12:49:52.498298,28.031739778261226,1.1358093694853117,27.795809369485312,-2.701739778261228,-2.4658093694853136,0.2359304087759142,0,0.0004107703837699189,0.9901521659878569,0.0021316024741615818,-0.24178304141534082,0.4036192451171875,0.0,0.0,ATM,6,6,0.1,2.129999999999999,27.725,-2.395000000000003,0.008464145430085135,0
SPY250701C00588000,2025-06-27 18:47:34+00:00,588.0,24.34,25.67,27.79,5.3199997,27.970556,1.0,17,0.3728090063476562,True,REGULAR,USD,SPY,2025-07-01,1,614.9099731445312,0.9562375399330104,2025-06-29 12:49:52.498298,27.033446703252707,1.1339012677961335,26.803901267796135,-2.6934467032527074,-2.4639012677961354,0.22954543545657202,0,0.0009281076941721359,0.9895553848364887,0.0023070588571169823,-0.24573672172801012,0.39336544140624996,0.0,0.0,ATM,6,6,0.05555555555555555,2.1199999999999974,26.73,-2.3900000000000006,0.008909950249668631,0
SPY250701C00589000,2025-06-27 18:47:34+00:00,589.0,23.32,25.61,25.77,5.119999,28.13186,2.0,25,1.0000000000000004e-05,True,REGULAR,USD,SPY,2025-07-01,1,614.9099731445312,0.9578637942526242,2025-06-29 12:49:52.498298,25.990652549925244,0.3806466168720277,25.990646616872027,-2.6706525499252436,-2.670646616872027,5.933053216722328e-06,0,0.00045428511801047896,1.0,0.0,-0.08067387953350767,0.31065142480468744,0.0,0.0,ATM,6,6,0.07692307692307693,0.16000000000000014,25.689999999999998,-2.3699999999999974,0.0,0
SPY250701C00590000,2025-06-27 18:47:35+00:00,590.0,22.23,24.63,24.77,0.3599987,1.6460845,19.0,240,1.0000000000000004e-05,True,REGULAR,USD,SPY,2025-07-01,1,614.9099731445312,0.9594900485722382,2025-06-29 12:49:52.498298,24.990789526844424,0.3607835937912043,24.990783593791203,-2.760789526844423,-2.760783593791203,5.933053220275042e-06,0,0.00015004816085842712,1.0,0.0,-0.080810847070916,0.2299881689453125,0.0,0.0,ATM,6,6,0.07883817427385892,0.14000000000000057,24.7,-2.469999999999999,0.0,0
SPY250701C00591000,2025-06-27 18:47:35+00:00,591.0,21.24,23.62,23.78,1.1399994,5.6716385,7.0,255,1.0000000000000004e-05,True,REGULAR,USD,SPY,2025-07-01,1,614.9099731445312,0.9611163028918522,2025-06-29 12:49:52.498298,23.990926503763603,0.3709205707103784,23.99092057071038,-2.750926503763605,-2.750920570710381,5.9330532238277556e-06,0,0.00011264640059827015,1.0,0.0,-0.08094781460832433,0.15122919091796874,0.0,0.0,ATM,6,6,0.02734375,0.16000000000000014,23.700000000000003,-2.4600000000000044,0.0,0
SPY250701C00592000,2025-06-27 18:47:35+00:00,592.0,20.26,22.63,22.78,2.4899998,14.012379,8.0,579,1.0000000000000004e-05,True,REGULAR,USD,SPY,2025-07-01,1,614.9099731445312,0.9627425572114662,2025-06-29 12:49:52.498298,22.991063480682783,0.361057547629553,22.991057547629552,-2.7310634806827814,-2.7310575476295504,5.933053230933183e-06,0,0.0002554424283444427,1.0,0.0,-0.08108478214573267,0.07456980126953124,0.0,0.0,ATM,6,6,0.013793103448275862,0.15000000000000213,22.705,-2.4449999999999967,0.0,0
SPY250701C00593000,2025-06-27 18:47:35+00:00,593.0,19.27,21.65,21.79,0.59000015,3.1584592,26.0,1230,1.0000000000000004e-05,True,REGULAR,USD,SPY,2025-07-01,1,614.9099731445312,0.96436881153108,2025-06-29 12:49:52.498298,21.991200457601963,0.34119452454872956,21.991194524548728,-2.721200457601963,-2.7211945245487286,5.933053234485897e-06,0,0.0003105647151467821,1.0,0.0,-0.081221749683141,1.0000000000000004e-05,0.0,0.0,ATM,6,6,0.021121039805036556,0.14000000000000057,21.72,-2.4499999999999993,0.0,0
SPY250701C00594000,2025-06-27 18:47:35+00:00,594.0,18.3,20.66,20.8,0.3599987,2.0066817,21.0,1073,1.0000000000000004e-05,True,REGULAR,USD,SPY,2025-07-01,1,614.9099731445312,0.965995065850694,2025-06-29 12:49:52.498298,20.991337434521142,0.33133150146790413,20.991331501467904,-2.6913374345211416,-2.6913315014679036,5.93305323803861e-06,0,0.00026067811919132416,1.0,0.0,-0.08135871722054934,1.0000000000000004e-05,0.0,0.0,ATM,6,6,0.019553072625698324,0.14000000000000057,20.73,-2.4299999999999997,0.0,0
SPY250701C00595000,2025-06-27 18:47:35+00:00,595.0,17.33,19.66,19.81,0.37000084,2.1816087,59.0,1920,1.0000000000000004e-05,True,REGULAR,USD,SPY,2025-07-01,1,614.9099731445312,0.967621320170308,2025-06-29 12:49:52.498298,19.991474411440322,0.3314684783870767,19.991468478387077,-2.6614744114403237,-2.6614684783870786,5.933053245144038e-06,0,0.00028368704037345926,1.0,0.0,-0.08149568475795767,1.0000000000000004e-05,0.0,0.0,ATM,6,6,0.03071317022384175,0.14999999999999858,19.735,-2.405000000000001,0.0,0
SPY250701C00596000,2025-06-27 18:47:34+00:00,596.0,16.49,18.67,18.82,-0.38000107,-2.2525256,12.0,765,1.0000000000000004e-05,True,REGULAR,USD,SPY,2025-07-01,1,614.9099731445312,0.969247574489922,2025-06-29 12:49:52.498298,18.9916113883595,0.3216054553062513,18.991605455306253,-2.5016113883595033,-2.5016054553062546,5.933053248696751e-06,0,0.0002477277238494995,1.0,0.0,-0.081632652295366,1.0000000000000004e-05,0.0,0.0,ATM,6,6,0.015665796344647518,0.14999999999999858,18.745,-2.2550000000000026,0.0,0
SPY250701C00597000,2025-06-27 19:59:35+00:00,597.0,18.21,17.7,17.84,3.0099993,19.802628,77.0,737,1.0000000000000004e-05,True,REGULAR,USD,SPY,2025-07-01,1,614.9099731445312,0.970873828809536,2025-06-29 12:49:52.498298,17.99174836527868,0.29174243222542984,17.99174243222543,0.21825163472131948,0.21825756777457173,5.933053252249465e-06,1,0.9988766931911047,1.0,0.0,-0.08176961983277434,1.0000000000000004e-05,0.0,0.0,ATM,6,6,0.1043360433604336,0.14000000000000057,17.77,0.4400000000000013,0.0,0
SPY250701C00598000,2025-06-27 19:58:41+00:00,598.0,17.16,16.7,16.86,2.8400002,19.832403,25.0,1217,1.0000000000000004e-05,True,REGULAR,USD,SPY,2025-07-01,1,614.9099731445312,0.97250008312915,2025-06-29 12:49:52.498298,16.99188534219786,0.2918794091446024,16.9918794091446,0.16811465780213908,0.16812059085539843,5.933053259354892e-06,1,0.9977737878641724,1.0,0.0,-0.08190658737018267,1.0000000000000004e-05,0.0,0.0,ATM,6,6,0.020525451559934318,0.16000000000000014,16.78,0.379999999999999,0.0,0
SPY250701C00599000,2025-06-27 20:07:13+00:00,599.0,15.72,15.74,15.87,2.42,18.19549,28.0,845,1.0000000000000004e-05,True,REGULAR,USD,SPY,2025-07-01,1,614.9099731445312,0.974126337448764,2025-06-29 12:49:52.498298,15.99202231911704,0.25201638606377763,15.992016386063778,-0.2720223191170401,-0.2720163860637772,5.933053262907606e-06,0,0.03762735672075593,1.0,0.0,-0.082043554907591,1.0000000000000004e-05,0.0,0.0,ATM,6,6,0.03309692671394799,0.129999999999999,15.805,-0.08499999999999908,0.0,0
SPY250701C00600000,2025-06-27 19:59:34+00:00,600.0,15.34,14.75,14.9,2.54,19.84375,99.0,1261,1.0000000000000004e-05,True,REGULAR,USD,SPY,2025-07-01,1,614.9099731445312,0.975752591768378,2025-06-29 12:49:52.498298,14.99215929603622,0.2421533629829522,14.992153362982952,0.3478407039637794,0.34784663701704766,5.9330532682366766e-06,1,0.9993554326901356,1.0,0.0,-0.08218052244499932,1.0000000000000004e-05,0.0,0.0,ATM,6,6,0.07844690966719493,0.15000000000000036,14.825,0.5150000000000006,0.0,0
SPY250701C00601000,2025-06-27 20:01:05+00:00,601.0,13.85,13.78,13.93,2.58,22.892633,29.0,262,0.10743080078125,True,REGULAR,USD,SPY,2025-07-01,1,614.9099731445312,0.977378846087992,2025-06-29 12:49:52.498298,13.992312352945305,0.1483203844038421,13.928320384403841,-0.14231235294530542,-0.07832038440384181,0.0639919685414636,1,0.9929639696926207,0.9999790013361988,2.6219270758763443e-05,-0.08247245846983062,0.02149416015625,0.0,0.0,ATM,6,6,0.11026615969581749,0.15000000000000036,13.855,-0.005000000000000782,2.917961991693414e-05,0
SPY250701C00602000,2025-06-27 19:51:32+00:00,602.0,12.03,12.83,12.96,1.5599995,14.899709,30.0,340,0.11524322265625,True,REGULAR,USD,SPY,2025-07-01,1,614.9099731445312,0.9790051004076058,2025-06-29 12:49:52.498298,12.992615947084914,0.09386018061910839,12.923860180619108,-0.9626159470849149,-0.8938601806191091,0.06875576646580583,0,0.0026459986481303377,0.9998024291399915,0.00020199467469635254,-0.08382732984273876,0.044540804687500005,0.0,0.0,ATM,6,6,0.08797653958944282,0.13000000000000078,12.895,-0.8650000000000002,0.00024114903240668028,0
SPY250701C00603000,2025-06-27 20:03:55+00:00,603.0,12.05,11.86,12.0,1.8400002,18.02155,35.0,776,0.1186611572265625,True,REGULAR,USD,SPY,2025-07-01,1,614.9099731445312,0.9806313547272196,2025-06-29 12:49:52.498298,11.993349802235684,0.062177115116508475,11.922177115116508,0.056650197764316346,0.1278228848834928,0.07117268711917646,1,0.9985846171034196,0.99924873505555,0.000677746183207991,-0.08747096594984623,0.0682710361328125,0.0,0.0,ATM,6,6,0.04504504504504504,0.14000000000000057,11.93,0.120000000000001,0.0008331167558312487,0
SPY250701C00604000,2025-06-27 20:00:08+00:00,604.0,11.0,10.91,11.05,1.6400003,17.521372,186.0,319,0.1201259863281249,True,REGULAR,USD,SPY,2025-07-01,1,614.9099731445312,0.9822576090468336,2025-06-29 12:49:52.498298,10.995016487702856,0.012394496655467435,10.922394496655468,0.0049835122971444434,0.07760550334453242,0.07262199104738798,1,0.9981825880113502,0.9979607971382852,0.001668987928340059,-0.09503092603862949,0.09229423339843748,0.0,0.0,ATM,6,6,0.58125,0.14000000000000057,10.98,0.019999999999999574,0.002076922883174314,0
SPY250701C00605000,2025-06-27 19:51:10+00:00,605.0,9.34,9.97,10.11,1.3199997,16.458849,149.0,927,0.1203701245117187,True,REGULAR,USD,SPY,2025-07-01,1,614.9099731445312,0.9838838633664476,2025-06-29 12:49:52.498298,9.998460174119828,-0.04471417241807707,9.925285827581924,-0.6584601741198277,-0.5852858275819237,0.073174346537904,0,0.0017252132715210753,0.9953882720951285,0.0034727756747038336,-0.10853852288782598,0.11636625830078122,0.0,0.0,ATM,6,6,0.16056034482758622,0.1399999999999988,10.04,-0.6999999999999993,0.004330376425910508,0
SPY250701C00606000,2025-06-27 20:01:58+00:00,606.0,9.2,9.05,9.18,2.1399999,30.311615,207.0,924,0.1191494335937499,True,REGULAR,USD,SPY,2025-07-01,1,614.9099731445312,0.9855101176860616,2025-06-29 12:49:52.498298,9.004574882838824,-0.11806265475740929,8.931937345242591,0.19542511716117517,0.26806265475740787,0.0726375375962327,1,0.9963233738751667,0.9909960436376951,0.006340621442627038,-0.12886699294889284,0.11870998486328119,0.0,0.0,ATM,6,6,0.22378378378378377,0.129999999999999,9.115,0.08499999999999908,0.007826255400795706,0
SPY250701C00607000,2025-06-27 19:56:20+00:00,607.0,8.49,8.14,8.26,2.3199997,37.60129,632.0,1648,0.117196328125,True,REGULAR,USD,SPY,2025-07-01,1,614.9099731445312,0.9871363720056756,2025-06-29 12:49:52.498298,8.01524106621207,-0.1968881415120336,7.943111858487967,0.4747589337879301,0.5468881415120332,0.07212920772410314,1,0.9989962255061324,0.9836598955686442,0.010804547575252198,-0.1586259618363345,0.1191006059570312,0.0,0.0,ATM,6,6,0.38326258338386904,0.11999999999999922,8.2,0.2900000000000009,0.013117491771877434,0
SPY250701C00608000,2025-06-27 20:04:11+00:00,608.0,7.37,7.26,7.37,1.9499998,35.977856,1714.0,1279,0.1157314990234375,True,REGULAR,USD,SPY,2025-07-01,1,614.9099731445312,0.9887626263252896,2025-06-29 12:49:52.498298,7.035470625342214,-0.2969259635280155,6.963074036471984,0.3345293746577864,0.4069259635280158,0.07239658887022937,1,0.9911129492683581,0.9707019529266585,0.017911289184034986,-0.20506225678757586,0.1185146743164062,0.0,0.0,ATM,6,6,1.3390625,0.11000000000000032,7.3149999999999995,0.055000000000000604,0.021473786627239887,0
SPY250701C00609000,2025-06-27 20:09:07+00:00,609.0,6.56,6.4,6.5,1.8299999,38.689217,770.0,1291,0.1135342553710937,True,REGULAR,USD,SPY,2025-07-01,1,614.9099731445312,0.9903888806449036,2025-06-29 12:49:52.498298,6.0687623429838595,-0.4042878890363699,5.99571211096363,0.4912376570161401,0.5642878890363692,0.07305023202022909,1,0.9810964041609599,0.950646610742051,0.027932268394027283,-0.2657376797015741,0.11719632812499996,0.0,0.0,ATM,6,6,0.5959752321981424,0.09999999999999964,6.45,0.10999999999999943,0.032852114787960775,0
SPY250701C00610000,2025-06-27 20:10:57+00:00,610.0,5.72,5.58,5.66,1.7199998,42.999996,2637.0,2178,0.1112149426269531,True,REGULAR,USD,SPY,2025-07-01,1,614.9099731445312,0.9920151349645177,2025-06-29 12:49:52.498298,5.124045299790623,-0.5274484032877602,5.05255159671224,0.5959547002093766,0.6674484032877599,0.07149370307838332,1,0.994833695286226,0.9197843157174567,0.04161673553396707,-0.343396506951819,0.11536529174804684,0.0,0.0,ATM,6,6,1.2101881597062873,0.08000000000000007,5.62,0.09999999999999964,0.04794699151125173,0
SPY250701C00611000,2025-06-27 20:14:48+00:00,611.0,4.81,4.78,4.85,1.4199998,41.8879,4248.0,1499,0.1085294226074218,True,REGULAR,USD,SPY,2025-07-01,1,614.9099731445312,0.9936413892841316,2025-06-29 12:49:52.498298,4.211192749649513,-0.6362816037562578,4.1437183962437425,0.5988072503504869,0.6662816037562571,0.06747435340577024,1,0.9931830314696845,0.8749005526526773,0.058964002398603825,-0.4328542624513198,0.11324128955078124,0.0,0.0,ATM,6,6,2.832,0.0699999999999994,4.8149999999999995,-0.004999999999999893,0.06629253963863105,0
SPY250701C00612000,2025-06-27 20:13:26+00:00,612.0,4.11,4.04,4.09,1.2900002,45.74469,7258.0,1304,0.1060880407714843,True,REGULAR,USD,SPY,2025-07-01,1,614.9099731445312,0.9952676436037454,2025-06-29 12:49:52.498298,3.349308439536344,-0.7552001797971624,3.2847998202028377,0.7606915604636564,0.8252001797971626,0.06450861933350627,1,0.9759365720663538,0.8110304477191326,0.0792080656687475,-0.5296030216109003,0.11101963208007808,0.0,0.0,ATM,6,6,5.5616858237547895,0.04999999999999982,4.0649999999999995,0.04500000000000082,0.0870494528692726,0
SPY250701C00613000,2025-06-27 20:10:21+00:00,613.0,3.41,3.35,3.38,1.0600002,45.10639,9990.0,1356,0.1035245898437499,True,REGULAR,USD,SPY,2025-07-01,1,614.9099731445312,0.9968938979233594,2025-06-29 12:49:52.498298,2.555607088558247,-0.8533042150025718,2.4966957849974283,0.854392911441753,0.9133042150025719,0.05891130356081886,1,0.8778914883194802,0.7264455665106916,0.09988051546018512,-0.6152987068573427,0.10857825024414056,0.0,0.0,ATM,6,6,7.361827560795874,0.029999999999999805,3.365,0.04499999999999993,0.10711603852890374,0
SPY250701C00614000,2025-06-27 20:14:46+00:00,614.0,2.72,2.71,2.74,0.85,45.454548,12426.0,4728,0.1015104498291015,True,REGULAR,USD,SPY,2025-07-01,1,614.9099731445312,0.9985201522429732,2025-06-29 12:49:52.498298,1.85932586426145,-0.9050469008080606,1.8049530991919394,0.8606741357385501,0.9150469008080608,0.05437276506951072,1,0.9743371854585636,0.6206401024172298,0.11647873512700757,-0.6737065485496738,0.10617348913574212,0.0,0.0,ATM,6,6,2.6276168323112707,0.03000000000000025,2.725,-0.004999999999999893,0.12248632581791691,0
SPY250701C00615000,2025-06-27 20:14:53+00:00,615.0,2.16,2.14,2.17,0.6700001,44.966446,21244.0,9735,0.0995573443603515,False,REGULAR,USD,SPY,2025-07-01,1,614.9099731445312,1.0001464065625874,2025-06-29 12:49:52.498298,1.2754597950143989,-0.9122918653536625,1.2277081346463377,0.8845402049856013,0.9322918653536625,0.04775166036806122,1,0.9456986520364674,0.5003190942717863,0.12450062130915085,-0.6811421592025614,0.10384196948242182,0.0,0.0,ATM,6,6,2.1820049301561215,0.029999999999999805,2.1550000000000002,0.004999999999999893,0.12840295886082784,0
SPY250701C00616000,2025-06-27 20:14:40+00:00,616.0,1.63,1.64,1.66,0.48000002,41.739132,16591.0,3377,0.0970549279785156,False,REGULAR,USD,SPY,2025-07-01,1,614.9099731445312,1.0017726608822013,2025-06-29 12:49:52.498298,0.8083827796176024,-0.8660274349912989,0.773972565008701,0.8216172203823975,0.8560274349912989,0.03441021460890137,0,0.08218068464987542,0.3748144580607692,0.12137029695868048,-0.6236333968836747,0.10154707055664056,0.0,0.0,ATM,6,6,4.911486086441681,0.020000000000000018,1.65,-0.020000000000000018,0.12202820289154521,0
SPY250701C00617000,2025-06-27 20:14:49+00:00,617.0,1.23,1.22,1.23,0.35000002,39.77273,7627.0,4140,0.0948576843261718,False,REGULAR,USD,SPY,2025-07-01,1,614.9099731445312,1.0033989152018152,2025-06-29 12:49:52.498298,0.47056847196705576,-0.7718933327055704,0.44810666729442966,0.7594315280329442,0.7818933327055704,0.022461804672626096,1,0.9593785321421082,0.25677144341563063,0.10555650461280852,-0.5135250057425608,0.09930099926757806,0.0,0.0,ATM,6,6,1.8418256459792322,0.010000000000000009,1.225,0.004999999999999893,0.10372602336609685,0
SPY250701C00618000,2025-06-27 20:14:37+00:00,618.0,0.86,0.86,0.89,0.22000003,34.375008,7469.0,464,0.0932707861328125,False,REGULAR,USD,SPY,2025-07-01,1,614.9099731445312,1.0050251695214292,2025-06-29 12:49:52.498298,0.2513512475284898,-0.6215491939913687,0.23845080600863133,0.6086487524715102,0.6215491939913687,0.012900441519858474,0,0.06209765984340721,0.15956565681678164,0.08090585832635659,-0.37796851064034853,0.09725023852539058,0.0,0.0,ATM,6,6,16.06236559139785,0.030000000000000027,0.875,-0.015000000000000013,0.0781728266993975,0
SPY250701C00619000,2025-06-27 20:14:39+00:00,619.0,0.6,0.6,0.61,0.120000035,25.00001,9712.0,990,0.0910735424804687,False,REGULAR,USD,SPY,2025-07-01,1,614.9099731445312,1.0066514238410431,2025-06-29 12:49:52.498298,0.11719537499816823,-0.48945859742069353,0.11054140257930643,0.48280462500183174,0.48945859742069353,0.0066539724188618005,0,0.039263783427110406,0.08698393439516838,0.05401004583140045,-0.23934902788498644,0.09516285705566403,0.0,0.0,ATM,6,6,9.800201816347125,0.010000000000000009,0.605,-0.0050000000000000044,0.050956194272946016,0
SPY250701C00620000,2025-06-27 20:14:53+00:00,620.0,0.41,0.4,0.41,0.07999998,24.242418,9528.0,934,0.0898528515625,False,REGULAR,USD,SPY,2025-07-01,1,614.9099731445312,1.008277678160657,2025-06-29 12:49:52.498298,0.05011514535384265,-0.35368592224906387,0.04631407775093614,0.3598848546461573,0.3636859222490638,0.0038010676029065077,1,0.6162026652615864,0.0425964377063781,0.03135586052836344,-0.13470535770331984,0.09322195849609373,0.0,0.0,ATM,6,6,10.190374331550801,0.009999999999999953,0.405,0.004999999999999949,0.02918641797811653,0
SPY250701C00621000,2025-06-27 20:15:00+00:00,621.0,0.27,0.26,0.27,0.040000007,17.391306,11091.0,2201,0.0892425061035156,False,REGULAR,USD,SPY,2025-07-01,1,614.9099731445312,1.009903932480271,2025-06-29 12:49:52.498298,0.019701229956249122,-0.24193501983862453,0.018064980161375473,0.2502987700437509,0.25193501983862454,0.0016362497948736489,1,0.9901257525340993,0.018848466580578448,0.016028445411971848,-0.06770533561516275,0.09165947412109372,0.0,0.0,ATM,6,6,5.036784741144414,0.010000000000000009,0.265,0.0050000000000000044,0.014818128936208111,0
SPY250701C00622000,2025-06-27 20:14:05+00:00,622.0,0.17,0.16,0.17,0.030000001,21.428572,4536.0,879,0.0883880224609375,False,REGULAR,USD,SPY,2025-07-01,1,614.9099731445312,1.0115301867998852,2025-06-29 12:49:52.498298,0.006720888761166499,-0.15440195696409348,0.0055980430359065265,0.1632791112388335,0.1644019569640935,0.0011228457252599727,1,0.9755286125804895,0.007221428913256017,0.007040741290462351,-0.02909822281260806,0.09036554174804685,0.0,0.0,ATM,6,6,5.154545454545454,0.010000000000000009,0.165,0.0050000000000000044,0.006446767580472483,0
SPY250701C00623000,2025-06-27 20:13:31+00:00,623.0,0.1,0.1,0.11,-0.019999996,-16.666664,3239.0,470,0.088876298828125,False,REGULAR,USD,SPY,2025-07-01,1,614.9099731445312,1.013156441119499,2025-06-29 12:49:52.498298,0.002341168498687818,-0.09829285569388307,0.0017071443061169353,0.09765883150131219,0.09829285569388307,0.0006340241925708826,0,0.08090039838604954,0.0027354740858760085,0.002942920909369671,-0.012270771862610491,0.08948664428710937,0.0,0.0,ATM,6,6,6.876857749469214,0.009999999999999995,0.10500000000000001,-0.0050000000000000044,0.002709534969569847,0
SPY250701C00624000,2025-06-27 20:13:48+00:00,624.0,0.06,0.06,0.07,-0.010000002,-14.285716,1666.0,488,0.0893645751953125,False,REGULAR,USD,SPY,2025-07-01,1,614.9099731445312,1.014782695439113,2025-06-29 12:49:52.498298,0.0007523553778451264,-0.05954728706204611,0.000452712937953889,0.05924764462215487,0.05954728706204611,0.0002996424398912374,0,0.24063842697350873,0.0009494989019340059,0.0011162508956928713,-0.004697227563783879,0.08914485083007812,0.0,0.0,ATM,6,6,3.406952965235174,0.010000000000000009,0.065,-0.0050000000000000044,0.0010333737490358756,0
SPY250701C00625000,2025-06-27 20:12:54+00:00,625.0,0.04,0.04,0.05,0.0,0.0,3687.0,388,0.09180595703125,False,REGULAR,USD,SPY,2025-07-01,1,614.9099731445312,1.016408949758727,2025-06-29 12:49:52.498298,0.00030309495632457883,-0.03984749563755811,0.00015250436244189234,0.03969690504367542,0.03984749563755811,0.0001505905938826865,0,0.11882655978604625,0.00039524015138494027,0.0004836668890638263,-0.002144737669407807,0.08953547192382812,0.0,0.0,ATM,6,6,9.478149100257069,0.010000000000000002,0.045,-0.0049999999999999975,0.00045998898168054435,0
SPY250701C00626000,2025-06-27 20:05:57+00:00,626.0,0.02,0.03,0.04,-0.01,-33.333336,1752.0,564,0.0962004443359375,False,REGULAR,USD,SPY,2025-07-01,1,614.9099731445312,1.018035204078341,2025-06-29 12:49:52.498298,0.00016694812965964423,-0.02991277804507022,8.722195492977936e-05,0.019833051870340356,0.01991277804507022,7.972617472986487e-05,0,0.00816633593916707,0.00021571471089862053,0.00026267359038286054,-0.0012772782998664034,0.0909270595703125,0.0,0.0,ATM,6,6,3.1008849557522122,0.010000000000000002,0.035,-0.015000000000000003,0.0002617723052758601,0
SPY250701C00627000,2025-06-27 19:58:30+00:00,627.0,0.02,0.02,0.03,0.0,0.0,1114.0,772,0.0991301025390625,False,REGULAR,USD,SPY,2025-07-01,1,614.9099731445312,1.0196614583979549,2025-06-29 12:49:52.498298,7.489190263142154e-05,-0.019976263287210687,2.373671278931274e-05,0.01992510809736858,0.019976263287210687,5.11551898421088e-05,0,0.10166514916823956,9.823455930545074e-05,0.00012200834621590481,-0.0006292777023422517,0.0930754755859375,0.0,0.0,ATM,6,6,1.441138421733506,0.009999999999999998,0.025,-0.005000000000000001,0.00012529256640946506,0
SPY250701C00628000,2025-06-27 20:07:13+00:00,628.0,0.01,0.02,0.03,-0.01,-50.0,129.0,1041,0.106454248046875,False,REGULAR,USD,SPY,2025-07-01,1,614.9099731445312,1.0212877127175688,2025-06-29 12:49:52.498298,7.107563912453485e-05,-0.01998491037627585,1.508962372415166e-05,0.009928924360875465,0.009984910376275849,5.598601540038319e-05,0,0.0007316453755155448,8.737759956397856e-05,0.00010176958901686387,-0.0006047215760965318,0.0965910654296875,0.0,0.0,ATM,6,6,0.1238003838771593,0.009999999999999998,0.025,-0.015000000000000001,0.00011223058496961553,0
SPY250701C00629000,2025-06-27 20:14:28+00:00,629.0,0.02,0.01,0.02,0.0,0.0,450.0,43,0.10743080078125,False,REGULAR,USD,SPY,2025-07-01,1,614.9099731445312,1.0229139670371827,2025-06-29 12:49:52.498298,2.44856918537803e-05,-0.01,0.0,0.01997551430814622,0.02,2.44856918537803e-05,1,0.996302197158819,3.143768436548774e-05,3.84341526646009e-05,-0.00023240516037899669,0.100204310546875,0.0,0.0,ATM,6,6,10.227272727272727,0.01,0.015,0.005000000000000001,4.277365213171047e-05,0
SPY250701C00630000,2025-06-27 19:25:35+00:00,630.0,0.02,0.01,0.02,0.0,0.0,1623.0,316,0.1132901171875,False,REGULAR,USD,SPY,2025-07-01,1,614.9099731445312,1.024540221356797,2025-06-29 12:49:52.498298,1.9700520232521224e-05,-0.01,0.0,0.01998029947976748,0.02,1.9700520232521224e-05,1,0.9971654771355903,2.4287973120524675e-05,2.8542738989516646e-05,-0.00019179236207970198,0.104501142578125,0.0,0.0,ATM,6,6,5.1198738170347005,0.01,0.015,0.005000000000000001,3.3497923113586765e-05,0
SPY250701C00631000,2025-06-27 19:36:34+00:00,631.0,0.01,0.01,0.02,0.0,0.0,72.0,334,0.1201259863281249,False,REGULAR,USD,SPY,2025-07-01,1,614.9099731445312,1.0261664756764106,2025-06-29 12:49:52.498298,1.9028028159909227e-05,-0.01,0.0,0.009980971971840091,0.01,1.9028028159909227e-05,0,0.0025774773252331446,2.221937601120293e-05,2.473955326416659e-05,-0.00018678141060618643,0.10928625097656249,0.0,0.0,ATM,6,6,0.21492537313432836,0.01,0.015,-0.004999999999999999,3.0786408590121446e-05,0
SPY250701C00632000,2025-06-27 19:23:44+00:00,632.0,0.01,0.01,0.02,-0.01,-50.0,105.0,306,0.12696185546875,False,REGULAR,USD,SPY,2025-07-01,1,614.9099731445312,1.0277927299960248,2025-06-29 12:49:52.498298,1.853096480762019e-05,-0.01,0.0,0.00998146903519238,0.01,1.853096480762019e-05,0,0.0009477677089340306,2.055089176175655e-05,2.17367327445423e-05,-0.00018321366106599916,0.11485260156249999,0.0,0.0,ATM,6,6,0.34201954397394135,0.01,0.015,-0.004999999999999999,2.8588919101075905e-05,0
SPY250701C00633000,2025-06-27 19:51:43+00:00,633.0,0.01,0.01,0.02,0.0,0.0,4.0,0,0.132821171875,False,REGULAR,USD,SPY,2025-07-01,1,614.9099731445312,1.0294189843156387,2025-06-29 12:49:52.498298,1.5712896823939088e-05,-0.01,0.0,0.009984287103176061,0.01,1.5712896823939088e-05,0,0.0021601253420314064,1.6814300151808287e-05,1.717357521307748e-05,-0.0001583404188591843,0.12012598632812499,0.0,0.0,ATM,6,6,4.0,0.01,0.015,-0.004999999999999999,2.362970138757206e-05,0
SPY250701C00634000,2025-06-27 19:11:40+00:00,634.0,0.01,0.01,0.02,0.0,0.0,114.0,0,0.13868048828125,False,REGULAR,USD,SPY,2025-07-01,1,614.9099731445312,1.0310452386352529,2025-06-29 12:49:52.498298,1.3534474149942341e-05,-0.01,0.0,0.009986465525850058,0.01,1.3534474149942341e-05,0,0.0020126022759742747,1.3989346942410901e-05,1.381024272483409e-05,-0.00013874922442153504,0.12637592382812496,0.0,0.0,ATM,6,6,114.0,0.01,0.015,-0.004999999999999999,1.9840238250643575e-05,0
SPY250701C00635000,2025-06-27 20:01:05+00:00,635.0,0.02,0.01,0.02,0.01,100.0,115.0,553,0.145516357421875,False,REGULAR,USD,SPY,2025-07-01,1,614.9099731445312,1.0326714929548666,2025-06-29 12:49:52.498298,1.3575020692810358e-05,-0.01,0.0,0.01998642497930719,0.02,1.3575020692810358e-05,1,0.9993301943944644,1.3399233108335955e-05,1.2633032022021623e-05,-0.00013968476184507498,0.13282117187499998,0.0,0.0,ATM,6,6,0.2075812274368231,0.01,0.015,0.005000000000000001,1.9043625010345017e-05,0
SPY250701C00636000,2025-06-27 19:49:35+00:00,636.0,0.01,0.01,0.02,0.0,0.0,159.0,0,0.1523522265625,False,REGULAR,USD,SPY,2025-07-01,1,614.9099731445312,1.0342977472744803,2025-06-29 12:49:52.498298,1.3660273823207572e-05,-0.01,0.0,0.009986339726176793,0.01,1.3660273823207572e-05,0,0.002157088659980789,1.2901375090799352e-05,1.1639438823395923e-05,-0.00014102099879761013,0.139266419921875,0.0,0.0,ATM,6,6,159.0,0.01,0.015,-0.004999999999999999,1.8370080393605932e-05,0
SPY250701C00637000,2025-06-27 20:11:17+00:00,637.0,0.01,0.0,0.01,0.0,0.0,10.0,0,0.14649291015625,False,REGULAR,USD,SPY,2025-07-01,1,614.9099731445312,1.0359240015940945,2025-06-29 12:49:52.498298,2.1901679576462763e-06,0.0,0.0,0.009997809832042353,0.01,2.1901679576462763e-06,1,0.9997641012868788,2.311976373616494e-06,2.3450148908547083e-06,-2.6260726086787648e-05,0.14317263085937498,0.0,0.0,ATM,6,6,10.0,0.01,0.005,0.005,3.55870854126209e-06,0
SPY250701C00640000,2025-06-27 16:41:36+00:00,640.0,0.01,0.0,0.01,0.0,0.0,36.0,112,0.164070859375,False,REGULAR,USD,SPY,2025-07-01,1,614.9099731445312,1.0408027645529363,2025-06-29 12:49:52.498298,1.8593334189993295e-06,0.0,0.0,0.009998140666581001,0.01,1.8593334189993295e-06,1,0.9997844980947501,1.7709694986953683e-06,1.6217258605197359e-06,-2.276100408088483e-05,0.14942256835937498,0.0,0.0,ATM,6,6,0.3185840707964602,0.01,0.005,0.005,2.756380090323702e-06,0
SPY250701C00645000,2025-06-25 16:33:55+00:00,645.0,0.01,0.0,0.01,0.0,0.0,1.0,1,0.1914143359375,False,REGULAR,USD,SPY,2025-07-01,1,614.9099731445312,1.0489340361510062,2025-06-29 12:49:52.498298,1.221881746352833e-06,0.0,0.0,0.009998778118253648,0.01,1.221881746352833e-06,1,0.9997844980947501,1.0187826981000928e-06,8.176780507739128e-07,-1.5603496370264433e-05,0.15996933789062498,0.0,0.0,ATM,6,6,0.5,0.01,0.005,0.005,1.6213882085761737e-06,0
SPY250701C00650000,2025-06-27 14:09:58+00:00,650.0,0.01,0.0,0.01,0.0,0.0,8.0,186,0.2187578124999999,False,REGULAR,USD,SPY,2025-07-01,1,614.9099731445312,1.057065307749076,2025-06-29 12:49:52.498298,9.266038458898463e-07,0.0,0.0,0.00999907339615411,0.01,9.266038458898463e-07,1,0.9997844980947501,6.859768180773354e-07,4.892111057391045e-07,-1.2183826157332726e-05,0.17461762890624996,0.0,0.0,ITM,6,6,0.0427807486631016,0.01,0.005,0.005,1.1086388378884628e-06,0
SPY250701C00655000,2025-06-24 17:18:31+00:00,655.0,0.01,0.0,0.01,0.0,0.0,21.0,22,0.2461012890625,False,REGULAR,USD,SPY,2025-07-01,1,614.9099731445312,1.0651965793471458,2025-06-29 12:49:52.498298,7.736714053082228e-07,0.0,0.0,0.009999226328594691,0.01,7.736714053082228e-07,1,0.9997844980947501,5.144745158239582e-07,3.2971145683173987e-07,-1.0386599639222467e-05,0.19336744140624998,0.0,0.0,ITM,6,6,0.9130434782608695,0.01,0.005,0.005,8.405782261181061e-07,0
SPY250701C00658000,2025-06-27 13:58:07+00:00,658.0,0.01,0.0,0.01,0.0,0.0,1.0,0,0.2617261328125,False,REGULAR,USD,SPY,2025-07-01,1,614.9099731445312,1.0700753423059877,2025-06-29 12:49:52.498298,6.624106853342251e-07,0.0,0.0,0.009999337589314665,0.01,6.624106853342251e-07,1,0.9997844980947501,4.172856736865389e-07,2.5342741702966464e-07,-9.026886925692077e-06,0.21641408593749997,0.0,0.0,ITM,6,6,1.0,0.01,0.005,0.005,6.871173182029191e-07,0
SPY250701C00660000,2025-06-17 13:52:23+00:00,660.0,0.02,0.0,0.01,0.0,0.0,21.0,21,0.273444765625,False,REGULAR,USD,SPY,2025-07-01,1,614.9099731445312,1.0733278509452158,2025-06-29 12:49:52.498298,6.90938905310455e-07,0.0,0.0,0.01999930906109469,0.02,6.90938905310455e-07,1,0.9998401118024373,4.166717313366686e-07,2.4222292513096085e-07,-9.416123280825282e-06,0.23828886718749995,0.0,0.0,ITM,6,6,0.9545454545454546,0.01,0.005,0.015,6.861436810262491e-07,0
SPY250702C00450000,2025-06-27 19:22:56+00:00,450.0,162.45,163.64,165.76,-3.56,-2.1444492,888.0,0,1.5400413623046876,True,REGULAR,USD,SPY,2025-07-02,2,614.9099731445312,0.7318144438262834,2025-06-29 12:49:52.635580,165.08866344488655,0.04617964652291562,163.6861796465229,-2.6386634448865607,-1.2361796465229133,1.4024837983636473,0,0.0018240886338358336,0.9974311587797856,0.00011346549932342608,-0.2007920727050164,0.5080142724609374,0.0,0.0,OTM,6,6,888.0,2.1200000000000045,164.7,-2.25,0.003620398854706689,0
SPY250702C00480000,2025-06-20 14:33:56+00:00,480.0,116.82,133.65,135.77,0.0,0.0,2.0,0,1.2656286718749998,True,REGULAR,USD,SPY,2025-07-02,2,614.9099731445312,0.7806020734147023,2025-06-29 12:49:52.635580,135.10553653363024,0.31352138757094394,133.96352138757095,-18.28553653363025,-17.143521387570956,1.1420151460592933,0,7.810122922025308e-05,0.9964657040966219,0.00018404388558919147,-0.2181272316756912,0.7173884443359375,0.0,0.0,OTM,6,6,2.0,2.1200000000000045,134.71,-17.890000000000015,0.004826006510642248,0
SPY250702C00500000,2025-06-27 19:05:44+00:00,500.0,111.88,113.66,115.78,-4.14,-3.56835,766.0,0,1.0893600219726562,True,REGULAR,USD,SPY,2025-07-02,2,614.9099731445312,0.8131271598069816,2025-06-29 12:49:52.635580,115.1191454986872,0.483074619949619,114.14307461994962,-3.2391454986872077,-2.26307461994962,0.9760708787375876,0,0.0002800537761146113,0.9954610082944719,0.00026751371593161834,-0.23251521660601793,0.8860401909179687,0.0,0.0,OTM,6,6,766.0,2.1200000000000045,114.72,-2.8400000000000034,0.006037785667966699,0
SPY250702C00510000,2025-06-27 19:22:56+00:00,510.0,102.49,103.67,105.79,0.31,0.30338618,122.0,0,1.003422951660156,True,REGULAR,USD,SPY,2025-07-02,2,614.9099731445312,0.8293897030031212,2025-06-29 12:49:52.635580,105.12743460810128,0.5619478526404009,104.2319478526404,-2.6374346081012874,-1.7419478526404077,0.8954867554608796,0,0.0006269219082747546,0.9947560999100824,0.0003303001895776563,-0.2416485951251148,1.0343795546874999,0.0,0.0,OTM,6,6,122.0,2.1200000000000045,104.73,-2.240000000000009,0.00686677881294107,0
SPY250702C00515000,2025-06-20 14:28:32+00:00,515.0,82.18,98.67,100.79,0.0,0.0,4.0,0,0.9594730615234374,True,REGULAR,USD,SPY,2025-07-02,2,614.9099731445312,0.837520974601191,2025-06-29 12:49:52.635580,100.1310123010341,0.6061374645368574,99.27613746453686,-17.951012301034098,-17.096137464536852,0.8548748364972454,0,7.810122922025308e-05,0.9943913651628621,0.0003667051961312738,-0.24490215678206004,1.1715852138671874,0.0,0.0,OTM,6,6,4.0,2.1200000000000045,99.73,-17.549999999999997,0.00728970669565821,0
SPY250702C00540000,2025-06-20 14:29:15+00:00,540.0,57.26,73.68,75.81,0.0,0.0,4.0,1,0.7460962890625,True,REGULAR,USD,SPY,2025-07-02,2,614.9099731445312,0.8781773325915401,2025-06-29 12:49:52.635580,75.15629407253198,0.814558709374225,74.49455870937423,-17.89629407253198,-17.234558709374234,0.6617353631577458,0,7.088782279253619e-05,0.9914544555375221,0.0006839425579883154,-0.2704202546482053,1.01279619921875,0.0,0.0,OTM,6,6,2.0,2.1299999999999955,74.745,-17.485000000000007,0.010572427439202663,0
SPY250702C00550000,2025-06-26 13:50:13+00:00,550.0,59.23,63.69,65.81,0.0,0.0,1.0,19,0.6596713720703126,True,REGULAR,USD,SPY,2025-07-02,2,614.9099731445312,0.8944398757876797,2025-06-29 12:49:52.635580,65.16760941529719,0.8933752597824878,64.58337525978249,-5.937609415297196,-5.353375259782489,0.5842341555147073,0,7.088782279253619e-05,0.989682257152634,0.000912169412686446,-0.28004179782238714,0.8916047392578126,0.0,0.0,OTM,6,6,0.05,2.1200000000000045,64.75,-5.520000000000003,0.01246703984262197,0
SPY250702C00570000,2025-06-26 20:07:13+00:00,570.0,41.99,43.71,45.83,0.0,0.0,5.0,24,0.4882863671875,True,REGULAR,USD,SPY,2025-07-02,2,614.9099731445312,0.9269649621799588,2025-06-29 12:49:52.635580,45.202289081820254,1.0595379808530225,44.76953798085302,-3.212289081820252,-2.7795379808530214,0.4327511009672307,0,7.676707629176465e-05,0.9831598544202255,0.001881630905561978,-0.30899566023061725,0.7713900083007812,0.0,0.0,OTM,6,6,0.2,2.1199999999999974,44.769999999999996,-2.779999999999994,0.019035717092042048,0
SPY250702C00575000,2025-06-26 19:56:54+00:00,575.0,37.52,38.72,40.84,0.0,0.0,1.0,4,0.4450739086914062,True,REGULAR,USD,SPY,2025-07-02,2,614.9099731445312,0.9350962337780288,2025-06-29 12:49:52.635580,40.2147013498452,1.099961940778499,39.8199619407785,-2.6947013498451966,-2.299961940778495,0.3947394090667018,0,0.0006635490777827883,0.9803790442298873,0.0023514889686801887,-0.3183449046416889,0.6597201997070312,0.0,0.0,OTM,6,6,0.2,2.1200000000000045,39.78,-2.259999999999998,0.02168379467647251,0
SPY250702C00577000,2025-06-27 17:00:29+00:00,577.0,39.25,36.72,38.85,8.77,28.772968,8.0,54,0.4284725122070312,True,REGULAR,USD,SPY,2025-07-02,2,614.9099731445312,0.9383487424172569,2025-06-29 12:49:52.635580,38.222100289192554,1.121722320186123,37.84172232018612,1.0278997108074464,1.408277679813878,0.3803779690064317,1,0.9999536029012746,0.9788619754333018,0.0026017533480735874,-0.3246249552031033,0.55352008984375,0.0,0.0,OTM,6,6,0.14545454545454545,2.1300000000000026,37.785,1.4650000000000034,0.0230966659379967,0
SPY250702C00578000,2025-06-27 18:09:02+00:00,578.0,36.62,35.73,37.85,0.0,0.0,13.0,0,0.4194393994140625,True,REGULAR,USD,SPY,2025-07-02,2,614.9099731445312,0.9399749967368708,2025-06-29 12:49:52.635580,37.22436135228929,1.1218524118293516,36.85185241182935,-0.6043613522892954,-0.231852411829351,0.3725089404599444,1,0.9988055699937163,0.9782085792053048,0.00272706795107015,-0.3258041382379582,0.48818871191406243,0.0,0.0,OTM,6,6,13.0,2.1200000000000045,36.79,-0.1700000000000017,0.02369874714710945,0
SPY250702C00579000,2025-06-25 17:59:30+00:00,579.0,27.9,34.73,36.85,0.0,0.0,3.0,18,0.4104062866210937,True,REGULAR,USD,SPY,2025-07-02,2,614.9099731445312,0.9416012510564846,2025-06-29 12:49:52.635580,36.22674306988836,1.1320940500899042,35.8620940500899,-8.326743069888359,-7.9620940500899025,0.3646490197984562,0,7.335889607886028e-05,0.9775143542679775,0.0028618427475733533,-0.32705199940920576,0.4383356948242187,0.0,0.0,OTM,6,6,0.15789473684210525,2.1200000000000045,35.79,-7.890000000000001,0.02433436265865997,0
SPY250702C00580000,2025-06-27 18:27:14+00:00,580.0,33.47,33.73,35.85,1.2200012,3.7829497,1.0,10,0.4014952429199219,True,REGULAR,USD,SPY,2025-07-02,2,614.9099731445312,0.9432275053760986,2025-06-29 12:49:52.635580,35.22956251713504,1.1425703848500177,34.872570384850015,-1.7595625171350378,-1.4025703848500157,0.356992132285022,0,0.012896694540526102,0.9767426056485763,0.003009725192831886,-0.32874653107017976,0.4209774699707031,0.0,0.0,OTM,6,6,0.09090909090909091,2.1200000000000045,34.79,-1.3200000000000003,0.0250361446695226,0
SPY250702C00584000,2025-06-24 15:37:27+00:00,584.0,23.16,29.75,31.87,0.0,0.0,1.0,1,0.367193828125,True,REGULAR,USD,SPY,2025-07-02,2,614.9099731445312,0.9497325226545544,2025-06-29 12:49:52.635580,31.246471276636044,1.1684923400268161,30.918492340026816,-8.086471276636043,-7.758492340026816,0.3279789366092274,0,7.335889607886028e-05,0.9726428208080092,0.0037704580309572623,-0.3409702351911587,0.4054014538574219,0.0,0.0,OTM,6,6,0.5,2.120000000000001,30.810000000000002,-7.650000000000002,0.028684658829622327,0
SPY250702C00585000,2025-06-27 14:11:30+00:00,585.0,30.58,28.75,30.87,3.5300007,13.049911,3.0,86,0.3581607153320312,True,REGULAR,USD,SPY,2025-07-02,2,614.9099731445312,0.9513587769741684,2025-06-29 12:49:52.635580,30.25005929259521,1.1796743562481602,29.92967435624816,0.32994070740478776,0.6503256437518381,0.32038493634705034,1,0.9999205402928177,0.9715697829680412,0.00399144678762805,-0.34290350030167494,0.3913390944824219,0.0,0.0,ATM,6,6,0.034482758620689655,2.120000000000001,29.810000000000002,0.769999999999996,0.029618870813912276,0
SPY250702C00588000,2025-06-27 17:44:20+00:00,588.0,27.53,26.69,26.86,7.6000004,38.13347,3.0,2,1.0000000000000004e-05,True,REGULAR,USD,SPY,2025-07-02,2,614.9099731445312,0.9562375399330104,2025-06-29 12:49:52.635580,27.07104696902718,0.3810385784216592,27.07103857842166,0.4589530309728218,0.45896142157834063,8.390605518826533e-06,1,0.9996048986685973,1.0,0.0,-0.08052588029801426,0.30745321459960934,0.0,0.0,ATM,6,6,1.0,0.16999999999999815,26.775,0.7550000000000026,0.0,0
SPY250702C00589000,2025-06-27 18:47:34+00:00,589.0,23.49,25.7,25.86,4.289999,22.343744,2.0,55,1.0000000000000004e-05,True,REGULAR,USD,SPY,2025-07-02,2,614.9099731445312,0.9578637942526242,2025-06-29 12:49:52.635580,26.07132090410289,0.37131251349732963,26.07131251349733,-2.581320904102892,-2.5813125134973305,8.390605561459097e-06,0,0.0005189917191456074,1.0,0.0,-0.08066282907403129,0.22537395727539064,0.0,0.0,ATM,6,6,0.03571428571428571,0.16000000000000014,25.78,-2.2900000000000027,0.0,0
SPY250702C00590000,2025-06-27 18:47:34+00:00,590.0,22.51,24.71,24.87,1.7600002,8.481929,5.0,1723,1.0000000000000004e-05,True,REGULAR,USD,SPY,2025-07-02,2,614.9099731445312,0.9594900485722382,2025-06-29 12:49:52.635580,25.0715948391786,0.36158644857300004,25.071586448573,-2.5615948391786,-2.5615864485729993,8.390605600538947e-06,0,0.0004477183665520798,1.0,0.0,-0.08079977785004831,0.14507690869140627,0.0,0.0,ATM,6,6,0.002900232018561485,0.16000000000000014,24.79,-2.2799999999999976,0.0,0
SPY250702C00591000,2025-06-27 19:36:22+00:00,591.0,22.15,23.72,23.88,0.9699993,4.5797887,3.0,25,1.0000000000000004e-05,True,REGULAR,USD,SPY,2025-07-02,2,614.9099731445312,0.9611163028918522,2025-06-29 12:49:52.635580,24.0718687742542,0.35186038364867755,24.071860383648676,-1.9218687742542002,-1.9218603836486778,8.390605522379246e-06,0,0.00041201870988408614,1.0,0.0,-0.08093672662606534,0.07164014306640623,0.0,0.0,ATM,6,6,0.11538461538461539,0.16000000000000014,23.799999999999997,-1.6499999999999986,0.0,0
SPY250702C00592000,2025-06-27 18:56:24+00:00,592.0,19.68,22.73,22.89,3.7600002,23.618092,5.0,22,1.0000000000000004e-05,True,REGULAR,USD,SPY,2025-07-02,2,614.9099731445312,0.9627425572114662,2025-06-29 12:49:52.635580,23.07214270932991,0.34213431872434796,23.07213431872435,-3.39214270932991,-3.3921343187243487,8.390605561459097e-06,0,0.0002030091371229969,1.0,0.0,-0.08107367540208238,1.0000000000000004e-05,0.0,0.0,ATM,6,6,0.21739130434782608,0.16000000000000014,22.810000000000002,-3.1300000000000026,0.0,0
SPY250702C00593000,2025-06-27 17:44:20+00:00,593.0,22.56,21.76,21.9,6.95,44.522743,2.0,124,1.0000000000000004e-05,True,REGULAR,USD,SPY,2025-07-02,2,614.9099731445312,0.96436881153108,2025-06-29 12:49:52.635580,22.07241664440562,0.31240825380002235,22.072408253800024,0.4875833555943778,0.4875917461999748,8.390605596986234e-06,1,0.9998015905558268,1.0,0.0,-0.08121062417809942,1.0000000000000004e-05,0.0,0.0,ATM,6,6,0.016,0.13999999999999702,21.83,0.7300000000000004,0.0,0
SPY250702C00594000,2025-06-27 18:29:22+00:00,594.0,19.09,20.76,20.92,0.72999954,3.9760323,9.0,130,0.12500875,True,REGULAR,USD,SPY,2025-07-02,2,614.9099731445312,0.965995065850694,2025-06-29 12:49:52.635580,21.072799436884566,0.20716073648200606,20.967160736482008,-1.9827994368845658,-1.8771607364820078,0.10563870040255807,0,0.0005289508958751111,0.9999193395140161,5.6838975252620076e-05,-0.08180083723003301,0.025009750000000004,0.0,0.0,ATM,6,6,0.06870229007633588,0.16000000000000014,20.840000000000003,-1.7500000000000036,0.00014721323518814382,0
SPY250702C00595000,2025-06-27 18:55:43+00:00,595.0,16.63,19.78,19.94,-0.6700001,-3.872833,77.0,304,0.135750830078125,True,REGULAR,USD,SPY,2025-07-02,2,614.9099731445312,0.967621320170308,2025-06-29 12:49:52.635580,20.073729927382715,0.17862726681638463,19.958627266816386,-3.4437299273827158,-3.3286272668163868,0.11510266056632901,0,0.00024966405233670634,0.9995297981131539,0.0002717053409284978,-0.08403829260711969,0.05215791601562501,0.0,0.0,ATM,6,6,0.25245901639344265,0.16000000000000014,19.86,-3.2300000000000004,0.0007641891623094124,0
SPY250702C00596000,2025-06-27 18:47:34+00:00,596.0,16.68,18.8,18.96,0.3600006,2.2058861,9.0,241,0.13868048828125,True,REGULAR,USD,SPY,2025-07-02,2,614.9099731445312,0.969247574489922,2025-06-29 12:49:52.635580,19.075092853504543,0.15677516580319306,18.956775165803194,-2.3950928535045435,-2.276775165803194,0.11831768770134943,0,0.0004957380771352914,0.99894582856083,0.0005598593118382871,-0.08710953727949887,0.079892013671875,0.0,0.0,ATM,6,6,0.0371900826446281,0.16000000000000014,18.880000000000003,-2.200000000000003,0.0016086237374725678,0
SPY250702C00597000,2025-06-27 19:37:24+00:00,597.0,16.25,17.84,17.98,5.42,50.04617,28.0,269,0.1391687646484375,True,REGULAR,USD,SPY,2025-07-02,2,614.9099731445312,0.970873828809536,2025-06-29 12:49:52.635580,18.07694097562728,0.1177326512653174,17.957732651265317,-1.8269409756272807,-1.7077326512653173,0.11920832436196349,0,0.004701530641403432,0.9981403975125035,0.0009368359836686326,-0.09099956450551067,0.1077237666015625,0.0,0.0,ATM,6,6,0.1037037037037037,0.14000000000000057,17.91,-1.6600000000000001,0.002701254731892251,0
SPY250702C00598000,2025-06-27 19:29:05+00:00,598.0,14.99,16.85,17.01,0.0,0.0,6.0,645,0.14063359375,True,REGULAR,USD,SPY,2025-07-02,2,614.9099731445312,0.97250008312915,2025-06-29 12:49:52.635580,17.08036968592444,0.10945732700658084,16.959457327006582,-2.090369685924438,-1.969457327006582,0.12091235891785601,0,0.0005350701758905838,0.9966375223111679,0.0015837788157698264,-0.09783578916319889,0.1358484853515625,0.0,0.0,ATM,6,6,0.009287925696594427,0.16000000000000014,16.93,-1.9399999999999995,0.004614703575650511,0
SPY250702C00599000,2025-06-27 20:00:42+00:00,599.0,15.74,15.9,16.04,2.3400002,17.462688,56.0,227,0.139657041015625,True,REGULAR,USD,SPY,2025-07-02,2,614.9099731445312,0.974126337448764,2025-06-29 12:49:52.635580,16.084409915027095,0.06403742614313579,15.964037426143136,-0.3444099150270947,-0.22403742614313593,0.1203724888839588,0,0.377177230092916,0.994877089481404,0.0023243882989797196,-0.10508134661861966,0.13877814355468748,0.0,0.0,ATM,6,6,0.24561403508771928,0.1399999999999988,15.969999999999999,-0.22999999999999865,0.006725610642837018,0
SPY250702C00600000,2025-06-27 20:13:13+00:00,600.0,15.09,14.93,15.08,2.4899998,19.761902,111.0,1834,0.1394129028320312,True,REGULAR,USD,SPY,2025-07-02,2,614.9099731445312,0.975752591768378,2025-06-29 12:49:52.635580,15.091124026934722,0.04085287862143794,14.970852878621438,-0.0011240269347219112,0.1191471213785622,0.12027114831328412,1,0.9980617117003434,0.992029470423537,0.0034430208117271852,-0.1161569502810434,0.13951055810546875,0.0,0.0,ATM,6,6,0.060490463215258854,0.15000000000000036,15.004999999999999,0.08500000000000085,0.00994495501312805,0
SPY250702C00601000,2025-06-27 18:47:34+00:00,601.0,12.01,13.97,14.12,0.46000004,3.9826844,20.0,438,0.137703935546875,True,REGULAR,USD,SPY,2025-07-02,2,614.9099731445312,0.977378846087992,2025-06-29 12:49:52.635580,14.099255111351908,0.00986301055545269,13.979863010555453,-2.0892551113519087,-1.9698630105554535,0.11939210079645513,0,0.0005223239345483962,0.9885972515119922,0.00476708619700717,-0.1281639009355923,0.13931524755859376,0.0,0.0,ATM,6,6,0.04555808656036447,0.14999999999999858,14.045,-2.035,0.01360064679305954,0
SPY250702C00602000,2025-06-27 19:58:46+00:00,602.0,13.56,13.02,13.17,2.42,21.723518,101.0,960,0.1359949682617187,True,REGULAR,USD,SPY,2025-07-02,2,614.9099731445312,0.9790051004076058,2025-06-29 12:49:52.635580,13.110827803114944,-0.027793618268464826,12.992206381731535,0.4491721968850566,0.5677936182684657,0.11862142138340914,1,0.9994291671326336,0.983823095103151,0.006527526045499043,-0.14360646492050375,0.13868048828124996,0.0,0.0,ATM,6,6,0.10509885535900104,0.15000000000000036,13.094999999999999,0.46500000000000163,0.018392114346082112,0
SPY250702C00603000,2025-06-27 20:08:11+00:00,603.0,12.25,12.1,12.23,2.3000002,23.11558,40.0,415,0.1342860009765625,True,REGULAR,USD,SPY,2025-07-02,2,614.9099731445312,0.9806313547272196,2025-06-29 12:49:52.635580,12.127209744224274,-0.09072458680172168,12.009275413198278,0.12279025577572611,0.24072458680172204,0.11793433102599593,1,0.997542891808964,0.9772578026602308,0.008830444919537375,-0.1631364793553041,0.13741096972656247,0.0,0.0,ATM,6,6,0.09615384615384616,0.13000000000000078,12.165,0.08500000000000085,0.024568210905827708,0
SPY250702C00604000,2025-06-27 19:55:15+00:00,604.0,11.31,11.16,11.3,2.17,23.741795,83.0,513,0.1322108264160156,True,REGULAR,USD,SPY,2025-07-02,2,614.9099731445312,0.9822576090468336,2025-06-29 12:49:52.635580,11.149053074546373,-0.12861550181583326,11.031384498184167,0.16094692545362754,0.2786155018158336,0.11766857636220607,1,0.997232579324195,0.9687037099809154,0.011709641593564876,-0.1860883285550079,0.13592172680664058,0.0,0.0,ATM,6,6,0.1614785992217899,0.14000000000000057,11.23,0.08000000000000007,0.03207530740775697,0
SPY250702C00605000,2025-06-27 19:58:20+00:00,605.0,10.68,10.25,10.38,1.8299999,20.677965,163.0,590,0.129891513671875,True,REGULAR,USD,SPY,2025-07-02,2,614.9099731445312,0.9838838633664476,2025-06-29 12:49:52.635580,10.17824855229901,-0.18929542707927816,10.060704572920722,0.5017514477009897,0.6192954270792779,0.1175439793782882,1,0.9997696572073538,0.9575647979900025,0.015290542080244326,-0.21288952159897717,0.13401744897460935,0.0,0.0,ATM,6,6,0.27580372250423013,0.13000000000000078,10.315000000000001,0.36499999999999844,0.041149433912086135,0
SPY250702C00606000,2025-06-27 20:08:27+00:00,606.0,9.46,9.36,9.48,1.9000001,25.132278,195.0,388,0.1276942700195312,True,REGULAR,USD,SPY,2025-07-02,2,614.9099731445312,0.9855101176860616,2025-06-29 12:49:52.635580,9.218793009676347,-0.2579183409908321,9.102081659009167,0.24120699032365422,0.35791834099083353,0.1167113506671793,1,0.9989728117491802,0.9427016078662656,0.019766813534979978,-0.24509232276122594,0.1320155158691406,0.0,0.0,ATM,6,6,0.5012853470437018,0.120000000000001,9.42,0.040000000000000924,0.05229597690710545,0
SPY250702C00607000,2025-06-27 20:10:57+00:00,607.0,8.62,8.49,8.6,2.0099998,30.408468,171.0,1262,0.1256190954589844,True,REGULAR,USD,SPY,2025-07-02,2,614.9099731445312,0.9871363720056756,2025-06-29 12:49:52.635580,8.274728435812904,-0.32980228361832076,8.16019771638168,0.3452715641870956,0.45980228361831976,0.11453071943122417,1,0.9978617308867559,0.9231322346544764,0.025224671137732142,-0.28280131749739806,0.12994034130859372,0.0,0.0,ATM,6,6,0.13539192399049882,0.10999999999999943,8.545,0.07499999999999929,0.06565100514626576,0
SPY250702C00608000,2025-06-27 20:10:43+00:00,608.0,7.76,7.63,7.73,1.9200001,32.876713,171.0,574,0.1228115063476562,True,REGULAR,USD,SPY,2025-07-02,2,614.9099731445312,0.9887626263252896,2025-06-29 12:49:52.635580,7.344299786218926,-0.3956231835083761,7.234376816491624,0.4157002137810739,0.525623183508376,0.10992296972730209,1,0.9889515270515707,0.899338336505165,0.031545985140063244,-0.3211953847737593,0.12764544238281247,0.0,0.0,ATM,6,6,0.29739130434782607,0.10000000000000053,7.68,0.08000000000000007,0.08026816922403392,0
SPY250702C00609000,2025-06-27 20:09:30+00:00,609.0,6.91,6.8,6.9,1.81,35.490196,487.0,544,0.1207363317871093,True,REGULAR,USD,SPY,2025-07-02,2,614.9099731445312,0.9903888806449036,2025-06-29 12:49:52.635580,6.443766303351367,-0.46226532310624613,6.337734676893754,0.4662336966486329,0.5722653231062464,0.10603162645761355,1,0.9545918446632355,0.8677286483411408,0.03895660767964873,-0.3663519329224756,0.12535054345703123,0.0,0.0,ATM,6,6,0.8935779816513761,0.10000000000000053,6.85,0.0600000000000005,0.0974494323452816,0
SPY250702C00610000,2025-06-27 20:14:36+00:00,610.0,5.99,6.02,6.09,1.5,33.407574,1769.0,904,0.1181118463134765,True,REGULAR,USD,SPY,2025-07-02,2,614.9099731445312,0.9920151349645177,2025-06-29 12:49:52.635580,5.568826625762711,-0.5538595690526291,5.4661404309473705,0.4211733742372896,0.5238595690526298,0.10268619481534014,0,0.030161603615274292,0.8296179956705702,0.04713716533596544,-0.4097240562685122,0.12299460998535153,0.0,0.0,ATM,6,6,1.9546961325966852,0.07000000000000028,6.055,-0.0649999999999995,0.11534987424320745,0
SPY250702C00611000,2025-06-27 20:12:02+00:00,611.0,5.4,5.26,5.32,1.49,38.107414,2070.0,747,0.1157314990234375,True,REGULAR,USD,SPY,2025-07-02,2,614.9099731445312,0.9936413892841316,2025-06-29 12:49:52.635580,4.734934690560976,-0.6225561687436105,4.637443831256389,0.665065309439024,0.7625561687436111,0.09749085930458712,1,0.9927529595566079,0.7825605281587178,0.05583044874820504,-0.45259384441483097,0.12060205578613278,0.0,0.0,ATM,6,6,2.767379679144385,0.0600000000000005,5.29,0.11000000000000032,0.13386988858296422,0
SPY250702C00612000,2025-06-27 20:12:59+00:00,612.0,4.61,4.53,4.59,1.2800002,38.438446,3520.0,1246,0.1134121862792968,True,REGULAR,USD,SPY,2025-07-02,2,614.9099731445312,0.9952676436037454,2025-06-29 12:49:52.635580,3.94945720886642,-0.6719414887981761,3.858058511201824,0.6605427911335804,0.7519414887981761,0.09139869766459574,1,0.9886810746121512,0.7263702320624994,0.06447758297175403,-0.49020874917077245,0.11816067395019525,0.0,0.0,ATM,6,6,2.822774659182037,0.05999999999999961,4.5600000000000005,0.04999999999999982,0.1515055967929267,0
SPY250702C00613000,2025-06-27 20:14:46+00:00,613.0,3.88,3.87,3.9,1.1500001,42.124546,3549.0,946,0.1108487353515624,True,REGULAR,USD,SPY,2025-07-02,2,614.9099731445312,0.9968938979233594,2025-06-29 12:49:52.635580,3.217031923475986,-0.7392972770546158,3.1307027229453843,0.662968076524014,0.7492972770546156,0.08632920053060156,1,0.9671631571563808,0.6615237115761387,0.07249491597659083,-0.5166733989271342,0.11576811975097652,0.0,0.0,ATM,6,6,3.747624076029567,0.029999999999999805,3.885,-0.004999999999999893,0.16649396594943133,0
SPY250702C00614000,2025-06-27 20:14:41+00:00,614.0,3.22,3.24,3.27,0.9200001,40.000004,5704.0,852,0.1087735607910156,True,REGULAR,USD,SPY,2025-07-02,2,614.9099731445312,0.9985201522429732,2025-06-29 12:49:52.635580,2.5592476366434767,-0.7617115360772342,2.478288463922766,0.6607523633565235,0.7417115360772342,0.08095917272071063,0,0.07607554380132282,0.5878351686580301,0.07861522960559013,-0.5309506210966214,0.11337556555175776,0.0,0.0,ATM,6,6,6.686987104337632,0.029999999999999805,3.255,-0.0349999999999997,0.17717002149463398,0
SPY250702C00615000,2025-06-27 20:14:47+00:00,615.0,2.67,2.66,2.69,0.8000001,42.78075,7826.0,1219,0.106454248046875,False,REGULAR,USD,SPY,2025-07-02,2,614.9099731445312,1.0001464065625874,2025-06-29 12:49:52.635580,1.9724414764664289,-0.7607789098142059,1.8992210901857942,0.6975585235335711,0.7707789098142057,0.07322038628063465,1,0.9777117100449011,0.5080300831980006,0.0823149989204621,-0.5256991422558515,0.11104404589843746,0.0,0.0,ATM,6,6,6.414754098360656,0.029999999999999805,2.675,-0.004999999999999893,0.18155247692089813,0
SPY250702C00616000,2025-06-27 20:14:42+00:00,616.0,2.13,2.14,2.17,0.56000006,35.668793,6270.0,882,0.1042570043945312,False,REGULAR,USD,SPY,2025-07-02,2,614.9099731445312,1.0017726608822013,2025-06-29 12:49:52.635580,1.4695054011924071,-0.7312707834887129,1.4087292165112872,0.6604945988075928,0.7212707834887127,0.060776184681119894,0,0.09417182678716594,0.42460257804143864,0.0825609635823971,-0.5003854646663896,0.10874914697265621,0.0,0.0,ATM,6,6,7.10079275198188,0.029999999999999805,2.1550000000000002,-0.025000000000000355,0.178336484069284,0
SPY250702C00617000,2025-06-27 20:13:49+00:00,617.0,1.7,1.69,1.71,0.32000005,23.18841,7801.0,653,0.101998726196289,False,REGULAR,USD,SPY,2025-07-02,2,614.9099731445312,1.0033989152018152,2025-06-29 12:49:52.635580,1.0506589587519954,-0.6856724361041822,1.0043275638958178,0.6493410412480045,0.6956724361041822,0.046331394856177655,1,0.9472354351313432,0.3411430169371435,0.07902221314938296,-0.4544245903879442,0.10646645495605464,0.0,0.0,ATM,6,6,11.928134556574923,0.020000000000000018,1.7,0.0,0.16699525902003504,0
SPY250702C00618000,2025-06-27 20:14:56+00:00,618.0,1.32,1.3,1.32,0.38000005,40.425537,3739.0,368,0.100045620727539,False,REGULAR,USD,SPY,2025-07-02,2,614.9099731445312,1.0050251695214292,2025-06-29 12:49:52.635580,0.7212284916337808,-0.6129689068131268,0.6870310931868733,0.5987715083662193,0.6329689068131268,0.0341973984469075,1,0.965702134746121,0.26233718271285617,0.07155721560795178,-0.392978391427085,0.10430583203124996,0.0,0.0,ATM,6,6,10.13279132791328,0.020000000000000018,1.31,0.010000000000000009,0.14832409981901706,0
SPY250702C00619000,2025-06-27 20:14:49+00:00,619.0,0.97,0.97,1.0,0.25,34.72222,4146.0,237,0.0985197570800781,False,REGULAR,USD,SPY,2025-07-02,2,614.9099731445312,1.0066514238410431,2025-06-29 12:49:52.635580,0.47591801319761373,-0.5185212634458172,0.45147873655418286,0.49408198680238624,0.5185212634458172,0.024439276643430874,0,0.0738243079564485,0.19274518931656848,0.06104763076980969,-0.32308383900663284,0.10225507128906246,0.0,0.0,ATM,6,6,17.42016806722689,0.030000000000000027,0.985,-0.015000000000000013,0.12460984365258929,0
SPY250702C00620000,2025-06-27 20:14:47+00:00,620.0,0.73,0.71,0.73,0.19,35.18518,4357.0,415,0.0965666516113281,False,REGULAR,USD,SPY,2025-07-02,2,614.9099731445312,1.008277678160657,2025-06-29 12:49:52.635580,0.29399486877113645,-0.4311235087130722,0.27887649128692776,0.43600513122886353,0.4511235087130722,0.01511837748420869,1,0.8888081100707477,0.133210348250338,0.04894494241627115,-0.2475887150519461,0.10027755200195307,0.0,0.0,ATM,6,6,10.473557692307692,0.020000000000000018,0.72,0.010000000000000009,0.09792536514253966,0
SPY250702C00621000,2025-06-27 20:14:34+00:00,621.0,0.51,0.51,0.53,0.109999985,27.499994,4413.0,4934,0.0955900988769531,False,REGULAR,USD,SPY,2025-07-02,2,614.9099731445312,1.009903932480271,2025-06-29 12:49:52.635580,0.17723264086525603,-0.3427778623277632,0.16722213767223681,0.332767359134744,0.3427778623277632,0.010010503193019216,0,0.11254969526095955,0.08842318601477056,0.03683460521685569,-0.18175796559743135,0.09854417089843745,0.0,0.0,ATM,6,6,0.894224924012158,0.020000000000000018,0.52,-0.010000000000000009,0.07295064487268403,0
SPY250702C00622000,2025-06-27 20:13:14+00:00,622.0,0.38,0.35,0.37,0.09,31.034485,3364.0,1628,0.0942473388671875,False,REGULAR,USD,SPY,2025-07-02,2,614.9099731445312,1.0115301867998852,2025-06-29 12:49:52.635580,0.09932537470906055,-0.25738718063109967,0.09261281936890031,0.28067462529093945,0.2873871806310997,0.006712555340160242,1,0.9836063397432062,0.054743495858741754,0.02583534095656969,-0.12346229008022766,0.09699389343261716,0.0,0.0,ATM,6,6,2.065070595457336,0.020000000000000018,0.36,0.020000000000000018,0.05044794719828632,0
SPY250702C00623000,2025-06-27 20:14:57+00:00,623.0,0.25,0.24,0.25,0.06,31.578945,1179.0,342,0.0930266479492187,False,REGULAR,USD,SPY,2025-07-02,2,614.9099731445312,1.013156441119499,2025-06-29 12:49:52.635580,0.05245794350631883,-0.19162396953925384,0.04837603046074616,0.19754205649368117,0.20162396953925385,0.00408191304557267,1,0.8359519222670829,0.03180669529198775,0.01686593117468832,-0.07827263375530905,0.09559009887695309,0.0,0.0,ATM,6,6,3.43731778425656,0.010000000000000009,0.245,0.0050000000000000044,0.0325070755722707,0
SPY250702C00624000,2025-06-27 20:14:37+00:00,624.0,0.16,0.15,0.16,0.030000001,23.076925,2739.0,281,0.0913176806640625,False,REGULAR,USD,SPY,2025-07-02,2,614.9099731445312,1.014782695439113,2025-06-29 12:49:52.635580,0.024891947981009466,-0.1273224981049939,0.02267750189500609,0.13510805201899054,0.13732249810499392,0.0022144460860033764,1,0.9392316254568771,0.016710487500968204,0.009995001772633178,-0.04457525752307598,0.09414968359374998,0.0,0.0,ATM,6,6,9.712765957446809,0.010000000000000009,0.155,0.0050000000000000044,0.01891027971886624,0
SPY250702C00625000,2025-06-27 20:13:19+00:00,625.0,0.11,0.1,0.11,-0.019999996,-15.384613,1199.0,905,0.09180595703125,False,REGULAR,USD,SPY,2025-07-02,2,614.9099731445312,1.016408949758727,2025-06-29 12:49:52.635580,0.013125343192522898,-0.08857027151237333,0.01142972848762668,0.0968746568074771,0.09857027151237333,0.0016956147048962176,1,0.9477248646556241,0.00935474129138125,0.0060168277100699245,-0.027053133486164224,0.09319754467773436,0.0,0.0,ATM,6,6,1.3233995584988962,0.009999999999999995,0.10500000000000001,0.0049999999999999906,0.011444547947697597,0
SPY250702C00626000,2025-06-27 19:57:42+00:00,626.0,0.07,0.06,0.07,0.010000002,16.66667,3642.0,1101,0.0913176806640625,False,REGULAR,USD,SPY,2025-07-02,2,614.9099731445312,1.018035204078341,2025-06-29 12:49:52.635580,0.006065235591275808,-0.05537247014244867,0.004627529857551329,0.0639347644087242,0.06537247014244868,0.0014377057337244797,1,0.6492985931043247,0.0046559231607958195,0.0032645386549604275,-0.014491768384135776,0.09234306103515624,0.0,0.0,ATM,6,6,3.304900181488203,0.010000000000000009,0.065,0.0050000000000000044,0.006176421027496168,0
SPY250702C00627000,2025-06-27 20:04:28+00:00,627.0,0.05,0.04,0.05,0.0,0.0,177.0,742,0.092782509765625,False,REGULAR,USD,SPY,2025-07-02,2,614.9099731445312,1.0196614583979549,2025-06-29 12:49:52.635580,0.0032994257013436723,-0.037613653426208274,0.0023863465737917256,0.04670057429865633,0.047613653426208276,0.0009130791275519467,1,0.9881371586531766,0.002622161950207463,0.0019186335603576638,-0.008775511874873047,0.09205009521484372,0.0,0.0,ATM,6,6,0.23822341857335128,0.010000000000000002,0.045,0.0050000000000000044,0.003688233071504315,0
SPY250702C00628000,2025-06-27 20:11:25+00:00,628.0,0.04,0.03,0.04,0.01,33.333336,98.0,49,0.09571216796875,False,REGULAR,USD,SPY,2025-07-02,2,614.9099731445312,1.0212877127175688,2025-06-29 12:49:52.635580,0.0021166486480137525,-0.028647538842816903,0.0013524611571830941,0.03788335135198625,0.03864753884281691,0.0007641874908306584,1,0.9723294373172575,0.0016899116367891944,0.0012486219008531938,-0.0060667462561865655,0.09258719921875,0.0,0.0,ATM,6,6,1.96,0.010000000000000002,0.035,0.0049999999999999975,0.002476043707505873,0
SPY250702C00629000,2025-06-27 18:54:28+00:00,629.0,0.02,0.02,0.03,-0.01,-33.333336,33.0,6,0.0976652734375,False,REGULAR,USD,SPY,2025-07-02,2,614.9099731445312,1.0229139670371827,2025-06-29 12:49:52.635580,0.0012196333702234607,-0.01926485687469423,0.0007351431253057697,0.01878036662977654,0.01926485687469423,0.000484490244917691,0,0.02005205927844456,0.0009933044606433314,0.0007527601547366318,-0.003802597363052512,0.09385671777343749,0.0,0.0,ATM,6,6,4.714285714285714,0.009999999999999998,0.025,-0.005000000000000001,0.001523200235256151,0
SPY250702C00630000,2025-06-27 19:58:43+00:00,630.0,0.02,0.01,0.02,-0.01,-33.333336,476.0,590,0.098641826171875,False,REGULAR,USD,SPY,2025-07-02,2,614.9099731445312,1.024540221356797,2025-06-29 12:49:52.635580,0.0006173970917230931,-0.00968548056594385,0.00031451943405614945,0.019382602908276907,0.019685480565943853,0.00030287765766694364,1,0.9931925098758351,0.0005206939166055895,0.0004109548051808564,-0.002114949198920807,0.0952238916015625,0.0,0.0,ATM,6,6,0.805414551607445,0.01,0.015,0.005000000000000001,0.0008398763876937736,0
SPY250702C00631000,2025-06-27 19:23:23+00:00,631.0,0.01,0.01,0.02,-0.02,-66.66667,189.0,0,0.1035245898437499,False,REGULAR,USD,SPY,2025-07-02,2,614.9099731445312,1.0261664756764106,2025-06-29 12:49:52.635580,0.0005317492281478042,-0.009732856547658953,0.00026714345234104815,0.009468250771852196,0.009732856547658953,0.0002646057758067561,0,0.0007539581052599246,0.0004325871989998079,0.0003297889583115274,-0.0018670918640748132,0.09766527343749998,0.0,0.0,ATM,6,6,189.0,0.01,0.015,-0.004999999999999999,0.0007073589198483123,0
SPY250702C00632000,2025-06-27 19:19:14+00:00,632.0,0.01,0.01,0.02,-0.01,-50.0,282.0,6,0.10938390625,False,REGULAR,USD,SPY,2025-07-02,2,614.9099731445312,1.0277927299960248,2025-06-29 12:49:52.635580,0.0005269169971200693,-0.009734849805815403,0.00026515019418459746,0.00947308300287993,0.009734849805815403,0.0002617668029354719,0,0.0011433403189216092,0.00040732124339521694,0.00029517750133214397,-0.0018635609133361222,0.100985552734375,0.0,0.0,ATM,6,6,40.285714285714285,0.01,0.015,-0.004999999999999999,0.0006689549714974181,0
SPY250702C00633000,2025-06-27 16:11:47+00:00,633.0,0.02,0.01,0.02,0.0,0.0,47.0,0,0.11524322265625,False,REGULAR,USD,SPY,2025-07-02,2,614.9099731445312,1.0294189843156387,2025-06-29 12:49:52.635580,0.0005245599657557609,-0.009736556160067406,0.00026344383993259475,0.01947544003424424,0.019736556160067406,0.00026111612582316616,1,0.9926651316611589,0.0003862400872011436,0.00026668638011790766,-0.0018670224405963472,0.10489176367187499,0.0,0.0,ATM,6,6,47.0,0.01,0.015,0.005000000000000001,0.0006367609702399233,0
SPY250702C00634000,2025-06-27 18:52:12+00:00,634.0,0.01,0.01,0.02,-0.01,-50.0,23.0,0,0.1211025390625,False,REGULAR,USD,SPY,2025-07-02,2,614.9099731445312,1.0310452386352529,2025-06-29 12:49:52.635580,0.0005242415282019353,-0.009737975233301091,0.00026202476669890903,0.009475758471798065,0.009737975233301091,0.00026221676150302623,0,0.0007517350636595936,0.00036847471823337824,0.00024292574224701207,-0.0018763227499841678,0.10957921679687499,0.0,0.0,ATM,6,6,23.0,0.01,0.015,-0.004999999999999999,0.0006095186407356411,0
SPY250702C00635000,2025-06-27 19:57:12+00:00,635.0,0.01,0.01,0.02,-0.01,-50.0,114.0,503,0.125985302734375,False,REGULAR,USD,SPY,2025-07-02,2,614.9099731445312,1.0326714929548666,2025-06-29 12:49:52.635580,0.00047085533846583094,-0.0097722622733465,0.00022773772665349965,0.00952914466153417,0.0097722622733465,0.0002431176118123313,0,0.0006748293082653719,0.00032093868804141003,0.00020537690740888488,-0.0017154326943243743,0.115047912109375,0.0,0.0,ATM,6,6,0.2261904761904762,0.01,0.015,-0.004999999999999999,0.0005360825845574152,0
SPY250702C00636000,2025-06-27 18:23:18+00:00,636.0,0.01,0.01,0.02,0.0,0.0,6.0,1,0.1308680664062499,False,REGULAR,USD,SPY,2025-07-02,2,614.9099731445312,1.0342977472744803,2025-06-29 12:49:52.635580,0.00042688730030090993,-0.009787780560174849,0.00021221943982515176,0.00957311269969909,0.009787780560174849,0.00021466786047575817,0,0.0015422493874454359,0.00028237433159159793,0.00017550648032131554,-0.0015806271933478473,0.12051660742187498,0.0,0.0,ATM,6,6,3.0,0.01,0.015,-0.004999999999999999,0.0004758685982849787,0
SPY250702C00637000,2025-06-27 17:44:52+00:00,637.0,0.01,0.01,0.02,0.0,0.0,1.0,0,0.1367273828125,False,REGULAR,USD,SPY,2025-07-02,2,614.9099731445312,1.0359240015940945,2025-06-29 12:49:52.635580,0.0004337635834064657,-0.009782750982518356,0.00021724901748164407,0.009566236416593535,0.009782750982518356,0.00021651456592482163,0,0.00173429483963078,0.0002750973222468236,0.00016394955236957324,-0.0016106414015616827,0.12598530273437497,0.0,0.0,ATM,6,6,1.0,0.01,0.015,-0.004999999999999999,0.0004644360694727458,0
SPY250702C00638000,2025-06-27 19:48:40+00:00,638.0,0.01,0.0,0.01,0.0,0.0,212.0,0,0.132821171875,False,REGULAR,USD,SPY,2025-07-02,2,614.9099731445312,1.0375502559137084,2025-06-29 12:49:52.635580,0.00014597447592015061,4.725710361045472e-05,4.725710361045472e-05,0.00985402552407985,0.009952742896389545,9.871737230969589e-05,1,0.9997064854858936,0.00010100153005905007,6.609171122139996e-05,-0.0006124111466808687,0.12950089257812497,0.0,0.0,ATM,6,6,212.0,0.01,0.005,0.005,0.00018187562938741953,0
SPY250702C00640000,2025-06-26 18:20:24+00:00,640.0,0.01,0.0,0.01,0.0,0.0,125.0,1789,0.14063359375,False,REGULAR,USD,SPY,2025-07-02,2,614.9099731445312,1.0408027645529363,2025-06-29 12:49:52.635580,0.00010413561115631131,0.0,0.0,0.009895864388843689,0.01,0.00010413561115631131,1,0.9998523181052541,6.94452081270891e-05,4.388185032869306e-05,-0.00045537017617918796,0.133407103515625,0.0,0.0,ATM,6,6,0.06983240223463687,0.01,0.005,0.005,0.00012785985618803122,0
SPY250702C00641000,2025-06-27 17:06:33+00:00,641.0,0.01,0.0,0.01,0.0,0.0,65.0,0,0.14649291015625,False,REGULAR,USD,SPY,2025-07-02,2,614.9099731445312,1.0424290188725505,2025-06-29 12:49:52.635580,0.00011262169228062197,0.0,0.0,0.009887378307719378,0.01,0.00011262169228062197,1,0.9997641012868788,7.19712764234638e-05,4.356841901301613e-05,-0.0004903367128640258,0.137508625,0.0,0.0,ATM,6,6,65.0,0.01,0.005,0.005,0.00013223566765019107,0
SPY250702C00645000,2025-06-26 17:58:56+00:00,645.0,0.01,0.0,0.01,0.0,0.0,10.0,237,0.16602396484375,False,REGULAR,USD,SPY,2025-07-02,2,614.9099731445312,1.0489340361510062,2025-06-29 12:49:52.635580,9.971865214390002e-05,0.0,0.0,0.0099002813478561,0.01,9.971865214390002e-05,1,0.9997844980947501,5.694087527332106e-05,3.082730504829176e-05,-0.00044490902654989445,0.1445398046875,0.0,0.0,ATM,6,6,0.04201680672268908,0.01,0.005,0.005,0.00010603922524918183,0
SPY250702C00650000,2025-06-25 18:15:18+00:00,650.0,0.01,0.0,0.01,0.0,0.0,328.0,829,0.1914143359375,False,REGULAR,USD,SPY,2025-07-02,2,614.9099731445312,1.057065307749076,2025-06-29 12:49:52.635580,0.00010036816503978391,0.0,0.0,0.009899631834960216,0.01,0.00010036816503978391,1,0.9998395485279298,5.006033011172982e-05,2.3678604177212013e-05,-0.00045357424308230395,0.15547719531249998,0.0,0.0,ITM,6,6,0.39518072289156625,0.01,0.005,0.005,9.3905442544622e-05,0
SPY250702C00666000,2025-06-27 15:17:20+00:00,666.0,0.01,0.0,0.01,0.0,0.0,3.0,0,0.26563234375,False,REGULAR,USD,SPY,2025-07-02,2,614.9099731445312,1.0830853768628994,2025-06-29 12:49:52.635580,7.351956491844641e-05,0.0,0.0,0.009926480435081554,0.01,7.351956491844641e-05,1,0.9997844980947501,2.726361241021785e-05,9.604169595527434e-06,-0.00035329844125602206,0.1820394296875,0.0,0.0,ITM,6,6,3.0,0.01,0.005,0.005,5.2856813703327486e-05,0
SPY250703C00375000,2025-06-23 19:22:21+00:00,375.0,224.41,238.79,240.9,0.0,0.0,10.0,13,2.108403166503906,True,REGULAR,USD,SPY,2025-07-03,3,614.9099731445312,0.6098453698552362,2025-06-29 12:49:52.774721,240.20245481427503,-1.033437798460369,237.75656220153962,-15.792454814275033,-13.346562201539626,2.445892612735406,0,4.0525868081404125e-05,0.9963734695605722,9.231487128618049e-05,-0.2635831738431229,0.5755933442382812,0.0,0.0,OTM,6,6,0.7142857142857143,2.1100000000000136,239.845,-15.435000000000002,0.0060489053963036785,0
SPY250703C00400000,2025-06-20 15:36:05+00:00,400.0,196.61,213.81,215.92,0.0,0.0,1.0,1,1.8706061157226563,True,REGULAR,USD,SPY,2025-07-03,3,614.9099731445312,0.6505017278455852,2025-06-29 12:49:52.774721,215.22357236594098,-0.7344633755925543,213.07553662440745,-18.613572365940968,-16.465536624407434,2.1480357415335334,0,4.105970759364039e-05,0.995639896707036,0.00012271325071655913,-0.27679534884467205,0.9204159853515625,0.0,0.0,OTM,6,6,0.5,2.109999999999985,214.865,-18.254999999999995,0.007133871376489904,0
SPY250703C00405000,2025-06-17 14:23:54+00:00,405.0,196.41,208.81,210.93,0.0,0.0,2.0,0,1.8261727441406248,True,REGULAR,USD,SPY,2025-07-03,3,614.9099731445312,0.658632999443655,2025-06-29 12:49:52.774721,210.22922400494997,-0.674120191560803,208.1358798084392,-13.819224004949973,-11.725879808439203,2.0933441965107704,0,5.0249359073945375e-05,0.9954402218538043,0.00013082824144830356,-0.28103965662370567,1.2524457412109373,0.0,0.0,OTM,6,6,2.0,2.1200000000000045,209.87,-13.460000000000008,0.007424972070638054,0
SPY250703C00415000,2025-06-17 15:36:20+00:00,415.0,185.63,198.82,200.94,0.0,0.0,2.0,0,1.7353528857421874,True,REGULAR,USD,SPY,2025-07-03,3,614.9099731445312,0.6748955426397947,2025-06-29 12:49:52.774721,200.23841222963955,-0.5633575881051058,198.2566424118949,-14.608412229639555,-12.626642411894892,1.981769817744663,0,4.0388281059899604e-05,0.9950674036137299,0.00014767128370839845,-0.28673015901269444,1.561233451171875,0.0,0.0,OTM,6,6,2.0,2.1200000000000045,199.88,-14.25,0.007964074546945876,0
SPY250703C00435000,2025-06-27 15:00:49+00:00,435.0,180.11,178.84,180.95,12.389999,7.387312,3.0,0,1.5566428417968747,True,REGULAR,USD,SPY,2025-07-03,3,614.9099731445312,0.7074206290320739,2025-06-29 12:49:52.774721,180.25605323940738,-0.34894304365354856,178.49105695634645,-0.14605323940736525,1.6189430436535588,1.764996283060924,1,0.9983522742752845,0.9942335951874834,0.0001891519792966337,-0.2964604668706175,1.8194355507812499,0.0,0.0,OTM,6,6,3.0,2.109999999999985,179.89499999999998,0.21500000000003183,0.009150637116339799,0
SPY250703C00440000,2025-06-17 14:26:29+00:00,440.0,161.2,173.84,175.96,0.0,0.0,4.0,0,1.5151391430664063,True,REGULAR,USD,SPY,2025-07-03,3,614.9099731445312,0.7155519006301437,2025-06-29 12:49:52.774721,175.2627682090972,-0.2927196972139541,173.54728030278605,-14.062768209097214,-12.34728030278606,1.7154879063111537,0,5.889811048990708e-05,0.9939344536416624,0.00020324807469530368,-0.30138969724932463,1.70078274609375,0.0,0.0,OTM,6,6,4.0,2.1200000000000045,174.9,-13.700000000000017,0.009570407333827717,0
SPY250703C00445000,2025-06-18 14:53:35+00:00,445.0,155.66,168.85,170.96,0.0,0.0,1.0,0,1.470705771484375,True,REGULAR,USD,SPY,2025-07-03,3,614.9099731445312,0.7236831722282135,2025-06-29 12:49:52.774721,170.2664793137584,-0.24574357311325912,168.60425642688674,-14.606479313758399,-12.944256426886739,1.6622228868716604,0,7.894220338319516e-05,0.9937066494023424,0.00021633975950450526,-0.30275513483287037,1.6208026772460937,0.0,0.0,OTM,6,6,1.0,2.1100000000000136,169.905,-14.245000000000005,0.009888117154652928,0
SPY250703C00450000,2025-06-17 18:28:49+00:00,450.0,147.36,163.85,165.97,0.0,0.0,2.0,1,0.500005,True,REGULAR,USD,SPY,2025-07-03,3,614.9099731445312,0.7318144438262834,2025-06-29 12:49:52.774721,165.0948666569696,0.71588861612031,164.5658886161203,-17.734866656969587,-17.20588861612029,0.5289780408492959,0,0.00010197305455705701,0.9999999999977351,5.735459379680496e-13,-0.06161850781210199,1.3555691284179687,0.0,0.0,OTM,6,6,1.0,2.1200000000000045,164.91,-17.549999999999983,8.912386652658647e-12,0
SPY250703C00460000,2025-06-17 14:05:22+00:00,460.0,140.62,153.86,155.98,0.0,0.0,2.0,0,0.7812521875,True,REGULAR,USD,SPY,2025-07-03,3,614.9099731445312,0.748076987022423,2025-06-29 12:49:52.774721,155.09914437407537,0.39947591497221424,154.25947591497223,-14.47914437407536,-13.639475914972223,0.8396684591031374,0,0.00011067286878071291,0.9999825709168583,1.7441691664400297e-06,-0.06353772241351208,1.164748988769531,0.0,0.0,OTM,6,6,2.0,2.119999999999976,154.92000000000002,-14.300000000000011,4.2347845027345576e-05,0
SPY250703C00470000,2025-06-17 14:26:34+00:00,470.0,131.16,143.87,145.99,0.0,0.0,2.0,0,0.7656273437500001,True,REGULAR,USD,SPY,2025-07-03,3,614.9099731445312,0.7643395302185627,2025-06-29 12:49:52.774721,145.10353925144824,0.411074757449569,144.28107475744957,-13.943539251448243,-13.121074757449577,0.8224644939986661,0,0.00011067286878071291,0.9999543013229579,4.434903774914172e-06,-0.06569973642885409,1.0065458891601562,0.0,0.0,OTM,6,6,2.0,2.1200000000000045,144.93,-13.77000000000001,0.0001055244508595262,0
SPY250703C00475000,2025-06-16 14:11:37+00:00,475.0,128.33,138.88,140.99,0.0,0.0,2.0,0,0.7578149218750001,True,REGULAR,USD,SPY,2025-07-03,3,614.9099731445312,0.7724708018166325,2025-06-29 12:49:52.774721,140.10587538233676,0.41189909606384845,139.29189909606384,-11.77587538233675,-10.961899096063831,0.8139762862729185,0,0.00011067286878071291,0.9999270534744994,6.96440645651779e-06,-0.06710713517504993,0.855081044921875,0.0,0.0,OTM,6,6,2.0,2.1100000000000136,139.935,-11.60499999999999,0.00016402072455162748,0
SPY250703C00480000,2025-06-17 17:55:27+00:00,480.0,118.52,133.88,136.0,0.0,0.0,2.0,0,0.7421900781249999,True,REGULAR,USD,SPY,2025-07-03,3,614.9099731445312,0.7806020734147023,2025-06-29 12:49:52.774721,135.10819141181582,0.4316449090699166,134.3116449090699,-16.588191411815828,-15.791644909069916,0.7965465027459118,0,0.00011067286878071291,0.9999007273960774,9.501861060166037e-06,-0.06842896962037051,0.7093779062500001,0.0,0.0,OTM,6,6,2.0,2.1200000000000045,134.94,-16.42,0.00021916706105392362,0
SPY250703C00485000,2025-06-23 15:24:46+00:00,485.0,113.13,128.89,131.0,0.0,0.0,4.0,1,0.7226590234375,True,REGULAR,USD,SPY,2025-07-03,3,614.9099731445312,0.7887333450127721,2025-06-29 12:49:52.774721,130.11049109069432,0.4456475232048831,129.33564752320487,-16.98049109069433,-16.205647523204874,0.7748435674894552,0,0.00010327655253622278,0.9998746072242285,1.2151164491641929e-05,-0.0696872140975147,0.7539087109375,0.0,0.0,OTM,6,6,2.0,2.1100000000000136,129.945,-16.814999999999998,0.00027289953384913667,0
SPY250703C00490000,2025-06-20 14:26:22+00:00,490.0,106.4,123.89,126.01,0.0,0.0,2.0,0,0.70312796875,True,REGULAR,USD,SPY,2025-07-03,3,614.9099731445312,0.796864616610842,2025-06-29 12:49:52.774721,125.11285493334793,0.4696043686136875,124.35960436861369,-18.712854933347927,-17.959604368613682,0.7532505647342447,0,0.00010327655253622278,0.9998411780307798,1.558435065465371e-05,-0.07107289633993011,0.7382838671875,0.0,0.0,OTM,6,6,2.0,2.1200000000000045,124.95,-18.549999999999997,0.00034054503193691696,0
SPY250703C00495000,2025-06-17 14:44:43+00:00,495.0,105.82,118.9,121.01,0.0,0.0,35.0,0,0.6835969140625001,True,REGULAR,USD,SPY,2025-07-03,3,614.9099731445312,0.8049958882089118,2025-06-29 12:49:52.774721,120.11530141152406,0.4835153480823351,119.38351534808234,-14.295301411524065,-13.563515348082348,0.7317860634417173,0,0.00010327655253622278,0.9997982064746609,2.0052808917675777e-05,-0.07261682411698242,0.7218777812500001,0.0,0.0,OTM,6,6,35.0,2.1099999999999994,119.95500000000001,-14.13500000000002,0.00042601684622117975,0
SPY250703C00500000,2025-06-27 15:05:11+00:00,500.0,115.28,113.9,116.01,7.580002,7.03807,1.0,8,0.6523472265625001,True,REGULAR,USD,SPY,2025-07-03,3,614.9099731445312,0.8131271598069816,2025-06-29 12:49:52.774721,115.11729083935347,0.5201447705640874,114.4201447705641,0.16270916064652852,0.8598552294359081,0.6971460687893796,1,0.9998054758817122,0.9997956169574208,2.1265193665726702e-05,-0.07313488293643838,0.7007842421875001,0.0,0.0,OTM,6,6,0.1111111111111111,2.1099999999999994,114.95500000000001,0.32499999999998863,0.00043112144536411686,0
SPY250703C00505000,2025-06-20 18:03:27+00:00,505.0,90.22,108.91,111.02,0.0,0.0,2.0,2,0.63867548828125,True,REGULAR,USD,SPY,2025-07-03,3,614.9099731445312,0.8212584314050514,2025-06-29 12:49:52.774721,110.12017401170363,0.5276085765844414,109.43760857658444,-19.900174011703626,-19.21760857658444,0.6825654351191872,0,0.00010484093840169323,0.9997058112812198,3.0505308636220534e-05,-0.07556970286887302,0.68008132421875,0.0,0.0,OTM,6,6,0.6666666666666666,2.1099999999999994,109.965,-19.745000000000005,0.000605490224568108,0
SPY250703C00510000,2025-06-27 18:01:57+00:00,510.0,104.37,103.91,106.03,18.100006,20.98065,2.0,1,0.6152382226562501,True,REGULAR,USD,SPY,2025-07-03,3,614.9099731445312,0.8293897030031212,2025-06-29 12:49:52.774721,105.12266343303992,0.5557316763630951,104.46573167636309,-0.7526634330399133,-0.0957316763630871,0.6569317566768262,1,0.9958091676870541,0.9996493145690202,3.728828436317604e-05,-0.07711504287566287,0.6585971640625001,0.0,0.0,OTM,6,6,1.0,2.1200000000000045,104.97,-0.5999999999999943,0.0007129632996340278,0
SPY250703C00515000,2025-06-17 18:33:00+00:00,515.0,82.74,98.92,101.03,0.0,0.0,488.0,0,0.5918009570312501,True,REGULAR,USD,SPY,2025-07-03,3,614.9099731445312,0.837520974601191,2025-06-29 12:49:52.774721,100.12523674432327,0.5737855967486638,99.49378559674867,-17.38523674432328,-16.75378559674867,0.6314511475746087,0,0.0001207605870714784,0.999579979810017,4.5833649199349335e-05,-0.07879757387007318,0.63633176171875,0.0,0.0,OTM,6,6,488.0,2.1099999999999994,99.975,-17.235,0.0008429689218512911,0
SPY250703C00520000,2025-06-26 19:12:20+00:00,520.0,92.21,93.92,96.04,0.0,0.0,1.0,9,0.5664105859375,True,REGULAR,USD,SPY,2025-07-03,3,614.9099731445312,0.8456522461992608,2025-06-29 12:49:52.774721,95.12772292249178,0.6038445650159616,94.52384456501596,-2.917722922491791,-2.3138445650159696,0.6038783574758213,0,0.0003135177819211796,0.9995138673969253,5.48361037799392e-05,-0.08027443079196482,0.6128944960937501,0.0,0.0,OTM,6,6,0.1,2.1200000000000045,94.98,-2.7700000000000102,0.0009652713477832964,0
SPY250703C00525000,2025-06-24 15:04:48+00:00,525.0,81.15,88.93,91.04,0.0,0.0,2.0,3,0.5429733203125001,True,REGULAR,USD,SPY,2025-07-03,3,614.9099731445312,0.8537835177973306,2025-06-29 12:49:52.774721,90.13049656951023,0.6217537656282275,89.55175376562823,-8.980496569510223,-8.401753765628229,0.578742803881994,0,0.00010484093840169323,0.9994111727465506,6.829898118180032e-05,-0.08226769058851863,0.59101971484375,0.0,0.0,OTM,6,6,0.5,2.1099999999999994,89.98500000000001,-8.835000000000008,0.0011525086134525715,0
SPY250703C00530000,2025-06-17 18:55:36+00:00,530.0,82.5,84.08,85.83,0.0,0.0,2.0,1129,0.7480493945312501,True,REGULAR,USD,SPY,2025-07-03,3,614.9099731445312,0.8619147893954004,2025-06-29 12:49:52.774721,85.31832377948137,0.41537374132336424,84.49537374132336,-2.818323779481375,-1.9953737413233625,0.8229500381580124,0,0.0003374371475966051,0.9871631847783763,0.0007940066673280362,-0.30160168947622484,0.6128944960937501,0.0,0.0,OTM,6,6,0.0017699115044247787,1.75,84.955,-2.4549999999999983,0.018458903058048516,0
SPY250703C00535000,2025-06-26 18:26:01+00:00,535.0,77.5,78.99,80.73,0.0,0.0,1.0,1966,0.69336244140625,True,REGULAR,USD,SPY,2025-07-03,3,614.9099731445312,0.8700460609934703,2025-06-29 12:49:52.774721,80.29557895453104,0.5455698762980887,79.53556987629808,-2.795578954531038,-2.0355698762980836,0.7600090782329545,0,0.00042271007843231476,0.9878564521119296,0.0008164246378557317,-0.27551174127887873,0.6285193398437501,0.0,0.0,OTM,6,6,0.0005083884087442806,1.740000000000009,79.86,-2.3599999999999994,0.017592512935353573,0
SPY250703C00540000,2025-06-25 15:04:00+00:00,540.0,68.22,74.76,75.84,0.0,0.0,2.0,1078,0.5732464550781251,True,REGULAR,USD,SPY,2025-07-03,3,614.9099731445312,0.8781773325915401,2025-06-29 12:49:52.774721,75.1904481465125,-0.18849389575316877,74.57150610424684,-6.970448146512496,-6.3515061042468375,0.6189420422656582,0,8.921602181470886e-05,0.9943539124575487,0.0005041149318700729,-0.15926357473582015,0.624808439453125,0.0,0.0,OTM,6,6,0.0018535681186283596,1.0799999999999983,75.30000000000001,-7.0800000000000125,0.008980952577579996,0
SPY250703C00545000,2025-06-27 20:02:27+00:00,545.0,70.06,69.1,70.77,1.9700012,2.8932314,3.0,818,0.62305064453125,True,REGULAR,USD,SPY,2025-07-03,3,614.9099731445312,0.8863086041896099,2025-06-29 12:49:52.774721,70.32099685271646,0.5383156522337913,69.63831565223379,-0.26099685271645967,0.42168434776621666,0.6826812004826763,1,0.9994364725299948,0.9850786303565894,0.0010853978994316397,-0.2915851115413648,0.6361364511718751,0.0,0.0,OTM,6,6,0.003663003663003663,1.6700000000000017,69.935,0.125,0.02101666444962272,0
SPY250703C00550000,2025-06-27 20:00:28+00:00,550.0,64.98,63.96,65.76,5.8700027,9.930643,17.0,761,0.5830119824218749,True,REGULAR,USD,SPY,2025-07-03,3,614.9099731445312,0.8944398757876797,2025-06-29 12:49:52.774721,65.32481834886914,0.7265713007962589,64.68657130079626,-0.34481834886913987,0.29342869920374426,0.6382470480728841,1,0.9993769226184409,0.9840159945926973,0.0012305056215787572,-0.29057930200182197,0.64414418359375,0.0,0.0,OTM,6,6,0.02230971128608924,1.8000000000000043,64.86,0.12000000000000455,0.02229526028462533,0
SPY250703C00555000,2025-06-27 19:07:17+00:00,555.0,57.51,58.96,61.08,-0.2100029,-0.3638304,1.0,81,0.583866466064453,True,REGULAR,USD,SPY,2025-07-03,3,614.9099731445312,0.9025711473857496,2025-06-29 12:49:52.774721,60.44228073944032,0.8367802963934352,59.796780296393436,-2.9322807394403227,-2.286780296393438,0.6455004430468847,0,0.0003889941332347348,0.9756255699045538,0.0017578233140663013,-0.3842875846874433,0.6113075979003906,0.0,0.0,OTM,6,6,0.012195121951219513,2.1199999999999974,60.019999999999996,-2.509999999999998,0.03189629334594948,0
SPY250703C00558000,2025-06-27 17:00:39+00:00,558.0,58.43,56.2,57.79,8.150002,16.20923,1.0,165,0.52539537109375,True,REGULAR,USD,SPY,2025-07-03,3,614.9099731445312,0.9074499103445914,2025-06-29 12:49:52.774721,57.34753647109085,0.5723570266512681,56.77235702665127,1.0824635289091518,1.6576429733487288,0.575179444439577,1,0.9999643148608358,0.9808363319348006,0.00159419615067597,-0.3027009826997563,0.5777141838378906,0.0,0.0,OTM,6,6,0.006024096385542169,1.5899999999999963,56.995000000000005,1.4349999999999952,0.026030317318537586,0
SPY250703C00559000,2025-06-27 17:04:30+00:00,559.0,57.4,55.02,56.79,5.16,9.877488,1.0,142,0.5178270874023438,True,REGULAR,USD,SPY,2025-07-03,3,614.9099731445312,0.9090761646642054,2025-06-29 12:49:52.774721,56.34976635134751,0.7628485011698629,55.782848501169866,1.0502336486524868,1.6171514988301325,0.5669178501776457,1,0.9999610405273515,0.9804332038193724,0.0016463618038243628,-0.30352944311645563,0.5666303103027344,0.0,0.0,OTM,6,6,0.006993006993006993,1.769999999999996,55.905,1.4949999999999974,0.026494852755354962,0
SPY250703C00560000,2025-06-27 17:01:50+00:00,560.0,56.44,54.11,55.85,7.779999,15.988488,7.0,208,0.5173388110351562,True,REGULAR,USD,SPY,2025-07-03,3,614.9099731445312,0.9107024189838192,2025-06-29 12:49:52.774721,55.37170253367128,0.694159235057505,54.804159235057504,1.0682974663287155,1.6358407649424933,0.5675432986137778,1,0.999964307720931,0.9786470257379133,0.0017745353626091233,-0.3208503620239517,0.5454879436035156,0.0,0.0,OTM,6,6,0.03349282296650718,1.740000000000002,54.980000000000004,1.4599999999999937,0.028530618259984233,0
SPY250703C00561000,2025-06-26 15:45:19+00:00,561.0,50.25,52.98,55.09,0.0,0.0,1.0,68,0.5363815893554689,True,REGULAR,USD,SPY,2025-07-03,3,614.9099731445312,0.9123286733034331,2025-06-29 12:49:52.774721,54.45991936141809,0.8854410339722918,53.86544103397229,-4.209919361418088,-3.6154410339722887,0.594478327445799,0,0.00015638287542941187,0.9725478732334765,0.0021136094783552346,-0.38943410677967333,0.5361618649902343,0.0,0.0,OTM,6,6,0.014492753623188406,2.1100000000000065,54.035,-3.7849999999999966,0.0352330365740488,0
SPY250703C00562000,2025-06-27 16:23:02+00:00,562.0,54.76,51.98,54.09,7.199997,15.138764,1.0,84,0.5283250292968751,True,REGULAR,USD,SPY,2025-07-03,3,614.9099731445312,0.9139549276230472,2025-06-29 12:49:52.774721,53.46264290544457,0.8967712564815429,52.87677125648154,1.29735709455543,1.8832287435184583,0.5858716489630282,1,0.9999611608235857,0.9719969353261196,0.0021816675837636923,-0.3899731826974017,0.5250535776367189,0.0,0.0,OTM,6,6,0.011764705882352941,2.1100000000000065,53.035,1.7250000000000014,0.03582129056637717,0
SPY250703C00563000,2025-06-27 14:58:54+00:00,563.0,52.36,50.98,53.09,7.540001,16.82285,1.0,55,0.5202684692382812,True,REGULAR,USD,SPY,2025-07-03,3,614.9099731445312,0.9155811819426612,2025-06-29 12:49:52.774721,52.46544756523167,0.908143725329829,51.888143725329826,-0.10544756523167109,0.47185627467017355,0.5773038399018446,1,0.9997315410316947,0.9714244509700641,0.002253083831758339,-0.39052775494468944,0.524028197265625,0.0,0.0,OTM,6,6,0.017857142857142856,2.1100000000000065,52.035,0.32500000000000284,0.03642976094940713,0
SPY250703C00564000,2025-06-27 19:00:16+00:00,564.0,48.0,49.98,52.09,2.380001,5.2170124,1.0,40,0.5122119091796875,True,REGULAR,USD,SPY,2025-07-03,3,614.9099731445312,0.9172074362622752,2025-06-29 12:49:52.774721,51.46833898293801,0.9195990557142224,50.89959905571422,-3.4683389829380076,-2.8995990557142193,0.5687399272237883,0,0.00017344463682556353,0.970829072520258,0.0023280890169848395,-0.3910993952950854,0.5229051616210938,0.0,0.0,OTM,6,6,0.024390243902439025,2.1100000000000065,51.035,-3.0349999999999966,0.03705959917539012,0
SPY250703C00565000,2025-06-27 16:02:33+00:00,565.0,51.38,48.98,51.1,4.2700005,9.063893,4.0,50,0.5050098327636718,True,REGULAR,USD,SPY,2025-07-03,3,614.9099731445312,0.9188336905818892,2025-06-29 12:49:52.774721,50.474555149304706,0.9332591676824293,49.913259167682426,0.9054448506952966,1.4667408323175763,0.5612959816222798,1,0.9999498538187682,0.9699983282862196,0.0024169700124693273,-0.39407233251133444,0.5204393659667969,0.0,0.0,OTM,6,6,0.0784313725490196,2.1200000000000045,50.04,1.3400000000000034,0.03793346896948853,0
SPY250703C00566000,2025-06-20 14:29:15+00:00,566.0,32.49,47.98,50.1,0.0,0.0,2.0,21,0.4968312036132813,True,REGULAR,USD,SPY,2025-07-03,3,614.9099731445312,0.9204599449015032,2025-06-29 12:49:52.774721,49.47722573465444,0.9447351744214671,48.924735174421464,-16.987225734654437,-16.434735174421462,0.5524905602329753,0,9.633419661716214e-05,0.9693774928797811,0.0024988132352820303,-0.3943630087978909,0.5125292888183595,0.0,0.0,OTM,6,6,0.09090909090909091,2.1200000000000045,49.04,-16.549999999999997,0.038582834101743124,0
SPY250703C00567000,2025-06-20 18:14:41+00:00,567.0,29.92,46.99,49.1,0.0,0.0,1.0,10,0.4887746435546876,True,REGULAR,USD,SPY,2025-07-03,3,614.9099731445312,0.9220861992211172,2025-06-29 12:49:52.774721,48.480467656232804,0.9466581277720749,47.93665812777208,-18.560467656232802,-18.016658127772075,0.5438095284607272,0,9.633419661716214e-05,0.9686985815434739,0.0025865160281992516,-0.39501740597168794,0.504619211669922,0.0,0.0,OTM,6,6,0.09090909090909091,2.1099999999999994,48.045,-18.125,0.03928939177192163,0
SPY250703C00568000,2025-06-20 19:57:17+00:00,568.0,29.01,45.99,48.1,0.0,0.0,2.0,25,0.4804739453125,True,REGULAR,USD,SPY,2025-07-03,3,614.9099731445312,0.9237124535407312,2025-06-29 12:49:52.774721,47.48284965104676,0.9580257755541055,46.94802577555411,-18.47284965104676,-17.938025775554106,0.5348238754926555,0,9.581454963510715e-05,0.968055801112729,0.0026757755210216794,-0.39499444323946287,0.49666030688476565,0.0,0.0,OTM,6,6,0.07692307692307693,2.1099999999999994,47.045,-18.035,0.0399549859664406,0
SPY250703C00569000,2025-06-27 19:08:44+00:00,569.0,43.49,44.99,47.1,4.7400017,12.232263,13.0,16,0.4724173852539062,True,REGULAR,USD,SPY,2025-07-03,3,614.9099731445312,0.925338707860345,2025-06-29 12:49:52.774721,46.48631425710664,0.970146490191361,45.96014649019136,-2.99631425710664,-2.470146490191361,0.5261677669152789,0,0.00020363737917391853,0.9673173083480361,0.0027732233079465086,-0.3956935287541853,0.48870140209960933,0.0,0.0,OTM,6,6,0.7647058823529411,2.1099999999999994,46.045,-2.5549999999999997,0.04071572544607723,0
SPY250703C00570000,2025-06-27 14:17:03+00:00,570.0,45.46,44.08,45.81,2.459999,5.7209277,1.0,167,0.4344538977050781,True,REGULAR,USD,SPY,2025-07-03,3,614.9099731445312,0.9269649621799588,2025-06-29 12:49:52.774721,45.37877858180559,0.8215976513089984,44.901597651309,0.08122141819440998,0.5584023486910041,0.47718093049659416,1,0.9998339821334558,0.9747439336749085,0.0024338162828204057,-0.31383489881602866,0.4745902150878907,0.0,0.0,OTM,6,6,0.005952380952380952,1.730000000000004,44.945,0.5150000000000006,0.03286116485644935,0
SPY250703C00571000,2025-06-27 14:31:44+00:00,571.0,44.19,43.0,45.11,3.5,8.601623,1.0,17,0.4569146105957031,True,REGULAR,USD,SPY,2025-07-03,3,614.9099731445312,0.928591216499573,2025-06-29 12:49:52.774721,44.496243299113644,0.9864229179050668,43.98642291790507,-0.3062432991136461,0.20357708209493097,0.5098203812085771,1,0.9991400274397297,0.9655549874147638,0.002993988392560405,-0.3989953493033226,0.466606896484375,0.0,0.0,OTM,6,6,0.05555555555555555,2.1099999999999994,44.055,0.134999999999998,0.04251445555690884,0
SPY250703C00572000,2025-06-27 15:11:09+00:00,572.0,43.85,42.0,44.11,3.5499992,8.808931,5.0,97,0.4487359814453124,True,REGULAR,USD,SPY,2025-07-03,3,614.9099731445312,0.9302174708191868,2025-06-29 12:49:52.774721,43.499662898337306,0.9985566327304483,42.99855663273045,0.3503371016626957,0.8514433672695532,0.5011062656068574,1,0.9999325653344505,0.9647384935625923,0.0031077578507844356,-0.39944258139383904,0.4585991640625,0.0,0.0,OTM,6,6,0.05102040816326531,2.1099999999999994,43.055,0.7950000000000017,0.04334006223651872,0
SPY250703C00572500,2025-06-23 16:42:09+00:00,572.5,24.37,41.5,43.61,0.0,0.0,14.0,59,0.4445856323242187,True,REGULAR,USD,SPY,2025-07-03,3,614.9099731445312,0.931030597978994,2025-06-29 12:49:52.774721,43.0011602116615,1.0044931106996486,42.50449311069965,-18.6311602116615,-18.134493110699648,0.49666710096185085,0,0.0001081792635871516,0.964334478465528,0.003166208645306945,-0.39949282210239256,0.4514215014648437,0.0,0.0,OTM,6,6,0.23333333333333334,2.1099999999999994,42.555,-18.185,0.04374681281631653,0
SPY250703C00573000,2025-06-27 13:47:23+00:00,573.0,41.32,41.0,43.11,17.199999,71.31011,4.0,15,0.4404352832031249,True,REGULAR,USD,SPY,2025-07-03,3,614.9099731445312,0.9318437251388008,2025-06-29 12:49:52.774721,42.502690645329835,1.010478520295976,42.010478520295976,-1.182690645329835,-0.6904785202959758,0.49221212503385914,1,0.9989351281764983,0.963920749135448,0.003226387751674833,-0.3995489381581813,0.44502508105468747,0.0,0.0,OTM,6,6,0.25,2.1099999999999994,42.055,-0.7349999999999994,0.04416214173505937,0
SPY250703C00574000,2025-06-24 17:01:10+00:00,574.0,34.12,40.0,42.12,0.0,0.0,1.0,42,0.4331111376953125,True,REGULAR,USD,SPY,2025-07-03,3,614.9099731445312,0.9334699794584148,2025-06-29 12:49:52.774721,41.51026832005857,1.0255813465029249,41.025581346502925,-7.390268320058574,-6.905581346502927,0.4846869735556467,0,0.0001081792635871516,0.9627432267966427,0.003368280851563155,-0.40268037544635454,0.44475652905273433,0.0,0.0,OTM,6,6,0.023255813953488372,2.1199999999999974,41.06,-6.940000000000005,0.045337661160262416,0
SPY250703C00575000,2025-06-27 16:55:40+00:00,575.0,41.5,39.15,40.88,3.709999,9.8174095,11.0,2559,0.4021055883789062,True,REGULAR,USD,SPY,2025-07-03,3,614.9099731445312,0.9350962337780288,2025-06-29 12:49:52.774721,40.41727736052576,0.8222775542773206,39.97227755427732,1.082722639474241,1.5277224457226808,0.4449998062484397,1,0.9999458424806725,0.9692787588864743,0.0030957095662347187,-0.335372907890834,0.43379472460937496,0.0,0.0,OTM,6,6,0.004296875,1.730000000000004,40.015,1.4849999999999994,0.03868581780163403,0
SPY250703C00576000,2025-06-27 19:40:40+00:00,576.0,37.64,38.01,40.12,0.95000076,2.5892637,7.0,24,0.4165097412109374,True,REGULAR,USD,SPY,2025-07-03,3,614.9099731445312,0.9367224880976428,2025-06-29 12:49:52.774721,39.5172414854452,1.040220259747322,39.05022025974732,-1.8772414854451966,-1.4102202597473195,0.4670212256978772,0,0.00375368095302362,0.9608709685928207,0.003645424638500447,-0.4030908022087904,0.42734947656249994,0.0,0.0,OTM,6,6,0.28,2.1099999999999994,39.065,-1.4249999999999972,0.04718725907066001,0
SPY250703C00577000,2025-06-27 18:40:15+00:00,577.0,35.11,37.68,39.13,3.790001,12.100897,12.0,14,0.4089414575195312,True,REGULAR,USD,SPY,2025-07-03,3,614.9099731445312,0.9383487424172569,2025-06-29 12:49:52.774721,38.52453039156012,0.3854409279845541,38.065440927984554,-3.4145303915601204,-2.9554409279845544,0.459089463575566,0,0.00011302657246735504,0.9595939190424586,0.003811111328540578,-0.4056750777871597,0.4202206416015624,0.0,0.0,OTM,6,6,0.8,1.4500000000000028,38.405,-3.2950000000000017,0.04843555047628394,0
SPY250703C00577500,2025-06-27 16:53:38+00:00,577.5,38.91,36.51,38.63,5.209999,15.459937,1.0,46,0.4047911083984374,True,REGULAR,USD,SPY,2025-07-03,3,614.9099731445312,0.9391618695770636,2025-06-29 12:49:52.774721,38.02651631698404,1.0618903632226306,37.57189036322263,0.8834836830159531,1.338109636777368,0.4546259537614148,1,0.9999463668307578,0.9590629362394375,0.0038911986392270582,-0.4058288947757329,0.41309180664062495,0.0,0.0,OTM,6,6,0.02127659574468085,2.1200000000000045,37.57,1.3399999999999963,0.04895148032016676,0
SPY250703C00578000,2025-06-27 16:05:30+00:00,578.0,38.56,36.02,38.13,8.890001,29.96293,9.0,53,0.4006407592773437,True,REGULAR,USD,SPY,2025-07-03,3,614.9099731445312,0.9399749967368708,2025-06-29 12:49:52.774721,37.528554533155216,1.0583620891176793,37.07836208911768,1.0314454668447866,1.4816379108823199,0.45019244403753333,1,0.9999421083071348,0.9585173070133167,0.003973938462005848,-0.40599267085356855,0.40659773095703117,0.0,0.0,OTM,6,6,0.16666666666666666,2.1099999999999994,37.075,1.4849999999999994,0.04947977679624526,0
SPY250703C00579000,2025-06-27 19:59:21+00:00,579.0,37.56,35.02,37.13,5.1800003,15.997529,5.0,65,0.3923400610351562,True,REGULAR,USD,SPY,2025-07-03,3,614.9099731445312,0.9416012510564846,2025-06-29 12:49:52.774721,36.5327971738875,1.0714762585599544,36.09147625855996,1.0272028261125001,1.4685237414400447,0.4413209153275446,1,0.9999459751674539,0.957379597757669,0.004147866840420159,-0.4063519393113193,0.40464462548828123,0.0,0.0,OTM,6,6,0.07575757575757576,2.1099999999999994,36.075,1.4849999999999994,0.05057535327194865,0
SPY250703C00580000,2025-06-27 19:58:54+00:00,580.0,35.6,34.84,35.85,3.3099976,10.250844,10013.0,315,0.3591372680664062,True,REGULAR,USD,SPY,2025-07-03,3,614.9099731445312,0.9432275053760986,2025-06-29 12:49:52.774721,35.420414548109875,0.18198192670313063,35.021981926703134,0.17958545189012654,0.5780180732968674,0.39843262140674085,1,0.9994979382068155,0.9659255203730602,0.0037754079699410877,-0.32873510487704904,0.3931701308593749,0.0,0.0,OTM,6,6,31.686708860759495,1.009999999999998,35.345,0.25500000000000256,0.0421381851425068,0
SPY250703C00581000,2025-06-27 14:11:32+00:00,581.0,34.91,33.03,35.14,3.709999,11.891023,1.0,86,0.3762269409179687,True,REGULAR,USD,SPY,2025-07-03,3,614.9099731445312,0.9448537596957126,2025-06-29 12:49:52.774721,34.54460949613963,1.0905699782897145,34.120569978289716,0.3653905038603682,0.789430021710281,0.4240395178499128,1,0.9999324812128862,0.9546937696877789,0.004544040984947883,-0.4088376238963234,0.3866272275390624,0.0,0.0,OTM,6,6,0.011494252873563218,2.1099999999999994,34.085,0.8249999999999957,0.05313046234534898,0
SPY250703C00582000,2025-06-27 15:50:25+00:00,582.0,34.63,32.04,33.86,4.550001,15.126334,1.0,205,0.3438786315917969,True,REGULAR,USD,SPY,2025-07-03,3,614.9099731445312,0.9464800140153266,2025-06-29 12:49:52.774721,33.4306914722423,1.0080884816854834,33.04808848168548,1.199308527757701,1.58191151831452,0.3826029905568191,1,0.9999544039836611,0.9635235743134104,0.004169517366360787,-0.33196771708836353,0.37444473217773433,0.0,0.0,OTM,6,6,0.0048543689320388345,1.8200000000000003,32.95,1.6799999999999997,0.044559718739367836,0
SPY250703C00582500,2025-06-27 19:33:32+00:00,582.5,30.88,32.46,32.62,13.539999,78.08534,3.0,33,0.24805439453125,True,REGULAR,USD,SPY,2025-07-03,3,614.9099731445312,0.9472931411751336,2025-06-29 12:49:52.774721,32.683142484447444,-0.040651549943099496,32.4193484500569,-1.803142484447445,-1.5393484500569024,0.2637940343905427,0,0.0034340499755372267,0.9926005840186897,0.0014798791411717908,-0.12629886741930096,0.34392745922851564,0.0,0.0,OTM,6,6,0.08823529411764706,0.1599999999999966,32.54,-1.6600000000000001,0.011408397328594477,0
SPY250703C00583000,2025-06-27 18:29:33+00:00,583.0,30.17,31.96,32.12,5.1900005,20.776623,1.0,67,0.2446364599609375,True,REGULAR,USD,SPY,2025-07-03,3,614.9099731445312,0.9481062683349404,2025-06-29 12:49:52.774721,32.18338474657094,-0.036769039134771475,31.92323096086523,-2.013384746570935,-1.7532309608652277,0.26015378570570746,0,0.0011290726736218788,0.9924987613538057,0.0015187337708518253,-0.12627237384659634,0.31438673901367187,0.0,0.0,OTM,6,6,0.014705882352941176,0.1599999999999966,32.04,-1.8699999999999974,0.011546604694430286,0
SPY250703C00584000,2025-06-27 19:40:39+00:00,584.0,29.78,30.97,31.13,1.4400005,5.081159,52.0,133,0.2399978344726562,True,REGULAR,USD,SPY,2025-07-03,3,614.9099731445312,0.9497325226545544,2025-06-29 12:49:52.774721,31.186550340637723,-0.03890918666677834,30.93109081333322,-1.4065503406377218,-1.1510908133332194,0.2554595273045024,0,0.0007798512637264012,0.9918056027496497,0.0016732575412119924,-0.1291922172098514,0.2905588522949219,0.0,0.0,OTM,6,6,0.3880597014925373,0.16000000000000014,31.049999999999997,-1.269999999999996,0.012480200945576463,0
SPY250703C00585000,2025-06-27 19:03:35+00:00,585.0,27.2,29.99,30.14,-0.049999237,-0.18348344,40.0,922,0.2353592089843749,True,REGULAR,USD,SPY,2025-07-03,3,614.9099731445312,0.9513587769741684,2025-06-29 12:49:52.774721,30.190023258455994,-0.05076721249144711,29.93923278750855,-2.990023258455995,-2.739232787508552,0.2507904709474431,0,0.0001491138243456841,0.9910296174648766,0.001847186758671918,-0.13234270996004488,0.2623853059082031,0.0,0.0,ATM,6,6,0.04333694474539545,0.15000000000000213,30.064999999999998,-2.8649999999999984,0.013511185807776039,0
SPY250703C00586000,2025-06-27 19:48:09+00:00,586.0,28.04,29.0,29.14,1.6600018,6.292653,96.0,179,0.22852333984375,True,REGULAR,USD,SPY,2025-07-03,3,614.9099731445312,0.9529850312937824,2025-06-29 12:49:52.774721,29.190709322872635,-0.05281276452485528,28.947187235475145,-1.1507093228726362,-0.9071872354751456,0.2435220873974906,0,0.0007147180836948045,0.9907279484179762,0.0019583419176405557,-0.132426916834877,0.23931424755859373,0.0,0.0,ATM,6,6,0.5333333333333333,0.14000000000000057,29.07,-1.0300000000000011,0.013908187808964476,0
SPY250703C00587000,2025-06-27 19:53:01+00:00,587.0,27.45,28.01,28.15,3.6900005,15.530305,4.0,154,0.2236405761718749,True,REGULAR,USD,SPY,2025-07-03,3,614.9099731445312,0.9546112856133964,2025-06-29 12:49:52.774721,28.194294059019967,-0.05422833161416207,27.95577166838584,-0.7442940590199676,-0.5057716683858402,0.2385223906341274,0,0.0008145545581412733,0.9898683527078698,0.002162283100795581,-0.1355348215858552,0.2344314838867187,0.0,0.0,ATM,6,6,0.025806451612903226,0.13999999999999702,28.08,-0.629999999999999,0.015028464874313417,0
SPY250703C00587500,2025-06-27 17:15:13+00:00,587.5,29.09,27.5,27.66,8.77,43.15945,5.0,248,0.2219316088867187,True,REGULAR,USD,SPY,2025-07-03,3,614.9099731445312,0.9554244127732032,2025-06-29 12:49:52.774721,27.697375731806915,-0.03949472117467323,27.460505278825327,1.3926242681930852,1.629494721174673,0.23687045298158793,1,0.9999413345288358,0.9891860559235144,0.0023062711470241406,-0.13836595821756667,0.22989051367187496,0.0,0.0,ATM,6,6,0.020080321285140562,0.16000000000000014,27.58,1.5100000000000016,0.015906732997798635,0
SPY250703C00588000,2025-06-27 18:41:03+00:00,588.0,24.04,27.02,27.16,-0.41999817,-1.7170817,28.0,202,0.2185136743164062,True,REGULAR,USD,SPY,2025-07-03,3,614.9099731445312,0.9562375399330104,2025-06-29 12:49:52.774721,27.19784942566298,-0.05539878076864113,26.96460121923136,-3.157849425662981,-2.9246012192313593,0.2332482064316217,0,0.00022127200882218948,0.9889751964440339,0.0023820391908761927,-0.1384921952940511,0.22559368164062493,0.0,0.0,ATM,6,6,0.13793103448275862,0.14000000000000057,27.09,-3.0500000000000007,0.016176292315022142,0
SPY250703C00589000,2025-06-27 14:44:40+00:00,589.0,27.03,26.02,26.18,3.67,15.710616,1.0,303,0.2148516015625,True,REGULAR,USD,SPY,2025-07-03,3,614.9099731445312,0.9578637942526242,2025-06-29 12:49:52.774721,26.204361875477616,-0.04537285991709794,25.9746271400829,0.8256381245223849,1.0553728599170995,0.22973473539471456,1,0.9998864727593261,0.9874858078784001,0.002704265952289236,-0.1442491563700437,0.22149216015624998,0.0,0.0,ATM,6,6,0.003289473684210526,0.16000000000000014,26.1,0.9299999999999997,0.018056744780641648,0
SPY250703C00590000,2025-06-27 19:58:33+00:00,590.0,25.44,25.03,25.19,2.83,12.516585,143.0,927,0.2094805615234374,True,REGULAR,USD,SPY,2025-07-03,3,614.9099731445312,0.9594900485722382,2025-06-29 12:49:52.774721,25.20841972430287,-0.045882632347645114,24.984117367652356,0.23158027569713013,0.45588263234764526,0.22430235665051512,1,0.9992097048096297,0.986399008335099,0.002980631365172556,-0.14738328135706077,0.21768360449218743,0.0,0.0,ATM,6,6,0.1540948275862069,0.16000000000000014,25.11,0.33000000000000185,0.019404544856516194,0
SPY250703C00591000,2025-06-26 19:59:21+00:00,591.0,22.26,24.05,24.21,0.0,0.0,9.0,444,0.2053302124023437,True,REGULAR,USD,SPY,2025-07-03,3,614.9099731445312,0.9611163028918522,2025-06-29 12:49:52.774721,24.215486956834866,-0.054745323273440505,23.99525467672656,-1.9554869568348643,-1.7352546767265586,0.22023228010830564,0,0.000479739961133189,0.9846869241201153,0.0033676692397932194,-0.15316915400970205,0.2140215317382812,0.0,0.0,ATM,6,6,0.020224719101123594,0.16000000000000014,24.130000000000003,-1.870000000000001,0.02148986812997541,0
SPY250703C00592000,2025-06-27 17:33:33+00:00,592.0,24.08,23.08,23.22,3.2600002,15.658023,8.0,941,0.1997150341796875,True,REGULAR,USD,SPY,2025-07-03,3,614.9099731445312,0.9627425572114662,2025-06-29 12:49:52.774721,23.220096647484297,-0.07439928485718639,23.005600715142812,0.8599033525157012,1.0743992848571864,0.21449593234148523,1,0.9998588752722738,0.9833642339717744,0.0037172010916490163,-0.15644796294003527,0.20957821679687494,0.0,0.0,ATM,6,6,0.008492569002123142,0.14000000000000057,23.15,0.9299999999999997,0.023071630037028692,0
SPY250703C00592500,2025-06-26 18:26:36+00:00,592.5,20.47,22.59,22.73,0.0,0.0,4.0,768,0.1975177905273437,True,REGULAR,USD,SPY,2025-07-03,3,614.9099731445312,0.9635556843712731,2025-06-29 12:49:52.774721,22.72405552802047,-0.07828540657047611,22.511714593429524,-2.254055528020473,-2.041714593429525,0.21234093459094794,0,0.00037378392318724115,0.9823598416933255,0.003951643960943639,-0.15948831027685992,0.20537904003906243,0.0,0.0,ATM,6,6,0.005201560468140442,0.14000000000000057,22.66,-2.1900000000000013,0.024256910792368896,0
SPY250703C00593000,2025-06-27 18:39:55+00:00,593.0,19.56,22.1,22.24,-0.44000053,-2.2000027,13.0,1305,0.1950764086914062,True,REGULAR,USD,SPY,2025-07-03,3,614.9099731445312,0.96436881153108,2025-06-29 12:49:52.774721,22.227660393123756,-0.08218744855793148,22.01781255144207,-2.6676603931237572,-2.4578125514420712,0.20984784168168602,0,0.0004555016379849075,0.9813995996007636,0.004186017389041026,-0.16213335724715328,0.20142400146484368,0.0,0.0,ATM,6,6,0.009954058192955589,0.13999999999999702,22.17,-2.610000000000003,0.02537799128086105,0
SPY250703C00594000,2025-06-27 19:18:28+00:00,594.0,19.1,21.11,21.27,0.55999947,3.020493,66.0,1545,0.1914143359375,True,REGULAR,USD,SPY,2025-07-03,3,614.9099731445312,0.965995065850694,2025-06-29 12:49:52.774721,21.23901579864264,-0.0774344086334331,21.032565591366566,-2.139015798642639,-1.932565591366565,0.20645020727607388,0,0.0007809490486457303,0.9786169167231701,0.004801784546159616,-0.17065159380495043,0.1978107563476562,0.0,0.0,ATM,6,6,0.042690815006468305,0.16000000000000014,21.189999999999998,-2.0899999999999963,0.028564629450054276,0
SPY250703C00595000,2025-06-27 19:59:47+00:00,595.0,20.82,20.14,20.29,2.3199997,12.540539,227.0,2065,0.1864095031738281,True,REGULAR,USD,SPY,2025-07-03,3,614.9099731445312,0.967621320170308,2025-06-29 12:49:52.774721,20.247962924822446,-0.09365917765274645,20.046340822347254,0.5720370751775548,0.7736591776527462,0.2016221024751914,1,0.9998124821227959,0.9761700726219692,0.005402289547027089,-0.1766863616730446,0.1940266145019531,0.0,0.0,ATM,6,6,0.10987415295256535,0.14999999999999858,20.215,0.6050000000000004,0.0312966152143571,0
SPY250703C00596000,2025-06-27 20:00:54+00:00,596.0,19.08,19.17,19.32,2.209999,13.100171,29.0,1134,0.1821370849609375,True,REGULAR,USD,SPY,2025-07-03,3,614.9099731445312,0.969247574489922,2025-06-29 12:49:52.774721,19.260685203090816,-0.10723130842673712,19.062768691573265,-0.18068520309081748,0.017231308426733705,0.19791651151755119,0,0.0038424279715772395,0.9728699790946067,0.006163461536305017,-0.18521678470410663,0.1905110246582031,0.0,0.0,ATM,6,6,0.02555066079295154,0.14999999999999858,19.245,-0.1650000000000027,0.03488787644609398,0
SPY250703C00597000,2025-06-27 18:26:24+00:00,597.0,17.06,18.21,18.36,0.59000015,3.582272,52.0,1063,0.1784750122070312,True,REGULAR,USD,SPY,2025-07-03,3,614.9099731445312,0.970873828809536,2025-06-29 12:49:52.774721,18.27781928443892,-0.12754456631811095,18.08245543368189,-1.2178192844389208,-1.0224554336818912,0.19536385075702967,0,0.00018738230026512227,0.9685787143276854,0.0071058981606439385,-0.19632320426595912,0.1867024689941406,0.0,0.0,ATM,6,6,0.04887218045112782,0.14999999999999858,18.285,-1.2250000000000014,0.03941375960364956,0
SPY250703C00597500,2025-06-27 18:57:04+00:00,597.5,14.86,17.73,17.88,-1.1100006,-6.950536,4.0,1023,0.1765219067382812,True,REGULAR,USD,SPY,2025-07-03,3,614.9099731445312,0.971686955969343,2025-06-29 12:49:52.774721,17.786967503603705,-0.13691045464421236,17.593089545355788,-2.9269675036037057,-2.7330895453557886,0.1938779582479171,0,0.0004691251404690162,0.9662549881474305,0.007619999464220357,-0.2019402512718264,0.1829915686035156,0.0,0.0,ATM,6,6,0.00390625,0.14999999999999858,17.805,-2.9450000000000003,0.041802765582007136,0
SPY250703C00598000,2025-06-27 19:58:58+00:00,598.0,17.91,17.25,17.4,3.0900002,20.850204,80.0,1736,0.1744467321777344,True,REGULAR,USD,SPY,2025-07-03,3,614.9099731445312,0.97250008312915,2025-06-29 12:49:52.774721,17.296331373357475,-0.14591441289393714,17.104085587106063,0.6136686266425251,0.8059144128939373,0.1922457862514122,1,0.999820561608948,0.9638375635268418,0.00816121531220491,-0.20746015761080402,0.17959804785156247,0.0,0.0,ATM,6,6,0.04605641911341393,0.14999999999999858,17.325,0.5850000000000009,0.04424550314978917,0
SPY250703C00599000,2025-06-27 20:06:00+00:00,599.0,16.43,16.3,16.45,1.8400002,12.611379,384.0,1586,0.1707846594238281,True,REGULAR,USD,SPY,2025-07-03,3,614.9099731445312,0.974126337448764,2025-06-29 12:49:52.774721,16.319852442765182,-0.16996976243624573,16.130030237563755,0.11014755723481784,0.29996976243624474,0.1898222052014269,1,0.9913899068937002,0.9579478764025322,0.00942589469293428,-0.2208598685422964,0.17647307910156246,0.0,0.0,ATM,6,6,0.24196597353497165,0.14999999999999858,16.375,0.054999999999999716,0.05002912479774275,0
SPY250703C00600000,2025-06-27 20:00:32+00:00,600.0,15.28,15.36,15.5,2.08,15.757576,1146.0,5289,0.1667563793945313,True,REGULAR,USD,SPY,2025-07-03,3,614.9099731445312,0.975752591768378,2025-06-29 12:49:52.774721,15.345591101673449,-0.20103032982428104,15.158969670175718,-0.06559110167344961,0.12103032982428097,0.18662143149773058,0,0.02932707799863824,0.9513791479839442,0.01084929541979344,-0.23430334634223962,0.17339693798828124,0.0,0.0,ATM,6,6,0.2166351606805293,0.14000000000000057,15.43,-0.15000000000000036,0.056225775747477565,0
SPY250703C00601000,2025-06-27 19:58:41+00:00,601.0,14.84,14.44,14.57,1.8400002,14.153847,72.0,804,0.1635825830078125,True,REGULAR,USD,SPY,2025-07-03,3,614.9099731445312,0.977378846087992,2025-06-29 12:49:52.774721,14.381384926946907,-0.2421793514982724,14.197820648501727,0.45861507305309246,0.6421793514982728,0.1835642784451803,1,0.9997361827641971,0.942713952444675,0.012596553849867145,-0.25203144455172205,0.1704184521484375,0.0,0.0,ATM,6,6,0.08944099378881988,0.13000000000000078,14.504999999999999,0.33500000000000085,0.06403837059631746,0
SPY250703C00602000,2025-06-27 20:06:00+00:00,602.0,13.61,13.5,13.64,1.6300001,13.606012,274.0,5925,0.1597984411621093,True,REGULAR,USD,SPY,2025-07-03,3,614.9099731445312,0.9790051004076058,2025-06-29 12:49:52.774721,13.419736233701656,-0.25958597997661315,13.240414020023387,0.19026376629834374,0.3695859799766126,0.17932221367826884,1,0.993735322545722,0.9332232983802129,0.014533729012808508,-0.269001561542919,0.16707375903320312,0.0,0.0,ATM,6,6,0.04623692203847452,0.14000000000000057,13.57,0.03999999999999915,0.0721773712626447,0
SPY250703C00603000,2025-06-27 19:59:40+00:00,603.0,13.06,12.59,12.72,2.1200008,19.378435,346.0,2696,0.1561363684082031,True,REGULAR,USD,SPY,2025-07-03,3,614.9099731445312,0.9806313547272196,2025-06-29 12:49:52.774721,12.466310419589036,-0.2982605303266883,12.291739469673312,0.593689580410965,0.768260530326689,0.17457094991572397,1,0.9996766507866627,0.9218802977577324,0.016774889571919437,-0.2877666958333693,0.16341168627929686,0.0,0.0,ATM,6,6,0.12829069336299592,0.13000000000000078,12.655000000000001,0.40499999999999936,0.08139827619643134,0
SPY250703C00604000,2025-06-27 20:11:06+00:00,604.0,11.8,11.71,11.82,1.6199999,15.913555,153.0,2382,0.1529625720214844,True,REGULAR,USD,SPY,2025-07-03,3,614.9099731445312,0.9822576090468336,2025-06-29 12:49:52.774721,11.526329630590453,-0.352898006490328,11.357101993509673,0.2736703694095475,0.44289800649032784,0.16922763708078037,1,0.993325477427903,0.9078239223145752,0.01938409133638553,-0.3098087608138406,0.1598472687988281,0.0,0.0,ATM,6,6,0.06420478388585817,0.10999999999999943,11.765,0.03500000000000014,0.09214718850274049,0
SPY250703C00605000,2025-06-27 20:11:16+00:00,605.0,10.89,10.82,10.94,1.96,21.948488,3384.0,12498,0.1501549829101562,True,REGULAR,USD,SPY,2025-07-03,3,614.9099731445312,0.9838838633664476,2025-06-29 12:49:52.774721,10.602070644513446,-0.38173051695105187,10.438269483048948,0.2879293554865541,0.45173051695105215,0.16380116146449808,1,0.9168035312695825,0.8907481900432006,0.022353543227029204,-0.33463059524275485,0.15652698950195312,0.0,0.0,ATM,6,6,0.27074165933274663,0.11999999999999922,10.879999999999999,0.010000000000001563,0.1043127957106877,0
SPY250703C00606000,2025-06-27 20:00:11+00:00,606.0,10.06,9.96,10.07,2.0300007,25.280207,374.0,2238,0.1470422210693359,True,REGULAR,USD,SPY,2025-07-03,3,614.9099731445312,0.9855101176860616,2025-06-29 12:49:52.774721,9.68942533269501,-0.429159386892362,9.530840613107639,0.3705746673049912,0.5291593868923616,0.15858471958737042,1,0.9930323442609328,0.8712652830420045,0.025632535778913966,-0.3591251770400756,0.15321891711425778,0.0,0.0,ATM,6,6,0.16703885663242518,0.10999999999999943,10.015,0.04499999999999993,0.11713457074252821,0
SPY250703C00607000,2025-06-27 19:58:01+00:00,607.0,9.55,9.12,9.22,2.2000003,29.931978,563.0,4922,0.1440515283203124,True,REGULAR,USD,SPY,2025-07-03,3,614.9099731445312,0.9871363720056756,2025-06-29 12:49:52.774721,8.795562642268123,-0.47895719391489244,8.641042806085107,0.7544373577318773,0.9089571939148939,0.15451983618301668,1,0.9990504551832707,0.8483486800143243,0.029246482241099495,-0.3846023333210986,0.1500695345458984,0.0,0.0,ATM,6,6,0.11436116189315458,0.10000000000000142,9.17,0.3800000000000008,0.13093114657292115,0
SPY250703C00607500,2025-06-27 19:53:05+00:00,607.5,8.27,8.71,8.8,1.2700005,18.142864,107.0,577,0.1424035955810547,True,REGULAR,USD,SPY,2025-07-03,3,614.9099731445312,0.9879494991654826,2025-06-29 12:49:52.774721,8.354081110669824,-0.508210676508293,8.201789323491708,-0.08408111066982471,0.06821067650829171,0.15229178717811642,0,0.002265238167752638,0.8358048410647005,0.03116999354952853,-0.3966591147115837,0.14732297998046873,0.0,0.0,ATM,6,6,0.185121107266436,0.08999999999999986,8.755,-0.4850000000000012,0.1379460062305526,0
SPY250703C00608000,2025-06-27 20:10:43+00:00,608.0,8.44,8.3,8.39,1.4899998,21.438847,767.0,2036,0.1409998010253906,True,REGULAR,USD,SPY,2025-07-03,3,614.9099731445312,0.9887626263252896,2025-06-29 12:49:52.774721,7.921546143381249,-0.5282596048986274,7.771740395101373,0.5184538566187502,0.6682596048986262,0.14980574827987603,1,0.9970778302714965,0.8218933381070191,0.033161203667994764,-0.40962817036919424,0.14493042578124996,0.0,0.0,ATM,6,6,0.37653411880216003,0.08999999999999986,8.345,0.09499999999999886,0.14531158829275934,0
SPY250703C00609000,2025-06-27 20:08:09+00:00,609.0,7.6,7.52,7.59,1.6799998,28.378376,711.0,2076,0.1383142810058593,True,REGULAR,USD,SPY,2025-07-03,3,614.9099731445312,0.9903888806449036,2025-06-29 12:49:52.774721,7.077631817954114,-0.5862190430479624,6.933780956952037,0.5223681820458861,0.6662190430479624,0.14385086100207634,1,0.985993188983122,0.7908044442355926,0.03729261070277685,-0.435179525791185,0.14256228540039056,0.0,0.0,ATM,6,6,0.34232065479056334,0.07000000000000028,7.555,0.04499999999999993,0.16030286160024868,0
SPY250703C00610000,2025-06-27 20:14:46+00:00,610.0,6.75,6.76,6.82,1.48,28.083492,5172.0,6973,0.1356897955322266,True,REGULAR,USD,SPY,2025-07-03,3,614.9099731445312,0.9920151349645177,2025-06-29 12:49:52.774721,6.264253923174749,-0.632194202220588,6.127805797779412,0.48574607682525084,0.6221942022205882,0.13644812539533735,0,0.06195761579676545,0.7552973488412846,0.04153143368537946,-0.4588333864229245,0.14029180029296873,0.0,0.0,ATM,6,6,0.7416117006022369,0.0600000000000005,6.79,-0.040000000000000036,0.1751360600863667,0
SPY250703C00611000,2025-06-27 20:12:45+00:00,611.0,6.13,6.02,6.08,1.46,31.263384,6021.0,3803,0.1331263446044921,True,REGULAR,USD,SPY,2025-07-03,3,614.9099731445312,0.9936413892841316,2025-06-29 12:49:52.774721,5.486207122403755,-0.6647213944921191,5.3552786055078805,0.6437928775962449,0.7747213944921194,0.13092851689587448,1,0.9806814037442914,0.715190735361627,0.04573113922569412,-0.4792899021509889,0.13810676354980464,0.0,0.0,ATM,6,6,1.582807570977918,0.0600000000000005,6.05,0.08000000000000007,0.18920277057135618,0
SPY250703C00612000,2025-06-27 20:14:58+00:00,612.0,5.34,5.32,5.37,1.25,30.562347,6893.0,2501,0.1303797900390624,True,REGULAR,USD,SPY,2025-07-03,3,614.9099731445312,0.9952676436037454,2025-06-29 12:49:52.774721,4.743613345322785,-0.7014362927039963,4.618563707296004,0.5963866546772145,0.7214362927039959,0.12504963802678137,1,0.8740715003002882,0.6707518047410422,0.04977980703058996,-0.49415298988264617,0.13570200244140618,0.0,0.0,ATM,6,6,2.754996003197442,0.04999999999999982,5.345000000000001,-0.005000000000000782,0.20170420401266317,0
SPY250703C00613000,2025-06-27 20:14:43+00:00,613.0,4.65,4.67,4.7,1.1300001,32.102276,10662.0,2561,0.1278773736572265,True,REGULAR,USD,SPY,2025-07-03,3,614.9099731445312,0.9968938979233594,2025-06-29 12:49:52.774721,4.04990355160578,-0.7391196352142289,3.930880364785771,0.6000964483942202,0.7191196352142293,0.11902318682000912,0,0.05767828361876793,0.6215610241688279,0.053343174283441555,-0.5036230170283648,0.13307751696777337,0.0,0.0,ATM,6,6,4.161592505854801,0.03000000000000025,4.6850000000000005,-0.03500000000000014,0.21199422374581883,0
SPY250703C00614000,2025-06-27 20:13:20+00:00,614.0,4.11,4.05,4.08,1.0600002,34.754105,17354.0,1804,0.1256801300048828,True,REGULAR,USD,SPY,2025-07-03,3,614.9099731445312,0.9985201522429732,2025-06-29 12:49:52.774721,3.412006576440092,-0.751432927823771,3.298567072176229,0.6979934235599083,0.8114329278237715,0.11343950426386318,1,0.898808804145215,0.5681786661692295,0.05610649058773521,-0.5064285054956017,0.13055068676757808,0.0,0.0,ATM,6,6,9.614404432132964,0.03000000000000025,4.0649999999999995,0.04500000000000082,0.21914481017685586,0
SPY250703C00615000,2025-06-27 20:14:57+00:00,615.0,3.49,3.48,3.5,0.8599999,32.699615,22250.0,4418,0.1234218518066406,False,REGULAR,USD,SPY,2025-07-03,3,614.9099731445312,1.0001464065625874,2025-06-29 12:49:52.774721,2.8266286138744476,-0.7580090091844629,2.721990990815537,0.6633713861255526,0.7680090091844631,0.10463762305891056,1,0.8107166877794224,0.5116629324236177,0.05795709843016537,-0.5000015516822479,0.1280970980224609,0.0,0.0,ATM,6,6,5.035075809006562,0.020000000000000018,3.49,0.0,0.2223054741069244,0
SPY250703C00616000,2025-06-27 20:14:49+00:00,616.0,2.95,2.93,2.96,0.75,34.090908,14234.0,2786,0.1209804699707031,False,REGULAR,USD,SPY,2025-07-03,3,614.9099731445312,1.0017726608822013,2025-06-29 12:49:52.774721,2.2946409624487956,-0.7272621380488542,2.202737861951146,0.6553590375512046,0.7472621380488542,0.0919031004976496,1,0.8913171913458232,0.4528260117734682,0.058737920321572885,-0.48312565504393745,0.1256679230957031,0.0,0.0,ATM,6,6,5.107283817725152,0.029999999999999805,2.9450000000000003,0.004999999999999893,0.22084384360447815,0
SPY250703C00617000,2025-06-27 20:13:30+00:00,617.0,2.48,2.45,2.48,0.65999997,36.263733,10437.0,2265,0.1190273645019531,False,REGULAR,USD,SPY,2025-07-03,3,614.9099731445312,1.0033989152018152,2025-06-29 12:49:52.774721,1.8334548653593856,-0.6940422102667643,1.755957789733236,0.6465451346406144,0.7240422102667641,0.07749707562614971,1,0.9758550220349422,0.39320927350158064,0.05795544113368472,-0.4581633607838641,0.12339743798828122,0.0,0.0,ATM,6,6,4.605913503971756,0.029999999999999805,2.465,0.015000000000000124,0.21438406301485086,0
SPY250703C00618000,2025-06-27 20:14:51+00:00,618.0,2.02,2.01,2.04,0.51,33.774834,10454.0,994,0.1167690863037109,False,REGULAR,USD,SPY,2025-07-03,3,614.9099731445312,1.0050251695214292,2025-06-29 12:49:52.774721,1.426978111285365,-0.6464175224037267,1.363582477596273,0.593021888714635,0.656417522403727,0.06339563368909196,1,0.9486928308606879,0.33382098312450115,0.05588823722132268,-0.4226320997300934,0.12117578051757812,0.0,0.0,ATM,6,6,10.506532663316582,0.03000000000000025,2.025,-0.004999999999999893,0.2028148532637901,0
SPY250703C00619000,2025-06-27 20:14:38+00:00,619.0,1.6,1.63,1.65,0.36,29.03226,4669.0,1166,0.1145108081054687,False,REGULAR,USD,SPY,2025-07-03,3,614.9099731445312,1.0066514238410431,2025-06-29 12:49:52.774721,1.0818723460540127,-0.5986765829805878,1.031323417019412,0.5181276539459874,0.568676582980588,0.05054892903460062,0,0.04887838949799689,0.2763225846798003,0.052392822874570075,-0.37897598402204546,0.11894191613769527,0.0,0.0,ATM,6,6,4.000856898029134,0.020000000000000018,1.64,-0.039999999999999813,0.1864531573315732,0
SPY250703C00620000,2025-06-27 20:14:50+00:00,620.0,1.29,1.29,1.31,0.29999995,30.303024,22273.0,11475,0.1123135644531249,False,REGULAR,USD,SPY,2025-07-03,3,614.9099731445312,1.008277678160657,2025-06-29 12:49:52.774721,0.7974196157880726,-0.5325742073972662,0.7574257926027338,0.4925803842119274,0.5325742073972662,0.03999382318533884,0,0.2057294322633066,0.22238911599683742,0.047583302430007954,-0.3295224642308034,0.11672025866699214,0.0,0.0,ATM,6,6,1.9408330428720808,0.020000000000000018,1.3,-0.010000000000000009,0.16608799969657195,0
SPY250703C00621000,2025-06-27 20:14:12+00:00,621.0,1.02,1.01,1.03,0.25,32.467533,3849.0,1790,0.1106045971679687,False,REGULAR,USD,SPY,2025-07-03,3,614.9099731445312,1.009903932480271,2025-06-29 12:49:52.774721,0.5758870153040618,-0.46386916930206534,0.5461308306979347,0.4441129846959382,0.47386916930206535,0.029756184606127167,1,0.96405141713753,0.17442226994173454,0.04171868575386356,-0.2789621452464924,0.11464508410644525,0.0,0.0,ATM,6,6,2.1490787269681744,0.020000000000000018,1.02,0.0,0.1434020173453236,0
SPY250703C00622000,2025-06-27 20:14:44+00:00,622.0,0.77,0.77,0.79,0.14999998,24.193544,5945.0,882,0.1087735607910156,False,REGULAR,USD,SPY,2025-07-03,3,614.9099731445312,1.0115301867998852,2025-06-29 12:49:52.774721,0.40142961107649455,-0.38921615790017633,0.3807838420998237,0.36857038892350547,0.38921615790017633,0.020645768976670864,0,0.884919527896129,0.1322253418797537,0.03529766504318253,-0.227401022641526,0.11259432336425776,0.0,0.0,ATM,6,6,6.73272933182333,0.020000000000000018,0.78,-0.010000000000000009,0.11932207230937776,0
SPY250703C00623000,2025-06-27 20:14:08+00:00,623.0,0.6,0.58,0.6,0.13000003,27.65958,5108.0,2058,0.1073087316894531,False,REGULAR,USD,SPY,2025-07-03,3,614.9099731445312,1.013156441119499,2025-06-29 12:49:52.774721,0.27333421143811165,-0.321697616745418,0.25830238325458194,0.3266657885618883,0.34169761674541804,0.015031828183529716,1,0.9739687936679894,0.09741460948252995,0.02877969795197993,-0.17982324662577504,0.11070225244140619,0.0,0.0,ATM,6,6,2.4808159300631374,0.020000000000000018,0.59,0.010000000000000009,0.09597823462589045,0
SPY250703C00624000,2025-06-27 20:13:42+00:00,624.0,0.45,0.43,0.44,0.089999974,24.99999,3824.0,3116,0.1054776953125,False,REGULAR,USD,SPY,2025-07-03,3,614.9099731445312,1.014782695439113,2025-06-29 12:49:52.774721,0.17691000451512195,-0.26401108831483555,0.16598891168516447,0.27308999548487806,0.28401108831483557,0.010921092829957485,1,0.9778156257199373,0.06853132772796086,0.02246422385243505,-0.13520168160419174,0.10889562988281246,0.0,0.0,ATM,6,6,1.2268206608918832,0.010000000000000009,0.435,0.015000000000000013,0.07363825932790562,0
SPY250703C00625000,2025-06-27 20:14:55+00:00,625.0,0.32,0.31,0.32,0.060000002,23.076925,5952.0,4235,0.1042570043945312,False,REGULAR,USD,SPY,2025-07-03,3,614.9099731445312,1.016408949758727,2025-06-29 12:49:52.774721,0.11288361362692356,-0.20540070624491094,0.10459929375508906,0.20711638637307644,0.21540070624491095,0.008284319871834506,1,0.9785578699183876,0.0470896596963762,0.016914250709743953,-0.09917883484741509,0.10728431787109372,0.0,0.0,ATM,6,6,1.405099150141643,0.010000000000000009,0.315,0.0050000000000000044,0.05480364820170164,0
SPY250703C00626000,2025-06-27 20:14:42+00:00,626.0,0.22,0.22,0.23,0.02,9.999999,5052.0,268,0.1032804516601562,False,REGULAR,USD,SPY,2025-07-03,3,614.9099731445312,1.018035204078341,2025-06-29 12:49:52.774721,0.0702643774090923,-0.15519184411014664,0.06480815588985335,0.1497356225909077,0.15519184411014664,0.005456221519238955,0,0.04502060306861959,0.03141383748690052,0.012277025192114278,-0.07046771389340634,0.10581948876953122,0.0,0.0,ATM,6,6,18.780669144981413,0.010000000000000009,0.225,-0.0050000000000000044,0.03940603506843725,0
SPY250703C00627000,2025-06-27 20:14:09+00:00,627.0,0.16,0.15,0.16,0.01,6.666667,2211.0,79,0.1020597607421874,False,REGULAR,USD,SPY,2025-07-03,3,614.9099731445312,1.0196614583979549,2025-06-29 12:49:52.774721,0.041477034253430745,-0.11193457942438065,0.038065420575619346,0.11852296574656926,0.12193457942438066,0.003411613677811398,1,0.04637832904914058,0.01992596905233914,0.008483232596519162,-0.047441688776875705,0.10447672875976557,0.0,0.0,ATM,6,6,27.6375,0.010000000000000009,0.155,0.0050000000000000044,0.02690713047676258,0
SPY250703C00628000,2025-06-27 20:14:40+00:00,628.0,0.1,0.1,0.11,0.0,0.0,4175.0,179,0.1010832080078125,False,REGULAR,USD,SPY,2025-07-03,3,614.9099731445312,1.0212877127175688,2025-06-29 12:49:52.774721,0.02385338450484653,-0.07871726961649642,0.021282730383503583,0.07614661549515347,0.07871726961649642,0.002570654121342948,0,0.02116870553239723,0.012252351342133943,0.005643580079465344,-0.030897267309225197,0.10323162402343747,0.0,0.0,ATM,6,6,23.194444444444443,0.009999999999999995,0.10500000000000001,-0.0050000000000000044,0.01772903805436913,0
SPY250703C00629000,2025-06-27 20:04:29+00:00,629.0,0.07,0.07,0.08,0.01,16.666666,1391.0,119,0.1015714843749999,False,REGULAR,USD,SPY,2025-07-03,3,614.9099731445312,1.0229139670371827,2025-06-29 12:49:52.774721,0.014856941376324428,-0.05740973759254224,0.012590262407457769,0.05514305862367558,0.05740973759254224,0.00226667896886666,0,0.022891477687032865,0.007953280771765325,0.0038512159935771627,-0.02124772892332008,0.10245038183593744,0.0,0.0,ATM,6,6,11.591666666666667,0.009999999999999995,0.07500000000000001,-0.0050000000000000044,0.012156852287657166,0
SPY250703C00630000,2025-06-27 20:13:59+00:00,630.0,0.06,0.05,0.06,0.0,0.0,5853.0,4132,0.1025480371093749,False,REGULAR,USD,SPY,2025-07-03,3,614.9099731445312,1.024540221356797,2025-06-29 12:49:52.774721,0.009506619458957921,-0.042549331537357175,0.007450668462642829,0.05049338054104208,0.05254933153735717,0.002055950996315092,1,0.9907923975021713,0.005250605303488094,0.002641882953114794,-0.014831233488894865,0.10210858837890617,0.0,0.0,ATM,6,6,1.416162593757561,0.009999999999999995,0.055,0.0049999999999999975,0.00841961801045325,0
SPY250703C00631000,2025-06-27 20:08:59+00:00,631.0,0.04,0.03,0.04,-0.01,-20.0,318.0,52,0.1015714843749999,False,REGULAR,USD,SPY,2025-07-03,3,614.9099731445312,1.0261664756764106,2025-06-29 12:49:52.774721,0.004981723617973222,-0.026349778964397483,0.003650221035602518,0.03501827638202678,0.036349778964397485,0.0013315025823707038,1,0.9749579185053596,0.0029274207538420257,0.0015805190986417212,-0.008691760461913388,0.10176679492187493,0.0,0.0,ATM,6,6,6.0,0.010000000000000002,0.035,0.0049999999999999975,0.004989109219543305,0
SPY250703C00632000,2025-06-27 20:14:36+00:00,632.0,0.03,0.02,0.03,0.0,0.0,565.0,34,0.1035245898437499,False,REGULAR,USD,SPY,2025-07-03,3,614.9099731445312,1.0277927299960248,2025-06-29 12:49:52.774721,0.003428463928413894,-0.01767441823100023,0.002325581768999769,0.026571536071586105,0.02767441823100023,0.001102882159414125,1,0.980365799426347,0.002037116101012371,0.0011170752961613432,-0.006372239035616736,0.10205976074218744,0.0,0.0,ATM,6,6,16.142857142857142,0.009999999999999998,0.025,0.0049999999999999975,0.003593994681905797,0
SPY250703C00633000,2025-06-27 19:32:36+00:00,633.0,0.02,0.02,0.03,-0.02,-50.0,728.0,189,0.108407353515625,False,REGULAR,USD,SPY,2025-07-03,3,614.9099731445312,1.0294189843156387,2025-06-29 12:49:52.774721,0.0032266254794377502,-0.0178747897619477,0.0021252102380522994,0.01677337452056225,0.0178747897619477,0.0011014152413854508,0,0.001732297743926849,0.0018455735839626238,0.0009752391345848267,-0.006091495889872375,0.10352458984374993,0.0,0.0,ATM,6,6,3.831578947368421,0.009999999999999998,0.025,-0.005000000000000001,0.003285650211331197,0
SPY250703C00634000,2025-06-27 19:54:40+00:00,634.0,0.01,0.01,0.02,-0.02,-66.66667,214.0,28,0.10743080078125,False,REGULAR,USD,SPY,2025-07-03,3,614.9099731445312,1.0310452386352529,2025-06-29 12:49:52.774721,0.0016435437137186648,-0.009009701778612567,0.000990298221387434,0.008356456286281335,0.009009701778612567,0.0006532454923312309,0,0.001382761152233848,0.0009941607952184527,0.0005591983165149995,-0.0034264196215762575,0.10469645312499994,0.0,0.0,ATM,6,6,7.379310344827586,0.01,0.015,-0.004999999999999999,0.0018670077994419414,0
SPY250703C00635000,2025-06-27 19:59:37+00:00,635.0,0.02,0.01,0.02,0.0,0.0,1023.0,3066,0.1132901171875,False,REGULAR,USD,SPY,2025-07-03,3,614.9099731445312,1.0326714929548666,2025-06-29 12:49:52.774721,0.0017771917431235185,-0.008928610246592385,0.0010713897534076157,0.018222808256876482,0.018928610246592384,0.0007058019897159028,1,0.9958335342793158,0.0010178065070452164,0.0005418400046558178,-0.003687587115380644,0.10684486914062497,0.0,0.0,ATM,6,6,0.3335507010107597,0.01,0.015,0.005000000000000001,0.0019077196644469736,0
SPY250703C00636000,2025-06-27 19:04:11+00:00,636.0,0.01,0.01,0.02,-0.01,-50.0,135.0,2,0.117196328125,False,REGULAR,USD,SPY,2025-07-03,3,614.9099731445312,1.0342977472744803,2025-06-29 12:49:52.774721,0.0015619028635095455,-0.009073848968588157,0.0009261510314118429,0.008438097136490455,0.009073848968588157,0.0006357518320977026,0,0.0014539889786729984,0.0008742852860017383,0.00045552943575950106,-0.0033141743806709032,0.10996983789062498,0.0,0.0,ATM,6,6,45.0,0.01,0.015,-0.004999999999999999,0.001659135725157955,0
SPY250703C00637000,2025-06-27 19:04:27+00:00,637.0,0.01,0.01,0.02,-0.01,-50.0,7.0,111,0.122079091796875,False,REGULAR,USD,SPY,2025-07-03,3,614.9099731445312,1.0359240015940945,2025-06-29 12:49:52.774721,0.0015325482239980648,-0.009104762817059004,0.0008952371829409962,0.008467451776001935,0.009104762817059004,0.0006373110410570685,0,0.0009745650107514967,0.0008268982615336485,0.0004154599759018721,-0.003276539391624065,0.11368073828125,0.0,0.0,ATM,6,6,0.0625,0.01,0.015,-0.004999999999999999,0.001576238551672929,0
SPY250703C00638000,2025-06-27 19:33:32+00:00,638.0,0.01,0.01,0.02,-0.01,-50.0,25.0,2,0.12696185546875,False,REGULAR,USD,SPY,2025-07-03,3,614.9099731445312,1.0375502559137084,2025-06-29 12:49:52.774721,0.0015092125140815371,-0.009133706058136081,0.0008662939418639184,0.008490787485918463,0.009133706058136081,0.0006429185722176187,0,0.0009745650107514967,0.0007858887450902617,0.00038120966863228087,-0.003248801476739973,0.117391638671875,0.0,0.0,ATM,6,6,8.333333333333334,0.01,0.015,-0.004999999999999999,0.0015041412854210048,0
SPY250703C00639000,2025-06-27 19:40:21+00:00,639.0,0.01,0.01,0.02,-0.01,-50.0,394.0,110,0.131844619140625,False,REGULAR,USD,SPY,2025-07-03,3,614.9099731445312,1.0391765102333224,2025-06-29 12:49:52.774721,0.0014909912524272428,-0.0091523596840138,0.0008476403159862009,0.008509008747572757,0.0091523596840138,0.0006433509364410419,0,0.001580345002026201,0.0007501682826350989,0.000351696576432222,-0.0032295853708117746,0.12227440234375,0.0,0.0,ATM,6,6,3.5495495495495497,0.01,0.015,-0.004999999999999999,0.001441059838238188,0
SPY250703C00640000,2025-06-27 20:14:16+00:00,640.0,0.01,0.01,0.02,0.0,0.0,195.0,931,0.1367273828125,False,REGULAR,USD,SPY,2025-07-03,3,614.9099731445312,1.0408027645529363,2025-06-29 12:49:52.774721,0.001477159110178039,-0.009170349386700055,0.0008296506132999445,0.008522840889821961,0.009170349386700055,0.0006475084968780945,0,0.00311205345662155,0.0007188746622680577,0.00032607807549229866,-0.0032177748471861824,0.12696185546875,0.0,0.0,ATM,6,6,0.2092274678111588,0.01,0.015,-0.004999999999999999,0.0013855702946492408,0
SPY250703C00641000,2025-06-27 18:48:53+00:00,641.0,0.01,0.01,0.02,0.0,0.0,25.0,0,0.14063359375,False,REGULAR,USD,SPY,2025-07-03,3,614.9099731445312,1.0424290188725505,2025-06-29 12:49:52.774721,0.0013411550019641338,-0.009266699642067722,0.0007333003579322791,0.008658844998035866,0.009266699642067722,0.0006078546440318548,0,0.001798095558565905,0.0006397263431432974,0.00028468058346549835,-0.0029700300901785,0.13164930859375,0.0,0.0,ATM,6,6,25.0,0.01,0.015,-0.004999999999999999,0.0012442234610247184,0
SPY250703C00642000,2025-06-27 19:41:59+00:00,642.0,0.01,0.01,0.02,-0.01,-50.0,220.0,2,0.14649291015625,False,REGULAR,USD,SPY,2025-07-03,3,614.9099731445312,1.0440552731921644,2025-06-29 12:49:52.774721,0.0014604199599364542,-0.009195791742383531,0.000804208257616468,0.008539580040063546,0.009195791742383531,0.0006562117023199862,0,0.0010172225559811944,0.0006669388052007607,0.00028400546052838934,-0.0032128738804151546,0.136532072265625,0.0,0.0,ATM,6,6,73.33333333333333,0.01,0.015,-0.004999999999999999,0.0012929887934900188,0
SPY250703C00643000,2025-06-27 19:41:40+00:00,643.0,0.01,0.01,0.02,0.0,0.0,564.0,63,0.15039912109375,False,REGULAR,USD,SPY,2025-07-03,3,614.9099731445312,1.0456815275117783,2025-06-29 12:49:52.774721,0.0013382023914204622,-0.009281358179652246,0.0007186418203477535,0.008661797608579538,0.009281358179652246,0.0006195605710727087,0,0.00231394453911974,0.000599635696237667,0.0002507529264702065,-0.002988225266900851,0.141219525390625,0.0,0.0,ATM,6,6,8.8125,0.01,0.015,-0.004999999999999999,0.001172040914353211,0
SPY250703C00644000,2025-06-27 18:32:07+00:00,644.0,0.01,0.01,0.02,0.0,0.0,188.0,0,0.155281884765625,False,REGULAR,USD,SPY,2025-07-03,3,614.9099731445312,1.0473077818313925,2025-06-29 12:49:52.774721,0.001340192871118917,-0.00928786148857768,0.0007121385114223197,0.008659807128881083,0.00928786148857768,0.0006280543596965973,0,0.001798095558565905,0.0005828268561081382,0.0002365708905171406,-0.0030035404089235195,0.14590697851562498,0.0,0.0,ATM,6,6,188.0,0.01,0.015,-0.004999999999999999,0.0011416515284382114,0
SPY250703C00645000,2025-06-27 20:11:52+00:00,645.0,0.01,0.0,0.01,0.0,0.0,33.0,911,0.148446015625,False,REGULAR,USD,SPY,2025-07-03,3,614.9099731445312,1.0489340361510062,2025-06-29 12:49:52.774721,0.0004587801209932074,0.0002395735440097396,0.0002395735440097396,0.009541219879006793,0.00976042645599026,0.00021920657698346781,1,0.9997509522270108,0.00022186541468381457,0.0001008932930958435,-0.001170220370928394,0.148250705078125,0.0,0.0,ATM,6,6,0.03618421052631579,0.01,0.005,0.005,0.00046545993738166355,0
SPY250703C00646000,2025-06-27 19:41:07+00:00,646.0,0.01,0.0,0.01,0.0,0.0,927.0,0,0.1523522265625,False,REGULAR,USD,SPY,2025-07-03,3,614.9099731445312,1.0505602904706202,2025-06-29 12:49:52.774721,0.00043159853798535597,0.000226483883133211,0.000226483883133211,0.009568401462014644,0.00977351611686679,0.00020511465485214498,1,0.9996609831655399,0.00020438301072474703,9.105405548445835e-05,-0.0011118619677142091,0.150594431640625,0.0,0.0,ITM,6,6,927.0,0.01,0.005,0.005,0.00043112138260081596,0
SPY250703C00647000,2025-06-27 15:11:30+00:00,647.0,0.01,0.0,0.01,0.0,0.0,2.0,0,0.1562584375,False,REGULAR,USD,SPY,2025-07-03,3,614.9099731445312,1.052186544790234,2025-06-29 12:49:52.774721,0.00040765985246905834,0.00021350269581250388,0.00021350269581250388,0.009592340147530942,0.009786497304187496,0.00019415715665655446,1,0.9996569356387176,0.00018910216542600034,8.256014152581035e-05,-0.0010600103014206735,0.15254753710937502,0.0,0.0,ITM,6,6,2.0,0.01,0.005,0.005,0.0004009270606592353,0
SPY250703C00648000,2025-06-27 17:50:58+00:00,648.0,0.01,0.0,0.01,0.0,0.0,16.0,37,0.1601646484375,False,REGULAR,USD,SPY,2025-07-03,3,614.9099731445312,1.053812799109848,2025-06-29 12:49:52.774721,0.0003864910552224543,0.00020063010581548946,0.00020063010581548946,0.009613508944777546,0.00979936989418451,0.00018586094940696484,1,0.9996569356387176,0.00017567988281874436,7.518840367306606e-05,-0.0010137888387934462,0.15450064257812499,0.0,0.0,ITM,6,6,0.42105263157894735,0.01,0.005,0.005,0.00037425619096291877,0
SPY250703C00649000,2025-06-27 17:24:20+00:00,649.0,0.01,0.0,0.01,0.0,0.0,3.0,0,0.16602396484375,False,REGULAR,USD,SPY,2025-07-03,3,614.9099731445312,1.055439053429462,2025-06-29 12:49:52.774721,0.0004416711226865183,0.00023150456812868713,0.00023150456812868713,0.009558328877313482,0.009768495431871313,0.00021016655455783118,1,0.9996569356387176,0.00019265712446107843,7.906840712082019e-05,-0.0011450399916403753,0.15664905859375003,0.0,0.0,ITM,6,6,3.0,0.01,0.005,0.005,0.0004079671878377477,0
SPY250703C00650000,2025-06-27 16:31:40+00:00,650.0,0.01,0.0,0.01,0.0,0.0,25.0,1166,0.16993017578125,False,REGULAR,USD,SPY,2025-07-03,3,614.9099731445312,1.057065307749076,2025-06-29 12:49:52.774721,0.0004204175994940579,0.000218904013747385,0.000218904013747385,0.009579582400505942,0.009781095986252614,0.00020151358574667288,1,0.9997894567797264,0.00017990674369960173,7.246085057123035e-05,-0.0010988855067016845,0.160945890625,0.0,0.0,ITM,6,6,0.021422450728363324,0.01,0.005,0.005,0.0003826708651915873,0
SPY250703C00655000,2025-06-27 16:06:15+00:00,655.0,0.01,0.0,0.01,0.0,0.0,10.0,86,0.1914143359375,False,REGULAR,USD,SPY,2025-07-03,3,614.9099731445312,1.0651965793471458,2025-06-29 12:49:52.774721,0.00040364915282220526,0.00020153269556442234,0.00020153269556442234,0.009596350847177795,0.009798467304435577,0.00020211645725778292,1,0.9996825232608698,0.00015475750282432826,5.5873786528113e-05,-0.0010733501172825823,0.1687583125,0.0,0.0,ITM,6,6,0.11494252873563218,0.01,0.005,0.005,0.00033237934622107253,0
SPY250703C00660000,2025-06-25 16:40:31+00:00,660.0,0.01,0.0,0.01,0.0,0.0,1.0,161,0.2109453906249999,False,REGULAR,USD,SPY,2025-07-03,3,614.9099731445312,1.0733278509452158,2025-06-29 12:49:52.774721,0.0003448500761775858,0.000143184247628445,0.000143184247628445,0.009655149923822414,0.009856815752371555,0.0002016658285491408,1,0.9996825232608698,0.00012166861706900601,4.0466834628532785e-05,-0.0009428961657470056,0.179695703125,0.0,0.0,ITM,6,6,0.006172839506172839,0.01,0.005,0.005,0.00026528991381426985,0
SPY250703C00664000,2025-06-27 13:30:02+00:00,664.0,0.01,0.0,0.01,0.0,0.0,25.0,0,0.2265702343749999,False,REGULAR,USD,SPY,2025-07-03,3,614.9099731445312,1.0798328682236715,2025-06-29 12:49:52.774721,0.0003139788349163508,9.849091840368242e-05,9.849091840368242e-05,0.00968602116508365,0.009901509081596318,0.00021548791651266838,1,0.9996825232608698,0.0001040680606167657,3.2536233607731387e-05,-0.0008738368023423773,0.19297682031249996,0.0,0.0,ITM,6,6,25.0,0.01,0.005,0.005,0.00022909815701935225,0
SPY250703C00665000,2025-06-24 18:37:18+00:00,665.0,0.01,0.0,0.01,0.0,0.0,2.0,19,0.2304764453125,False,REGULAR,USD,SPY,2025-07-03,3,614.9099731445312,1.0814591225432857,2025-06-29 12:49:52.774721,0.0003078463717004695,8.759438781809933e-05,8.759438781809933e-05,0.00969215362829953,0.009912405612181902,0.0002202519838823702,1,0.9996825232608698,0.00010050600502535718,3.09553350223014e-05,-0.0008601281306061798,0.20586731640624994,0.0,0.0,ITM,6,6,0.1,0.01,0.005,0.005,0.00022172441603236735,0
SPY250703C00668000,2025-06-27 18:52:41+00:00,668.0,0.01,0.0,0.01,0.0,0.0,3.0,0,0.242195078125,False,REGULAR,USD,SPY,2025-07-03,3,614.9099731445312,1.0863378855021273,2025-06-29 12:49:52.774721,0.0002924246362933647,5.557113833077977e-05,5.557113833077977e-05,0.009707575363706636,0.00994442886166922,0.0002368534979625849,1,0.9996513575981956,9.134770273968128e-05,2.6927759176919678e-05,-0.0008258010045551124,0.220320296875,0.0,0.0,ITM,6,6,3.0,0.01,0.005,0.005,0.00020268284503822967,0
SPY250703C00670000,2025-06-26 14:15:23+00:00,670.0,0.01,0.0,0.01,0.0,0.0,8.0,52,0.2500075,False,REGULAR,USD,SPY,2025-07-03,3,614.9099731445312,1.0895903941413554,2025-06-29 12:49:52.774721,0.0002842387793011228,3.477885508380179e-05,3.477885508380179e-05,0.009715761220698877,0.009965221144916199,0.000249459924217321,1,0.9996513575981956,8.629461532192099e-05,2.4727109001838655e-05,-0.0008077637476847,0.23203892968749998,0.0,0.0,ITM,6,6,0.1509433962264151,0.01,0.005,0.005,0.0001921223298299678,0
SPY250703C00675000,2025-06-24 15:34:12+00:00,675.0,0.01,0.0,0.01,0.0,0.0,20.0,389,0.273444765625,False,REGULAR,USD,SPY,2025-07-03,3,614.9099731445312,1.097721665739425,2025-06-29 12:49:52.774721,0.00034375708623141793,7.504351814319845e-05,7.504351814319845e-05,0.009656242913768582,0.009924956481856801,0.0002687135680882195,1,0.999697910430676,9.497139856528628e-05,2.473872867638037e-05,-0.0009660659457087636,0.24453880468749997,0.0,0.0,ITM,6,6,0.05128205128205128,0.01,0.005,0.005,0.00021023182279807592,0
SPY250703C00680000,2025-06-09 19:22:06+00:00,680.0,0.02,0.0,0.01,0.0,0.0,6.0,19,0.2890696093749999,False,REGULAR,USD,SPY,2025-07-03,3,614.9099731445312,1.105852937337495,2025-06-29 12:49:52.774721,0.0002607861560172606,0.0,0.0,0.01973921384398274,0.02,0.0002607861560172606,1,0.9997962020568409,6.93328666706091e-05,1.7404583164237035e-05,-0.0007591057676243373,0.2570386796875,0.0,0.0,ITM,6,6,0.3,0.01,0.005,0.015,0.00015635707091842161,0
SPY250703C00690000,2025-06-20 19:46:51+00:00,690.0,0.01,0.0,0.01,0.0,0.0,1000.0,1500,0.3281317187499999,False,REGULAR,USD,SPY,2025-07-03,3,614.9099731445312,1.1221154805336346,2025-06-29 12:49:52.774721,0.00025601950439348153,0.0,0.0,0.009743980495606519,0.01,0.00025601950439348153,1,0.9998318103518363,6.044165466705664e-05,1.3472499754217356e-05,-0.0007564105696781963,0.27656973437499993,0.0,0.0,ITM,6,6,0.6662225183211192,0.01,0.005,0.005,0.00013738770272227272,0
TSLA250703C00100000,2025-06-27 14:46:59+00:00,100.0,225.89,223.1,224.6,0.15,0.06644812,1.0,1,3.6250009375,True,REGULAR,USD,TSLA,2025-07-03,3,323.6300048828125,0.3089948351241731,2025-06-29 12:49:54.895442,223.6736218393765,-1.7680117645380449,221.33198823546195,2.216378160623492,4.558011764538037,2.341633603914545,1,0.9988889699133744,0.9999076834304198,3.452452457353402e-06,-0.0201976282146706,3.6250009375,,,OTM,6,6,0.5,1.5,223.85,2.039999999999992,0.00010773623137691336,0
TSLA250703C00105000,2025-06-27 15:20:29+00:00,105.0,219.84,218.05,219.6,0.44,0.20054695,2.0,0,3.31250171875,True,REGULAR,USD,TSLA,2025-07-03,3,323.6300048828125,0.3244445768803818,2025-06-29 12:49:54.895442,218.67430076368964,-1.48792635725178,216.56207364274823,1.1656992363103598,3.277926357251772,2.1122271209414123,1,0.9993077171016524,0.999951860164794,2.045747756726321e-06,-0.01759597599338563,3.468751328125,0.0,,OTM,6,6,2.0,1.549999999999983,218.825,1.0150000000000148,5.833566402611182e-05,0
TSLA250703C00115000,2025-06-03 15:06:22+00:00,115.0,236.05,208.1,209.6,0.0,0.0,5.0,5,3.210939472656249,True,REGULAR,USD,TSLA,2025-07-03,3,323.6300048828125,0.3553440603927991,2025-06-29 12:49:54.895442,208.67985781595286,-1.4598849826553533,206.64011501734464,27.370142184047154,29.40988498265537,2.0397427986082164,1,0.9994243510635045,0.999892738834727,4.487730447719131e-06,-0.022380275196868478,3.3828140429687497,0.0,,OTM,6,6,0.8333333333333334,1.5,208.85,27.200000000000017,0.00012404659061705212,0
TSLA250703C00120000,2025-06-27 19:19:51+00:00,120.0,200.14,203.15,204.6,-5.1600037,-2.5133967,2.0,2,3.18750203125,True,REGULAR,USD,TSLA,2025-07-03,3,323.6300048828125,0.3707938021490077,2025-06-29 12:49:54.895442,203.68358098632294,-1.4902226357109498,201.65977736428906,-3.543580986322951,-1.5197773642890695,2.0238036220338813,0,8.405553889942661e-05,0.9998275950673677,7.053190049776306e-06,-0.02670498612662545,3.333986040039062,0.0,,OTM,6,6,0.6666666666666666,1.4499999999999886,203.875,-3.7350000000000136,0.00019353610935036604,0
TSLA250703C00140000,2025-06-26 16:44:15+00:00,140.0,189.18,183.15,184.6,0.0,0.0,3.0,4,2.718753203125,True,REGULAR,USD,TSLA,2025-07-03,3,323.6300048828125,0.4325927691738424,2025-06-29 12:49:54.895442,183.69201884769478,-1.1505270317730094,181.999472968227,5.487981152305224,7.1805270317730105,1.6925458794677866,1,0.999713881123279,0.9997879320109881,1.0034878948298134e-05,-0.029802262847697263,3.21093947265625,0.0,,OTM,6,6,0.6,1.4499999999999886,183.875,5.305000000000007,0.00023485936034620637,0
TSLA250703C00150000,2025-06-26 18:51:16+00:00,150.0,177.17,173.2,174.65,0.0,0.0,4.0,22,2.636722158203125,True,REGULAR,USD,TSLA,2025-07-03,3,323.6300048828125,0.4634922526862597,2025-06-29 12:49:54.895442,173.70068373108472,-1.138124150096644,172.06187584990334,3.4693162689152643,5.108124150096643,1.6388078811813784,1,0.999713881123279,0.9995781923421143,1.9623167381477543e-05,-0.040093245997998975,3.0132837167968747,0.0,,OTM,6,6,0.17391304347826086,1.450000000000017,173.925,3.244999999999976,0.0004454094500509071,0
TSLA250703C00155000,2025-06-27 19:54:58+00:00,155.0,168.65,168.55,169.45,-3.9000092,-2.2602196,31.0,3239,2.6679720800781253,True,REGULAR,USD,TSLA,2025-07-03,3,323.6300048828125,0.4789419944424684,2025-06-29 12:49:54.895442,168.71120137196806,-1.5024476230981918,167.04755237690182,-0.06120137196805331,1.6024476230981861,1.6636489950662394,1,0.9784098893110571,0.9992278491779297,3.391298236339547e-05,-0.055821569428651414,2.8843777890625,0.0,,OTM,6,6,0.009567901234567902,0.8999999999999773,169.0,-0.3499999999999943,0.0007788847743059608,0
TSLA250703C00160000,2025-06-26 15:04:19+00:00,160.0,169.55,163.2,164.65,0.0,0.0,3.0,15,2.42969142578125,True,REGULAR,USD,TSLA,2025-07-03,3,323.6300048828125,0.494391736198677,2025-06-29 12:49:54.895442,163.70498561480835,-0.9918778265360118,162.20812217346398,5.845014385191661,7.3418778265360345,1.4968634413443738,1,0.9998700004734777,0.9995334306160474,2.33822499576624e-05,-0.04169132325253217,2.7281281796875,0.0,,OTM,6,6,0.1875,1.450000000000017,163.925,5.625,0.0004890613808728775,0
TSLA250703C00170000,2025-06-27 16:09:37+00:00,170.0,154.69,153.25,154.65,-4.0599976,-2.557479,1.0,13,2.281254296875,True,REGULAR,USD,TSLA,2025-07-03,3,323.6300048828125,0.5252912197110944,2025-06-29 12:49:54.895442,153.71207695590869,-0.9358804372680254,152.31411956273197,0.9779230440913125,2.375880437268023,1.3979573931767106,1,0.9998528839200168,0.999355219665296,3.358849834555384e-05,-0.048326986250533784,2.5468786328124997,0.0,,OTM,6,6,0.07142857142857142,1.4000000000000057,153.95,0.7400000000000091,0.0006596145664935502,0
TSLA250703C00175000,2025-06-27 19:59:08+00:00,175.0,148.8,148.2,149.75,-5.1299896,-3.3326771,1.0,1,2.226566933593749,True,REGULAR,USD,TSLA,2025-07-03,3,323.6300048828125,0.540740961467303,2025-06-29 12:49:54.895442,148.71732761244417,-0.8447054502713058,147.35529454972868,0.08267238755584572,1.4447054502713286,1.3620330627154829,1,0.9980312651189811,0.9991800559651869,4.2945966813540064e-05,-0.0544712922823223,2.44844137890625,0.0,,OTM,6,6,0.5,1.5500000000000114,148.975,-0.17499999999998295,0.0008231596789970748,0
TSLA250703C00180000,2025-06-27 16:33:01+00:00,180.0,145.1,143.3,144.7,-2.4299927,-1.6471177,31.0,31,2.166020209960937,True,REGULAR,USD,TSLA,2025-07-03,3,323.6300048828125,0.5561907032235117,2025-06-29 12:49:54.895442,143.7226745128847,-0.8994708248433483,142.40052917515666,1.3773254871152858,2.6994708248433312,1.3221453377280454,1,0.9998372886920049,0.9989914730934749,5.339656781206118e-05,-0.060543023617021796,2.3543009892578124,0.0,0.0,OTM,6,6,0.96875,1.3999999999999773,144.0,1.0999999999999943,0.0009956387638871624,0
TSLA250703C00185000,2025-06-20 18:10:22+00:00,185.0,139.66,138.25,139.75,0.0,0.0,4.0,4,2.0742235644531246,True,REGULAR,USD,TSLA,2025-07-03,3,323.6300048828125,0.5716404449797203,2025-06-29 12:49:54.895442,138.72506621199415,-0.7860291765521765,137.46397082344782,0.9349337880058499,2.196029176552173,1.2610953885463232,1,0.999901785878374,0.9989302473091757,5.8857132976835566e-05,-0.06161365241034764,2.2355512861328117,0.0,0.0,OTM,6,6,0.8,1.5,139.0,0.6599999999999966,0.0010509465207409416,0
TSLA250703C00190000,2025-06-27 18:05:23+00:00,190.0,133.49,133.3,134.7,-18.48999,-12.166069,1.0,10,1.984375078125,True,REGULAR,USD,TSLA,2025-07-03,3,323.6300048828125,0.5870901867359289,2025-06-29 12:49:54.895442,133.72744031857079,-0.7743361432550557,132.52566385674496,-0.2374403185707763,0.9643361432550535,1.2017764618258298,1,0.959467528419067,0.99886563768238,6.49192211699151e-05,-0.06264090593159252,2.146488016601562,0.0,0.0,OTM,6,6,0.09090909090909091,1.3999999999999773,134.0,-0.5099999999999909,0.001108978215090483,0
TSLA250703C00195000,2025-06-27 19:50:01+00:00,195.0,127.93,128.25,129.8,3.340004,2.6807961,3.0,43,1.9238285058593751,True,REGULAR,USD,TSLA,2025-07-03,3,323.6300048828125,0.6025399284921377,2025-06-29 12:49:54.895442,128.7332162921635,-0.6796035932277107,127.57039640677229,-0.8032162921634836,0.3596035932277175,1.162819885391201,0,0.004367887181782897,0.9986239894626787,7.99020185523623e-05,-0.06906641879534854,2.0750028583984372,0.0,0.0,OTM,6,6,0.06818181818181818,1.5500000000000114,129.025,-1.0949999999999989,0.001323274843510791,0
TSLA250703C00200000,2025-06-27 19:29:26+00:00,200.0,121.0,123.35,124.75,-5.8799973,-4.634298,6.0,99,1.86328193359375,True,REGULAR,USD,TSLA,2025-07-03,3,323.6300048828125,0.6179896702483463,2025-06-29 12:49:54.895442,123.73957067474655,-0.734327206981007,122.61567279301899,-2.7395706747465454,-1.6156727930189874,1.123897881727558,0,0.00012051714936878424,0.9983376211243102,9.802575205631151e-05,-0.07613690092380074,2.0023458583984377,0.0,0.0,OTM,6,6,0.06,1.4000000000000057,124.05,-3.049999999999997,0.0015723336384345012,0
TSLA250703C00205000,2025-06-27 15:34:39+00:00,205.0,121.46,118.3,119.8,-28.640007,-19.080616,6.0,2,1.77734486328125,True,REGULAR,USD,TSLA,2025-07-03,3,323.6300048828125,0.633439412004555,2025-06-29 12:49:54.895442,118.7421109871627,-0.6259389136715043,117.67406108632849,2.71788901283729,3.785938913671501,1.068049900834211,1,0.9998588930678614,0.9982314229914764,0.00010872476417448714,-0.07726569197653645,1.9246107890624997,0.0,0.0,OTM,6,6,2.0,1.5,119.05,2.4099999999999966,0.0016635127258194072,0
TSLA250703C00210000,2025-06-27 18:35:40+00:00,210.0,110.75,113.35,114.75,-7.330002,-6.2076573,2.0,72,1.6933609082031251,True,REGULAR,USD,TSLA,2025-07-03,3,323.6300048828125,0.6488891537607636,2025-06-29 12:49:54.895442,113.74470118900643,-0.6191194042811077,112.73088059571889,-2.9947011890064346,-1.9808805957188866,1.013820593287548,0,0.0001041979084871933,0.9981139926576266,0.00012098697838616062,-0.07844292777482485,1.8484382578125,0.0,0.0,OTM,6,6,0.0273972602739726,1.4000000000000057,114.05,-3.299999999999997,0.0017636569334172454,0
TSLA250703C00215000,2025-06-27 19:41:51+00:00,215.0,108.14,108.35,109.85,-5.0699997,-4.4784026,3.0,48,1.65234548828125,True,REGULAR,USD,TSLA,2025-07-03,3,323.6300048828125,0.6643388955169722,2025-06-29 12:49:54.895442,108.75585928547798,-0.5824813068767725,107.76751869312322,-0.6158592854779812,0.3724813068767787,0.9883405923547599,0,0.001644367027391777,0.9975050324453079,0.00015979256851172865,-0.0919182470948103,1.78203233984375,0.0,0.0,OTM,6,6,0.061224489795918366,1.5,109.1,-0.9599999999999937,0.0022729160032459255,0
TSLA250703C00220000,2025-06-27 18:01:57+00:00,220.0,103.24,103.4,104.8,-3.790001,-3.5410643,2.0,54,1.5693380908203125,True,REGULAR,USD,TSLA,2025-07-03,3,323.6300048828125,0.679788637273181,2025-06-29 12:49:54.895442,103.7585290460338,-0.5767521954510073,102.823247804549,-0.5185290460338052,0.4167521954509965,0.9352812414848017,0,0.0030477499792293133,0.9973391034477155,0.00017832458427114874,-0.0930127893357748,1.7111342568359376,0.0,0.0,OTM,6,6,0.03636363636363636,1.3999999999999915,104.1,-0.8599999999999994,0.002409093667705508,0
TSLA250703C00225000,2025-06-27 14:07:56+00:00,225.0,102.81,98.35,99.85,2.209999,2.196818,7.0,63,1.4882838085937498,True,REGULAR,USD,TSLA,2025-07-03,3,323.6300048828125,0.6952383790293896,2025-06-29 12:49:54.895442,98.76133532374391,-0.47252709670661375,97.87747290329338,4.048664676256095,4.932527096706622,0.8838624204505265,1,0.999930627688604,0.9971499820219122,0.00020005766610950188,-0.09425477990922686,1.6361346318359373,0.0,0.0,OTM,6,6,0.109375,1.5,99.1,3.710000000000008,0.0025631079920165694,0
TSLA250703C00230000,2025-06-27 18:16:45+00:00,230.0,92.61,93.4,94.8,-4.4000015,-4.5356164,10.0,79,1.41015919921875,True,REGULAR,USD,TSLA,2025-07-03,3,323.6300048828125,0.7106881207855983,2025-06-29 12:49:54.895442,93.76459656999552,-0.4701152531962691,92.92988474680374,-1.154596569995519,-0.31988474680373713,0.8347118231917818,0,0.00019658492425721297,0.9969141589227187,0.00022682327945234169,-0.09606566300124196,1.5626974990234375,0.0,0.0,OTM,6,6,0.125,1.3999999999999915,94.1,-1.4899999999999949,0.0027534786917765906,0
TSLA250703C00235000,2025-06-27 16:40:30+00:00,235.0,90.17,88.4,89.85,-1.6100006,-1.7541955,5.0,29,1.3476595117187498,True,REGULAR,USD,TSLA,2025-07-03,3,323.6300048828125,0.7261378625418069,2025-06-29 12:49:54.895442,88.77236660706117,-0.42335741180484376,87.97664258819516,1.397633392938829,2.19335741180484,0.7957240188660109,1,0.9999459395428509,0.9963593793016642,0.00027537160158362526,-0.10376621755891108,1.4935572197265625,0.0,0.0,OTM,6,6,0.16666666666666666,1.4499999999999886,89.125,1.0450000000000017,0.0031946646868934304,0
TSLA250703C00240000,2025-06-27 19:26:53+00:00,240.0,80.3,83.85,84.4,-6.899994,-7.912837,65.0,2401,1.2695349023437497,True,REGULAR,USD,TSLA,2025-07-03,3,323.6300048828125,0.7415876042980155,2025-06-29 12:49:54.895442,83.77533528621356,-0.8214423532280364,83.02855764677196,-3.4753352862135642,-2.7285576467719608,0.7467776394416035,0,0.00015700906367385772,0.9960770201478782,0.0003125649420495886,-0.10496057551087208,1.4169951025390624,0.0,0.0,OTM,6,6,0.027060782681099085,0.5500000000000114,84.125,-3.825000000000003,0.0034159449247686464,0
TSLA250703C00245000,2025-06-27 19:53:30+00:00,245.0,78.45,78.45,79.85,-3.6800003,-4.4807014,22.0,41,1.2070352148437498,True,REGULAR,USD,TSLA,2025-07-03,3,323.6300048828125,0.7570373460542242,2025-06-29 12:49:54.895442,78.7838704311562,-0.37359571782147327,78.07640428217853,-0.33387043115619974,0.37359571782147327,0.707466148977673,0,0.024582522013113065,0.9953666081439444,0.0003814995179349767,-0.1130810934275423,1.3445345273437497,0.0,0.0,OTM,6,6,0.5238095238095238,1.3999999999999915,79.15,-0.7000000000000028,0.003964056939348123,0
TSLA250703C00250000,2025-06-27 19:53:24+00:00,250.0,73.0,73.85,74.4,-5.540001,-7.0537314,131.0,108,1.119145029296875,True,REGULAR,USD,TSLA,2025-07-03,3,323.6300048828125,0.7724870878104328,2025-06-29 12:49:54.895442,73.78241464966962,-0.72083074499605,73.12916925500394,-0.7824146496696187,-0.12916925500394427,0.6532453946656744,0,0.00013055922701715332,0.9953252300982752,0.00041473698424966004,-0.10854657797598993,1.270706771484375,0.0,0.0,OTM,6,6,1.201834862385321,0.5500000000000114,74.125,-1.125,0.003995628344868271,0
TSLA250703C00252500,2025-06-27 18:12:17+00:00,252.5,71.0,71.05,72.35,-2.82,-3.820103,8.0,4,1.1181684716796876,True,REGULAR,USD,TSLA,2025-07-03,3,323.6300048828125,0.7802119586885372,2025-06-29 12:49:54.895442,71.30091891523199,-0.4026498413528685,70.64735015864713,-0.3009189152319891,0.35264984135287136,0.6535687565848605,0,0.0228320652296129,0.9938431895165524,0.0005302507189618926,-0.12941237443073042,1.2123086259765623,0.0,0.0,OTM,6,6,1.6,1.2999999999999972,71.69999999999999,-0.6999999999999886,0.005104044573748106,0
TSLA250703C00255000,2025-06-27 19:54:23+00:00,255.0,68.81,68.6,69.8,-4.9300003,-6.6856527,22.0,71,1.0800827246093752,True,REGULAR,USD,TSLA,2025-07-03,3,323.6300048828125,0.7879368295666416,2025-06-29 12:49:54.895442,68.80285911774288,-0.4275273254653058,68.17247267453469,0.007140882257118619,0.6375273254653138,0.6303864432081951,1,0.9772749557490246,0.9935616033046507,0.0005711185236409773,-0.13021295102371247,1.1587932685546873,0.0,0.0,OTM,6,6,0.3055555555555556,1.2000000000000028,69.19999999999999,-0.38999999999998636,0.005310179672905032,0
TSLA250703C00257500,2025-06-27 18:04:13+00:00,257.5,66.16,66.2,67.3,-26.34,-28.475676,6.0,1,1.0634812451171878,True,REGULAR,USD,TSLA,2025-07-03,3,323.6300048828125,0.7956617004447458,2025-06-29 12:49:54.895442,66.31731347858874,-0.5041295486580708,65.69587045134193,-0.15731347858874756,0.46412954865806455,0.6214430272468121,0,0.014180519965730757,0.9923094281071363,0.000678529110713457,-0.14501130738247484,1.117582537109375,0.0,0.0,OTM,6,6,3.0,1.0999999999999943,66.75,-0.5900000000000034,0.006211897342490719,0
TSLA250703C00260000,2025-06-27 19:54:50+00:00,260.0,64.05,63.9,64.65,-2.199997,-3.3207502,461.0,140,1.0351610742187505,True,REGULAR,USD,TSLA,2025-07-03,3,323.6300048828125,0.8033865713228502,2025-06-29 12:49:54.895442,63.826098267832776,-0.6785602699017517,63.22143973009825,0.22390173216722076,0.8285602699017502,0.6046585377345295,1,0.9971216035629182,0.9914376338556611,0.0007660780350830032,-0.15298781916658877,1.0832077089843755,0.0,0.0,OTM,6,6,3.269503546099291,0.7500000000000071,64.275,-0.22500000000000853,0.0068266382988881125,0
TSLA250703C00262500,2025-06-27 19:33:50+00:00,262.5,59.63,61.25,62.3,-20.87,-25.925467,13.0,1,0.9970703417968748,True,REGULAR,USD,TSLA,2025-07-03,3,323.6300048828125,0.8111114422009545,2025-06-29 12:49:54.895442,61.328594579866945,-0.5030156729471997,60.7469843270528,-1.698594579866942,-1.1169843270527977,0.5816102528141442,0,0.00010681350649741947,0.9910022714998613,0.0008306860697415763,-0.15401776408029738,1.058792771484375,0.0,0.0,OTM,6,6,6.5,1.0499999999999972,61.775,-2.144999999999996,0.00712998597588867,0
TSLA250703C00265000,2025-06-27 19:55:36+00:00,265.0,58.98,58.75,59.85,-4.330002,-6.839365,55.0,143,0.9682620361328124,True,REGULAR,USD,TSLA,2025-07-03,3,323.6300048828125,0.8188363130790588,2025-06-29 12:49:54.895442,58.83812207443833,-0.47660931714509047,58.27339068285491,0.14187792556166556,0.7066093171450873,0.5647313915834218,1,0.9907242004001005,0.9899764972927472,0.0009400827722950955,-0.16228075178806534,1.0288114843750003,0.0,0.0,OTM,6,6,0.3819444444444444,1.1000000000000014,59.3,-0.3200000000000003,0.007835828967386459,0
TSLA250703C00267500,2025-06-27 19:33:50+00:00,267.5,54.68,56.3,57.4,-4.13,-7.0226154,11.0,4,0.9467778759765624,True,REGULAR,USD,TSLA,2025-07-03,3,323.6300048828125,0.8265611839571632,2025-06-29 12:49:54.895442,56.355067105046885,-0.4978099479233222,55.802190052076675,-1.6750671050468853,-1.1221900520766752,0.5528770529702101,0,9.136056644212767e-05,0.9883010028998442,0.0010998709829232167,-0.17754751235173225,1.0021505146484375,0.0,0.0,OTM,6,6,2.2,1.1000000000000014,56.849999999999994,-2.1699999999999946,0.00896428788440269,0
TSLA250703C00270000,2025-06-27 19:53:30+00:00,270.0,53.25,54.0,54.65,-4.6500015,-8.031091,164.0,287,0.9003916210937499,True,REGULAR,USD,TSLA,2025-07-03,3,323.6300048828125,0.8342860548352675,2025-06-29 12:49:54.895442,53.850777355168134,-0.673832464684331,53.32616753531567,-0.6007773551681339,-0.076167535315669,0.5246098198524649,0,0.00016375177038708424,0.9882554529307613,0.0011604413014011396,-0.1714126983483225,0.9695325898437499,0.0,0.0,OTM,6,6,0.5694444444444444,0.6499999999999986,54.325,-1.0750000000000028,0.008994573440213488,0
TSLA250703C00275000,2025-06-27 19:59:08+00:00,275.0,49.3,49.1,49.7,-3.3199997,-6.3093877,164.0,283,0.8466812207031249,True,REGULAR,USD,TSLA,2025-07-03,3,323.6300048828125,0.8497357965914761,2025-06-29 12:49:54.895442,48.88045869759742,-0.7134307810059752,48.386569218994026,0.41954130240257825,0.913430781005971,0.4938894786033927,1,0.9987923485738903,0.9848070175574594,0.001541303142909399,-0.1954901480887432,0.9318366191406249,0.0,0.0,OTM,6,6,0.5774647887323944,0.6000000000000014,49.400000000000006,-0.10000000000000853,0.011233987624042065,0
TSLA250703C00277500,2025-06-27 18:58:10+00:00,277.5,42.15,46.5,47.6,-24.12,-36.396557,24.0,1,0.8466812207031249,True,REGULAR,USD,TSLA,2025-07-03,3,323.6300048828125,0.8574606674695805,2025-06-29 12:49:54.895442,46.43465787384025,-0.5618158589190188,45.93818414108098,-4.284657873840253,-3.7881841410809827,0.4964737327592701,0,0.00020992895794977865,0.9796770656303142,0.0019757146373479612,-0.24027804129939456,0.9017587949218748,0.0,0.0,OTM,6,6,12.0,1.1000000000000014,47.05,-4.899999999999999,0.014400252076765168,0
TSLA250703C00280000,2025-06-27 19:58:17+00:00,280.0,44.45,44.35,44.8,-3.2299995,-6.7743278,513.0,506,0.8127460131835937,True,REGULAR,USD,TSLA,2025-07-03,3,323.6300048828125,0.8651855383476849,2025-06-29 12:49:54.895442,43.948430563796705,-0.8786620822997477,43.471337917700254,0.5015694362032974,0.9786620822997492,0.47709264609645174,1,0.9992247032418032,0.9776645164009301,0.0022292958939610736,-0.24859929447995716,0.8706555903320311,0.0,0.0,OTM,6,6,1.0118343195266273,0.44999999999999574,44.575,-0.125,0.015597267255541709,0
TSLA250703C00282500,2025-06-27 19:40:11+00:00,282.5,41.3,41.65,42.75,-6.85,-14.2263775,17.0,34,0.799806689453125,True,REGULAR,USD,TSLA,2025-07-03,3,323.6300048828125,0.8729104092257891,2025-06-29 12:49:54.895442,41.50101317518596,-0.6223054043689515,41.02769459563105,-0.20101317518596318,0.2723054043689501,0.4733185795549133,0,0.0006902662891345461,0.9723460483042596,0.002709744153483922,-0.286120262476432,0.8412613530273436,0.0,0.0,OTM,6,6,0.4857142857142857,1.1000000000000014,42.2,-0.9000000000000057,0.018656890815420286,0
TSLA250703C00285000,2025-06-27 19:59:32+00:00,285.0,39.9,39.55,40.0,-3.3999977,-7.8521886,135.0,873,0.7736839038085939,True,REGULAR,USD,TSLA,2025-07-03,3,323.6300048828125,0.8806352801038935,2025-06-29 12:49:54.895442,39.03745285342137,-0.9725989692332959,38.5774010307667,0.8625471465786276,1.3225989692332973,0.4600518226546697,1,0.9996234371439934,0.9680686458913381,0.0031562722796189685,-0.30863644415563285,0.8159198095703125,0.0,0.0,OTM,6,6,0.15446224256292906,0.45000000000000284,39.775,0.125,0.021021513090371254,0
TSLA250703C00287500,2025-06-27 19:17:43+00:00,287.5,33.74,36.9,37.95,-8.16,-19.47494,55.0,9,0.7592797509765626,True,REGULAR,USD,TSLA,2025-07-03,3,323.6300048828125,0.8883601509819978,2025-06-29 12:49:54.895442,36.608498716497365,-0.747262868947594,36.152737131052405,-2.8684987164973634,-2.4127371310524026,0.4557615854449608,0,4.9457288184677806e-05,0.9608043910522307,0.0038048293904598155,-0.3522925199122197,0.7984395156249999,0.0,0.0,OTM,6,6,5.5,1.0500000000000043,37.425,-3.684999999999995,0.024869265307508503,0
TSLA250703C00290000,2025-06-27 19:59:40+00:00,290.0,35.1,34.85,35.3,-2.8500023,-7.509887,723.0,459,0.7412135253906249,True,REGULAR,USD,TSLA,2025-07-03,3,323.6300048828125,0.8960850218601021,2025-06-29 12:49:54.895442,34.18516579632944,-1.1120323555053488,33.73796764449465,0.9148342036705586,1.3620323555053488,0.4471981518347903,1,0.9988767420330785,0.9527867871505326,0.004529911356215092,-0.39462499809154444,0.7773459765624999,0.0,0.0,OTM,6,6,1.5717391304347825,0.44999999999999574,35.075,0.02499999999999858,0.028904069244204047,0
TSLA250703C00292500,2025-06-27 19:58:28+00:00,292.5,32.52,32.45,33.0,-5.029999,-13.395471,1431.0,197,0.7202176416015625,True,REGULAR,USD,TSLA,2025-07-03,3,323.6300048828125,0.9038098927382064,2025-06-29 12:49:54.895442,31.768386072331907,-1.1163835424918567,31.333616457508146,0.751613927668096,1.186383542491857,0.434769614823761,1,0.9918876479856266,0.9438410819370051,0.005351673767433902,-0.4357744227335871,0.7588403022460938,0.0,0.0,OTM,6,6,7.2272727272727275,0.5499999999999972,32.725,-0.2049999999999983,0.033180225738730564,0
TSLA250703C00295000,2025-06-27 19:56:13+00:00,295.0,30.2,30.15,30.65,-4.7299995,-13.541368,394.0,499,0.6997100341796876,True,REGULAR,USD,TSLA,2025-07-03,3,323.6300048828125,0.9115347636163108,2025-06-29 12:49:54.895442,29.370421634553963,-1.2009558995935663,28.949044100406432,0.8295783654460358,1.250955899593567,0.4213775341475312,1,0.9989126639223286,0.9329787691544604,0.006324443105267047,-0.4815941768327487,0.7388209711914063,0.0,0.0,OTM,6,6,0.788,0.5,30.4,-0.1999999999999993,0.03809485648529595,0
TSLA250703C00297500,2025-06-27 19:58:28+00:00,297.5,28.02,27.95,28.6,-4.029999,-12.574099,1555.0,224,0.700198310546875,True,REGULAR,USD,TSLA,2025-07-03,3,323.6300048828125,0.9192596344944152,2025-06-29 12:49:54.895442,27.088027731013767,-1.2781494485699696,26.67185055143003,0.9319722689862324,1.3481494485699699,0.41617717958373746,1,0.9989617027587309,0.9137808720188663,0.007655630617048949,-0.5753148247870025,0.7241238525390625,0.0,0.0,OTM,6,6,6.911111111111111,0.6500000000000021,28.275,-0.254999999999999,0.046145353685087674,0
TSLA250703C00300000,2025-06-27 19:59:18+00:00,300.0,26.1,25.8,26.45,-2.4499989,-8.581432,2731.0,4508,0.6912872668457033,True,REGULAR,USD,TSLA,2025-07-03,3,323.6300048828125,0.9269845053725194,2025-06-29 12:49:54.895442,24.812084545510686,-1.392683750943302,24.4073162490567,1.2879154544893154,1.6926837509433028,0.4047682964539874,1,0.9989755033306922,0.8939223968941707,0.00903159627626896,-0.6554674268427414,0.7105253557128907,0.0,0.0,OTM,6,6,0.6056775338212464,0.6499999999999986,26.125,-0.02499999999999858,0.05374635583984779,0
TSLA250703C00302500,2025-06-27 19:54:50+00:00,302.5,23.85,23.8,24.4,-2.3999996,-9.142856,919.0,479,0.6894562304687502,True,REGULAR,USD,TSLA,2025-07-03,3,323.6300048828125,0.9347093762506238,2025-06-29 12:49:54.895442,22.631013281606556,-1.5685538401323988,22.231446159867602,1.2189867183934453,1.6185538401323996,0.39956712173895426,1,0.9970150710196612,0.8682250435338774,0.010556098247770719,-0.7553228525843874,0.7001738967285157,0.0,0.0,OTM,6,6,1.9145833333333333,0.5999999999999979,24.1,-0.25,0.06265216370643305,0
TSLA250703C00305000,2025-06-27 19:59:59+00:00,305.0,22.0,21.85,22.25,-4.049999,-15.547022,1435.0,1222,0.6790803576660158,True,REGULAR,USD,TSLA,2025-07-03,3,323.6300048828125,0.942434247128728,2025-06-29 12:49:54.895442,20.461119780548046,-1.7795929783728965,20.070407021627105,1.5388802194519542,1.9295929783728951,0.39071275892094093,1,0.9974932617630105,0.8414626780333775,0.012138552781515488,-0.8376280535019149,0.6919464399414064,0.0,0.0,OTM,6,6,1.1733442354865087,0.3999999999999986,22.05,-0.05000000000000071,0.07096006908432013,0
TSLA250703C00307500,2025-06-27 19:59:59+00:00,307.5,20.05,19.9,20.35,-2.25,-10.089686,1369.0,512,0.6739534558105471,True,REGULAR,USD,TSLA,2025-07-03,3,323.6300048828125,0.9501591180068324,2025-06-29 12:49:54.895442,18.399963427766835,-1.8800935954991864,18.019906404500812,1.6500365722331658,2.0300935954991886,0.38005702326602275,1,0.997372206895115,0.8089482227866336,0.013769982074248873,-0.9307048906303571,0.6867951242675783,0.0,0.0,ATM,6,6,2.668615984405458,0.45000000000000284,20.125,-0.07499999999999929,0.07988941284835939,0
TSLA250703C00310000,2025-06-27 19:59:58+00:00,310.0,18.15,18.05,18.4,-2.25,-11.029412,2971.0,1008,0.6647982739257814,True,REGULAR,USD,TSLA,2025-07-03,3,323.6300048828125,0.9578839888849368,2025-06-29 12:49:54.895442,16.389196450116344,-2.023736430584652,16.02626356941535,1.7608035498836543,2.12373643058465,0.3629328807009955,1,0.9987593641733188,0.7736374942786071,0.015428551502488086,-1.0103695261763679,0.6797151169433595,0.0,0.0,ATM,6,6,2.9444995044598614,0.34999999999999787,18.225,-0.07500000000000284,0.08829599147109299,0
TSLA250703C00312500,2025-06-27 19:59:59+00:00,312.5,16.45,16.3,16.6,-2.8999996,-14.987079,1629.0,513,0.659183095703125,True,REGULAR,USD,TSLA,2025-07-03,3,323.6300048828125,0.9656088597630412,2025-06-29 12:49:54.895442,14.501973143939608,-2.149659344287178,14.150340655712823,1.948026856060391,2.2996593442871767,0.3516324882267856,1,0.9983133594808272,0.7331476290963019,0.016995454458315573,-1.0900614564764928,0.6732942827148439,0.0,0.0,ATM,6,6,3.169260700389105,0.3000000000000007,16.450000000000003,-3.552713678800501e-15,0.09644168587789599,0
TSLA250703C00315000,2025-06-27 19:59:18+00:00,315.0,14.7,14.65,14.95,-2.500001,-14.534889,2449.0,1130,0.6562534375000001,True,REGULAR,USD,TSLA,2025-07-03,3,323.6300048828125,0.9733337306411456,2025-06-29 12:49:54.895442,12.747598172517996,-2.244036921583948,12.405963078416052,1.952401827482003,2.294036921583947,0.34163509410194415,1,0.9980128720058494,0.6882671090970955,0.018366960151295814,-1.1636602643324718,0.6666537241210939,0.0,0.0,ATM,6,6,2.165340406719717,0.29999999999999893,14.8,-0.10000000000000142,0.10376116156840899,0
TSLA250703C00317500,2025-06-27 19:59:52+00:00,317.5,13.2,13.05,13.35,-2.1999998,-14.285713,4977.0,615,0.65039412109375,True,REGULAR,USD,TSLA,2025-07-03,3,323.6300048828125,0.9810586015192496,2025-06-29 12:49:54.895442,11.078172590661325,-2.3010750130421425,10.748924986957858,2.1218274093386746,2.451075013042141,0.3292476037034664,1,0.9977920263472287,0.640863160817368,0.019588815041685182,-1.2157684336886438,0.6609164768066408,0.0,0.0,ATM,6,6,8.079545454545455,0.29999999999999893,13.2,0.0,0.10967577766402577,0
TSLA250703C00320000,2025-06-27 19:59:58+00:00,320.0,11.65,11.6,11.85,-2.1000004,-15.272731,24229.0,2837,0.64648791015625,True,REGULAR,USD,TSLA,2025-07-03,3,323.6300048828125,0.988783472397354,2025-06-29 12:49:54.895442,9.551962377042656,-2.3662300074630807,9.233769992536919,2.098037622957344,2.4162300074630814,0.3181923845057373,1,0.9933261287057661,0.590477193991259,0.020489051904199734,-1.2534884898561087,0.6554233676757814,0.0,0.0,ATM,6,6,8.537350246652572,0.25,11.725,-0.07499999999999929,0.11402713698250644,0
TSLA250703C00322500,2025-06-27 19:59:57+00:00,322.5,10.31,10.3,10.5,-2.1399994,-17.18875,12533.0,1278,0.6458775646972656,True,REGULAR,USD,TSLA,2025-07-03,3,323.6300048828125,0.9965083432754585,2025-06-29 12:49:54.895442,8.192254376820358,-2.410181691009039,7.889818308990962,2.1177456231796423,2.420181691009039,0.30243606782939647,1,0.9892738483858657,0.538251837082436,0.020955324471106734,-1.276947797418952,0.6516392258300782,0.0,0.0,ATM,6,6,9.799061767005472,0.1999999999999993,10.4,-0.08999999999999986,0.1165119682031561,0
TSLA250703C00325000,2025-06-27 19:59:58+00:00,325.0,9.1,9.05,9.25,-2.0,-18.018017,30316.0,3290,0.6434361828613282,False,REGULAR,USD,TSLA,2025-07-03,3,323.6300048828125,1.0042332141535628,2025-06-29 12:49:54.895442,6.942646123659642,-2.381896560876795,6.668103439123206,2.1573538763403572,2.431896560876794,0.2745426845364367,1,0.9591382271440158,0.48555988285474316,0.021118204527946292,-1.2749942952056286,0.6484898432617188,0.0,0.0,ATM,6,6,9.211789729565481,0.1999999999999993,9.15,-0.05000000000000071,0.1169737521095246,0
TSLA250703C00327500,2025-06-27 19:59:56+00:00,327.5,8.0,7.95,8.1,-1.8000002,-18.367348,16327.0,2047,0.642703768310547,False,REGULAR,USD,TSLA,2025-07-03,3,323.6300048828125,1.0119580850316672,2025-06-29 12:49:54.895442,5.843724574600003,-2.35158303829658,5.59841696170342,2.156275425399997,2.4015830382965797,0.24530761289658276,1,0.8902909477265605,0.4333608826327459,0.02086028884416162,-1.25469124369362,0.6457799094238281,0.0,0.0,ATM,6,6,7.97216796875,0.14999999999999947,8.025,-0.025000000000000355,0.11541363346484007,0
TSLA250703C00330000,2025-06-27 19:59:59+00:00,330.0,7.05,6.95,7.1,-1.6499996,-18.965513,28074.0,6602,0.6435582519531251,False,REGULAR,USD,TSLA,2025-07-03,3,323.6300048828125,1.019682955909771,2025-06-29 12:49:54.895442,4.8900870547108894,-2.271129485190839,4.678870514809161,2.1599129452891104,2.3711294851908384,0.21121653990172806,1,0.9426520673363654,0.38290398089138,0.02021126283823184,-1.21730776260726,0.6444127355957032,0.0,0.0,ATM,6,6,4.251703771013176,0.14999999999999947,7.025,0.024999999999999467,0.1119714399124919,0
TSLA250703C00332500,2025-06-27 19:59:54+00:00,332.5,6.2,6.05,6.3,-1.5500002,-20.000002,5000.0,1874,0.6481968774414062,False,REGULAR,USD,TSLA,2025-07-03,3,323.6300048828125,1.0274078267878757,2025-06-29 12:49:54.895442,4.09753765042305,-2.136943306843362,3.913056693156638,2.1024623495769506,2.2869433068433622,0.18448095726641167,1,0.978665320820848,0.3358771089075294,0.01917563910734062,-1.1702774067934012,0.6447545290527344,0.0,0.0,ATM,6,6,2.6666666666666665,0.25,6.175,0.025000000000000355,0.10699974234982303,0
TSLA250703C00335000,2025-06-27 19:59:59+00:00,335.0,5.35,5.25,5.4,-1.4500003,-21.323534,22622.0,2949,0.6466099792480469,False,REGULAR,USD,TSLA,2025-07-03,3,323.6300048828125,1.03513269766598,2025-06-29 12:49:54.895442,3.3505131825526178,-2.057333416559041,3.192666583440959,1.9994868174473819,2.1573334165590405,0.15784659911165866,1,0.8644970467060077,0.2902323596298729,0.018049687548393794,-1.095160357281386,0.6449010119628907,0.0,0.0,ATM,6,6,7.668474576271186,0.15000000000000036,5.325,0.024999999999999467,0.10047037913063844,0
TSLA250703C00337500,2025-06-27 19:59:59+00:00,337.5,4.55,4.55,4.65,-1.3999996,-23.529406,13112.0,1412,0.6477086010742188,False,REGULAR,USD,TSLA,2025-07-03,3,323.6300048828125,1.0428575685440844,2025-06-29 12:49:54.895442,2.7358868331012616,-1.9494679060224125,2.6005320939775873,1.8141131668987382,1.9494679060224125,0.13535473912367424,0,0.03240558800843679,0.24879574404033677,0.01667879233437392,-1.0145739493381651,0.6457554956054687,0.0,0.0,ATM,6,6,9.279547062986554,0.10000000000000053,4.6,-0.04999999999999982,0.09299727335513856,0
TSLA250703C00340000,2025-06-27 19:59:59+00:00,340.0,3.95,3.95,4.05,-1.2,-23.300972,20496.0,8429,0.6523472265625001,False,REGULAR,USD,TSLA,2025-07-03,3,323.6300048828125,1.0505824394221888,2025-06-29 12:49:54.895442,2.2454276092909,-1.8198351137707585,2.1301648862292417,1.7045723907091004,1.8198351137707585,0.11526272306165808,0,0.09973564737195903,0.21248479625178762,0.015161676065885055,-0.9348322713559915,0.6476841872558594,0.0,0.0,ITM,6,6,2.4313167259786477,0.09999999999999964,4.0,-0.04999999999999982,0.08514359507340277,0
TSLA250703C00342500,2025-06-27 19:59:45+00:00,342.5,3.45,3.4,3.55,-1.05,-23.333332,3699.0,9552,0.6573520593261719,False,REGULAR,USD,TSLA,2025-07-03,3,323.6300048828125,1.0583073103002931,2025-06-29 12:49:54.895442,1.8360370937239026,-1.6590650832012885,1.7409349167987114,1.6139629062760976,1.7090650832012888,0.09510217692519118,1,0.8874849991498306,0.18029731263817017,0.013619236954200307,-0.8520935763536045,0.6504429487304687,0.0,0.0,ITM,6,6,0.387208206846017,0.1499999999999999,3.4749999999999996,-0.024999999999999467,0.07706847291204205,0
TSLA250703C00345000,2025-06-27 19:59:59+00:00,345.0,2.98,2.97,3.05,-0.9200001,-23.589745,9559.0,8504,0.6621127539062501,False,REGULAR,USD,TSLA,2025-07-03,3,323.6300048828125,1.0660321811783973,2025-06-29 12:49:54.895442,1.4926403913738326,-1.555010058705499,1.4149899412945013,1.4873596086261673,1.5650100587054987,0.07765045007933136,1,0.9539400865549679,0.15188382423643298,0.012102202986230264,-0.7677364420361299,0.6532261240234376,0.0,0.0,ITM,6,6,1.1239271017048795,0.07999999999999963,3.01,-0.029999999999999805,0.06897986440004486,0
TSLA250703C00347500,2025-06-27 19:59:59+00:00,347.5,2.64,2.57,2.74,-0.8599999,-24.571426,3349.0,9146,0.6720003503417971,False,REGULAR,USD,TSLA,2025-07-03,3,323.6300048828125,1.0737570520565016,2025-06-29 12:49:54.895442,1.2394753923682416,-1.3958548301649083,1.1741451698350915,1.4005246076317586,1.4658548301649086,0.06533022253315002,1,0.9854388877934492,0.12905283104514997,0.010675059852196614,-0.6971977269948332,0.6583041982421876,0.0,0.0,ITM,6,6,0.3661309719033563,0.17000000000000037,2.6550000000000002,-0.015000000000000124,0.06175409591303881,0
TSLA250703C00350000,2025-06-27 19:59:59+00:00,350.0,2.28,2.23,2.28,-0.72,-24.0,29921.0,14444,0.6726106958007814,False,REGULAR,USD,TSLA,2025-07-03,3,323.6300048828125,1.081481922934606,2025-06-29 12:49:54.895442,0.9787316261971739,-1.305650299097317,0.9243497009026831,1.301268373802826,1.3556502990973167,0.05438192529449082,1,0.9808173387362087,0.10613355469930408,0.009285916111498765,-0.6073069416191246,0.6632846171875001,0.0,0.0,ITM,6,6,2.071374177916234,0.04999999999999982,2.255,0.02499999999999991,0.05376683531865552,0
TSLA250703C00352500,2025-06-27 19:59:59+00:00,352.5,1.94,1.94,1.99,-0.72,-27.06767,2524.0,1796,0.6799348413085939,False,REGULAR,USD,TSLA,2025-07-03,3,323.6300048828125,1.0892067938127103,2025-06-29 12:49:54.895442,0.7980611988673303,-1.189123344542793,0.7508766554572069,1.1419388011326697,1.189123344542793,0.04718454341012335,0,0.07255345253684917,0.08871309683421669,0.008053371457747755,-0.5380028437927298,0.6688021401367189,0.0,0.0,ITM,6,6,1.404563160823595,0.050000000000000044,1.9649999999999999,-0.02499999999999991,0.04713798098998691,0
TSLA250703C00355000,2025-06-27 19:59:56+00:00,355.0,1.71,1.69,1.75,-0.5899999,-25.65217,8513.0,4672,0.6882355395507813,False,REGULAR,USD,TSLA,2025-07-03,3,323.6300048828125,1.0969316646908147,2025-06-29 12:49:54.895442,0.6539029935252287,-1.0773194680218683,0.6126805319781317,1.0560970064747712,1.0973194680218683,0.04122246154709708,1,0.9831594697314716,0.07423286075687265,0.00695534431815013,-0.4758817041395033,0.6749788361816408,0.0,0.0,ITM,6,6,1.821741921677723,0.06000000000000005,1.72,-0.010000000000000009,0.041208013514121095,0
TSLA250703C00357500,2025-06-27 19:59:52+00:00,357.5,1.5,1.47,1.51,-0.5,-25.0,2206.0,1894,0.6940948559570312,False,REGULAR,USD,TSLA,2025-07-03,3,323.6300048828125,1.104656535568919,2025-06-29 12:49:54.895442,0.5269648408151326,-0.978970900113901,0.491029099886099,0.9730351591848674,1.008970900113901,0.03593574092903362,1,0.9688340966383066,0.061322580477152694,0.005950047011303485,-0.4139218334066867,0.681375256591797,0.0,0.0,ITM,6,6,1.1641160949868075,0.040000000000000036,1.49,0.010000000000000009,0.03555209295102308,0
TSLA250703C00360000,2025-06-27 19:59:59+00:00,360.0,1.31,1.29,1.32,-0.42000008,-24.27746,19692.0,7065,0.7023955541992188,False,REGULAR,USD,TSLA,2025-07-03,3,323.6300048828125,1.1123814064470234,2025-06-29 12:49:54.895442,0.4313336196015456,-0.8910120282115548,0.3989879717884453,0.8786663803984545,0.9110120282115548,0.03234564781310029,1,0.9920228557537039,0.051107588597409895,0.005092653443555288,-0.36268761958971657,0.6874542973632813,0.0,0.0,ITM,6,6,2.7868666855363715,0.030000000000000027,1.3050000000000002,0.004999999999999893,0.030792987607049266,0
TSLA250703C00362500,2025-06-27 19:59:52+00:00,362.5,1.15,1.13,1.16,-0.38,-24.836601,1846.0,1184,0.7106962524414062,False,REGULAR,USD,TSLA,2025-07-03,3,323.6300048828125,1.1201062773251276,2025-06-29 12:49:54.895442,0.3532051236872835,-0.8045156382273821,0.3254843617726177,0.7967948763127164,0.8245156382273822,0.027720761914665826,1,0.9830368928243125,0.0425546319100258,0.004345341057101686,-0.3167338045192222,0.6950714086914063,0.0,0.0,ITM,6,6,1.5578059071729957,0.030000000000000027,1.145,0.004999999999999893,0.026584827351138998,0
TSLA250703C00365000,2025-06-27 19:59:58+00:00,365.0,1.01,1.0,1.02,-0.32000005,-24.060154,5103.0,8027,0.719729365234375,False,REGULAR,USD,TSLA,2025-07-03,3,323.6300048828125,1.127831148203232,2025-06-29 12:49:54.895442,0.291106251471426,-0.7317625661681809,0.2682374338318191,0.718893748528574,0.7417625661681809,0.02286881763960691,1,0.9345882679161874,0.035561755469415014,0.0037072446420617798,-0.2770638213626964,0.7030303134765625,0.0,0.0,ITM,6,6,0.6356502242152466,0.020000000000000018,1.01,0.0,0.022969229043223616,0
TSLA250703C00367500,2025-06-27 19:59:57+00:00,367.5,0.88,0.88,0.9,-0.33000004,-27.272732,1163.0,6815,0.72851833984375,False,REGULAR,USD,TSLA,2025-07-03,3,323.6300048828125,1.1355560190813363,2025-06-29 12:49:54.895442,0.2397942171860894,-0.6595287000495758,0.22047129995042422,0.6402057828139106,0.6595287000495758,0.019322917235665177,0,0.1246831123806492,0.029682955277222117,0.003155336977395851,-0.24155412047336555,0.7110868735351563,0.0,0.0,ITM,6,6,0.17062793427230047,0.020000000000000018,0.89,-0.010000000000000009,0.019788468597607297,0
TSLA250703C00370000,2025-06-27 19:59:55+00:00,370.0,0.76,0.78,0.8,-0.27999997,-26.923075,4885.0,10675,0.7377955908203124,False,REGULAR,USD,TSLA,2025-07-03,3,323.6300048828125,1.1432808899594409,2025-06-29 12:49:54.895442,0.1986563111701356,-0.5977467238874807,0.18225327611251932,0.5613436888298644,0.5777467238874807,0.016403035057616283,0,0.025266786705446815,0.024864495594729162,0.0026876312099522012,-0.2109770576618498,0.7198270205078126,0.0,0.0,ITM,6,6,0.4575683776695392,0.020000000000000018,0.79,-0.030000000000000027,0.017069927673661174,0
TSLA250703C00372500,2025-06-27 19:59:50+00:00,372.5,0.7,0.69,0.72,-0.21000004,-23.076925,532.0,924,0.7480493945312501,False,REGULAR,USD,TSLA,2025-07-03,3,323.6300048828125,1.151005760837545,2025-06-29 12:49:54.895442,0.16635065680669214,-0.5380248807322153,0.15197511926778462,0.5336493431933078,0.5480248807322153,0.014375537538907524,1,0.9720549659271589,0.020987776167248222,0.00229802439233663,-0.18540490561818465,0.7289577885742188,0.0,0.0,ITM,6,6,0.5751351351351351,0.030000000000000027,0.705,-0.0050000000000000044,0.014798267030562251,0
TSLA250703C00375000,2025-06-27 19:59:57+00:00,375.0,0.63,0.62,0.64,-0.17000002,-21.250002,3168.0,4357,0.7583031982421876,False,REGULAR,USD,TSLA,2025-07-03,3,323.6300048828125,1.1587306317156494,2025-06-29 12:49:54.895442,0.13968674866269737,-0.4936775587825534,0.12632244121744657,0.49031325133730264,0.5036775587825535,0.0133643074452508,1,0.9365085421638715,0.017748783227526967,0.0019659792327396466,-0.16296344350355835,0.738479177734375,0.0,0.0,ITM,6,6,0.7269389628269849,0.020000000000000018,0.63,0.0,0.012833578264216754,0
TSLA250703C00377500,2025-06-27 19:54:40+00:00,377.5,0.55,0.54,0.57,-0.18,-24.657534,873.0,5057,0.7656273437500001,False,REGULAR,USD,TSLA,2025-07-03,3,323.6300048828125,1.1664555025937535,2025-06-29 12:49:54.895442,0.11440366197579177,-0.4379268032316864,0.10207319676831363,0.4355963380242083,0.44792680323168643,0.012330465207478145,1,0.9634946880043168,0.014718358124797168,0.0016585987701034873,-0.14012935202732102,0.7476587734375,0.0,0.0,ITM,6,6,0.17259786476868327,0.029999999999999916,0.5549999999999999,-0.004999999999999893,0.01093162497927091,0
TSLA250703C00380000,2025-06-27 19:59:59+00:00,380.0,0.49,0.49,0.51,-0.14999998,-23.437496,11629.0,11674,0.7763694238281251,False,REGULAR,USD,TSLA,2025-07-03,3,323.6300048828125,1.174180373471858,2025-06-29 12:49:54.895442,0.09701975851062228,-0.40461666472003094,0.08538333527996907,0.3929802414893777,0.40461666472003094,0.011636423230653212,0,0.8139988352364792,0.012536688138446989,0.001424156263990104,-0.12370235801627594,0.7572289902343752,0.0,0.0,ITM,6,6,0.9960599571734475,0.020000000000000018,0.5,-0.010000000000000009,0.009518138439471418,0
TSLA250703C00382500,2025-06-27 19:59:49+00:00,382.5,0.46,0.44,0.47,-0.12,-20.689655,1062.0,586,0.788088056640625,False,REGULAR,USD,TSLA,2025-07-03,3,323.6300048828125,1.1819052443499622,2025-06-29 12:49:54.895442,0.083365421105694,-0.36785184873709675,0.07214815126290323,0.376634578894306,0.38785184873709677,0.01121726984279077,1,0.9556745970803103,0.010789930657808533,0.0012316209996116438,-0.11021610681751312,0.7672874833984376,0.0,0.0,ITM,6,6,1.809199318568995,0.02999999999999997,0.45499999999999996,0.00500000000000006,0.008355602687336863,0
TSLA250703C00385000,2025-06-27 19:59:28+00:00,385.0,0.39,0.39,0.42,-0.120000005,-23.529413,2286.0,1900,0.7963887548828125,False,REGULAR,USD,TSLA,2025-07-03,3,323.6300048828125,1.1896301152280666,2025-06-29 12:49:54.895442,0.06942346366979102,-0.3318170573430629,0.05818294265693713,0.320576536330209,0.3318170573430629,0.011240521012853888,0,0.05391615168293073,0.009058553297007494,0.0010461651760401,-0.0955895057542927,0.77695535546875,0.0,0.0,ITM,6,6,1.2025249868490269,0.02999999999999997,0.405,-0.015000000000000013,0.007172182442424109,0
TSLA250703C00387500,2025-06-27 19:57:02+00:00,387.5,0.35,0.35,0.38,-0.1,-22.222223,282.0,490,0.805666005859375,False,REGULAR,USD,TSLA,2025-07-03,3,323.6300048828125,1.197354986106171,2025-06-29 12:49:54.895442,0.058540158595591585,-0.3024320501737675,0.0475679498262325,0.2914598414044084,0.3024320501737675,0.010972208769359088,0,0.04057209459352315,0.0076799194848190065,0.0008945680698016999,-0.08364265257753596,0.7864279169921875,0.0,0.0,ITM,6,6,0.5743380855397149,0.030000000000000027,0.365,-0.015000000000000013,0.0062043227523044045,0
TSLA250703C00390000,2025-06-27 19:59:45+00:00,390.0,0.32,0.32,0.34,-0.06999999,-17.948717,2195.0,3299,0.815431533203125,False,REGULAR,USD,TSLA,2025-07-03,3,323.6300048828125,1.205079856984275,2025-06-29 12:49:54.895442,0.04976230564994699,-0.28082206442917734,0.039177935570822664,0.270237694350053,0.28082206442917734,0.010584370079124328,0,0.020517539939542605,0.0065532069490689794,0.0007683972313408632,-0.07358902586830182,0.7963887548828125,0.0,0.0,ITM,6,6,0.6651515151515152,0.020000000000000018,0.33,-0.010000000000000009,0.005393854697849654,0
TSLA250703C00392500,2025-06-27 19:59:44+00:00,392.5,0.31,0.29,0.31,-0.05,-13.888888,212.0,414,0.8261736132812498,False,REGULAR,USD,TSLA,2025-07-03,3,323.6300048828125,1.2128047278623797,2025-06-29 12:49:54.895442,0.04289024644202977,-0.25736659529916284,0.032633404700837136,0.26710975355797023,0.27736659529916285,0.01025684174119263,1,0.9899029982143405,0.005655343011248181,0.0006655703734770508,-0.06542438684544581,0.8063495927734374,0.0,0.0,ITM,6,6,0.5108433734939759,0.020000000000000018,0.3,0.010000000000000009,0.004733596683234837,0
TSLA250703C00395000,2025-06-27 19:59:45+00:00,395.0,0.28,0.26,0.28,-0.050000012,-15.151519,1397.0,1531,0.8349625878906248,False,REGULAR,USD,TSLA,2025-07-03,3,323.6300048828125,1.2205295987404838,2025-06-29 12:49:54.895442,0.036289239261473316,-0.23290838299848696,0.02709161700151305,0.2437107607385267,0.252908382998487,0.009197622259960268,1,0.9764639388859324,0.0048075560082732295,0.0005699553094246231,-0.05721796412287155,0.8157244990234375,0.0,0.0,ITM,6,6,0.9118798955613577,0.020000000000000018,0.27,0.010000000000000009,0.004096696303810013,0
TSLA250703C00397500,2025-06-27 19:59:57+00:00,397.5,0.26,0.24,0.26,-0.04,-13.333334,220.0,396,0.8466812207031249,False,REGULAR,USD,TSLA,2025-07-03,3,323.6300048828125,1.2282544696185882,2025-06-29 12:49:54.895442,0.031838682129182505,-0.21640485408811685,0.023595145911883143,0.2281613178708175,0.23640485408811687,0.008243536217299362,1,0.9892362123335744,0.004210930311795578,0.0004993444949177193,-0.05154111556847986,0.8257829921874998,0.0,0.0,ITM,6,6,0.5541561712846348,0.020000000000000018,0.25,0.010000000000000009,0.0036395370384117486,0
TSLA250703C00400000,2025-06-27 19:59:56+00:00,400.0,0.22,0.22,0.23,-0.050000012,-18.518522,10123.0,14313,0.8554701953125,False,REGULAR,USD,TSLA,2025-07-03,3,323.6300048828125,1.2359793404966926,2025-06-29 12:49:54.895442,0.02710116261101292,-0.20020245661510017,0.01979754338489982,0.19289883738898708,0.20020245661510017,0.007303619226113098,0,0.04134260878311193,0.00359783602571504,0.0004292269214469156,-0.04522411513746222,0.8357438300781249,0.0,0.0,ITM,6,6,0.7072097247450049,0.010000000000000009,0.225,-0.0050000000000000044,0.003160951166907372,0
TSLA250703C00402500,2025-06-27 19:59:13+00:00,402.5,0.2,0.19,0.21,-0.05,-20.0,307.0,917,0.86132951171875,False,REGULAR,USD,TSLA,2025-07-03,3,323.6300048828125,1.243704211374797,2025-06-29 12:49:54.895442,0.022335784856523988,-0.17418920935983048,0.01581079064016951,0.17766421514347602,0.1841892093598305,0.006524994216354479,1,0.9619553612256816,0.0029922750087786,0.0003611947978362108,-0.03857592223210702,0.8449234257812499,0.0,0.0,ITM,6,6,0.3344226579520697,0.01999999999999999,0.2,0.0,0.002678161510399627,0
TSLA250703C00405000,2025-06-27 19:59:57+00:00,405.0,0.18,0.17,0.2,-0.03999999,-18.181814,455.0,1322,0.8730481445312499,False,REGULAR,USD,TSLA,2025-07-03,3,323.6300048828125,1.2514290822529013,2025-06-29 12:49:54.895442,0.019795921844495412,-0.1564672411387371,0.013532758861262909,0.16020407815550458,0.1664672411387371,0.006263162983232503,1,0.9774048633343648,0.0026443035222268197,0.0003187394659329143,-0.03497127069044099,0.8542983320312499,0.0,0.0,ITM,6,6,0.3439153439153439,0.03,0.185,-0.0050000000000000044,0.0023955210095861624,0
TSLA250703C00407500,2025-06-27 19:57:52+00:00,407.5,0.18,0.16,0.18,-0.03,-14.285713,162.0,204,0.8828136718749999,False,REGULAR,USD,TSLA,2025-07-03,3,323.6300048828125,1.2591539531310056,2025-06-29 12:49:54.895442,0.017193433751957365,-0.1487200402269142,0.011279959773085806,0.16280656624804263,0.1687200402269142,0.005913473978871559,1,0.9668952973028351,0.0022979894533004756,0.000277629848440727,-0.031143612813034963,0.863868548828125,0.0,0.0,ITM,6,6,0.7902439024390244,0.01999999999999999,0.16999999999999998,0.010000000000000009,0.002109896521698067,0
TSLA250703C00410000,2025-06-27 19:59:57+00:00,410.0,0.14,0.14,0.16,-0.049999997,-26.315788,1724.0,1717,0.8876964355468748,False,REGULAR,USD,TSLA,2025-07-03,3,323.6300048828125,1.26687882400911,2025-06-29 12:49:54.895442,0.0140911213290148,-0.1312756924206151,0.008724307579384907,0.1259088786709852,0.1312756924206151,0.005366813749629893,0,0.020322694935342722,0.00190163107871954,0.00023253038039365792,-0.026371936668222073,0.872071591796875,0.0,0.0,ITM,6,6,1.0034924330616997,0.01999999999999999,0.15000000000000002,-0.010000000000000009,0.0017769292155723454,0
TSLA250703C00412500,2025-06-27 19:38:11+00:00,412.5,0.1,0.13,0.15,-0.08,-44.444443,142.0,115,0.8984385156249999,False,REGULAR,USD,TSLA,2025-07-03,3,323.6300048828125,1.274603694887214,2025-06-29 12:49:54.895442,0.012459555602096106,-0.12243701677746878,0.007562983222531219,0.0875404443979039,0.09243701677746878,0.004896572379564887,0,0.00985826376715462,0.0016779912589517383,0.00020503476671486815,-0.02381805284745121,0.880665255859375,0.0,0.0,ITM,6,6,1.2241379310344827,0.01999999999999999,0.14,-0.04000000000000001,0.0015857759240413805,0
TSLA250703C00415000,2025-06-27 19:58:13+00:00,415.0,0.14,0.11,0.14,-0.010000005,-6.66667,791.0,1307,0.90429783203125,False,REGULAR,USD,TSLA,2025-07-03,3,323.6300048828125,1.2823285657653185,2025-06-29 12:49:54.895442,0.01037782407988258,-0.10369147448590085,0.006308525514099142,0.12962217592011743,0.13369147448590088,0.004069298565783438,1,0.9782520162925703,0.0014074270773064695,0.00017352704134460437,-0.02042036738280077,0.8892589199218749,0.0,0.0,ITM,6,6,0.6047400611620795,0.030000000000000013,0.125,0.015000000000000013,0.0013508421444358581,0
TSLA250703C00417500,2025-06-27 19:55:06+00:00,417.5,0.11,0.1,0.13,-0.04,-26.666664,134.0,104,0.914063359375,False,REGULAR,USD,TSLA,2025-07-03,3,323.6300048828125,1.2900534366434229,2025-06-29 12:49:54.895442,0.00911533799514419,-0.09453432193430808,0.005465678065691931,0.10088466200485581,0.10453432193430807,0.0036496599294522595,1,0.9786202285403722,0.001235189951376282,0.0001523632764553308,-0.01831800310363742,0.8974619628906249,0.0,0.0,ITM,6,6,1.276190476190476,0.03,0.115,-0.0050000000000000044,0.0011988988772883389,0
TSLA250703C00420000,2025-06-27 19:59:06+00:00,420.0,0.1,0.09,0.12,-0.029999994,-23.07692,2081.0,3557,0.92187578125,False,REGULAR,USD,TSLA,2025-07-03,3,323.6300048828125,1.2977783075215272,2025-06-29 12:49:54.895442,0.007824908528777319,-0.08543697155728266,0.004563028442717333,0.09217509147122269,0.09543697155728267,0.0032618800860599864,1,0.9649642864548498,0.0010630695553210956,0.00013166992774413854,-0.016100901695355215,0.9052743847656248,0.0,0.0,ITM,6,6,0.5848791455874086,0.03,0.105,-0.0049999999999999906,0.001044924597972633,0
TSLA250703C00422500,2025-06-27 19:54:09+00:00,422.5,0.09,0.08,0.11,-0.04,-30.769232,879.0,500,0.929688203125,False,REGULAR,USD,TSLA,2025-07-03,3,323.6300048828125,1.3055031783996316,2025-06-29 12:49:54.895442,0.0067335087751179135,-0.07623445219036531,0.00376554780963468,0.08326649122488208,0.08623445219036531,0.0029679609654832332,1,0.9693254113158307,0.0009168775178599582,0.00011398404027043095,-0.01417464645834296,0.9136727382812498,0.0,0.0,ITM,6,6,1.7544910179640718,0.03,0.095,-0.0050000000000000044,0.0009122362308602043,0
TSLA250703C00425000,2025-06-27 19:59:49+00:00,425.0,0.1,0.07,0.1,0.0,0.0,399.0,1223,0.93554751953125,False,REGULAR,USD,TSLA,2025-07-03,3,323.6300048828125,1.313228049277736,2025-06-29 12:49:54.895442,0.005654332776738352,-0.06696560033891097,0.0030343996610890404,0.09434566722326165,0.09696560033891097,0.002619933115649312,1,0.9965728357188388,0.0007742732027417295,9.695701670400035e-05,-0.012209018722917778,0.9210945390624999,0.0,0.0,ITM,6,6,0.32598039215686275,0.03,0.085,0.015,0.0007808561687723983,0
TSLA250703C00427500,2025-06-27 19:53:22+00:00,427.5,0.07,0.07,0.09,-0.03,-29.999998,114.0,582,0.945313046875,False,REGULAR,USD,TSLA,2025-07-03,3,323.6300048828125,1.3209529201558403,2025-06-29 12:49:54.895442,0.005022808627913017,-0.06744751866269277,0.0025524813373072313,0.06497719137208699,0.06744751866269277,0.0024703272906057856,0,0.03887846927318275,0.0006864614299999148,8.587942782262396e-05,-0.011040450221059261,0.9292975820312501,0.0,0.0,ITM,6,6,0.1955403087478559,0.01999999999999999,0.08,-0.009999999999999995,0.0006988609013510337,0
TSLA250703C00430000,2025-06-27 19:59:58+00:00,430.0,0.09,0.06,0.08,0.0,0.0,1545.0,3183,0.9492192578125,False,REGULAR,USD,TSLA,2025-07-03,3,323.6300048828125,1.3286777910339445,2025-06-29 12:49:54.895442,0.004119706547654367,-0.05793732849387104,0.00206267150612896,0.08588029345234563,0.08793732849387104,0.0020570350415254073,1,0.9922384748702445,0.0005679246675485692,7.179287112494244e-05,-0.009305492220782906,0.9363287617187499,0.0,0.0,ITM,6,6,0.48523869346733667,0.020000000000000004,0.07,0.01999999999999999,0.0005866428911831451,0
TSLA250703C00432500,2025-06-27 19:47:44+00:00,432.5,0.05,0.05,0.08,-0.05,-50.0,86.0,69,0.9570316796875,False,REGULAR,USD,TSLA,2025-07-03,3,323.6300048828125,1.3364026619120488,2025-06-29 12:49:54.895442,0.003577610116284574,-0.04821668603619395,0.001783313963806051,0.04642238988371543,0.04821668603619395,0.0017942961524785232,0,0.0550069255215478,0.0004937568914374839,6.255939570772785e-05,-0.008242309179429799,0.9433599414062501,0.0,0.0,ITM,6,6,1.2285714285714286,0.03,0.065,-0.015,0.000515400468371174,0
TSLA250703C00435000,2025-06-27 19:52:07+00:00,435.0,0.06,0.05,0.07,-0.010000002,-14.285716,485.0,912,0.9648441015625,False,REGULAR,USD,TSLA,2025-07-03,3,323.6300048828125,1.3441275327901532,2025-06-29 12:49:54.895442,0.0031145235878435595,-0.04849553439042548,0.0015044656095745297,0.05688547641215644,0.05849553439042547,0.0016100579782690298,1,0.9812760313359999,0.0004302327965496071,5.461875916796282e-05,-0.007313739620014495,0.9503911210937501,0.0,0.0,ITM,6,6,0.5312157721796276,0.020000000000000004,0.060000000000000005,-6.938893903907228e-18,0.000453654189155695,0
TSLA250703C00437500,2025-06-27 19:27:15+00:00,437.5,0.04,0.04,0.07,-0.04,-50.0,82.0,114,0.9726565234375,False,REGULAR,USD,TSLA,2025-07-03,3,323.6300048828125,1.3518524036682575,2025-06-29 12:49:54.895442,0.0027180596497587417,-0.03865552320667647,0.0013444767933235313,0.03728194035024126,0.03865552320667647,0.0013735828564352104,0,0.005484527441022624,0.00037571941356856833,4.777906900635189e-05,-0.0065016040916053165,0.957812921875,0.0,0.0,ITM,6,6,0.7130434782608696,0.030000000000000006,0.05500000000000001,-0.015000000000000006,0.00040005816336473023,0
TSLA250703C00440000,2025-06-27 19:55:00+00:00,440.0,0.05,0.04,0.06,-0.02,-28.571426,748.0,2031,0.9804689453125,False,REGULAR,USD,TSLA,2025-07-03,3,323.6300048828125,1.359577274546362,2025-06-29 12:49:54.895442,0.0023778853112602777,-0.038786717707725134,0.0012132822922748694,0.047622114688739725,0.048786717707725136,0.0011646030189854082,1,0.9761191917177175,0.00032884715495123685,4.187809163225182e-05,-0.005790280707423787,0.9648441015625,0.0,0.0,ITM,6,6,0.36811023622047245,0.019999999999999997,0.05,0.0,0.0003534652106313729,0
TSLA250703C00442500,2025-06-27 19:31:11+00:00,442.5,0.04,0.04,0.05,-0.04,-50.0,143.0,55,0.98437515625,False,REGULAR,USD,TSLA,2025-07-03,3,323.6300048828125,1.3673021454244665,2025-06-29 12:49:54.895442,0.0019660430737068746,-0.03897715494326136,0.0010228450567386462,0.038033956926293126,0.03897715494326136,0.0009431980169682284,0,0.02020520273626016,0.0002738754239975335,3.518205984455645e-05,-0.0049030929735442,0.97187528125,0.0,0.0,ITM,6,6,2.5535714285714284,0.010000000000000002,0.045,-0.0049999999999999975,0.00029813149455477586,0
TSLA250703C00445000,2025-06-27 19:52:19+00:00,445.0,0.04,0.03,0.05,-0.010000002,-20.000004,190.0,906,0.9882813671875,False,REGULAR,USD,TSLA,2025-07-03,3,323.6300048828125,1.3750270163025706,2025-06-29 12:49:54.895442,0.0016267528986601137,-0.0291675196344888,0.0008324803655111977,0.03837324710133989,0.03916751963448881,0.000794272533148916,1,0.824444084435585,0.00022820666262641587,2.9562081906695194e-05,-0.004152474463212106,0.97812521875,0.0,0.0,ITM,6,6,0.20948180815876516,0.020000000000000004,0.04,0.0,0.0002515020753576871,0
TSLA250703C00447500,2025-06-27 19:51:05+00:00,447.5,0.04,0.02,0.05,-0.02,-33.333336,3.0,811,0.992187578125,False,REGULAR,USD,TSLA,2025-07-03,3,323.6300048828125,1.3827518871806748,2025-06-29 12:49:54.895442,0.001347086329463093,-0.01935781170091734,0.0006421882990826611,0.03865291367053691,0.03935781170091734,0.0007048980303804319,1,0.9512545905145079,0.00019025779887060402,2.484597395321745e-05,-0.0035175323636374213,0.9835939140625001,0.0,0.0,ITM,6,6,0.003694581280788177,0.030000000000000002,0.035,0.0049999999999999975,0.0002122148451187961,0
TSLA250703C00450000,2025-06-27 19:59:25+00:00,450.0,0.03,0.02,0.04,-0.03,-50.0,988.0,7578,0.992187578125,False,REGULAR,USD,TSLA,2025-07-03,3,323.6300048828125,1.3904767580587791,2025-06-29 12:49:54.895442,0.0010482643854666032,-0.019607708982299323,0.00039229101770067753,0.028951735614533396,0.02960770898229932,0.0006559733677659257,1,0.9795569114835712,0.0001500724002198636,1.989983838107195e-05,-0.0028171922379599465,0.9875001250000001,0.0,0.0,ITM,6,6,0.13036020583190394,0.02,0.03,0.0,0.0001699688298748052,0
TSLA250703C00452500,2025-06-27 19:02:09+00:00,452.5,0.03,0.02,0.04,-0.02,-40.0,12.0,388,1.0078174609375,False,REGULAR,USD,TSLA,2025-07-03,3,323.6300048828125,1.3982016289368835,2025-06-29 12:49:54.895442,0.0010507866712989034,-0.019618380228894502,0.0003816197711054971,0.028949213328701096,0.0296183802288945,0.0006691669001934063,1,0.9115370093508178,0.00014825041917762054,1.9368366151234405e-05,-0.002828912127522772,0.9929698281249999,0.0,0.0,ITM,6,6,0.030848329048843187,0.02,0.03,0.0,0.00016803541192598914,0
TSLA250703C00455000,2025-06-27 19:37:18+00:00,455.0,0.02,0.01,0.03,-0.01,-33.333336,82.0,1528,0.98437515625,False,REGULAR,USD,TSLA,2025-07-03,3,323.6300048828125,1.405926499814988,2025-06-29 12:49:54.895442,0.0005509840912388715,-0.01,0.0,0.01944901590876113,0.02,0.0005509840912388715,1,0.9951058247046495,8.215032992818344e-05,1.1392576190492622e-05,-0.0015874306372305233,0.9929698281249999,0.0,0.0,ITM,6,6,0.053629823413996074,0.019999999999999997,0.02,0.0,9.654027596756085e-05,0
TSLA250703C00457500,2025-06-27 19:25:00+00:00,457.5,0.03,0.01,0.03,-0.01,-25.0,12.0,32,0.9960937890625,False,REGULAR,USD,TSLA,2025-07-03,3,323.6300048828125,1.4136513706930922,2025-06-29 12:49:54.895442,0.0005225565196182724,-0.01,0.0,0.029477443480381726,0.03,0.0005225565196182724,1,0.9988179159089388,7.726260167512822e-05,1.0627049494326518e-05,-0.0015161758139165724,0.9945323125,0.0,0.0,ITM,6,6,0.36363636363636365,0.019999999999999997,0.02,0.009999999999999998,9.112528198649251e-05,0
TSLA250703C00460000,2025-06-27 19:53:22+00:00,460.0,0.02,0.01,0.03,-0.01,-33.333336,93.0,1253,1.015629921875,False,REGULAR,USD,TSLA,2025-07-03,3,323.6300048828125,1.4213762415711966,2025-06-29 12:49:54.895442,0.0005682701739525911,-0.01,0.0,0.01943172982604741,0.02,0.0005682701739525911,1,0.9955011629150969,8.21708553314899e-05,1.1044579275673281e-05,-0.0016381023828051246,0.99922078125,0.0,0.0,ITM,6,6,0.07416267942583732,0.019999999999999997,0.02,0.0,9.656296978114551e-05,0
TSLA250703C00462500,2025-06-27 15:59:20+00:00,462.5,0.02,0.01,0.03,-0.01,-33.333336,1.0,9,1.0312548437500002,False,REGULAR,USD,TSLA,2025-07-03,3,323.6300048828125,1.4291011124493007,2025-06-29 12:49:54.895442,0.0005781178685755131,-0.01,0.0,0.019421882131424487,0.02,0.0005781178685755131,1,0.9959392930010065,8.234492731613954e-05,1.0898916760611755e-05,-0.001666562926182588,1.007034234375,0.0,0.0,ITM,6,6,0.1,0.019999999999999997,0.02,0.0,9.675541654465983e-05,0
TSLA250703C00465000,2025-06-27 17:25:48+00:00,465.0,0.01,0.01,0.03,-0.02,-66.66667,26.0,626,1.0390673046875003,False,REGULAR,USD,TSLA,2025-07-03,3,323.6300048828125,1.436825983327405,2025-06-29 12:49:54.895442,0.0005169478271078408,-0.01,0.0,0.00948305217289216,0.01,0.0005169478271078408,0,0.0017038321491030532,7.35258791564115e-05,9.723023612957836e-06,-0.0015093220582502683,1.0132842031250002,0.0,0.0,ITM,6,6,0.04146730462519936,0.019999999999999997,0.02,-0.01,8.69703003323209e-05,0
TSLA250703C00467500,2025-06-27 19:49:00+00:00,467.5,0.02,0.0,0.03,0.0,0.0,3508.0,14,1.0312548437500002,False,REGULAR,USD,TSLA,2025-07-03,3,323.6300048828125,1.4445508542055094,2025-06-29 12:49:54.895442,0.00035383378336424284,0.0,0.0,0.019646166216635758,0.02,0.00035383378336424284,1,0.9995442734678809,5.1626946886174236e-05,7.01961950235493e-06,-0.0010733162665858117,1.0226601406250002,0.0,0.0,ITM,6,6,233.86666666666667,0.03,0.015,0.005000000000000001,6.231685440427626e-05,0
TSLA250703C00470000,2025-06-27 19:57:25+00:00,470.0,0.01,0.01,0.02,-0.01,-50.0,363.0,1061,1.0468797656250002,False,REGULAR,USD,TSLA,2025-07-03,3,323.6300048828125,1.4522757250836138,2025-06-29 12:49:54.895442,0.00036402606513345065,-0.01,0.0,0.00963597393486655,0.01,0.00036402606513345065,0,0.0029559258932645633,5.23031166098358e-05,7.000290871730472e-06,-0.0011030079892905334,1.0328173359375001,0.0,0.0,ITM,6,6,0.3418079096045198,0.01,0.015,-0.004999999999999999,6.308684976229288e-05,0
TSLA250703C00472500,2025-06-27 19:48:48+00:00,472.5,0.01,0.01,0.02,-0.03,-75.0,93.0,8,1.0546922265625,False,REGULAR,USD,TSLA,2025-07-03,3,323.6300048828125,1.4600005959617182,2025-06-29 12:49:54.895442,0.00032758793062255195,-0.01,0.0,0.009672412069377448,0.01,0.00032758793062255195,0,0.0019818930210567473,4.697851743646738e-05,6.278674098611182e-06,-0.0010040987508950505,1.0406297968750002,0.0,0.0,ITM,6,6,10.333333333333334,0.01,0.015,-0.004999999999999999,5.7005877612293e-05,0
TSLA250703C00475000,2025-06-27 15:49:56+00:00,475.0,0.02,0.0,0.02,0.0,0.0,2.0,3432,1.0312548437500002,False,REGULAR,USD,TSLA,2025-07-03,3,323.6300048828125,1.4677254668398223,2025-06-29 12:49:54.895442,0.00016732445461772188,0.0,0.0,0.01983267554538228,0.02,0.00016732445461772188,1,0.9998218432413589,2.5277460119020937e-05,3.572421990489993e-06,-0.00054618925978383,1.0406297968750002,0.0,0.0,ITM,6,6,0.0005825808330905913,0.02,0.01,0.01,3.171426898243057e-05,0
TSLA250703C00480000,2025-06-27 16:18:17+00:00,480.0,0.01,0.01,0.02,-0.01,-50.0,81.0,1200,1.09375453125,False,REGULAR,USD,TSLA,2025-07-03,3,323.6300048828125,1.483175208596031,2025-06-29 12:49:54.895442,0.0003168447799982207,-0.01,0.0,0.00968315522000178,0.01,0.0003168447799982207,0,0.0019772086066031868,4.3991979266044074e-05,5.690225705460103e-06,-0.000978568061560624,1.0515672421875002,0.0,0.0,ITM,6,6,0.06744379683597003,0.01,0.015,-0.004999999999999999,5.35766195811636e-05,0
TSLA250703C00485000,2025-06-27 13:30:03+00:00,485.0,0.03,0.0,0.02,0.01,50.0,2.0,147,1.078129609375,False,REGULAR,USD,TSLA,2025-07-03,3,323.6300048828125,1.4986249503522395,2025-06-29 12:49:54.895442,0.00015084437777004335,0.0,0.0,0.029849155622229957,0.03,0.00015084437777004335,1,0.9999015951315123,2.1960376356696143e-05,2.990405548584958e-06,-0.0004996613639310335,1.0609421953125,0.0,0.0,ITM,6,6,0.013513513513513514,0.02,0.01,0.019999999999999997,2.77540913375674e-05,0
TSLA250703C00490000,2025-06-27 18:33:37+00:00,490.0,0.01,0.0,0.02,-0.01,-50.0,230.0,908,1.109379453125,False,REGULAR,USD,TSLA,2025-07-03,3,323.6300048828125,1.5140746921084485,2025-06-29 12:49:54.895442,0.00016663689204148794,0.0,0.0,0.009833363107958511,0.01,0.00016663689204148794,1,0.9997656733182081,2.351510980026485e-05,3.1009462334984744e-06,-0.0005485764591242188,1.0734421328125001,0.0,0.0,ITM,6,6,0.253025302530253,0.02,0.01,0.0,2.9614220386394028e-05,0
TSLA250703C00495000,2025-06-27 19:55:48+00:00,495.0,0.01,0.0,0.02,-0.01,-50.0,21.0,31,1.140629296875,False,REGULAR,USD,TSLA,2025-07-03,3,323.6300048828125,1.5295244338646572,2025-06-29 12:49:54.895442,0.00018406870032842103,0.0,0.0,0.00981593129967158,0.01,0.00018406870032842103,1,0.9997656733182081,2.51967658075483e-05,3.220090324745886e-06,-0.0006021711659717831,1.090629546875,0.0,0.0,ITM,6,6,0.65625,0.02,0.01,0.0,3.1618300742234645e-05,0
TSLA250703C00500000,2025-06-27 19:52:48+00:00,500.0,0.01,0.0,0.01,0.0,0.0,242.0,3100,1.09375453125,False,REGULAR,USD,TSLA,2025-07-03,3,323.6300048828125,1.5449741756208657,2025-06-29 12:49:54.895442,4.876346854903709e-05,0.0,0.0,0.009951236531450964,0.01,4.876346854903709e-05,1,0.9998125844398865,7.347113951558057e-06,1.0403815473326352e-06,-0.00017888845165067922,1.1031294843750001,0.0,0.0,ITM,6,6,0.0780393421476943,0.01,0.005,0.005,9.795767209588374e-06,0
TSLA250703C00505000,2025-06-27 13:55:33+00:00,505.0,0.01,0.0,0.01,0.0,0.0,1.0,21,1.125004375,False,REGULAR,USD,TSLA,2025-07-03,3,323.6300048828125,1.5604239173770744,2025-06-29 12:49:54.895442,5.657253709405105e-05,0.0,0.0,0.00994342746290595,0.01,5.657253709405105e-05,1,0.9998122022573509,8.250946659501823e-06,1.1297792186121164e-06,-0.00020551048681077114,1.109379453125,0.0,0.0,ITM,6,6,0.045454545454545456,0.01,0.005,0.005,1.0941421357593504e-05,0
TSLA250703C00510000,2025-06-27 15:49:39+00:00,510.0,0.01,0.0,0.01,-0.01,-50.0,7.0,556,1.15625421875,False,REGULAR,USD,TSLA,2025-07-03,3,323.6300048828125,1.5758736591332831,2025-06-29 12:49:54.895442,6.542717493680924e-05,0.0,0.0,0.00993457282506319,0.01,6.542717493680924e-05,1,0.9997656733182081,9.244676125819545e-06,1.2250484314241083e-06,-0.00023538289279770517,1.125004375,0.0,0.0,ITM,6,6,0.012567324955116697,0.01,0.005,0.005,1.2193616690211655e-05,0
TSLA250703C00520000,2025-06-27 17:36:15+00:00,520.0,0.01,0.0,0.01,0.0,0.0,10.0,894,1.1875040625,False,REGULAR,USD,TSLA,2025-07-03,3,323.6300048828125,1.6067731426457004,2025-06-29 12:49:54.895442,4.944720934746622e-05,0.0,0.0,0.009950552790652534,0.01,4.944720934746622e-05,1,0.9998122022573509,6.892086873859097e-06,9.015646840994988e-07,-0.00018270589766925972,1.140629296875,0.0,0.0,ITM,6,6,0.0111731843575419,0.01,0.005,0.005,9.216328481434659e-06,0
TSLA250703C00530000,2025-06-26 17:59:04+00:00,530.0,0.01,0.0,0.01,0.0,0.0,34.0,5914,1.25000375,False,REGULAR,USD,TSLA,2025-07-03,3,323.6300048828125,1.6376726261581176,2025-06-29 12:49:54.895442,6.735013090450803e-05,0.0,0.0,0.009932649869095492,0.01,6.735013090450803e-05,1,0.9998217062862645,8.834837953601046e-06,1.0852599300228217e-06,-0.00024367628013415005,1.1625041875000002,0.0,0.0,ITM,6,6,0.005748098055790364,0.01,0.005,0.005,1.167806892059962e-05,0
TSLA250703C00540000,2025-06-27 17:33:15+00:00,540.0,0.01,0.0,0.01,0.0,0.0,55.0,3159,1.2812535937499998,False,REGULAR,USD,TSLA,2025-07-03,3,323.6300048828125,1.668572109670535,2025-06-29 12:49:54.895442,5.360954846623991e-05,0.0,0.0,0.009946390451533761,0.01,5.360954846623991e-05,1,0.9998217062862645,6.9353728735905944e-06,8.406019745249802e-07,-0.00019828649364684694,1.200004,0.0,0.0,ITM,6,6,0.01740506329113924,0.01,0.005,0.005,9.271530945217847e-06,0
TSLA250703C00550000,2025-06-27 19:57:35+00:00,550.0,0.01,0.0,0.01,0.0,0.0,177.0,4894,1.3125034374999998,False,REGULAR,USD,TSLA,2025-07-03,3,323.6300048828125,1.6994715931829525,2025-06-29 12:49:54.895442,4.36698070947583e-05,0.0,0.0,0.009956330192905241,0.01,4.36698070947583e-05,1,0.9998217062862645,5.568523123571219e-06,6.65512651702568e-07,-0.00016472801326139337,1.2375038125,0.0,0.0,ITM,6,6,0.03615934627170582,0.01,0.005,0.005,7.5193918160195516e-06,0
TSLA250703C00560000,2025-06-26 14:01:59+00:00,560.0,0.01,0.0,0.01,0.0,0.0,269.0,412,1.375003125,False,REGULAR,USD,TSLA,2025-07-03,3,323.6300048828125,1.7303710766953695,2025-06-29 12:49:54.895442,6.102216148721855e-05,0.0,0.0,0.009938977838512782,0.01,6.102216148721855e-05,1,0.9998025942627352,7.350559461110232e-06,8.279478559730898e-07,-0.00022490474069548558,1.2812535937499998,0.0,0.0,ITM,6,6,0.6513317191283293,0.01,0.005,0.005,9.800147695420692e-06,0
TSLA250703C00570000,2025-06-25 18:16:18+00:00,570.0,0.01,0.0,0.01,0.0,0.0,198.0,494,1.40625296875,False,REGULAR,USD,TSLA,2025-07-03,3,323.6300048828125,1.761270560207787,2025-06-29 12:49:54.895442,5.1638211149831895e-05,0.0,0.0,0.009948361788850169,0.01,5.1638211149831895e-05,1,0.9997998165033176,6.131532090460998e-06,6.809561113481006e-07,-0.0001934708066263625,1.325003375,0.0,0.0,ITM,6,6,0.4,0.01,0.005,0.005,8.243440811307099e-06,0
TSLA250703C00580000,2025-06-25 18:15:50+00:00,580.0,0.01,0.0,0.01,0.0,0.0,719.0,894,1.4375028125,False,REGULAR,USD,TSLA,2025-07-03,3,323.6300048828125,1.7921700437202042,2025-06-29 12:49:54.895442,4.4491100156179375e-05,0.0,0.0,0.009955508899843821,0.01,4.4491100156179375e-05,1,0.9998114948094036,5.2057855163105635e-06,5.697913214342784e-07,-0.00016915514153445453,1.3625031875,0.0,0.0,ITM,6,6,0.8033519553072626,0.01,0.005,0.005,7.050996239553084e-06,0
TSLA250703C00590000,2025-06-25 18:13:54+00:00,590.0,0.01,0.0,0.01,0.0,0.0,3891.0,3837,1.46875265625,False,REGULAR,USD,TSLA,2025-07-03,3,323.6300048828125,1.8230695272326216,2025-06-29 12:49:54.895442,3.898146493290424e-05,0.0,0.0,0.009961018535067097,0.01,3.898146493290424e-05,1,0.9994635403873495,4.493268332287081e-06,4.84521426231615e-07,-0.00015015716918539897,1.4000029999999999,0.0,0.0,ITM,6,6,1.0138092756644086,0.01,0.005,0.005,6.126149653310735e-06,0
TSLA250703C00600000,2025-06-26 15:32:18+00:00,600.0,0.01,0.0,0.01,0.0,0.0,3134.0,3521,1.5000025,False,REGULAR,USD,TSLA,2025-07-03,3,323.6300048828125,1.8539690107450388,2025-06-29 12:49:54.895442,3.469150540922911e-05,0.0,0.0,0.00996530849459077,0.01,3.469150540922911e-05,1,0.9995340778856435,3.938367220203558e-06,4.1826853239291446e-07,-0.0001351947448432357,1.4375028125,0.0,0.0,ITM,6,6,0.8898353208404316,0.01,0.005,0.005,5.400986916482948e-06,0
TSLA250703C00610000,2025-06-25 17:13:14+00:00,610.0,0.01,0.0,0.01,0.0,0.0,2053.0,2040,1.5625021874999998,False,REGULAR,USD,TSLA,2025-07-03,3,323.6300048828125,1.8848684942574565,2025-06-29 12:49:54.895442,5.003224124925797e-05,0.0,0.0,0.009949967758750742,0.01,5.003224124925797e-05,1,0.9995902899767946,5.390103474331219e-06,5.419173732440367e-07,-0.0001900551963842117,1.4750026250000001,0.0,0.0,ITM,6,6,1.0058794708476237,0.01,0.005,0.005,7.289196501793319e-06,0
TSLA250703C00620000,2025-06-25 17:30:27+00:00,620.0,0.01,0.0,0.01,0.0,0.0,15359.0,14162,1.5937520312499998,False,REGULAR,USD,TSLA,2025-07-03,3,323.6300048828125,1.9157679777698733,2025-06-29 12:49:54.895442,4.5568220309521014e-05,0.0,0.0,0.009954431779690479,0.01,4.5568220309521014e-05,1,0.9990019711068251,4.8368204456016496e-06,4.790831988984845e-07,-0.00017480131470853046,1.5125024374999998,0.0,0.0,ITM,6,6,1.0844453858645766,0.01,0.005,0.005,6.5729093361841985e-06,0
TSLA250703C00630000,2025-06-25 15:58:21+00:00,630.0,0.01,0.0,0.01,0.0,0.0,8411.0,8429,1.625001875,False,REGULAR,USD,TSLA,2025-07-03,3,323.6300048828125,1.946667461282291,2025-06-29 12:49:54.895442,4.201540289329735e-05,0.0,0.0,0.009957984597106702,0.01,4.201540289329735e-05,1,0.9993984277145653,4.393334765996921e-06,4.2862128328100125e-07,-0.00016257784803470104,1.55000225,0.0,0.0,ITM,6,6,0.9977461447212337,0.01,0.005,0.005,5.995888505588405e-06,0
TSLA250703C00640000,2025-06-25 15:09:13+00:00,640.0,0.01,0.0,0.01,0.0,0.0,1.0,407,1.65625171875,False,REGULAR,USD,TSLA,2025-07-03,3,323.6300048828125,1.977566944794708,2025-06-29 12:49:54.895442,3.9185342716281744e-05,0.0,0.0,0.009960814657283719,0.01,3.9185342716281744e-05,1,0.9997428672458026,4.035966083794408e-06,3.8777885046284136e-07,-0.00015279357677285937,1.5875020625,0.0,0.0,ITM,6,6,0.0024509803921568627,0.01,0.005,0.005,5.52887040939779e-06,0
TSLA250703C00650000,2025-06-25 15:14:32+00:00,650.0,0.01,0.0,0.01,0.0,0.0,435.0,1113,1.6875015625,False,REGULAR,USD,TSLA,2025-07-03,3,323.6300048828125,2.0084664283071256,2025-06-29 12:49:54.895442,3.693730293286945e-05,0.0,0.0,0.009963062697067131,0.01,3.693730293286945e-05,1,0.9997297550397185,3.7470445722873345e-06,3.5450693599797614e-07,-0.00014500081964602307,1.625001875,0.0,0.0,ITM,6,6,0.3904847396768402,0.01,0.005,0.005,5.149853446122755e-06,0
TSLA250703C00660000,2025-06-25 15:10:55+00:00,660.0,0.01,0.0,0.01,0.0,0.0,2.0,41,1.71875140625,False,REGULAR,USD,TSLA,2025-07-03,3,323.6300048828125,2.039365911819542,2025-06-29 12:49:54.895442,3.516520131658079e-05,0.0,0.0,0.00996483479868342,0.01,3.516520131658079e-05,1,0.9997428672458026,3.513244916719275e-06,3.2726337561460207e-07,-0.00013885789019014817,1.6562517187499999,0.0,0.0,ITM,6,6,0.047619047619047616,0.01,0.005,0.005,4.84212974303981e-06,0
TSLA250703C00670000,2025-06-23 19:11:09+00:00,670.0,0.02,0.0,0.01,0.0,0.0,4.0,124,1.75000125,False,REGULAR,USD,TSLA,2025-07-03,3,323.6300048828125,2.07026539533196,2025-06-29 12:49:54.895442,3.378845830472044e-05,0.0,0.0,0.01996621154169528,0.02,3.378845830472044e-05,1,0.9998127224444222,3.3244211028626908e-06,3.0487532428348604e-07,-0.00013410230646136555,1.6875015625,0.0,0.0,ITM,6,6,0.032,0.01,0.005,0.015,4.592895708989271e-06,0
TSLA250703C00680000,2025-06-27 18:16:15+00:00,680.0,0.01,0.0,0.01,0.0,0.0,1.0,2614,1.8125009375,False,REGULAR,USD,TSLA,2025-07-03,3,323.6300048828125,2.101164878844377,2025-06-29 12:49:54.895442,4.9300189907293184e-05,0.0,0.0,0.009950699810092707,0.01,4.9300189907293184e-05,1,0.9997819865638241,4.627379163020513e-06,4.038195812263317e-07,-0.0001905333463714883,1.7250013750000002,0.0,0.0,ITM,6,6,0.0003824091778202677,0.01,0.005,0.005,6.300740071947024e-06,0
TSLA250711C00050000,2025-06-24 19:56:34+00:00,50.0,290.85,273.15,274.55,0.0,0.0,2.0,4,3.5468761328125,True,REGULAR,USD,TSLA,2025-07-11,11,323.6300048828125,0.1544974175620865,2025-06-29 12:49:55.049723,273.7305971190338,-4.32447516820082,268.82552483179916,17.11940288096622,22.024475168200865,4.9050722872346455,1,0.9990503863196428,0.9995861906016674,7.484100534878428e-06,-0.020325665966037985,2.1031262578125003,0.0,0.0,OTM,6,6,0.4,1.400000000000034,273.85,17.0,0.0008378822976932516,0
TSLA250711C00060000,2025-06-25 13:53:50+00:00,60.0,272.0,263.15,264.55,0.0,0.0,2.0,2,3.19531451171875,True,REGULAR,USD,TSLA,2025-07-11,11,323.6300048828125,0.1853969010745038,2025-06-29 12:49:55.049723,263.74504458835224,-3.7321324620332916,259.4178675379667,8.254955411647757,12.582132462033314,4.327177050385558,1,0.9990503863196428,0.9995469575867756,9.035416389780009e-06,-0.021419131447227943,2.4046888476562502,0.0,0.0,OTM,6,6,0.6666666666666666,1.400000000000034,263.85,8.149999999999977,0.0009112953694807033,0
TSLA250711C00090000,2025-06-23 15:37:38+00:00,90.0,264.76,233.25,234.65,0.0,0.0,1.0,2,2.699222001953125,True,REGULAR,USD,TSLA,2025-07-11,11,323.6300048828125,0.2780953516117558,2025-06-29 12:49:55.049723,233.83943883329283,-2.9560326550642344,230.29396734493577,30.92056116670716,34.466032655064225,3.545471488357066,1,0.9990503863196428,0.9985046399961128,3.208690426921569e-05,-0.04577507138197142,2.600782966796875,0.0,0.0,OTM,6,6,0.3333333333333333,1.4000000000000057,233.95,30.810000000000002,0.002733781524543055,0
TSLA250711C00100000,2025-06-27 19:05:07+00:00,100.0,219.7,223.25,224.65,26.479996,13.704583,2.0,13,2.4843787890625,True,REGULAR,USD,TSLA,2025-07-11,11,323.6300048828125,0.3089948351241731,2025-06-29 12:49:55.049723,223.8544309951994,-2.613569081129498,220.6364309188705,-4.154430995199419,-0.9364309188705136,3.218000076328906,0,7.442473415245125e-05,0.9983706240412038,3.769922129832949e-05,-0.046979984972634135,2.747658474609375,0.0,0.0,OTM,6,6,0.14285714285714285,1.4000000000000057,223.95,-4.25,0.0029562936643402703,0
TSLA250711C00120000,2025-06-27 19:05:07+00:00,120.0,199.74,203.35,204.7,0.37,0.18558457,2.0,0,2.214848212890624,True,REGULAR,USD,TSLA,2025-07-11,11,323.6300048828125,0.3707938021490077,2025-06-29 12:49:55.049723,203.92544617694298,-2.2434595391274,201.1065404608726,-4.185446176942975,-1.366540460872585,2.8189057160703896,0,6.298890626028452e-05,0.997252114961147,6.792998132905643e-05,-0.06408665629092154,2.8281279296874997,0.0,0.0,OTM,6,6,2.0,1.3499999999999943,204.02499999999998,-4.284999999999968,0.004749007376650683,0
TSLA250711C00135000,2025-06-25 13:42:41+00:00,135.0,201.35,188.35,189.8,0.0,0.0,2.0,2,2.0156299609375,True,REGULAR,USD,TSLA,2025-07-11,11,323.6300048828125,0.4171430274176337,2025-06-29 12:49:55.049723,188.97655609579033,-1.905853579307717,186.44414642069228,12.373443904209665,14.905853579307717,2.5324096750980516,1,0.9988889699133744,0.9962963435349442,9.764304235319888e-05,-0.07519790902673062,2.5218786953125,0.0,0.0,OTM,6,6,0.6666666666666666,1.450000000000017,189.075,12.275000000000006,0.0062122580590507235,0
TSLA250711C00140000,2025-06-27 16:07:13+00:00,140.0,185.37,183.45,184.75,-1.0700073,-0.5739151,1.0,8,1.958984580078125,True,REGULAR,USD,TSLA,2025-07-11,11,323.6300048828125,0.4325927691738424,2025-06-29 12:49:55.049723,183.99869365713394,-1.9036276319845342,181.54637236801545,1.3713063428660632,3.82362763198455,2.452321289118487,1,0.9986760765848373,0.9958360170071056,0.0001115830090851678,-0.08038065494539322,2.274612708984375,0.0,0.0,OTM,6,6,0.1111111111111111,1.3000000000000114,184.1,1.2700000000000102,0.006899640562884881,0
TSLA250711C00150000,2025-06-26 13:33:07+00:00,150.0,180.25,173.5,174.8,0.0,0.0,16.0,30,1.8466804541015625,True,REGULAR,USD,TSLA,2025-07-11,11,323.6300048828125,0.4634922526862597,2025-06-29 12:49:55.049723,174.04394589158562,-1.7513674171376863,171.7486325828623,6.206054108414378,8.501367417137686,2.2953133087233084,1,0.9990439051486797,0.9948208536723803,0.00014380737299617006,-0.09062382596253309,2.1041043994140622,0.0,0.0,OTM,6,6,0.5161290322580645,1.3000000000000114,174.15,6.099999999999994,0.008382436759797645,0
TSLA250711C00155000,2025-06-27 19:53:30+00:00,155.0,168.45,168.5,169.85,0.0,0.0,1.0,0,1.791016669921875,True,REGULAR,USD,TSLA,2025-07-11,11,323.6300048828125,0.4789419944424684,2025-06-29 12:49:55.049723,169.06690352709327,-1.6513646525722265,166.84863534742777,-0.6169035270932852,1.6013646525722152,2.2182681796655004,0,0.025467877539318624,0.9942648657558292,0.00016234220070279016,-0.09563335689509231,1.9654319755859373,0.0,0.0,OTM,6,6,1.0,1.3499999999999943,169.175,-0.7250000000000227,0.009177585460491166,0
TSLA250711C00160000,2025-06-06 19:20:36+00:00,160.0,137.95,163.55,164.85,0.0,0.0,3.0,2,1.7353528857421874,True,REGULAR,USD,TSLA,2025-07-11,11,323.6300048828125,0.494391736198677,2025-06-29 12:49:55.049723,164.089655017229,-1.6023118267289078,161.9476881732711,-26.139655017229018,-23.997688173271115,2.1419668439579027,0,3.7455794653400584e-05,0.9936829556572443,0.00018253500987569415,-0.10044199973543466,1.86953291015625,0.0,0.0,OTM,6,6,1.0,1.299999999999983,164.2,-26.25,0.009998419544193787,0
TSLA250711C00170000,2025-06-27 14:05:23+00:00,170.0,156.75,153.6,154.9,3.5200043,2.297203,14.0,1,1.625978432617187,True,REGULAR,USD,TSLA,2025-07-11,11,323.6300048828125,0.5252912197110944,2025-06-29 12:49:55.049723,154.1361984932839,-1.4567269409828612,152.14327305901713,2.6138015067161007,4.606726940982867,1.9929254342667662,1,0.9995765345002394,0.9923936863555066,0.00022952801700689885,-0.109945390377345,1.7916026044921871,0.0,0.0,OTM,6,6,7.0,1.3000000000000114,154.25,2.5,0.011780069850178976,0
TSLA250711C00175000,2025-06-26 16:58:27+00:00,175.0,154.13,148.6,149.95,0.0,0.0,2.0,6,1.572267763671875,True,REGULAR,USD,TSLA,2025-07-11,11,323.6300048828125,0.540740961467303,2025-06-29 12:49:55.049723,149.16002707570937,-1.3605966768392648,147.23940332316073,4.96997292429063,6.890596676839266,1.9206237525486358,1,0.9996733174623179,0.9916787076530017,0.0002568812252766595,-0.11463983919987374,1.7142592412109372,0.0,0.0,OTM,6,6,0.2857142857142857,1.3499999999999943,149.27499999999998,4.855000000000018,0.012748416815026878,0
TSLA250711C00180000,2025-06-24 16:15:34+00:00,180.0,164.17,143.7,144.95,0.0,0.0,3.0,15,1.5302757861328122,True,REGULAR,USD,TSLA,2025-07-11,11,323.6300048828125,0.5561907032235117,2025-06-29 12:49:55.049723,144.19979352657387,-1.3654914811005767,142.3345085188994,19.970206473426117,21.835491481100576,1.8652850076744585,1,0.9996733174623179,0.990531906816312,0.0002955460484242332,-0.12345745149171981,1.6509783076171876,0.0,0.0,OTM,6,6,0.1875,1.25,144.325,19.845,0.01427553008650933,0
TSLA250711C00185000,2025-06-27 17:13:31+00:00,185.0,140.25,138.7,140.05,1.9700012,1.4246466,11.0,9,1.4873072509765624,True,REGULAR,USD,TSLA,2025-07-11,11,323.6300048828125,0.5716404449797203,2025-06-29 12:49:55.049723,139.2405063985033,-1.2681617825648175,137.43183821743517,1.0094936014967004,2.818161782564829,1.8086681810681284,1,0.9997710446261859,0.989301358747566,0.00033830045493958225,-0.13215347538510788,1.5902364238281248,0.0,0.0,OTM,6,6,1.1,1.3500000000000227,139.375,0.875,0.01588183418083236,0
TSLA250711C00190000,2025-06-27 15:20:35+00:00,190.0,135.5,133.75,135.0,-2.1799927,-1.5833765,1.0,14,1.423831005859375,True,REGULAR,USD,TSLA,2025-07-11,11,323.6300048828125,0.5870901867359289,2025-06-29 12:49:55.049723,134.2485221269886,-1.225119128488501,132.5248808715115,1.251477873011396,2.975119128488501,1.723641255477105,1,0.9997191199952881,0.9888236584389049,0.0003670728116994393,-0.1322158538786736,1.5279320478515623,0.0,0.0,OTM,6,6,0.06666666666666667,1.25,134.375,1.125,0.01649711663020379,0
TSLA250711C00195000,2025-06-17 14:20:27+00:00,195.0,129.75,128.75,130.05,0.0,0.0,10.0,65,1.3720734521484377,True,REGULAR,USD,TSLA,2025-07-11,11,323.6300048828125,0.6025399284921377,2025-06-29 12:49:55.049723,129.27434281864024,-1.1313943328279379,127.61860566717206,0.47565718135976454,2.131394332827938,1.6557371514681734,1,0.9996375365296803,0.9878478037304261,0.00040963220573304437,-0.13672821278661315,1.4771510517578126,0.0,0.0,OTM,6,6,0.15151515151515152,1.3000000000000114,129.4,0.3499999999999943,0.017740621722319275,0
TSLA250711C00200000,2025-06-26 14:32:05+00:00,200.0,127.85,123.85,125.1,0.0,0.0,21.0,103,1.3369173779296872,True,REGULAR,USD,TSLA,2025-07-11,11,323.6300048828125,0.6179896702483463,2025-06-29 12:49:55.049723,124.33203153047705,-1.1301201965700614,122.71987980342993,3.517968469522941,5.130120196570061,1.6121517270471202,1,0.9997915523967044,0.9859626112347603,0.0004762156667243344,-0.1487989767852015,1.4300809746093748,0.0,0.0,OTM,6,6,0.20192307692307693,1.25,124.475,3.375,0.020095815169380783,0
TSLA250711C00205000,2025-06-26 16:37:47+00:00,205.0,124.82,118.85,120.1,0.0,0.0,1.0,8,1.276370805664062,True,REGULAR,USD,TSLA,2025-07-11,11,323.6300048828125,0.633439412004555,2025-06-29 12:49:55.049723,119.34014336806877,-1.0426695301192694,117.80733046988072,5.479856631931227,7.012669530119268,1.5328128981880411,1,0.9998822931039613,0.985305238455382,0.0005188558898338799,-0.14860953810273805,1.379299978515625,0.0,0.0,OTM,6,6,0.1111111111111111,1.25,119.475,5.344999999999999,0.02090359552239783,0
TSLA250711C00210000,2025-06-16 16:26:18+00:00,210.0,122.24,113.9,115.1,0.0,0.0,2.0,3,1.2255898095703124,True,REGULAR,USD,TSLA,2025-07-11,11,323.6300048828125,0.6488891537607636,2025-06-29 12:49:55.049723,114.36699610475978,-1.0009507192143587,112.89904928078565,7.873003895240217,9.340950719214348,1.4679468239741311,1,0.9998822931039613,0.9840721086841654,0.0005790734263947083,-0.15275544790141962,1.326956490234375,0.0,0.0,OTM,6,6,0.5,1.1999999999999886,114.5,7.739999999999995,0.02240145139146716,0
TSLA250711C00215000,2025-06-27 19:41:51+00:00,215.0,108.54,108.9,110.15,-4.970001,-4.37847,1.0,12,1.1748088134765624,True,REGULAR,USD,TSLA,2025-07-11,11,323.6300048828125,0.6643388955169722,2025-06-29 12:49:55.049723,109.39314659742047,-0.9105339280446856,107.98946607195532,-0.8531465974204622,0.5505339280446861,1.4036805254651483,0,0.0009760150293746733,0.9827681363601174,0.0006461890245351562,-0.15654193774517586,1.2771520517578123,0.0,0.0,OTM,6,6,0.07692307692307693,1.25,109.525,-0.9849999999999994,0.023962060123428063,0
TSLA250711C00220000,2025-06-27 16:32:57+00:00,220.0,105.63,104.0,105.2,-3.4900055,-3.1983185,2.0,46,1.137211345214844,True,REGULAR,USD,TSLA,2025-07-11,11,323.6300048828125,0.679788637273181,2025-06-29 12:49:55.049723,104.45298636906003,-0.9064243929067572,103.09357560709324,1.1770136309399675,2.5364243929067527,1.3594107619667852,1,0.9998492207245155,0.9803689990191895,0.0007459402795704516,-0.16756192891582194,1.2301796303710937,0.0,0.0,OTM,6,6,0.0425531914893617,1.2000000000000028,104.6,1.0300000000000011,0.02677581032948782,0
TSLA250711C00225000,2025-06-27 17:04:17+00:00,225.0,100.46,99.05,100.25,-3.840004,-3.681691,7.0,16,1.092289694824219,True,REGULAR,USD,TSLA,2025-07-11,11,323.6300048828125,0.6952383790293896,2025-06-29 12:49:55.049723,99.4965800190333,-0.8584402788050767,98.19155972119492,0.963419980966691,2.2684402788050733,1.3050202978383822,1,0.9998474596021483,0.9782946111001014,0.0008455854749966551,-0.17448738495257526,1.18125409375,0.0,0.0,OTM,6,6,0.4117647058823529,1.2000000000000028,99.65,0.8099999999999881,0.029153636257372852,0
TSLA250711C00230000,2025-06-27 19:33:09+00:00,230.0,92.63,94.15,95.2,-3.8700027,-4.0103655,52.0,16,1.0417528381347658,True,REGULAR,USD,TSLA,2025-07-11,11,323.6300048828125,0.7106881207855983,2025-06-29 12:49:55.049723,94.52418132119689,-0.8679534945280238,93.28204650547198,-1.8941813211968963,-0.6520465054719864,1.24213481572491,0,0.00011181052197337235,0.976549766555034,0.0009463283813321638,-0.17769332116381711,1.1343305002441406,0.0,0.0,OTM,6,6,3.0588235294117645,1.0499999999999972,94.67500000000001,-2.045000000000016,0.031117445515285,0
TSLA250711C00235000,2025-06-27 13:41:47+00:00,235.0,88.73,89.2,90.25,-6.0699997,-6.402953,1.0,21,0.9965820654296876,True,REGULAR,USD,TSLA,2025-07-11,11,323.6300048828125,0.7261378625418069,2025-06-29 12:49:55.049723,89.56885512693398,-0.8188211781129837,88.38117882188702,-0.8388551269339786,0.34882117811298485,1.1876763050469634,0,0.00045844699664100355,0.974108972022964,0.0010749160244401612,-0.18408593251773564,1.0885289514160157,0.0,0.0,OTM,6,6,0.045454545454545456,1.0499999999999972,89.725,-0.9949999999999903,0.03381309968144413,0
TSLA250711C00240000,2025-06-27 19:41:31+00:00,240.0,83.82,84.4,85.1,-4.3600006,-4.9444327,8.0,2137,0.9467778759765624,True,REGULAR,USD,TSLA,2025-07-11,11,323.6300048828125,0.7415876042980155,2025-06-29 12:49:55.049723,84.59840583671556,-0.928445955892812,83.4715540441072,-0.7784058367155637,0.3484459558927995,1.1268517926083632,0,0.0018815523252838323,0.9719518337936482,0.0012096249553790257,-0.18706908982039352,1.0429227639160157,0.0,0.0,OTM,6,6,0.0037418147801683817,0.6999999999999886,84.75,-0.9300000000000068,0.03614899429292296,0
TSLA250711C00245000,2025-06-27 13:49:01+00:00,245.0,81.0,79.35,80.3,-1.4100037,-1.7109618,1.0,13,0.9057626611328125,True,REGULAR,USD,TSLA,2025-07-11,11,323.6300048828125,0.7570373460542242,2025-06-29 12:49:55.049723,79.66184562360223,-0.7673054458189768,78.58269455418102,1.3381543763977675,2.4173054458189824,1.079151069421215,1,0.9998460433257118,0.9684421424610424,0.0013943316327937744,-0.19614430555645096,0.9966330270996094,0.0,0.0,OTM,6,6,0.07142857142857142,0.9500000000000028,79.82499999999999,1.1750000000000114,0.039863724611927866,0
TSLA250711C00250000,2025-06-27 18:28:58+00:00,250.0,72.15,74.55,75.2,-6.0199966,-7.70116,37.0,2089,0.8598646826171875,True,REGULAR,USD,TSLA,2025-07-11,11,323.6300048828125,0.7724870878104328,2025-06-29 12:49:55.049723,74.70936336614662,-0.864849795440648,73.68515020455935,-2.559363366146613,-1.5351502045593435,1.0242131615872694,0,0.0001064843635656292,0.9651650230774,0.0015933003426619717,-0.20157223285201967,0.9501480246582032,0.0,0.0,OTM,6,6,0.01770334928229665,0.6500000000000057,74.875,-2.7249999999999943,0.04324392856566454,0
TSLA250711C00255000,2025-06-27 19:33:05+00:00,255.0,67.99,69.5,70.45,-4.2300034,-5.8571076,26.0,83,0.8215349877929687,True,REGULAR,USD,TSLA,2025-07-11,11,323.6300048828125,0.7879368295666416,2025-06-29 12:49:55.049723,69.7951731199802,-0.6834272707093589,68.81657272929064,-1.8051731199802106,-0.8265727292906462,0.9786003906895644,0,0.00017464200611606604,0.960201365488944,0.0018593830624882273,-0.21305857323814328,0.9061044545898438,0.0,0.0,OTM,6,6,0.30952380952380953,0.9500000000000028,69.975,-1.9849999999999994,0.048216126165943354,0
TSLA250711C00260000,2025-06-27 19:33:30+00:00,260.0,63.05,64.65,65.55,-6.6499977,-9.540887,61.0,163,0.7849142602539063,True,REGULAR,USD,TSLA,2025-07-11,11,323.6300048828125,0.8033865713228502,2025-06-29 12:49:55.049723,64.90037639790495,-0.6833105587642265,63.96668944123578,-1.8503763979049523,-0.916689441235782,0.9336869566691703,0,0.00013398513808832367,0.9540832506524436,0.0021845931256411887,-0.22651009559116303,0.8637708935546875,0.0,0.0,OTM,6,6,0.3719512195121951,0.8999999999999915,65.1,-2.049999999999997,0.05412403451937592,0
TSLA250711C00265000,2025-06-27 19:56:57+00:00,265.0,59.97,59.75,60.7,-4.4000015,-6.8354845,17.0,149,0.7463404272460938,True,REGULAR,USD,TSLA,2025-07-11,11,323.6300048828125,0.8188363130790588,2025-06-29 12:49:55.049723,60.00825786907225,-0.6270578993032885,59.12294210069671,-0.038257869072253925,0.8470578993032873,0.8853157683755413,1,0.9843254764649061,0.9472814342867116,0.002565449195115206,-0.23880287189779545,0.8236834038085938,0.0,0.0,OTM,6,6,0.11333333333333333,0.9500000000000028,60.225,-0.25500000000000256,0.06043628570616261,0
TSLA250711C00270000,2025-06-27 19:47:22+00:00,270.0,54.5,54.95,55.85,-4.830002,-8.140909,83.0,103,0.7116728051757812,True,REGULAR,USD,TSLA,2025-07-11,11,323.6300048828125,0.8342860548352675,2025-06-29 12:49:55.049723,55.157560443702636,-0.632775396133411,54.31722460386659,-0.6575604437026357,0.1827753961334082,0.8403358398360439,0,0.0003795646403393736,0.938275164748906,0.0030460762207114994,-0.25538891588701523,0.7848654326171876,0.0,0.0,OTM,6,6,0.7980769230769231,0.8999999999999986,55.400000000000006,-0.9000000000000057,0.06842558470998805,0
TSLA250711C00275000,2025-06-27 19:47:44+00:00,275.0,50.0,50.15,51.1,-4.580002,-8.391355,23.0,311,0.6792024267578126,True,REGULAR,USD,TSLA,2025-07-11,11,323.6300048828125,0.8497357965914761,2025-06-29 12:49:55.049723,50.34916005213222,-0.5953806738893022,49.554619326110696,-0.3491600521322198,0.4453806738893036,0.7945407260215234,0,0.0018099772273243433,0.9268473208590418,0.0036396057769783117,-0.2750875065183952,0.7487329814453125,0.0,0.0,OTM,6,6,0.07371794871794872,0.9500000000000028,50.625,-0.625,0.0780280861714842,0
TSLA250711C00280000,2025-06-27 19:00:01+00:00,280.0,41.19,45.65,46.35,-8.010002,-16.28049,144.0,1620,0.6567417138671876,True,REGULAR,USD,TSLA,2025-07-11,11,323.6300048828125,0.8651855383476849,2025-06-29 12:49:55.049723,45.667148772206616,-0.7400139240823123,44.909986075917686,-4.477148772206618,-3.7199860759176886,0.7571626962889297,0,0.0001954098241951735,0.9099391697144844,0.00440337530103118,-0.306573843363603,0.7157743266601564,0.0,0.0,OTM,6,6,0.08883405305367058,0.7000000000000028,46.0,-4.810000000000002,0.09128043148682696,0
TSLA250711C00285000,2025-06-27 19:56:17+00:00,285.0,41.12,41.15,41.8,-3.380001,-7.5955076,31.0,313,0.6359899682617188,True,REGULAR,USD,TSLA,2025-07-11,11,323.6300048828125,0.8806352801038935,2025-06-29 12:49:55.049723,41.0760678345992,-0.7980880498675944,40.351911950132404,0.04393216540079692,0.7680880498675933,0.7241558844667964,0,0.029200470913608414,0.8887948202476106,0.005303748853737536,-0.34156857806961166,0.6859894682617188,0.0,0.0,OTM,6,6,0.09872611464968153,0.6499999999999986,41.474999999999994,-0.3549999999999969,0.10647081944037039,0
TSLA250711C00290000,2025-06-27 19:35:07+00:00,290.0,35.25,36.7,37.1,-3.8400002,-9.823484,113.0,1657,0.6051064880371095,True,REGULAR,USD,TSLA,2025-07-11,11,323.6300048828125,0.8960850218601021,2025-06-29 12:49:55.049723,36.45675705925626,-0.9274824961323418,35.77251750386766,-1.2067570592562618,-0.522517503867661,0.6842395553886007,0,6.800536245268684e-05,0.8667926790851714,0.006328165164697842,-0.3658755192723372,0.657742680419922,0.0,0.0,OTM,6,6,0.06815440289505428,0.3999999999999986,36.900000000000006,-1.6500000000000057,0.1208667920298644,0
TSLA250711C00295000,2025-06-27 19:20:20+00:00,295.0,29.65,32.3,33.2,-7.500002,-20.18843,21.0,666,0.5952799261474608,True,REGULAR,USD,TSLA,2025-07-11,11,323.6300048828125,0.9115347636163108,2025-06-29 12:49:55.049723,32.21254149133608,-0.7501562933025809,31.549843706697416,-2.562541491336084,-1.8998437066974176,0.6626977846386666,0,7.989176906813663e-05,0.8321169599869855,0.007505792968058888,-0.41408219813288477,0.6344641046142578,0.0,0.0,OTM,6,6,0.031484257871064465,0.9000000000000057,32.75,-3.1000000000000014,0.14103119928863697,0
TSLA250711C00297500,2025-06-27 19:54:40+00:00,297.5,30.55,30.25,31.15,-4.209999,-12.111621,96.0,198,0.5880168151855469,True,REGULAR,USD,TSLA,2025-07-11,11,323.6300048828125,0.9192596344944152,2025-06-29 12:49:55.049723,30.12217244230459,-0.7732318132439389,29.47676818675606,0.42782755769541225,1.0732318132439396,0.6454042555485273,1,0.9984573448940608,0.813405568978102,0.008123062293141805,-0.4349054524533333,0.6162269822998048,0.0,0.0,OTM,6,6,0.4824120603015075,0.8999999999999986,30.7,-0.14999999999999858,0.15076721394925888,0
TSLA250711C00300000,2025-06-27 19:59:29+00:00,300.0,28.65,28.35,29.15,-2.6800003,-8.554103,243.0,2068,0.5837443969726561,True,REGULAR,USD,TSLA,2025-07-11,11,323.6300048828125,0.9269845053725194,2025-06-29 12:49:55.049723,28.124857522460275,-0.8530841416294699,27.49691585837053,0.525142477539724,1.153084141629467,0.6279416640897431,1,0.9996610435340578,0.792094950827514,0.008735939916627428,-0.4583633410716776,0.6016275189208985,0.0,0.0,OTM,6,6,0.11744804253262446,0.7999999999999972,28.75,-0.10000000000000142,0.1609643661446651,0
TSLA250711C00302500,2025-06-27 19:56:37+00:00,302.5,26.63,26.35,27.25,-3.5200005,-11.67496,227.0,91,0.5766643896484375,True,REGULAR,USD,TSLA,2025-07-11,11,323.6300048828125,0.9347093762506238,2025-06-29 12:49:55.049723,26.134241734523414,-0.825511104662997,25.524488895337004,0.4957582654765851,1.1055111046629946,0.6097528391864095,1,0.9992292384008228,0.7702188558074361,0.009367361341157036,-0.47749468041394366,0.5897624031982421,0.0,0.0,OTM,6,6,2.467391304347826,0.8999999999999986,26.8,-0.1700000000000017,0.17050526226545018,0
TSLA250711C00305000,2025-06-27 19:55:48+00:00,305.0,24.7,24.5,25.4,-3.2799988,-11.722655,316.0,502,0.5721478332519532,True,REGULAR,USD,TSLA,2025-07-11,11,323.6300048828125,0.942434247128728,2025-06-29 12:49:55.049723,24.24272240854603,-0.8554953881973582,23.644504611802642,0.45727759145396973,1.0554953881973574,0.5982177967433877,1,0.9992350115377718,0.7459356825803665,0.009970346241702116,-0.4980240744960103,0.5831706722412109,0.0,0.0,OTM,6,6,0.6282306163021869,0.8999999999999986,24.95,-0.25,0.1800594330029866,0
TSLA250711C00307500,2025-06-27 19:59:16+00:00,307.5,23.1,22.9,23.6,-2.8500004,-10.98266,450.0,189,0.5718426605224609,True,REGULAR,USD,TSLA,2025-07-11,11,323.6300048828125,0.9501591180068324,2025-06-29 12:49:55.049723,22.492413781613806,-0.9977655314302041,21.902234468569795,0.6075862183861958,1.197765531430207,0.5901793130440112,1,0.9993704778815694,0.7189829231331769,0.010496176693966509,-0.5212397933730588,0.578483219116211,0.0,0.0,ATM,6,6,2.3684210526315788,0.7000000000000028,23.25,-0.14999999999999858,0.18945456083953874,0
TSLA250711C00310000,2025-06-27 19:57:10+00:00,310.0,21.45,21.2,21.9,-3.5999985,-14.371252,647.0,587,0.5684857604980469,True,REGULAR,USD,TSLA,2025-07-11,11,323.6300048828125,0.9578839888849368,2025-06-29 12:49:55.049723,20.753809548847016,-1.0245502345572355,20.175449765442764,0.6961904511529831,1.2745502345572355,0.5783597834042524,1,0.9994449780475646,0.691678775960115,0.011019742673131168,-0.538779277167194,0.5745770081787109,0.0,0.0,ATM,6,6,1.1003401360544218,0.6999999999999993,21.549999999999997,-0.09999999999999787,0.1977372201421087,0
TSLA250711C00312500,2025-06-27 19:57:10+00:00,312.5,19.85,19.6,20.2,-3.5499992,-15.170938,1125.0,247,0.5644574804687501,True,REGULAR,USD,TSLA,2025-07-11,11,323.6300048828125,0.9656088597630412,2025-06-29 12:49:55.049723,19.071122239040164,-1.0931066512137235,18.506893348786278,0.778877760959837,1.3431066512137235,0.5642288902538866,1,0.9964060146300777,0.6633108170950079,0.01151061042074443,-0.5529754291294549,0.5707196248779297,0.0,0.0,ATM,6,6,4.536290322580645,0.5999999999999979,19.9,-0.04999999999999716,0.20508172820322876,0
TSLA250711C00315000,2025-06-27 19:59:52+00:00,315.0,18.4,18.15,18.7,-2.3500004,-11.325303,908.0,608,0.5650678259277344,True,REGULAR,USD,TSLA,2025-07-11,11,323.6300048828125,0.9733337306411456,2025-06-29 12:49:55.049723,17.558058716942952,-1.1462444154522906,17.003755584547708,0.8419412830570465,1.3962444154522906,0.5543031323952441,1,0.9967291664225353,0.6330484374456999,0.011860901802429928,-0.5690270338346487,0.5684003121337892,0.0,0.0,ATM,6,6,1.4909688013136289,0.5500000000000007,18.424999999999997,-0.02499999999999858,0.2115512864258172,0
TSLA250711C00317500,2025-06-27 19:59:40+00:00,317.5,16.8,16.75,17.0,-3.8500004,-18.64407,557.0,219,0.5594526477050781,True,REGULAR,USD,TSLA,2025-07-11,11,323.6300048828125,0.9810586015192496,2025-06-29 12:49:55.049723,15.989015371838747,-1.3013368186219676,15.448663181378032,0.810984628161254,1.3513368186219683,0.5403521904607143,1,0.9955254989875977,0.6029441930797244,0.012267570519715672,-0.5754236843633956,0.5658612750244141,0.0,0.0,ATM,6,6,2.5318181818181817,0.25,16.875,-0.07499999999999929,0.21663033784688857,0
TSLA250711C00320000,2025-06-27 19:59:52+00:00,320.0,15.5,15.4,15.6,-2.2999992,-12.921345,2669.0,980,0.5582319567871095,True,REGULAR,USD,TSLA,2025-07-11,11,323.6300048828125,0.988783472397354,2025-06-29 12:49:55.049723,14.591411933423984,-1.3340544307608937,14.065945569239107,0.9085880665760158,1.4340544307608933,0.5254663641848776,1,0.9981332310791242,0.5715808884902109,0.012514968861957743,-0.582884511056768,0.5631391342773437,0.0,0.0,ATM,6,6,2.720693170234455,0.1999999999999993,15.5,0.0,0.22051688463897276,0
TSLA250711C00322500,2025-06-27 19:59:42+00:00,322.5,14.2,14.1,14.35,-2.2699995,-13.782633,1378.0,392,0.5581098876953126,True,REGULAR,USD,TSLA,2025-07-11,11,323.6300048828125,0.9965083432754585,2025-06-29 12:49:55.049723,13.297488778369,-1.305865397649912,12.794134602350088,0.9025112216309985,1.4058653976499116,0.5033541760189131,1,0.9973445613206241,0.5398665893409956,0.012659482265498434,-0.5878694498336606,0.5610639597167969,0.0,0.0,ATM,6,6,3.5063613231552164,0.25,14.225,-0.025000000000000355,0.22301446954630752,0
TSLA250711C00325000,2025-06-27 19:59:58+00:00,325.0,13.0,12.9,13.2,-2.0500002,-13.6212635,2968.0,1645,0.5590254058837891,False,REGULAR,USD,TSLA,2025-07-11,11,323.6300048828125,1.0042332141535628,2025-06-29 12:49:55.049723,12.106408559771126,-1.269758128824913,11.630241871175087,0.8935914402288745,1.3697581288249125,0.47616668859603806,1,0.9985458884172955,0.5081866023300399,0.01269955128134751,-0.5902823740062065,0.5599775447998048,0.0,0.0,ATM,6,6,1.8031591737545565,0.29999999999999893,13.05,-0.05000000000000071,0.2240873299847843,0
TSLA250711C00327500,2025-06-27 19:59:40+00:00,327.5,11.85,11.8,12.05,-2.12,-15.175375,3048.0,850,0.5590864404296876,False,REGULAR,USD,TSLA,2025-07-11,11,323.6300048828125,1.0119580850316672,2025-06-29 12:49:55.049723,10.9749418065484,-1.2757008172226403,10.52429918277736,0.8750581934515989,1.3257008172226392,0.45064262377104036,1,0.9976573120110388,0.4767064986197423,0.012679183306874082,-0.5882526687332664,0.5587812677001953,0.0,0.0,ATM,6,6,3.581668625146886,0.25,11.925,-0.07500000000000107,0.22375235774101024,0
TSLA250711C00330000,2025-06-27 19:59:52+00:00,330.0,10.8,10.7,10.95,-2.0,-15.625,5119.0,3360,0.5572554040527344,False,REGULAR,USD,TSLA,2025-07-11,11,323.6300048828125,1.019682955909771,2025-06-29 12:49:55.049723,9.878798481042196,-1.2387530279423373,9.461246972057662,0.9212015189578047,1.3387530279423387,0.4175515089845341,1,0.9987954300483752,0.4453017150075162,0.01262261152446431,-0.5807716469303671,0.5583418189697267,0.0,0.0,ATM,6,6,1.5230586135078845,0.25,10.825,-0.02499999999999858,0.22202449226508406,0
TSLA250711C00332500,2025-06-27 19:59:37+00:00,332.5,9.8,9.75,10.05,-2.0999994,-17.647055,1073.0,655,0.5596967858886719,False,REGULAR,USD,TSLA,2025-07-11,11,323.6300048828125,1.0274078267878757,2025-06-29 12:49:55.049723,8.952937210897872,-1.1814342228283792,8.56856577717162,0.8470627891021287,1.2314342228283799,0.38437143372625115,1,0.9906261820539825,0.41519818462766617,0.012399270091304317,-0.5744643352385763,0.558634784790039,0.0,0.0,ATM,6,6,1.6356707317073171,0.3000000000000007,9.9,-0.09999999999999964,0.219051541377255,0
TSLA250711C00335000,2025-06-27 19:59:59+00:00,335.0,9.0,8.85,9.1,-1.75,-16.27907,1422.0,1506,0.5594526477050781,False,REGULAR,USD,TSLA,2025-07-11,11,323.6300048828125,1.03513269766598,2025-06-29 12:49:55.049723,8.041009802285515,-1.1626422454355367,7.687357754564463,0.9589901977144848,1.312642245435537,0.3536520477210523,1,0.9975099692182007,0.3853511834002469,0.012164719109228415,-0.5622473145554888,0.5589033367919922,0.0,0.0,ATM,6,6,0.9435965494359655,0.25,8.975,0.025000000000000355,0.21481410734174702,0
TSLA250711C00337500,2025-06-27 19:58:07+00:00,337.5,8.05,8.05,8.35,-1.6999998,-17.435894,668.0,629,0.5627485131835939,False,REGULAR,USD,TSLA,2025-07-11,11,323.6300048828125,1.0428575685440844,2025-06-29 12:49:55.049723,7.274430995294992,-1.1034362867201963,6.946563713279804,0.7755690047050088,1.1034362867201963,0.32786728201518756,0,0.13176547975741726,0.3574496277410208,0.011803818056701098,-0.551172651597781,0.5596479582519531,0.0,0.0,ATM,6,6,1.0603174603174603,0.29999999999999893,8.2,-0.14999999999999858,0.2096690093370734,0
TSLA250711C00340000,2025-06-27 19:59:55+00:00,340.0,7.39,7.3,7.5,-1.6100001,-17.88889,2914.0,2395,0.5623212713623047,False,REGULAR,USD,TSLA,2025-07-11,11,323.6300048828125,1.0505824394221888,2025-06-29 12:49:55.049723,6.4961546523702225,-1.1033050525860375,6.196694947413962,0.8938453476297772,1.1933050525860374,0.2994597049562602,1,0.9364443299712519,0.3295206861017629,0.011456459716054097,-0.5334683069459325,0.5602949244384765,0.0,0.0,ITM,6,6,1.2161936560934892,0.20000000000000018,7.4,-0.010000000000000675,0.2033444506502903,0
TSLA250711C00342500,2025-06-27 19:59:40+00:00,342.5,6.7,6.6,6.9,-1.5,-18.292683,822.0,701,0.565983344116211,False,REGULAR,USD,TSLA,2025-07-11,11,323.6300048828125,1.0583073103002931,2025-06-29 12:49:55.049723,5.8636051247213885,-1.0138010395658732,5.5861989604341264,0.8363948752786117,1.1138010395658737,0.27740616428726206,1,0.9025592801260394,0.3042169783464683,0.011003095721366117,-0.5183881666821043,0.5620405124511719,0.0,0.0,ITM,6,6,1.170940170940171,0.3000000000000007,6.75,-0.04999999999999982,0.196569404619989,0
TSLA250711C00345000,2025-06-27 19:59:18+00:00,345.0,6.05,6.0,6.1,-1.3499999,-18.24324,1459.0,1507,0.5648236877441408,False,REGULAR,USD,TSLA,2025-07-11,11,323.6300048828125,1.0660321811783973,2025-06-29 12:49:55.049723,5.196042398067476,-1.0570872689339312,4.942912731066069,0.8539576019325237,1.107087268933931,0.2531296670014074,1,0.9638510895569836,0.27835512024191555,0.010577640383416572,-0.49578893710938987,0.5630658928222657,0.0,0.0,ITM,6,6,0.9675066312997348,0.09999999999999964,6.05,0.0,0.18858149752349349,0
TSLA250711C00347500,2025-06-27 19:59:17+00:00,347.5,5.45,5.4,5.7,-1.95,-26.351353,777.0,843,0.5706830041503907,False,REGULAR,USD,TSLA,2025-07-11,11,323.6300048828125,1.0737570520565016,2025-06-29 12:49:55.049723,4.71523521444395,-0.920724674248186,4.479275325751814,0.7347647855560497,0.9707246742481859,0.23595988869213613,1,0.9247096640879222,0.2566949618698623,0.010049897691447788,-0.4803320809343149,0.5653119641113282,0.0,0.0,ITM,6,6,0.9206161137440758,0.2999999999999998,5.550000000000001,-0.10000000000000053,0.18103142069081177,0
TSLA250711C00350000,2025-06-27 19:59:59+00:00,350.0,4.95,4.9,5.05,-1.25,-20.161291,6774.0,4742,0.5704388659667969,False,REGULAR,USD,TSLA,2025-07-11,11,323.6300048828125,1.081481922934606,2025-06-29 12:49:55.049723,4.173973767153683,-0.9397182201764691,3.9602817798235312,0.7760262328463172,0.9897182201764689,0.2136919873301517,1,0.9829579092279729,0.23383392832939603,0.00956227519829002,-0.4562255575595421,0.5668500346679688,0.0,0.0,ITM,6,6,1.4282099936748893,0.14999999999999947,4.975,-0.024999999999999467,0.17217406232480745,0
TSLA250711C00352500,2025-06-27 19:55:29+00:00,352.5,4.37,4.45,4.65,-1.78,-28.943092,565.0,485,0.5756878369140624,False,REGULAR,USD,TSLA,2025-07-11,11,323.6300048828125,1.0892067938127103,2025-06-29 12:49:55.049723,3.774063986188281,-0.8723010226664649,3.5776989773335353,0.5959360138117189,0.7923010226664648,0.19636500885474595,0,0.008682271136459092,0.21477336345615833,0.009028463906969373,-0.4383062904028872,0.5695233477783204,0.0,0.0,ITM,6,6,1.162551440329218,0.20000000000000018,4.550000000000001,-0.1800000000000006,0.16405833524024746,0
TSLA250711C00355000,2025-06-27 19:59:44+00:00,355.0,4.05,4.0,4.2,-1.0299997,-20.275585,1908.0,1439,0.5773968041992188,False,REGULAR,USD,TSLA,2025-07-11,11,323.6300048828125,1.0969316646908147,2025-06-29 12:49:55.049723,3.3575780865077363,-0.8173152971586202,3.18268470284138,0.6924219134922636,0.86731529715862,0.17489338366635643,1,0.962919307925279,0.1954908626307733,0.008512188730772176,-0.4153663454008617,0.571806039794922,0.0,0.0,ITM,6,6,1.325,0.20000000000000018,4.1,-0.04999999999999982,0.15513614672658976,0
TSLA250711C00357500,2025-06-27 19:54:10+00:00,357.5,3.6,3.6,3.9,-1.25,-25.773197,174.0,182,0.5827678442382812,False,REGULAR,USD,TSLA,2025-07-11,11,323.6300048828125,1.104656535568919,2025-06-29 12:49:55.049723,3.0358646132802463,-0.7220289282631298,2.8779710717368703,0.5641353867197538,0.7220289282631298,0.15789354154337598,0,0.03489725761610726,0.17921280502100162,0.007992329510060675,-0.39696796783353416,0.57539487109375,0.0,0.0,ITM,6,6,0.9508196721311475,0.2999999999999998,3.75,-0.1499999999999999,0.14701658873679904,0
TSLA250711C00360000,2025-06-27 19:59:42+00:00,360.0,3.35,3.3,3.4,-0.9000001,-21.176472,2505.0,3238,0.5830119824218749,False,REGULAR,USD,TSLA,2025-07-11,11,323.6300048828125,1.1123814064470234,2025-06-29 12:49:55.049723,2.674813914066341,-0.7651916209669798,2.53480837903302,0.6751860859336589,0.8151916209669801,0.14000553503332114,1,0.8042018719193039,0.1618715260664651,0.007484858006172926,-0.37182693142449397,0.5778606667480469,0.0,0.0,ITM,6,6,0.7733868477925285,0.10000000000000009,3.3499999999999996,4.440892098500626e-16,0.13773947611922632,0
TSLA250711C00362500,2025-06-27 19:53:20+00:00,362.5,2.81,3.0,3.2,-1.1,-28.132994,199.0,364,0.5907023352050782,False,REGULAR,USD,TSLA,2025-07-11,11,323.6300048828125,1.1201062773251276,2025-06-29 12:49:55.049723,2.447559416635457,-0.680367926172599,2.319632073827401,0.3624405833645432,0.49036792617259906,0.12792734280805584,0,0.012466736923302748,0.1491448635414666,0.006998862306218373,-0.3566569131390056,0.5819133605957031,0.0,0.0,ITM,6,6,0.5452054794520548,0.20000000000000018,3.1,-0.29000000000000004,0.1304948935405816,0
TSLA250711C00365000,2025-06-27 19:59:27+00:00,365.0,2.74,2.73,2.8,-0.79999995,-22.59887,751.0,1233,0.590946473388672,False,REGULAR,USD,TSLA,2025-07-11,11,323.6300048828125,1.127831148203232,2025-06-29 12:49:55.049723,2.1514740363595166,-0.6932995637240373,2.0367004362759626,0.5885259636404836,0.7032995637240376,0.11477360008355397,1,0.9937079828362073,0.1342268230460663,0.006513852157055208,-0.33202492861490013,0.5849650878906251,0.0,0.0,ITM,6,6,0.6085899513776337,0.06999999999999984,2.7649999999999997,-0.024999999999999467,0.12150199889321224,0
TSLA250711C00367500,2025-06-27 19:59:30+00:00,367.5,2.5,2.48,2.66,-0.9,-26.470587,345.0,148,0.5991251025390626,False,REGULAR,USD,TSLA,2025-07-11,11,323.6300048828125,1.1355560190813363,2025-06-29 12:49:55.049723,1.9772791605985276,-0.6101493385811205,1.8698506614188795,0.5227208394014724,0.6301493385811205,0.10742849917964814,1,0.9448805513099383,0.12389312586796325,0.0060777263645019515,-0.31822639037424044,0.5893107475585937,0.0,0.0,ITM,6,6,2.315436241610738,0.18000000000000016,2.5700000000000003,-0.07000000000000028,0.11493598966031436,0
TSLA250711C00370000,2025-06-27 19:59:51+00:00,370.0,2.3,2.26,2.33,-0.56999993,-19.860626,1353.0,2412,0.5998575170898439,False,REGULAR,USD,TSLA,2025-07-11,11,323.6300048828125,1.1432808899594409,2025-06-29 12:49:55.049723,1.7400660720209444,-0.6182484837729774,1.6417515162270224,0.5599339279790554,0.6582484837729774,0.09831455579392201,1,0.9919646281414612,0.1113633746807906,0.005628945895135233,-0.29530028274731623,0.5927286821289063,0.0,0.0,ITM,6,6,0.5607128056361376,0.07000000000000028,2.295,0.004999999999999893,0.10657922554402907,0
TSLA250711C00372500,2025-06-27 19:58:19+00:00,372.5,2.08,2.07,2.2,-0.84,-28.767124,341.0,308,0.6079140771484376,False,REGULAR,USD,TSLA,2025-07-11,11,323.6300048828125,1.151005760837545,2025-06-29 12:49:55.049723,1.6014867448342542,-0.561606489919567,1.5083935100804329,0.47851325516574583,0.5716064899195672,0.09309323475382136,1,0.9007814308852569,0.10283352814985514,0.0052441063269273395,-0.28239444734414076,0.5977091010742188,0.0,0.0,ITM,6,6,1.103559870550162,0.13000000000000034,2.135,-0.054999999999999716,0.10062619922215317,0
TSLA250711C00375000,2025-06-27 19:59:37+00:00,375.0,1.9,1.89,2.03,-0.5200001,-21.487608,651.0,1708,0.6132851171875001,False,REGULAR,USD,TSLA,2025-07-11,11,323.6300048828125,1.1587306317156494,2025-06-29 12:49:55.049723,1.4510659699370798,-0.5258011372310343,1.3641988627689656,0.4489340300629201,0.5358011372310343,0.08686710716811419,1,0.9693592590553515,0.09402237066523217,0.004868116169220256,-0.26666975486239836,0.6022256574707032,0.0,0.0,ITM,6,6,0.38092451726155646,0.1399999999999999,1.96,-0.06000000000000005,0.09423684533463467,0
TSLA250711C00377500,2025-06-27 19:55:10+00:00,377.5,1.71,1.73,1.78,-0.51,-22.972973,135.0,140,0.6146278771972657,False,REGULAR,USD,TSLA,2025-07-11,11,323.6300048828125,1.1664555025937535,2025-06-29 12:49:55.049723,1.2805167823622519,-0.5288363180518603,1.2011636819481397,0.4294832176377481,0.5088363180518602,0.07935310041411214,0,0.09482846740371585,0.08448048701161354,0.00448566231418065,-0.24669270332948123,0.606961938232422,0.0,0.0,ITM,6,6,0.9574468085106383,0.050000000000000044,1.755,-0.04499999999999993,0.08702343280835917,0
TSLA250711C00380000,2025-06-27 19:59:52+00:00,380.0,1.6,1.59,1.62,-0.38,-19.19192,1760.0,3118,0.619388571777344,False,REGULAR,USD,TSLA,2025-07-11,11,323.6300048828125,1.174180373471858,2025-06-29 12:49:55.049723,1.1562066708625203,-0.5087120790583999,1.0812879209416002,0.4437933291374798,0.5187120790583999,0.07491874992092007,1,0.9472549701487978,0.0770004289236091,0.004150196482109675,-0.23169399417975955,0.6110146320800782,0.0,0.0,ITM,6,6,0.5642834241744149,0.030000000000000027,1.605,-0.004999999999999893,0.08113892065155014,0
TSLA250711C00382500,2025-06-27 19:50:01+00:00,382.5,1.38,1.47,1.5,-0.52,-27.36842,120.0,248,0.6257361645507813,False,REGULAR,USD,TSLA,2025-07-11,11,323.6300048828125,1.1819052443499622,2025-06-29 12:49:55.049723,1.0566644359890063,-0.4845116720007625,0.9854883279992375,0.3233355640109936,0.3945116720007624,0.07117610798976881,0,0.01176869490286766,0.07073356290500014,0.0038500246154825083,-0.21927324335396842,0.6161903615722657,0.0,0.0,ITM,6,6,0.4819277108433735,0.030000000000000027,1.4849999999999999,-0.10499999999999998,0.07604175688334118,0
TSLA250711C00385000,2025-06-27 19:59:54+00:00,385.0,1.38,1.35,1.39,-0.28999996,-17.365269,874.0,1297,0.6315954809570312,False,REGULAR,USD,TSLA,2025-07-11,11,323.6300048828125,1.1896301152280666,2025-06-29 12:49:55.049723,0.9634784356777715,-0.453907851245824,0.8960921487541761,0.4165215643222284,0.4839078512458238,0.06738628692359538,1,0.9813865617964439,0.06487193412887463,0.003567766612476545,-0.20694088548100625,0.6209266423339844,0.0,0.0,ITM,6,6,0.6733436055469953,0.039999999999999813,1.37,0.009999999999999787,0.07112672811385666,0
TSLA250711C00387500,2025-06-27 19:59:49+00:00,387.5,1.26,1.25,1.29,-0.29,-18.709677,53.0,280,0.637698935546875,False,REGULAR,USD,TSLA,2025-07-11,11,323.6300048828125,1.197354986106171,2025-06-29 12:49:55.049723,0.8811557836446049,-0.43365900008738645,0.8163409999126136,0.3788442163553951,0.44365900008738646,0.06481478373199134,1,0.9708393959486212,0.05961383727557928,0.0033081437961533064,-0.19553688059494892,0.6258094060058594,0.0,0.0,ITM,6,6,0.18861209964412812,0.040000000000000036,1.27,-0.010000000000000009,0.06658822697870566,0
TSLA250711C00390000,2025-06-27 19:59:40+00:00,390.0,1.17,1.16,1.2,-0.23000002,-16.428574,1254.0,1138,0.6442906665039063,False,REGULAR,USD,TSLA,2025-07-11,11,323.6300048828125,1.205079856984275,2025-06-29 12:49:55.049723,0.8099415498056608,-0.41196940842950935,0.7480305915704906,0.36005845019433913,0.42196940842950936,0.06191095823517023,1,0.9569823457375863,0.05497241670898729,0.0030719579960334516,-0.18528508172832042,0.6317419638671875,0.0,0.0,ITM,6,6,1.1009657594381037,0.040000000000000036,1.18,-0.010000000000000009,0.06247330666139653,0
TSLA250711C00392500,2025-06-27 19:54:52+00:00,392.5,1.08,1.07,1.11,-0.28,-20.588236,138.0,70,0.6496617065429688,False,REGULAR,USD,TSLA,2025-07-11,11,323.6300048828125,1.2128047278623797,2025-06-29 12:49:55.049723,0.7384244809607203,-0.38945536282226234,0.6805446371777377,0.34157551903927974,0.39945536282226235,0.05787984378298261,1,0.593163563496869,0.05040347197050262,0.00284383988241028,-0.17434179493985175,0.6377965908203125,0.0,0.0,ITM,6,6,1.943661971830986,0.040000000000000036,1.09,-0.010000000000000009,0.05831627689662623,0
TSLA250711C00395000,2025-06-27 19:59:56+00:00,395.0,1.0,1.0,1.03,-0.21000004,-17.355375,1259.0,3729,0.6562534375000001,False,REGULAR,USD,TSLA,2025-07-11,11,323.6300048828125,1.2205295987404838,2025-06-29 12:49:55.049723,0.6806015773028875,-0.37342247080683855,0.6265775291931615,0.3193984226971125,0.37342247080683855,0.05402404810972605,0,0.03678882289823052,0.04656975621924042,0.0026426881674377436,-0.16526292230535844,0.6439000454101562,0.0,0.0,ITM,6,6,0.3375335120643432,0.030000000000000027,1.0150000000000001,-0.015000000000000124,0.05474127288410562,0
TSLA250711C00397500,2025-06-27 19:54:45+00:00,397.5,0.96,0.93,0.96,-0.13,-11.926606,388.0,336,0.6623568920898439,False,REGULAR,USD,TSLA,2025-07-11,11,323.6300048828125,1.2282544696185882,2025-06-29 12:49:55.049723,0.6257239024770698,-0.35433265539899006,0.57566734460101,0.3342760975229302,0.38433265539899,0.05005655787605978,1,0.9858280731019454,0.04295242940690035,0.0024532764929649548,-0.15623911789037281,0.6500523276367189,0.0,0.0,ITM,6,6,1.1513353115727003,0.029999999999999916,0.9450000000000001,0.014999999999999902,0.051290382452915805,0
TSLA250711C00400000,2025-06-27 19:59:56+00:00,400.0,0.88,0.88,0.9,-0.100000024,-10.204084,3482.0,5433,0.6699251757812501,False,REGULAR,USD,TSLA,2025-07-11,11,323.6300048828125,1.2359793404966926,2025-06-29 12:49:55.049723,0.583109238580013,-0.3432539676665354,0.5367460323334646,0.29689076141998705,0.3432539676665354,0.04636320624654833,0,0.026578066211435703,0.04000673415320652,0.0022898631843149453,-0.14914103824118674,0.6564975756835938,0.0,0.0,ITM,6,6,0.6407802723592197,0.020000000000000018,0.89,-0.010000000000000009,0.04842093974099038,0
TSLA250711C00402500,2025-06-27 19:59:30+00:00,402.5,0.82,0.82,0.84,-0.18,-18.0,65.0,84,0.6760286303710938,False,REGULAR,USD,TSLA,2025-07-11,11,323.6300048828125,1.243704211374797,2025-06-29 12:49:55.049723,0.5376477613247541,-0.3255840641556402,0.4944159358443598,0.28235223867524584,0.3255840641556402,0.04323182548039434,0,0.023603619256490623,0.03698185359551309,0.002128339427387578,-0.14112097949661995,0.6628451684570313,0.0,0.0,ITM,6,6,0.7647058823529411,0.020000000000000018,0.83,-0.010000000000000009,0.04541542259807768,0
TSLA250711C00405000,2025-06-27 19:59:56+00:00,405.0,0.79,0.76,0.87,-0.13999999,-15.053762,188.0,669,0.6887238159179689,False,REGULAR,USD,TSLA,2025-07-11,11,323.6300048828125,1.2514290822529013,2025-06-29 12:49:55.049723,0.5249718008167292,-0.27751073061743986,0.48248926938256015,0.2650281991832708,0.3075107306174399,0.04248253143416908,1,0.9444580099164452,0.035654378732928524,0.0020275224266717916,-0.1394933311460568,0.6706575903320313,0.0,0.0,ITM,6,6,0.28059701492537314,0.10999999999999999,0.815,-0.02499999999999991,0.044076606259851714,0
TSLA250711C00407500,2025-06-27 19:57:51+00:00,407.5,0.72,0.71,0.82,-0.13,-15.294117,132.0,79,0.6953155468750001,False,REGULAR,USD,TSLA,2025-07-11,11,323.6300048828125,1.2591539531310056,2025-06-29 12:49:55.049723,0.4877995620065647,-0.2620983495276203,0.4479016504723797,0.23220043799343526,0.2720983495276203,0.03989791153418504,1,0.9184624819074698,0.03316022836371345,0.00189211727880839,-0.13264943422928907,0.6784700122070314,0.0,0.0,ITM,6,6,1.65,0.10999999999999999,0.7649999999999999,-0.04499999999999993,0.04152669537532511,0
TSLA250711C00410000,2025-06-27 19:59:41+00:00,410.0,0.67,0.67,0.7,-0.050000012,-6.9444456,547.0,1106,0.6958038232421876,False,REGULAR,USD,TSLA,2025-07-11,11,323.6300048828125,1.26687882400911,2025-06-29 12:49:55.049723,0.43040244288233787,-0.2755748686502391,0.3944251313497609,0.23959755711766217,0.2755748686502391,0.03597731153257694,0,0.11186773950459966,0.029680318261975112,0.0017251691869647886,-0.12109084294444215,0.6851593984375001,0.0,0.0,ITM,6,6,0.4941282746160795,0.029999999999999916,0.685,-0.015000000000000013,0.037889239092172476,0
TSLA250711C00412500,2025-06-27 19:41:03+00:00,412.5,0.58,0.63,0.66,-0.1,-14.705883,29.0,71,0.702151416015625,False,REGULAR,USD,TSLA,2025-07-11,11,323.6300048828125,1.274603694887214,2025-06-29 12:49:55.049723,0.39994201072163804,-0.2636584407515089,0.3663415592484911,0.18005798927836192,0.21365844075150886,0.03360045147314694,0,0.017369658562874712,0.027603585044598485,0.0016094850389079336,-0.11501638039998442,0.691604646484375,0.0,0.0,ITM,6,6,0.4027777777777778,0.030000000000000027,0.645,-0.06500000000000006,0.0356709848707385,0
TSLA250711C00415000,2025-06-27 19:59:16+00:00,415.0,0.6,0.59,0.62,-0.00999999,-1.6393427,171.0,333,0.7084990087890625,False,REGULAR,USD,TSLA,2025-07-11,11,323.6300048828125,1.2823285657653185,2025-06-29 12:49:55.049723,0.3721593914166377,-0.24963863132948577,0.3403613686705142,0.2278406085833623,0.2596386313294858,0.03179802274612348,1,0.9812934290653956,0.025701827221819414,0.0015027358895638187,-0.10931551302168033,0.6980987221679689,0.0,0.0,ITM,6,6,0.5119760479041916,0.030000000000000027,0.605,-0.0050000000000000044,0.03360619058297934,0
TSLA250711C00417500,2025-06-27 19:43:00+00:00,417.5,0.52,0.56,0.58,-0.06,-10.344828,8.0,58,0.7148466015625,False,REGULAR,USD,TSLA,2025-07-11,11,323.6300048828125,1.2900534366434229,2025-06-29 12:49:55.049723,0.34679115195521515,-0.2437468968917632,0.31625310310823684,0.17320884804478487,0.20374689689176317,0.030538048846978305,0,0.02024360704502586,0.02395889877884255,0.001404204410923447,-0.10396570315478224,0.703323279296875,0.0,0.0,ITM,6,6,0.13559322033898305,0.019999999999999907,0.5700000000000001,-0.050000000000000044,0.0316840412501877,0
TSLA250711C00420000,2025-06-27 19:58:44+00:00,420.0,0.54,0.53,0.55,0.01000005,1.886802,383.0,778,0.7216824707031251,False,REGULAR,USD,TSLA,2025-07-11,11,323.6300048828125,1.2977783075215272,2025-06-29 12:49:55.049723,0.32506357280431164,-0.23484791672379585,0.2951520832762042,0.2149364271956884,0.24484791672379586,0.02991148952810746,1,0.9712278333562383,0.02243709534179088,0.0013161439281571677,-0.09929927338531416,0.7085966640625001,0.0,0.0,ITM,6,6,0.49165596919127086,0.020000000000000018,0.54,0.0,0.02998105571399315,0
TSLA250711C00422500,2025-06-27 19:48:48+00:00,422.5,0.48,0.5,0.52,-0.03,-5.882353,11.0,161,0.7280300634765625,False,REGULAR,USD,TSLA,2025-07-11,11,323.6300048828125,1.3055031783996316,2025-06-29 12:49:55.049723,0.3037609414920226,-0.2253654054545398,0.2746345945454602,0.1762390585079774,0.2053654054545398,0.02912634694656241,0,0.03112597896829096,0.020965548819326572,0.0012319991786038614,-0.09457580388448666,0.715041912109375,0.0,0.0,ITM,6,6,0.06790123456790123,0.020000000000000018,0.51,-0.030000000000000027,0.02831112401098684,0
TSLA250711C00425000,2025-06-27 19:56:06+00:00,425.0,0.48,0.48,0.5,0.00999999,2.1276574,433.0,487,0.73633076171875,False,REGULAR,USD,TSLA,2025-07-11,11,323.6300048828125,1.313228049277736,2025-06-29 12:49:55.049723,0.2895005041885934,-0.21913376835049486,0.2608662316495051,0.19049949581140657,0.21913376835049486,0.02863427253908829,0,0.05334251884201761,0.019891609637704047,0.001165021726697434,-0.09146857053980612,0.72187778125,0.0,0.0,ITM,6,6,0.8872950819672131,0.020000000000000018,0.49,-0.010000000000000009,0.027077237192876497,0
TSLA250711C00427500,2025-06-27 18:04:33+00:00,427.5,0.36,0.45,0.47,-0.08,-18.181818,5.0,29,0.7417018017578124,False,REGULAR,USD,TSLA,2025-07-11,11,323.6300048828125,1.3209529201558403,2025-06-29 12:49:55.049723,0.2688206227982368,-0.20910926852450457,0.24089073147549545,0.09117937720176317,0.11910926852450454,0.027929891322741374,0,0.0016293582341879425,0.018501718202240985,0.0010875180705796855,-0.08661948446092635,0.72851833984375,0.0,0.0,ITM,6,6,0.16666666666666666,0.019999999999999962,0.45999999999999996,-0.09999999999999998,0.025460281222329302,0
TSLA250711C00430000,2025-06-27 19:50:31+00:00,430.0,0.41,0.42,0.45,-0.00999999,-2.3809502,90.0,976,0.7480493945312501,False,REGULAR,USD,TSLA,2025-07-11,11,323.6300048828125,1.3286777910339445,2025-06-29 12:49:55.049723,0.2522506919434093,-0.19524125357897892,0.22475874642102106,0.15774930805659065,0.18524125357897891,0.02749194552238826,0,0.01610112477926258,0.017350452599902942,0.0010208004019432058,-0.08268975924321023,0.7351588984375,0.0,0.0,ITM,6,6,0.09211873080859775,0.030000000000000027,0.435,-0.025000000000000022,0.024102855016914605,0
TSLA250711C00432500,2025-06-27 16:51:06+00:00,432.5,0.29,0.4,0.42,-0.36,-55.384617,11.0,120,0.7539087109375,False,REGULAR,USD,TSLA,2025-07-11,11,323.6300048828125,1.3364026619120488,2025-06-29 12:49:55.049723,0.2359040847928302,-0.19095285983523533,0.2090471401647647,0.054095915207169776,0.08095285983523529,0.02685694462806551,0,0.0006744438242637101,0.016230021276415096,0.0009566514880476726,-0.07870002728342727,0.7416041464843751,0.0,0.0,ITM,6,6,0.09090909090909091,0.019999999999999962,0.41000000000000003,-0.12000000000000005,0.022765117330574906,0
TSLA250711C00435000,2025-06-27 19:36:15+00:00,435.0,0.33,0.38,0.4,-0.049999982,-13.15789,89.0,306,0.7602563037109377,False,REGULAR,USD,TSLA,2025-07-11,11,323.6300048828125,1.3441275327901532,2025-06-29 12:49:55.049723,0.22194205260701239,-0.18443764030649673,0.19556235969350327,0.10805794739298763,0.13443764030649674,0.026379692913509112,0,0.0030715903629213188,0.015254596696604698,0.0008995433963291998,-0.07524210704623405,0.7480493945312501,0.0,0.0,ITM,6,6,0.2899022801302932,0.020000000000000018,0.39,-0.06,0.021586365674836072,0
TSLA250711C00437500,2025-06-27 17:40:24+00:00,437.5,0.3,0.36,0.38,-0.2,-40.0,5.0,10,0.7666038964843751,False,REGULAR,USD,TSLA,2025-07-11,11,323.6300048828125,1.3518524036682575,2025-06-29 12:49:55.049723,0.20907926086736506,-0.1769624282041979,0.18303757179580207,0.09092073913263493,0.11696242820419792,0.026041689071562985,0,0.001647574424286775,0.014354248617667941,0.0008466206272272846,-0.07199249827170975,0.754104021484375,0.0,0.0,ITM,6,6,0.45454545454545453,0.020000000000000018,0.37,-0.07,0.020486003761482685,0
TSLA250711C00440000,2025-06-27 19:48:09+00:00,440.0,0.33,0.34,0.36,0.02000001,6.4516163,227.0,935,0.7719749365234375,False,REGULAR,USD,TSLA,2025-07-11,11,323.6300048828125,1.359577274546362,2025-06-29 12:49:55.049723,0.19532252227252922,-0.17030828097553072,0.1696917190244693,0.1346774777274708,0.1603082809755307,0.025630803248059914,0,0.02681636068222643,0.013420044101048544,0.0007933315757532589,-0.06840038294348082,0.7601586484375,0.0,0.0,ITM,6,6,0.24252136752136752,0.019999999999999962,0.35,-0.019999999999999962,0.019331044515047805,0
TSLA250711C00442500,2025-06-27 19:44:59+00:00,442.5,0.29,0.32,0.64,0.01,3.5714283,197.0,122,0.82226740234375,False,REGULAR,USD,TSLA,2025-07-11,11,323.6300048828125,1.3673021454244665,2025-06-29 12:49:55.049723,0.2778065715570808,-0.07304675516427123,0.24695324483572878,0.012193428442919207,0.0430467551642712,0.030853326721351992,0,0.008383949543813095,0.01744392008705398,0.0009329333239768661,-0.09123588228948903,0.7750022500000001,0.0,0.0,ITM,6,6,1.6016260162601625,0.32,0.48,-0.19,0.02421369457468393,0
TSLA250711C00445000,2025-06-27 19:59:41+00:00,445.0,0.31,0.31,0.33,-0.03999999,-11.428569,285.0,247,0.7851583984375,False,REGULAR,USD,TSLA,2025-07-11,11,323.6300048828125,1.3750270163025706,2025-06-29 12:49:55.049723,0.1752847700687039,-0.16021887258634052,0.14978112741365948,0.1347152299312961,0.16021887258634052,0.02550364265504443,0,0.020828771197000356,0.011994855580786412,0.000707794573904328,-0.06311094855358806,0.7812521875,0.0,0.0,ITM,6,6,1.1491935483870968,0.020000000000000018,0.32,-0.010000000000000009,0.01754130458560341,0
TSLA250711C00447500,2025-06-27 18:39:50+00:00,447.5,0.19,0.28,0.31,-0.13,-40.625,20.0,56,0.788088056640625,False,REGULAR,USD,TSLA,2025-07-11,11,323.6300048828125,1.3827518871806748,2025-06-29 12:49:55.049723,0.16031997864939118,-0.14527351061417884,0.13472648938582119,0.02968002135060882,0.05527351061417882,0.025593489263569996,0,0.0009152474439535301,0.011029699841442479,0.0006556130051042773,-0.058888388574304874,0.7868185380859376,0.0,0.0,ITM,6,6,0.3508771929824561,0.02999999999999997,0.29500000000000004,-0.10500000000000004,0.016308712847898834,0
TSLA250711C00450000,2025-06-27 19:59:54+00:00,450.0,0.28,0.26,0.29,0.049999997,21.739128,5727.0,1266,0.7915059912109376,False,REGULAR,USD,TSLA,2025-07-11,11,323.6300048828125,1.3904767580587791,2025-06-29 12:49:55.049723,0.1474464120192489,-0.13820267899164146,0.12179732100835854,0.13255358798075112,0.15820267899164148,0.02564909101089037,1,0.9784255446260224,0.010186407209112418,0.0006090854396617627,-0.05517852121233525,0.79179895703125,0.0,0.0,ITM,6,6,4.5201262825572215,0.02999999999999997,0.275,0.0050000000000000044,0.015217026766404684,0
TSLA250711C00452500,2025-06-27 19:48:48+00:00,452.5,0.24,0.25,0.28,0.01,4.347826,22.0,6,0.79883013671875,False,REGULAR,USD,TSLA,2025-07-11,11,323.6300048828125,1.3982016289368835,2025-06-29 12:49:55.049723,0.14132266317281594,-0.1342178493507693,0.11578215064923071,0.09867733682718405,0.12421784935076928,0.025540512523585232,0,0.02087669872219043,0.009724040686308971,0.0005795166585169803,-0.05346956806322754,0.7971699970703126,0.0,0.0,ITM,6,6,3.142857142857143,0.030000000000000027,0.265,-0.025000000000000022,0.014612271923382318,0
TSLA250711C00455000,2025-06-27 19:29:33+00:00,455.0,0.2,0.23,0.56,0.010000005,5.2631607,101.0,407,0.8564467480468749,False,REGULAR,USD,TSLA,2025-07-11,11,323.6300048828125,1.405926499814988,2025-06-29 12:49:55.049723,0.2199386777667378,-0.039450897396803186,0.19054910260319682,-0.0199386777667378,0.009450897396803187,0.029389575163540987,0,0.0021069165970270683,0.013656589847116098,0.0007259513564059304,-0.07697347628095953,0.8040058662109375,0.0,0.0,ITM,6,6,0.24754901960784315,0.33000000000000007,0.395,-0.195,0.019624801198637867,0
TSLA250711C00457500,2025-06-27 14:21:31+00:00,457.5,0.22,0.22,0.25,0.02,9.999999,53.0,12,0.807619111328125,False,REGULAR,USD,TSLA,2025-07-11,11,323.6300048828125,1.4136513706930922,2025-06-29 12:49:55.049723,0.12257443860488637,-0.12216468537287971,0.09783531462712029,0.09742556139511363,0.12216468537287971,0.024739123977766078,0,0.04866258507561435,0.008464158271836879,0.0005076243342022406,-0.047862463359992245,0.8084980087890624,0.0,0.0,ITM,6,6,4.076923076923077,0.03,0.235,-0.014999999999999986,0.012940361252983361,0
TSLA250711C00460000,2025-06-27 19:33:26+00:00,460.0,0.19,0.21,0.54,0.00999999,5.55555,89.0,393,0.8725598681640624,False,REGULAR,USD,TSLA,2025-07-11,11,323.6300048828125,1.4213762415711966,2025-06-29 12:49:55.049723,0.20633955250518943,-0.03333984714040081,0.17666015285959918,-0.016339552505189425,0.013339847140400818,0.029679399645590243,0,0.0020640848035032955,0.012687822401180248,0.0006686513043260129,-0.07357491153660903,0.82539237109375,0.0,0.0,ITM,6,6,0.22588832487309646,0.33000000000000007,0.375,-0.185,0.018415872982661383,0
TSLA250711C00462500,2025-06-27 18:51:18+00:00,462.5,0.14,0.19,0.22,-0.03,-17.647058,5.0,15,0.81445498046875,False,REGULAR,USD,TSLA,2025-07-11,11,323.6300048828125,1.4291011124493007,2025-06-29 12:49:55.049723,0.10447177806209584,-0.10943700548059895,0.08056299451940105,0.03552822193790417,0.059437005480598964,0.023908783542694795,0,0.000803494106083446,0.00726449175189835,0.0004400358403483681,-0.04218680382590916,0.8299821689453125,0.0,0.0,ITM,6,6,0.3125,0.03,0.20500000000000002,-0.065,0.011312341684110619,0
TSLA250711C00465000,2025-06-27 15:49:47+00:00,465.0,0.15,0.18,0.2,-0.019999996,-11.764703,67.0,299,0.8173846386718748,False,REGULAR,USD,TSLA,2025-07-11,11,323.6300048828125,1.436825983327405,2025-06-29 12:49:55.049723,0.09603135721879319,-0.10738927100748752,0.07261072899251247,0.053968642781206805,0.07738927100748752,0.023420628226280715,0,0.015812954540117267,0.006706041915130823,0.00040856636781198564,-0.03944843303658922,0.8336930693359375,0.0,0.0,ITM,6,6,0.22333333333333333,0.020000000000000018,0.19,-0.04000000000000001,0.010541112918736117,0
TSLA250711C00470000,2025-06-27 19:58:27+00:00,470.0,0.17,0.16,0.19,0.030000001,21.428572,125.0,934,0.8291032714843749,False,REGULAR,USD,TSLA,2025-07-11,11,323.6300048828125,1.4522757250836138,2025-06-29 12:49:55.049723,0.0867719885902789,-0.09523889470281598,0.06476110529718403,0.08322801140972111,0.10523889470281599,0.022010883293094877,1,0.9979060514260212,0.006036988622669643,0.00036701250979685165,-0.036452771079768284,0.8282243740234374,0.0,0.0,ITM,6,6,0.13368983957219252,0.03,0.175,-0.004999999999999977,0.009604767947331956,0
TSLA250711C00475000,2025-06-27 19:59:37+00:00,475.0,0.16,0.14,0.17,0.02,14.285713,529.0,37,0.8369156933593749,False,REGULAR,USD,TSLA,2025-07-11,11,323.6300048828125,1.4677254668398223,2025-06-29 12:49:55.049723,0.07537422069662858,-0.08419115334979131,0.0558088466502087,0.08462577930337142,0.1041911533497913,0.01956537404641988,1,0.984263979854007,0.00526335150974465,0.0003219014769937709,-0.03257203156591793,0.8340836904296873,0.0,0.0,ITM,6,6,13.921052631578947,0.03,0.15500000000000003,0.004999999999999977,0.008503585079198087,0
TSLA250711C00480000,2025-06-27 19:29:37+00:00,480.0,0.11,0.12,0.15,0.0,0.0,55.0,1388,0.842775009765625,False,REGULAR,USD,TSLA,2025-07-11,11,323.6300048828125,1.483175208596031,2025-06-29 12:49:55.049723,0.06422218243943689,-0.07312973253519955,0.04687026746480045,0.04577781756056311,0.06312973253519955,0.017351914974636444,0,0.029636252347517253,0.00451649368750715,0.00027890769384424557,-0.028613684061853484,0.8281267187499999,0.0,0.0,ITM,6,6,0.03959683225341973,0.03,0.135,-0.02500000000000001,0.007419412617602459,0
TSLA250711C00485000,2025-06-27 19:29:26+00:00,485.0,0.1,0.11,0.14,0.0,0.0,25.0,102,0.8535170898437501,False,REGULAR,USD,TSLA,2025-07-11,11,323.6300048828125,1.4986249503522395,2025-06-29 12:49:55.049723,0.058079509343924585,-0.06816195227548215,0.04183804772451785,0.04192049065607542,0.058161952275482154,0.016241461619406733,0,0.01976458467904034,0.004072134974791548,0.00025104335730630027,-0.026411609426595414,0.835939140625,0.0,0.0,ITM,6,6,0.24271844660194175,0.030000000000000013,0.125,-0.024999999999999994,0.006763295079389059,0
TSLA250711C00490000,2025-06-27 19:49:33+00:00,490.0,0.12,0.1,0.12,0.029999994,33.333324,390.0,373,0.860352958984375,False,REGULAR,USD,TSLA,2025-07-11,11,323.6300048828125,1.5140746921084485,2025-06-29 12:49:55.049723,0.05035973394286275,-0.06489066469587904,0.03510933530412098,0.06964026605713725,0.08489066469587903,0.015250398638741773,1,0.9951009094841138,0.0035459839809337396,0.00021999857680047026,-0.02351434201698537,0.8445328046875,0.0,0.0,ITM,6,6,1.0427807486631016,0.01999999999999999,0.11,0.009999999999999995,0.005974394662803928,0
TSLA250711C00495000,2025-06-27 19:04:30+00:00,495.0,0.09,0.08,0.11,-0.08,-47.058823,15.0,12,0.8652357226562499,False,REGULAR,USD,TSLA,2025-07-11,11,323.6300048828125,1.5295244338646572,2025-06-29 12:49:55.049723,0.042764635658306904,-0.05144332303851478,0.02855667696148522,0.04723536434169309,0.061443323038514776,0.014207958696821683,1,0.9376524592675962,0.003034361056720539,0.00019015395278286306,-0.020553046536282007,0.8517592949218751,0.0,0.0,ITM,6,6,1.1538461538461537,0.03,0.095,-0.0050000000000000044,0.005193225484220434,0
TSLA250711C00500000,2025-06-27 19:59:07+00:00,500.0,0.09,0.08,0.1,0.020000003,28.571432,138.0,1351,0.87695435546875,False,REGULAR,USD,TSLA,2025-07-11,11,323.6300048828125,1.5449741756208657,2025-06-29 12:49:55.049723,0.03957256570145151,-0.05444319221317964,0.025556807786820363,0.050427434298548485,0.06444319221317964,0.014015757914631149,1,0.9841049328864192,0.002791025855731607,0.0001739937791634303,-0.0193165967539007,0.8597670273437499,0.0,0.0,ITM,6,6,0.10207100591715976,0.020000000000000004,0.09,0.0,0.004816239672958135,0
TSLA250711C00505000,2025-06-27 15:48:31+00:00,505.0,0.07,0.06,0.09,-0.19,-73.07693,1.0,1,0.8789074609374999,False,REGULAR,USD,TSLA,2025-07-11,11,323.6300048828125,1.5604239173770744,2025-06-29 12:49:55.049723,0.03257889350213761,-0.039990730394537856,0.020009269605462142,0.0374211064978624,0.049990730394537865,0.012569623896675465,1,0.9446119311834293,0.0023267463795888857,0.00014728116244163404,-0.016421997617508732,0.8669935175781249,0.0,0.0,ITM,6,6,0.5,0.03,0.075,-0.0049999999999999906,0.004085900012796582,0
TSLA250711C00510000,2025-06-27 19:09:37+00:00,510.0,0.05,0.05,0.08,-0.029999997,-37.499996,13.0,350,0.8828136718749999,False,REGULAR,USD,TSLA,2025-07-11,11,323.6300048828125,1.5758736591332831,2025-06-29 12:49:55.049723,0.027506088918206162,-0.03330398494740426,0.01669601505259574,0.02249391108179384,0.03330398494740426,0.010810073865610424,0,0.006473016379173027,0.0019809641168342163,0.00012672536138003362,-0.014254265579124152,0.8728528339843749,0.0,0.0,ITM,6,6,0.037037037037037035,0.03,0.065,-0.015,0.0035312622274729037,0
TSLA250711C00515000,2025-06-27 14:00:16+00:00,515.0,0.05,0.05,0.07,-0.05,-50.0,20.0,10,0.8906260937499999,False,REGULAR,USD,TSLA,2025-07-11,11,323.6300048828125,1.5913234008894916,2025-06-29 12:49:55.049723,0.024473018063588148,-0.03518439344311226,0.014815606556887741,0.025526981936411855,0.03518439344311226,0.009657411506700407,0,0.007362636965742064,0.001763374828457716,0.00011300692175552722,-0.012935699714408198,0.8789074609374999,0.0,0.0,ITM,6,6,1.8181818181818181,0.020000000000000004,0.060000000000000005,-0.010000000000000002,0.0031768582735504118,0
TSLA250711C00520000,2025-06-27 13:55:44+00:00,520.0,0.04,0.04,0.07,0.0,0.0,1.0,542,0.9003916210937499,False,REGULAR,USD,TSLA,2025-07-11,11,323.6300048828125,1.6067731426457004,2025-06-29 12:49:55.049723,0.022407413090575312,-0.026591770038272296,0.013408229961727707,0.01759258690942469,0.026591770038272296,0.008999183128847605,0,0.04810525339866326,0.001608848738897022,0.00010282574294546419,-0.012028483013912164,0.8859386406249999,0.0,0.0,ITM,6,6,0.001841620626151013,0.030000000000000006,0.05500000000000001,-0.015000000000000006,0.0029223395872066344,0
TSLA250711C00530000,2025-06-27 19:27:40+00:00,530.0,0.03,0.02,0.05,-0.01,-25.0,10.0,441,0.8945323046874999,False,REGULAR,USD,TSLA,2025-07-11,11,323.6300048828125,1.6376726261581176,2025-06-29 12:49:55.049723,0.013425094848698027,-0.012778239687228321,0.007221760312771679,0.016574905151301972,0.02277823968722832,0.006203334535926348,1,0.9893759599210592,0.0010037630852524578,6.722906480664496e-05,-0.007760999263632368,0.8894542304687499,0.0,0.0,ITM,6,6,0.02262443438914027,0.030000000000000002,0.035,-0.0050000000000000044,0.0018982371969457812,0
TSLA250711C00540000,2025-06-25 19:38:54+00:00,540.0,0.06,0.02,0.04,0.0,0.0,14.0,468,0.9101571484375,False,REGULAR,USD,TSLA,2025-07-11,11,323.6300048828125,1.668572109670535,2025-06-29 12:49:55.049723,0.010876360187753453,-0.014628345893566385,0.005371654106433615,0.049123639812246545,0.05462834589356638,0.005504706081319838,1,0.9943669716749877,0.000811620048992004,5.435353783517014e-05,-0.006494532706591573,0.89570416796875,0.0,0.0,ITM,6,6,0.029850746268656716,0.02,0.03,0.03,0.001561498538074787,0
TSLA250711C00545000,2025-06-27 14:08:14+00:00,545.0,0.02,0.01,0.04,-0.04,-66.66667,1.0,1,0.914063359375,False,REGULAR,USD,TSLA,2025-07-11,11,323.6300048828125,1.6840218514267438,2025-06-29 12:49:55.049723,0.009291814340358473,-0.005360768881028395,0.004639231118971605,0.010708185659641527,0.015360768881028396,0.004652583221386868,1,0.9813464680547163,0.0006976161924572306,4.707698958887672e-05,-0.005672991457508837,0.9019541054687499,0.0,0.0,ITM,6,6,0.5,0.03,0.025,-0.005000000000000001,0.00135825828911476,0
TSLA250711C00550000,2025-06-27 19:03:01+00:00,550.0,0.02,0.01,0.04,0.0,0.0,82.0,260,0.9257819921875,False,REGULAR,USD,TSLA,2025-07-11,11,323.6300048828125,1.6994715931829525,2025-06-29 12:49:55.049723,0.008919370503774615,-0.005557595635877643,0.004442404364122357,0.011080629496225385,0.015557595635877643,0.004476966139652258,1,0.991926869445582,0.0006637044150027151,4.439290904762242e-05,-0.005487109933276268,0.9089852851562499,0.0,0.0,ITM,6,6,0.31417624521072796,0.03,0.025,-0.005000000000000001,0.0012972381560493198,0
TSLA250711C00560000,2025-06-27 14:31:14+00:00,560.0,0.01,0.01,0.03,-0.03,-75.0,1.0,64,0.937500625,False,REGULAR,USD,TSLA,2025-07-11,11,323.6300048828125,1.7303710766953695,2025-06-29 12:49:55.049723,0.0069856377964098715,-0.006622583523837572,0.0033774164761624283,0.0030143622035901287,0.006622583523837572,0.003608221320247443,0,0.003406170365542902,0.0005217023485346745,3.509478269725393e-05,-0.0044476516965691205,0.9164070859375,0.0,0.0,ITM,6,6,0.015384615384615385,0.019999999999999997,0.02,-0.01,0.0010385119633828798,0
TSLA250711C00570000,2025-06-26 18:04:26+00:00,570.0,0.01,0.0,0.03,0.0,0.0,1.0,343,0.937500625,False,REGULAR,USD,TSLA,2025-07-11,11,323.6300048828125,1.761270560207787,2025-06-29 12:49:55.049723,0.00461108862093762,0.0023789221907500936,0.0023789221907500936,0.00538891137906238,0.007621077809249907,0.0022321664301875265,1,0.9997371870836522,0.000352911983255439,2.4424486309897247e-05,-0.0030949611365435575,0.92500075,0.0,0.0,ITM,6,6,0.0029069767441860465,0.03,0.015,-0.004999999999999999,0.0007227604584739146,0
TSLA250711C00580000,2025-06-26 17:36:44+00:00,580.0,0.01,0.0,0.02,0.0,0.0,2.0,226,0.937500625,False,REGULAR,USD,TSLA,2025-07-11,11,323.6300048828125,1.7921700437202042,2025-06-29 12:49:55.049723,0.0030341529779672333,0.0013804279053377588,0.0013804279053377588,0.006965847022032767,0.008619572094662242,0.0016537250726294745,1,0.9997505702820864,0.00023777044260777947,1.6909971475046576e-05,-0.0021424862899340133,0.9304694453125,0.0,0.0,ITM,6,6,0.00881057268722467,0.02,0.01,0.0,0.0005003936861154358,0
TSLA250711C00590000,2025-06-25 19:51:16+00:00,590.0,0.02,0.0,0.02,0.0,0.0,1.0,74,0.9687503125,False,REGULAR,USD,TSLA,2025-07-11,11,323.6300048828125,1.8230695272326216,2025-06-29 12:49:55.049723,0.0033413838618215896,0.0015631724613409212,0.0015631724613409212,0.01665861613817841,0.01843682753865908,0.0017782114004806684,1,0.9997507618661933,0.000252807756466647,1.7327598035711076e-05,-0.002343868353240788,0.9414068359375,0.0,0.0,ITM,6,6,0.013333333333333334,0.02,0.01,0.01,0.0005298434873987046,0
TSLA250711C00600000,2025-06-27 17:10:57+00:00,600.0,0.01,0.0,0.02,0.0,0.0,21.0,378,0.98437515625,False,REGULAR,USD,TSLA,2025-07-11,11,323.6300048828125,1.8539690107450388,2025-06-29 12:49:55.049723,0.002889900421940622,0.0011634192426620094,0.0011634192426620094,0.007110099578059378,0.008836580757337991,0.0017264811792786128,1,0.9997505702820864,0.00021722391102095527,1.4802192999691264e-05,-0.002067123781821648,0.95312546875,0.0,0.0,ITM,6,6,0.055408970976253295,0.02,0.01,0.0,0.0004599218972493731,0
TSLA250711C00610000,2025-06-26 13:30:00+00:00,610.0,0.02,0.0,0.02,0.0,0.0,6208.0,4992,1.015629921875,False,REGULAR,USD,TSLA,2025-07-11,11,323.6300048828125,1.8848684942574565,2025-06-29 12:49:55.049723,0.003222713232887933,0.0013790739522574816,0.0013790739522574816,0.016777286767112067,0.018620926047742518,0.0018436392806304516,1,0.9994560946375001,0.0002340637163665864,1.5382016787845876e-05,-0.0022863896492406805,0.968751328125,0.0,0.0,ITM,6,6,1.2433406769477269,0.02,0.01,0.01,0.000493112655449104,0
TSLA250711C00620000,2025-06-27 17:38:07+00:00,620.0,0.01,0.0,0.02,0.0,0.0,2.0,5165,1.0312548437500002,False,REGULAR,USD,TSLA,2025-07-11,11,323.6300048828125,1.9157679777698733,2025-06-29 12:49:55.049723,0.0028431597156138994,0.0009958842044426488,0.0009958842044426488,0.007156840284386101,0.009004115795557351,0.0018472755111712505,1,0.9997483720203922,0.00020505453958518462,1.338874282055409e-05,-0.002051598329943867,0.987502171875,0.0,0.0,ITM,6,6,0.00038714672861014324,0.02,0.01,0.0,0.00043581601082382985,0
TSLA250711C00630000,2025-06-27 15:26:25+00:00,630.0,0.01,0.0,0.02,0.0,0.0,10.0,175,1.0625046875000002,False,REGULAR,USD,TSLA,2025-07-11,11,323.6300048828125,1.946667461282291,2025-06-29 12:49:55.049723,0.003200748252264657,0.0012448779175774926,0.0012448779175774926,0.006799251747735343,0.008755122082422507,0.0019558703346871644,1,0.9996796156891076,0.0002232399187857123,1.4067941099834905e-05,-0.002288052413294732,1.0125029843750002,0.0,0.0,ITM,6,6,0.056818181818181816,0.02,0.01,0.0,0.0004718009122975541,0
TSLA250711C00640000,2025-06-27 14:22:13+00:00,640.0,0.01,0.0,0.02,0.0,0.0,1.0,27,1.078129609375,False,REGULAR,USD,TSLA,2025-07-11,11,323.6300048828125,1.977566944794708,2025-06-29 12:49:55.049723,0.0028728956668123695,0.0008786598309864965,0.0008786598309864965,0.007127104333187631,0.009121340169013503,0.001994235835825873,1,0.9996796156891076,0.0001989042851392976,1.2447443247780518e-05,-0.002084278433286396,1.0343788437500003,0.0,0.0,ITM,6,6,0.03571428571428571,0.02,0.01,0.0,0.0004235927405450813,0
TSLA250711C00650000,2025-06-23 19:19:27+00:00,650.0,0.02,0.0,0.02,0.0,0.0,31.0,46,1.109379453125,False,REGULAR,USD,TSLA,2025-07-11,11,323.6300048828125,2.0084664283071256,2025-06-29 12:49:55.049723,0.0032574961070002684,0.0011620166764847778,0.0011620166764847778,0.016742503892999732,0.018837983323515224,0.0020954794305154904,1,0.999729742325135,0.00021828572055478533,1.3194215062991959e-05,-0.002339030214680783,1.059379703125,0.0,0.0,ITM,6,6,0.6595744680851063,0.02,0.01,0.01,0.00046202029918902766,0
TSLA250711C00660000,2025-06-27 19:34:37+00:00,660.0,0.02,0.0,0.02,0.01,100.0,102.0,17,1.125004375,False,REGULAR,USD,TSLA,2025-07-11,11,323.6300048828125,2.039365911819542,2025-06-29 12:49:55.049723,0.0029680209625242843,0.0008131920605625311,0.0008131920605625311,0.017031979037475716,0.01918680793943747,0.0021548289019617532,1,0.999875155799285,0.00019737939304067718,1.1843336724829135e-05,-0.002158931724879115,1.0812545937500002,0.0,0.0,ITM,6,6,5.666666666666667,0.02,0.01,0.01,0.0004205577773562527,0
TSLA250711C00670000,2025-06-27 14:22:15+00:00,670.0,0.01,0.0,0.02,0.0,0.0,2.0,61,1.140629296875,False,REGULAR,USD,TSLA,2025-07-11,11,323.6300048828125,2.07026539533196,2025-06-29 12:49:55.049723,0.0027230940703831877,0.0004702605676538537,0.0004702605676538537,0.0072769059296168125,0.009529739432346147,0.002252833502729334,1,0.9996796156891076,0.00017967205772633654,1.0698584824595083e-05,-0.002004647593758375,1.1031294843750001,0.0,0.0,ITM,6,6,0.03225806451612903,0.02,0.01,0.0,0.00038518399819499345,0
TSLA250711C00680000,2025-06-27 19:56:43+00:00,680.0,0.01,0.0,0.02,0.0,0.0,16.0,327,1.171879140625,False,REGULAR,USD,TSLA,2025-07-11,11,323.6300048828125,2.101164878844377,2025-06-29 12:49:55.049723,0.0031229698605663297,0.000800764436681748,0.000800764436681748,0.0068770301394336705,0.009199235563318251,0.002322205423884582,1,0.9996796156891076,0.00019961733340753357,1.1490006767191093e-05,-0.002272339490053352,1.125004375,0.0,0.0,ITM,6,6,0.04878048780487805,0.02,0.01,0.0,0.00042501131138633175,0
TSLA250718C00100000,2025-06-26 19:36:24+00:00,100.0,228.35,223.3,224.85,0.0,0.0,11.0,540,2.1464890087890627,True,REGULAR,USD,TSLA,2025-07-18,18,323.6300048828125,0.3089948351241731,2025-06-29 12:49:55.256830,224.06075746413606,-2.8639908618838206,220.4360091381162,4.289242535863934,7.9139908618838035,3.624748326019869,1,0.9990290442514539,0.9966086383001183,6.622700660911597e-05,-0.05726840778757155,1.3386762548828126,0.0,0.0,OTM,6,6,0.02033271719038817,1.549999999999983,224.075,4.275000000000006,0.007342449953757804,0
TSLA250718C00105000,2025-06-23 14:28:46+00:00,105.0,248.3,218.3,219.95,0.0,0.0,4.0,72,2.1035203662109367,True,REGULAR,USD,TSLA,2025-07-18,18,323.6300048828125,0.3244445768803818,2025-06-29 12:49:55.256830,219.10723665869318,-2.7350146056367066,215.5649853943633,29.19276334130683,32.73501460563671,3.5422512643298774,1,0.9990434578992938,0.9959580343380476,7.910126124397812e-05,-0.0643560863439978,1.5375044375,0.0,0.0,OTM,6,6,0.0547945205479452,1.6499999999999773,219.125,29.17500000000001,0.008594237074510718,0
TSLA250718C00110000,2025-06-24 16:18:15+00:00,110.0,233.98,213.35,214.9,0.0,0.0,1.0,62,2.021489321289063,True,REGULAR,USD,TSLA,2025-07-18,18,323.6300048828125,0.3398943186365905,2025-06-29 12:49:55.256830,214.120039733723,-2.611401729993503,210.7385982700065,19.859960266277,23.2414017299935,3.3814414637164987,1,0.9990503863196428,0.9957783151907323,8.557833585715231e-05,-0.06498851919454036,1.7168014267578122,0.0,0.0,OTM,6,6,0.015873015873015872,1.5500000000000114,214.125,19.85499999999999,0.008935368930419718,0
TSLA250718C00115000,2025-06-27 19:29:27+00:00,115.0,206.9,208.35,210.0,-0.3600006,-0.17369518,4.0,68,1.9785157324218752,True,REGULAR,USD,TSLA,2025-07-18,18,323.6300048828125,0.3553440603927991,2025-06-29 12:49:55.256830,209.16737401548033,-2.4823667578735638,205.86763324212643,-2.2673740154803284,1.0323667578735751,3.2997407733539035,0,0.0051793496142992996,0.995062759072131,0.00010055314433988348,-0.07193503718921415,1.8843787138671875,0.0,0.0,OTM,6,6,0.057971014492753624,1.6500000000000057,209.175,-2.2750000000000057,0.010275722415862864,0
TSLA250718C00120000,2025-06-24 16:16:21+00:00,120.0,224.27,203.4,204.95,0.0,0.0,1.0,86,1.90234423828125,True,REGULAR,USD,TSLA,2025-07-18,18,323.6300048828125,0.3707938021490077,2025-06-29 12:49:55.256830,204.18021316861137,-2.3725783661467403,201.02742163385327,20.089786831388636,23.242578366146745,3.1527915347581086,1,0.9990434578992938,0.9948487762819805,0.0001086061600622859,-0.07252530196683091,2.0304717333984375,0.0,0.0,OTM,6,6,0.011494252873563218,1.549999999999983,204.175,20.095,0.010671384455384186,0
TSLA250718C00125000,2025-06-27 19:29:27+00:00,125.0,196.95,198.4,200.05,0.16999817,0.08638997,4.0,106,1.860352260742188,True,REGULAR,USD,TSLA,2025-07-18,18,323.6300048828125,0.3862435439052164,2025-06-29 12:49:55.256830,199.22903036039685,-2.245505710005375,196.15449428999463,-2.2790303603968596,0.795505710005358,3.0745360704022175,0,0.0006289268722706659,0.9940513475240697,0.0001262057438507511,-0.079445271615506,1.9732443837890625,0.0,0.0,OTM,6,6,0.037383177570093455,1.6500000000000057,199.22500000000002,-2.275000000000034,0.012126947780567993,0
TSLA250718C00130000,2025-06-18 17:36:08+00:00,130.0,191.52,193.5,195.0,0.0,0.0,4.0,159,1.8027353613281247,True,REGULAR,USD,TSLA,2025-07-18,18,323.6300048828125,0.4016932856614251,2025-06-29 12:49:55.256830,194.25935500193214,-2.206462362039076,191.29353763796092,-2.7393550019321253,0.22646236203908643,2.9658173639712118,0,0.0002932223742864785,0.9935150237442485,0.00014058705303052869,-0.0829862126667271,1.9130873828125001,0.0,0.0,OTM,6,6,0.025,1.5,194.25,-2.7299999999999898,0.013090447862151456,0
TSLA250718C00135000,2025-06-09 18:57:21+00:00,135.0,166.37,188.45,190.1,0.0,0.0,1.0,36,1.7470715771484375,True,REGULAR,USD,TSLA,2025-07-18,18,323.6300048828125,0.4171430274176337,2025-06-29 12:49:55.256830,189.29068857042193,-2.0207744547246307,186.42922554527536,-22.92068857042193,-20.059225545275353,2.861463025146577,0,4.178549312128006e-05,0.992934605354427,0.00015647996415085386,-0.08661533034087758,1.8582038339843752,0.0,0.0,OTM,6,6,0.02702702702702703,1.6500000000000057,189.27499999999998,-22.904999999999973,0.014120388196414056,0
TSLA250718C00140000,2025-06-27 19:50:05+00:00,140.0,183.44,183.55,185.1,-31.319992,-14.583719,6.0,165,1.7041030419921874,True,REGULAR,USD,TSLA,2025-07-18,18,323.6300048828125,0.4325927691738424,2025-06-29 12:49:55.256830,184.33995873742225,-1.9926638467553346,181.55733615324468,-0.8999587374222529,1.882663846755321,2.782622584177574,0,0.027034771560759587,0.9920244539929111,0.00017849601622458683,-0.09309676114054156,1.8033212958984375,0.0,0.0,OTM,6,6,0.03614457831325301,1.549999999999983,184.325,-0.8849999999999909,0.01571091864161383,0
TSLA250718C00145000,2025-06-17 15:49:30+00:00,145.0,174.87,178.55,180.2,0.0,0.0,5.0,15,1.6601579492187502,True,REGULAR,USD,TSLA,2025-07-18,18,323.6300048828125,0.448042510930051,2025-06-29 12:49:55.256830,179.3890038086205,-1.863598068262064,176.68640193173795,-4.519003808620482,-1.8164019317379427,2.7026018768825395,0,5.479087803809936e-05,0.9910759877547093,0.00020221241622263175,-0.09932498849707223,1.7548840380859374,0.0,0.0,OTM,6,6,0.3125,1.6499999999999773,179.375,-4.5049999999999955,0.01733941447897823,0
TSLA250718C00150000,2025-06-27 16:43:10+00:00,150.0,175.05,173.6,175.15,-1.5,-0.84961766,1.0,239,1.5961934252929684,True,REGULAR,USD,TSLA,2025-07-18,18,323.6300048828125,0.4634922526862597,2025-06-29 12:49:55.256830,174.40197258596265,-1.7824228882890054,171.817577111711,0.6480274140373581,3.2324228882890225,2.5843954742516644,1,0.9979448151553962,0.9907024290126518,0.00021800436482992882,-0.09972131037179478,1.7020522709960937,0.0,0.0,OTM,6,6,0.004166666666666667,1.5500000000000114,174.375,0.6750000000000114,0.017973303455746492,0
TSLA250718C00155000,2025-06-23 15:40:13+00:00,155.0,199.72,169.05,170.05,0.0,0.0,1.0,3274,1.5981465405273436,True,REGULAR,USD,TSLA,2025-07-18,18,323.6300048828125,0.4789419944424684,2025-06-29 12:49:55.256830,169.5457100870999,-2.100654878893181,166.94934512110683,30.174289912900093,32.77065487889317,2.596364965993075,1,0.9992713185841021,0.9880494351296336,0.0002709659170141728,-0.11987153376817795,1.6611345068359373,0.0,0.0,OTM,6,6,0.0003053435114503817,1.0,169.55,30.169999999999987,0.022367037535188636,0
TSLA250718C00160000,2025-06-26 17:01:03+00:00,160.0,169.2,164.15,164.9,0.0,0.0,6.0,3505,1.5278343920898436,True,REGULAR,USD,TSLA,2025-07-18,18,323.6300048828125,0.494391736198677,2025-06-29 12:49:55.256830,164.54011790862026,-2.076315600741964,162.07368439925804,4.659882091379728,7.126315600741947,2.4664335093622185,1,0.9992713185841021,0.9878740242591385,0.0002870398033118994,-0.1173878677549432,1.6172870698242185,0.0,0.0,OTM,6,6,0.0017113519680547634,0.75,164.525,4.674999999999983,0.02265142902967034,0
TSLA250718C00165000,2025-06-23 19:55:39+00:00,165.0,184.89,158.7,160.35,0.0,0.0,6.0,27,1.4677760986328123,True,REGULAR,USD,TSLA,2025-07-18,18,323.6300048828125,0.5098414779548857,2025-06-29 12:49:55.256830,159.5531037151447,-1.504485071080694,157.1955149289193,25.3368962848553,27.694485071080692,2.357588786225392,1,0.999505324037475,0.9873663188629653,0.00030959073615818643,-0.11760966508671818,1.5700216811523435,0.0,0.0,OTM,6,6,0.21428571428571427,1.6500000000000057,159.52499999999998,25.36500000000001,0.023470641960513988,0
TSLA250718C00170000,2025-06-26 19:33:40+00:00,170.0,158.4,153.8,155.35,0.0,0.0,12.0,69,1.4248075634765625,True,REGULAR,USD,TSLA,2025-07-18,18,323.6300048828125,0.5252912197110944,2025-06-29 12:49:55.256830,154.60431822528162,-1.478738125166501,152.3212618748335,3.795681774718389,6.078738125166495,2.2830563504481063,1,0.9996311446696452,0.9861222722076998,0.00034588300483538926,-0.12328230434037632,1.522951604003906,0.0,0.0,OTM,6,6,0.17142857142857143,1.549999999999983,154.575,3.825000000000017,0.025454386567867627,0
TSLA250718C00175000,2025-06-05 17:03:55+00:00,175.0,130.38,148.75,150.45,0.0,0.0,51.0,95,1.3745148461914063,True,REGULAR,USD,TSLA,2025-07-18,18,323.6300048828125,0.540740961467303,2025-06-29 12:49:55.256830,149.63585890308286,-1.308938095476634,147.44106190452337,-19.255858903082867,-17.06106190452337,2.1947969985594966,0,7.37860801290923e-05,0.9851815398489332,0.0003793723000652208,-0.12601245155371815,1.4786158881835936,0.0,0.0,OTM,6,6,0.53125,1.6999999999999886,149.6,-19.22,0.026933466471597257,0
TSLA250718C00180000,2025-06-25 14:01:17+00:00,180.0,151.95,143.85,145.4,0.0,0.0,1.0,470,1.325686965332031,True,REGULAR,USD,TSLA,2025-07-18,18,323.6300048828125,0.5561907032235117,2025-06-29 12:49:55.256830,144.66900806806996,-1.2910508214059746,142.55894917859402,7.280991931930032,9.391050821405969,2.110058889475937,1,0.9997486631689946,0.984154328207719,0.00041664932122115715,-0.12887029060401278,1.4241239731445312,0.0,0.0,OTM,6,6,0.0021231422505307855,1.5500000000000114,144.625,7.324999999999989,0.02852915213909712,0
TSLA250718C00185000,2025-06-20 16:17:26+00:00,185.0,138.0,141.4,142.7,0.0,0.0,56.0,0,1.6745621740722658,True,REGULAR,USD,TSLA,2025-07-18,18,323.6300048828125,0.5716404449797203,2025-06-29 12:49:55.256830,141.65351363700066,-2.5062564119288595,138.89374358807115,-3.653513637000657,-0.8937435880711462,2.7597700489295107,0,5.837041831071563e-05,0.955098552784104,0.0007862152609928962,-0.3392519009166598,1.4534695295410156,0.0,0.0,OTM,6,6,56.0,1.299999999999983,142.05,-4.050000000000011,0.06800172766978484,0
TSLA250718C00190000,2025-06-25 19:53:02+00:00,190.0,138.4,133.95,135.5,0.0,0.0,8.0,108,1.241703010253906,True,REGULAR,USD,TSLA,2025-07-18,18,323.6300048828125,0.5870901867359289,2025-06-29 12:49:55.256830,134.77225389121529,-1.145799429445816,132.80420057055417,3.62774610878472,5.595799429445833,1.968053320661113,1,0.9997869512668297,0.981155711359517,0.0005158103112444767,-0.13913932402128848,1.408254911865234,0.0,0.0,OTM,6,6,0.07339449541284404,1.5500000000000114,134.725,3.6750000000000114,0.03308148175238757,0
TSLA250718C00195000,2025-06-27 19:56:49+00:00,195.0,129.49,128.95,130.55,-33.45999,-20.533901,4.0,221,1.1943399658203124,True,REGULAR,USD,TSLA,2025-07-18,18,323.6300048828125,0.6025399284921377,2025-06-29 12:49:55.256830,129.80490170897093,-1.0321897419970156,127.91781025800297,-0.31490170897092185,1.572189741997036,1.887091450967958,1,0.9606043676927261,0.9799140543554379,0.0005661365348456068,-0.14152579518385927,1.3621613923339844,0.0,0.0,OTM,6,6,0.018018018018018018,1.6000000000000227,129.75,-0.2599999999999909,0.03492419044551954,0
TSLA250718C00200000,2025-06-27 19:06:30+00:00,200.0,120.7,124.5,125.15,-6.2000046,-4.8857403,139.0,853,1.158207333984375,True,REGULAR,USD,TSLA,2025-07-18,18,323.6300048828125,0.6179896702483463,2025-06-29 12:49:55.256830,124.8769904698099,-1.4517428833006818,123.04825711669932,-4.176990469809894,-2.3482571166993154,1.8287333531105787,0,5.2552350852397544e-05,0.9777530815607292,0.0006365095303580334,-0.14874472382274576,1.3188998898925781,0.0,0.0,OTM,6,6,0.16276346604215455,0.6500000000000057,124.825,-4.125,0.03807749953723407,0
TSLA250718C00205000,2025-06-27 14:31:39+00:00,205.0,121.13,119.0,120.65,-1.7700043,-1.4401987,2.0,201,1.1069380590820312,True,REGULAR,USD,TSLA,2025-07-18,18,323.6300048828125,0.633439412004555,2025-06-29 12:49:55.256830,119.89081961675751,-0.8503113143533056,118.1496886856467,1.2391803832424841,2.980311314353301,1.741130931110817,1,0.9998230444562118,0.9767252808146828,0.000691827207129447,-0.14850155639358134,1.275150108642578,0.0,0.0,OTM,6,6,0.009900990099009901,1.6500000000000057,119.825,1.3049999999999926,0.0395547056713236,0
TSLA250718C00210000,2025-06-26 16:37:31+00:00,210.0,120.17,114.1,115.65,0.0,0.0,4.0,186,1.0664109179687502,True,REGULAR,USD,TSLA,2025-07-18,18,323.6300048828125,0.6488891537607636,2025-06-29 12:49:55.256830,114.94505476120224,-0.8298830632888325,113.27011693671116,5.224945238797758,6.89988306328884,1.6749378244910815,1,0.9998824240528773,0.9747138484062765,0.0007698874476473156,-0.15308374867613944,1.153519857421875,0.0,0.0,OTM,6,6,0.0213903743315508,1.5500000000000114,114.875,5.295000000000002,0.042406167249026065,0
TSLA250718C00215000,2025-06-27 14:49:59+00:00,215.0,112.23,109.1,110.75,-2.649994,-2.3067496,12.0,394,1.0256396374511718,True,REGULAR,USD,TSLA,2025-07-18,18,323.6300048828125,0.6643388955169722,2025-06-29 12:49:55.256830,109.99827287968179,-0.7099919046452641,108.39000809535473,2.2317271203182116,3.8399919046452737,1.608264784327062,1,0.9998477794812057,0.9725877889014048,0.0008563750614520615,-0.1572986897110462,1.110307182861328,0.0,0.0,OTM,6,6,0.030379746835443037,1.6500000000000057,109.925,2.305000000000007,0.045366576612796375,0
TSLA250718C00220000,2025-06-27 19:29:26+00:00,220.0,101.72,104.65,105.3,-6.669998,-6.1537027,52.0,957,0.9848634326171876,True,REGULAR,USD,TSLA,2025-07-18,18,323.6300048828125,0.679788637273181,2025-06-29 12:49:55.256830,105.05134298581982,-1.1403146324894777,103.50968536751053,-3.3313429858198162,-1.789685367510529,1.5416576183092872,0,3.554346190000474e-05,0.9703128948159606,0.0009529826167122912,-0.16124698603770554,1.068411876220703,0.0,0.0,OTM,6,6,0.054279749478079335,0.6499999999999915,104.975,-3.2549999999999955,0.048477274143403,0
TSLA250718C00225000,2025-06-26 16:30:16+00:00,225.0,105.0,99.25,100.85,0.0,0.0,2.0,347,0.948242705078125,True,REGULAR,USD,TSLA,2025-07-18,18,323.6300048828125,0.6952383790293896,2025-06-29 12:49:55.256830,100.12588129575641,-0.6065567899127586,98.64344321008724,4.874118704243585,6.356556789912759,1.4824380856691732,1,0.9999413250195802,0.9673512478244432,0.0010707947521143859,-0.1673097499364587,1.0264189504394532,0.0,0.0,OTM,6,6,0.005747126436781609,1.5999999999999943,100.05,4.950000000000003,0.052444861714486916,0
TSLA250718C00230000,2025-06-27 19:56:03+00:00,230.0,94.98,94.8,95.45,-5.0199966,-5.0199966,39.0,969,0.911133701171875,True,REGULAR,USD,TSLA,2025-07-18,18,323.6300048828125,0.7106881207855983,2025-06-29 12:49:55.256830,95.20064700636414,-1.0205514332972,93.7794485667028,-0.22064700636413193,1.200551433297207,1.4211984396613389,1,0.9912067297989444,0.964168441208902,0.0012029649375120198,-0.17298526092792776,0.987258078857422,0.0,0.0,OTM,6,6,0.04020618556701031,0.6500000000000057,95.125,-0.14499999999999602,0.05661249302380377,0
TSLA250718C00235000,2025-06-27 15:52:28+00:00,235.0,91.55,89.85,90.55,-3.949997,-4.136122,3.0,921,0.8737805590820311,True,REGULAR,USD,TSLA,2025-07-18,18,323.6300048828125,0.7261378625418069,2025-06-29 12:49:55.256830,90.27680118154038,-0.9325422751937396,88.91745772480625,1.273198818459619,2.6325422751937424,1.3593434567341234,1,0.9998637997195343,0.9607068212551463,0.0013525014272080564,-0.17837951085074136,0.9487320070800781,0.0,0.0,OTM,6,6,0.0032537960954446853,0.7000000000000028,90.19999999999999,1.3500000000000085,0.061040391447656536,0
TSLA250718C00240000,2025-06-27 15:29:25+00:00,240.0,87.1,85.0,85.75,-1.050003,-1.1911548,7.0,2065,0.8481460498046874,True,REGULAR,USD,TSLA,2025-07-18,18,323.6300048828125,0.7415876042980155,2025-06-29 12:49:55.256830,85.4345014467886,-0.8825157641376364,84.11748423586236,1.6654985532113926,2.9825157641376308,1.3170172109262381,1,0.999893542838698,0.9549198287902179,0.0015572585958141035,-0.19135350380011845,0.9132332895507812,0.0,0.0,OTM,6,6,0.003388189738625363,0.75,85.375,1.7249999999999943,0.0682195076515217,0
TSLA250718C00245000,2025-06-27 19:50:07+00:00,245.0,79.22,80.1,80.7,-5.119995,-6.0706606,78.0,1717,0.8037129003906249,True,REGULAR,USD,TSLA,2025-07-18,18,323.6300048828125,0.7570373460542242,2025-06-29 12:49:55.256830,80.47175699381052,-0.8713537369976194,79.22864626300237,-1.2517569938105169,-0.008646263002376031,1.2431107308081408,0,0.00026172492914736524,0.9518006030730003,0.0017339887735639957,-0.19187511481312633,0.8770031831054688,0.0,0.0,OTM,6,6,0.04540162980209546,0.6000000000000085,80.4,-1.1800000000000068,0.07198208479502999,0
TSLA250718C00250000,2025-06-27 19:16:55+00:00,250.0,72.08,75.25,75.9,-5.0999985,-6.6079273,175.0,2646,0.7753928710937501,True,REGULAR,USD,TSLA,2025-07-18,18,323.6300048828125,0.7724870878104328,2025-06-29 12:49:55.256830,75.6321551577951,-0.8124744329263791,74.43752556707362,-3.5521551577950987,-2.3575255670736226,1.1946295907214761,0,6.448927782154603e-05,0.9451519551626465,0.0019918562522913664,-0.20336175946530322,0.8424332163085937,0.0,0.0,OTM,6,6,0.06611258027956177,0.6500000000000057,75.575,-3.4950000000000045,0.07977319699574785,0
TSLA250718C00255000,2025-06-27 19:47:07+00:00,255.0,69.8,70.4,71.05,-4.399994,-5.929911,53.0,2387,0.7429224926757811,True,REGULAR,USD,TSLA,2025-07-18,18,323.6300048828125,0.7879368295666416,2025-06-29 12:49:55.256830,70.77448685959473,-0.7636081553186926,69.63639184468131,-0.9744868595947338,0.1636081553186841,1.138095014913418,0,0.001296980417511699,0.9384721069145184,0.002275380269978786,-0.21209381709561503,0.808790974609375,0.0,0.0,OTM,6,6,0.02219430485762144,0.6499999999999915,70.725,-0.9249999999999972,0.08731215258390264,0
TSLA250718C00260000,2025-06-27 19:55:36+00:00,260.0,65.63,65.6,66.2,-2.1600037,-3.186316,171.0,3614,0.7111845288085938,True,REGULAR,USD,TSLA,2025-07-18,18,323.6300048828125,0.8033865713228502,2025-06-29 12:49:55.256830,65.93789033186269,-0.7429104945015581,64.85708950549844,-0.3078903318626942,0.7729104945015592,1.0808008263642535,1,0.42570632388408125,0.930661304268107,0.0026078208874127915,-0.22146810116862345,0.7762717685546875,0.0,0.0,OTM,6,6,0.04730290456431535,0.6000000000000085,65.9,-0.27000000000001023,0.09579376882402739,0
TSLA250718C00265000,2025-06-27 19:38:41+00:00,265.0,59.87,60.85,61.6,-4.460003,-6.933006,40.0,2006,0.6900665759277345,True,REGULAR,USD,TSLA,2025-07-18,18,323.6300048828125,0.8188363130790588,2025-06-29 12:49:55.256830,61.232522772750286,-0.6547879099440905,60.19521209005591,-1.3625227727502889,-0.32521209005591345,1.0373106826943754,0,0.00019518799734658603,0.9187912467625263,0.0030318094565860757,-0.23948207476231598,0.744655873779297,0.0,0.0,OTM,6,6,0.019930244145490782,0.75,61.225,-1.355000000000004,0.10806127710697236,0
TSLA250718C00270000,2025-06-27 19:29:26+00:00,270.0,53.88,56.15,56.8,-5.619999,-9.445376,238.0,15760,0.6600375793457032,True,REGULAR,USD,TSLA,2025-07-18,18,323.6300048828125,0.8342860548352675,2025-06-29 12:49:55.256830,56.46678637265194,-0.6661112086207055,55.48388879137929,-2.586786372651936,-1.6038887913792905,0.9828975812726455,0,0.00041780673898458067,0.9076128331392163,0.003490473602341308,-0.2506725911323708,0.7159208095703125,0.0,0.0,OTM,6,6,0.015100564684981917,0.6499999999999986,56.474999999999994,-2.5949999999999918,0.11899541308579083,0
TSLA250718C00275000,2025-06-27 19:56:03+00:00,275.0,51.78,51.7,52.05,-3.170002,-5.768884,100.0,2210,0.637698935546875,True,REGULAR,USD,TSLA,2025-07-18,18,323.6300048828125,0.8497357965914761,2025-06-29 12:49:55.256830,51.83383952928153,-0.8078677666782426,50.89213223332176,-0.05383952928153235,0.8878677666782409,0.9417072959597732,1,0.9709865106907032,0.892148425622241,0.004045084835218998,-0.2684627811585046,0.6883820224609375,0.0,0.0,OTM,6,6,0.045228403437358664,0.3499999999999943,51.875,-0.09499999999999886,0.13323567500959788,0
TSLA250718C00280000,2025-06-27 19:56:07+00:00,280.0,47.19,47.15,47.6,-4.3600006,-8.4578085,145.0,2475,0.6176796044921876,True,REGULAR,USD,TSLA,2025-07-18,18,323.6300048828125,0.8651855383476849,2025-06-29 12:49:55.256830,47.29519597545442,-0.7617439522338714,46.38825604776613,-0.10519597545442139,0.8017439522338705,0.9069399276882919,1,0.6698347984916433,0.873331526935921,0.004680291043446418,-0.28843553070813327,0.6633334448242187,0.0,0.0,OTM,6,6,0.058562197092084003,0.45000000000000284,47.375,-0.18500000000000227,0.14931839807279196,0
TSLA250718C00285000,2025-06-27 19:53:32+00:00,285.0,42.57,42.95,43.3,-3.0299988,-6.644735,60.0,1591,0.606571317138672,True,REGULAR,USD,TSLA,2025-07-18,18,323.6300048828125,0.8806352801038935,2025-06-29 12:49:55.256830,42.98465688352394,-0.8467506531053033,42.1032493468947,-0.41465688352393926,0.46675065310530073,0.88140753662924,0,0.002071765644848423,0.8483335591573049,0.005387974713368416,-0.3161432839804722,0.6424108024902344,0.0,0.0,OTM,6,6,0.03768844221105527,0.3499999999999943,43.125,-0.5549999999999997,0.16880473290100018,0
TSLA250718C00290000,2025-06-27 19:57:56+00:00,290.0,38.85,38.8,39.1,-4.450001,-10.277138,240.0,2308,0.5930216479492189,True,REGULAR,USD,TSLA,2025-07-18,18,323.6300048828125,0.8960850218601021,2025-06-29 12:49:55.256830,38.7547772144122,-0.8901247533952912,37.909875246604706,0.09522278558780073,0.9401247533952954,0.8449019678074947,1,0.9744559158920231,0.8206182777278397,0.006143499059663253,-0.34105000868157004,0.6230018168945313,0.0,0.0,OTM,6,6,0.1039411000433088,0.30000000000000426,38.95,-0.10000000000000142,0.1881757014942963,0
TSLA250718C00295000,2025-06-27 19:53:43+00:00,295.0,34.49,34.8,35.2,-4.529999,-11.609427,36.0,1975,0.5835002587890624,True,REGULAR,USD,TSLA,2025-07-18,18,323.6300048828125,0.9115347636163108,2025-06-29 12:49:55.256830,34.74302681524475,-0.8639229870994072,33.93607701290059,-0.2530268152447448,0.553922987099412,0.8069498023441568,0,0.0022660197362812913,0.7877513799733635,0.006915556361377226,-0.3679828565916225,0.6076943527832032,0.0,0.0,OTM,6,6,0.018218623481781375,0.4000000000000057,35.0,-0.509999999999998,0.2084228731136117,0
TSLA250718C00297500,2025-06-27 19:26:46+00:00,297.5,30.25,32.75,33.6,-7.4900017,-19.846321,5.0,11,0.5824016369628906,True,REGULAR,USD,TSLA,2025-07-18,18,323.6300048828125,0.9192596344944152,2025-06-29 12:49:55.256830,32.87919975202183,-0.6677247570270097,32.08227524297299,-2.629199752021833,-1.8322752429729903,0.7969245090488428,0,0.00014392988510047,0.768725791104009,0.007276959779496202,-0.3837116390254894,0.5966348930664063,0.0,0.0,OTM,6,6,0.4166666666666667,0.8500000000000014,33.175,-2.924999999999997,0.2189020162383707,0
TSLA250718C00300000,2025-06-27 19:57:14+00:00,300.0,31.15,31.05,31.35,-3.0300007,-8.864835,238.0,8409,0.5732464550781251,True,REGULAR,USD,TSLA,2025-07-18,18,323.6300048828125,0.9269845053725194,2025-06-29 12:49:55.256830,30.882944273917786,-0.9450783681375583,30.104921631862442,0.2670557260822122,1.0450783681375562,0.778022642055344,1,0.996725123289535,0.751305810269417,0.007691886167788641,-0.39172919722926874,0.5877482631835937,0.0,0.0,OTM,6,6,0.028299643281807372,0.3000000000000007,31.200000000000003,-0.05000000000000426,0.22774635054026796,0
TSLA250718C00302500,2025-06-27 19:20:20+00:00,302.5,26.75,29.1,29.85,-6.25,-18.939394,22.0,44,0.572391971435547,True,REGULAR,USD,TSLA,2025-07-18,18,323.6300048828125,0.9347093762506238,2025-06-29 12:49:55.256830,29.1220227480091,-0.7471689698569932,28.352831030143008,-2.372022748009101,-1.6028310301430082,0.769191717866093,0,7.358354738862114e-05,0.7304385948539649,0.008031135469152299,-0.4059120432744691,0.5809123940429688,0.0,0.0,OTM,6,6,0.4888888888888889,0.75,29.475,-2.7250000000000014,0.23743661132558563,0
TSLA250718C00305000,2025-06-27 19:57:01+00:00,305.0,27.55,27.5,27.9,-4.450001,-13.906252,184.0,1921,0.5675702423095703,True,REGULAR,USD,TSLA,2025-07-18,18,323.6300048828125,0.942434247128728,2025-06-29 12:49:55.256830,27.319226345463676,-0.9340316259501904,26.56596837404981,0.2307736545363248,0.9840316259501911,0.7532579714138663,1,0.9960104083760352,0.709861969397503,0.008393647078341988,-0.4156679330583356,0.575822112915039,0.0,0.0,OTM,6,6,0.09573361082206035,0.3999999999999986,27.7,-0.14999999999999858,0.24606368427320724,0
TSLA250718C00307500,2025-06-27 19:56:00+00:00,307.5,25.8,25.9,26.5,-3.2000008,-11.034486,191.0,128,0.5710492114257812,True,REGULAR,USD,TSLA,2025-07-18,18,323.6300048828125,0.9501591180068324,2025-06-29 12:49:55.256830,25.77840327310699,-0.8715093253045332,25.028490674695465,0.021596726893012175,0.7715093253045353,0.7499125984115231,0,0.006166758518765665,0.6865199498457176,0.00863786707221744,-0.43104081409850276,0.5733319034423828,0.0,0.0,ATM,6,6,1.4806201550387597,0.6000000000000014,26.2,-0.3999999999999986,0.2547752596015499,0
TSLA250718C00310000,2025-06-27 19:59:31+00:00,310.0,24.4,24.3,24.65,-2.6000004,-9.629631,360.0,3210,0.5642133422851563,True,REGULAR,USD,TSLA,2025-07-18,18,323.6300048828125,0.9578839888849368,2025-06-29 12:49:55.256830,24.03254367778996,-0.9971911031216045,23.302808896878396,0.3674563222100389,1.0971911031216024,0.7297347809115635,1,0.9967853173487685,0.6648534771007043,0.008986035014572494,-0.4366036776139139,0.569694244506836,0.0,0.0,ATM,6,6,0.11211460604173155,0.34999999999999787,24.475,-0.07500000000000284,0.26187175495795095,0
TSLA250718C00312500,2025-06-27 19:51:24+00:00,312.5,21.9,22.75,23.4,-3.8500004,-14.951457,284.0,197,0.5670209313964845,True,REGULAR,USD,TSLA,2025-07-18,18,323.6300048828125,0.9656088597630412,2025-06-29 12:49:55.256830,22.597268020476974,-0.8762554055956961,21.873744594404304,-0.6972680204769759,0.026255405595694725,0.7235234260726706,0,0.00023692977627543156,0.6407525207704995,0.009173950850121073,-0.44849493674984425,0.5684491397705079,0.0,0.0,ATM,6,6,1.4343434343434343,0.6499999999999986,23.075,-1.1750000000000007,0.2686783671606623,0
TSLA250718C00315000,2025-06-27 19:59:54+00:00,315.0,21.37,21.25,21.6,-2.4299984,-10.210077,372.0,2192,0.5590864404296876,True,REGULAR,USD,TSLA,2025-07-18,18,323.6300048828125,0.9733337306411456,2025-06-29 12:49:55.256830,20.932333310740688,-1.022703124678337,20.227296875321663,0.43766668925931285,1.142703124678338,0.705036435419025,1,0.998891688084254,0.6177717077949129,0.009492857281222195,-0.45024556195074883,0.5657880335693359,0.0,0.0,ATM,6,6,0.16963064295485636,0.3500000000000014,21.425,-0.054999999999999716,0.2741278192720442,0
TSLA250718C00317500,2025-06-27 19:56:40+00:00,317.5,19.7,19.85,20.3,-3.1999989,-13.973795,297.0,156,0.559574716796875,True,REGULAR,USD,TSLA,2025-07-18,18,323.6300048828125,0.9810586015192496,2025-06-29 12:49:55.256830,19.556673026305845,-0.9869539496027251,18.863046050397276,0.1433269736941547,0.836953949602723,0.6936269759085683,0,0.011988431170528183,0.5932312809549753,0.009647904221182203,-0.45705552579041814,0.5641889284667969,0.0,0.0,ATM,6,6,1.89171974522293,0.4499999999999993,20.075000000000003,-0.37500000000000355,0.2788484708138871,0
TSLA250718C00320000,2025-06-27 19:59:58+00:00,320.0,18.6,18.55,18.85,-2.4499989,-11.638949,3287.0,19048,0.557194369506836,True,REGULAR,USD,TSLA,2025-07-18,18,323.6300048828125,0.988783472397354,2025-06-29 12:49:55.256830,18.16302091475609,-1.0605240009141674,17.489475999085833,0.4369790852439124,1.1105240009141681,0.6735449156702558,1,0.9988521512662604,0.568657213611563,0.009814518773447014,-0.4598989668125731,0.5614179600830079,0.0,0.0,ATM,6,6,0.17255498976324216,0.3000000000000007,18.700000000000003,-0.10000000000000142,0.2824573820155522,0
TSLA250718C00322500,2025-06-27 19:59:41+00:00,322.5,17.35,17.25,17.65,-2.75,-13.681592,1109.0,279,0.5570112658691408,True,REGULAR,USD,TSLA,2025-07-18,18,323.6300048828125,0.9965083432754585,2025-06-29 12:49:55.256830,16.893242332689965,-1.0044597179071992,16.2455402820928,0.4567576673100362,1.1044597179072007,0.6477020505971645,1,0.9964581971390684,0.5438187245750361,0.009905517821335563,-0.4627352548903889,0.5599775447998048,0.0,0.0,ATM,6,6,3.960714285714286,0.3999999999999986,17.45,-0.09999999999999787,0.28498261221925153,0
TSLA250718C00325000,2025-06-27 19:59:54+00:00,325.0,16.15,16.1,16.45,-2.0500011,-11.263742,2549.0,4188,0.5573774731445313,False,REGULAR,USD,TSLA,2025-07-18,18,323.6300048828125,1.0042332141535628,2025-06-29 12:49:55.256830,15.701447822258473,-1.0185548366265653,15.081445163373436,0.4485521777415258,1.0685548366265625,0.6200026588850367,1,0.9983883001403845,0.5190148267998775,0.009947830357204708,-0.46426487352200707,0.5580488531494141,0.0,0.0,ATM,6,6,0.6084984483170208,0.34999999999999787,16.275,-0.125,0.28638810983688556,0
TSLA250718C00327500,2025-06-27 19:59:55+00:00,327.5,15.0,14.9,15.25,-1.9500008,-11.504429,1275.0,820,0.5549971258544923,False,REGULAR,USD,TSLA,2025-07-18,18,323.6300048828125,1.0119580850316672,2025-06-29 12:49:55.256830,14.492608710575752,-0.9996681581842477,13.900331841815753,0.5073912894242483,1.0996681581842473,0.5922768687599991,1,0.9972751539708123,0.49408853228652644,0.010000761019846892,-0.4618854399361358,0.5572309902343751,0.0,0.0,ATM,6,6,1.5529841656516443,0.34999999999999964,15.075,-0.07499999999999929,0.286682368397877,0
TSLA250718C00330000,2025-06-27 19:59:59+00:00,330.0,13.94,13.85,14.2,-2.0600004,-12.875003,3851.0,8323,0.5556685058593751,False,REGULAR,USD,TSLA,2025-07-18,18,323.6300048828125,1.019682955909771,2025-06-29 12:49:55.256830,13.432152468647388,-0.9818055252712146,12.868194474728785,0.5078475313526116,1.0718055252712144,0.5639579939186028,1,0.999116214766116,0.4695987867768572,0.009960754432524163,-0.4602426450029654,0.5564497480468751,0.0,0.0,ATM,6,6,0.4626381547333013,0.34999999999999964,14.024999999999999,-0.08499999999999908,0.2858809496836162,0
TSLA250718C00332500,2025-06-27 19:53:33+00:00,332.5,12.59,12.85,13.3,-2.3000002,-15.4466095,411.0,763,0.5577436804199221,False,REGULAR,USD,TSLA,2025-07-18,18,323.6300048828125,1.0274078267878757,2025-06-29 12:49:55.256830,12.471250083658816,-0.910500186370335,11.939499813629665,0.11874991634118359,0.6505001863703352,0.5317502700291517,0,0.0023684310720887528,0.4457252861620746,0.009860358531815144,-0.4581370522837372,0.5565596102294923,0.0,0.0,ATM,6,6,0.5379581151832461,0.45000000000000107,13.075,-0.48499999999999943,0.28405639101167235,0
TSLA250718C00335000,2025-06-27 19:59:15+00:00,335.0,11.96,11.95,12.25,-2.1899996,-15.47703,1156.0,7067,0.5571333349609376,False,REGULAR,USD,TSLA,2025-07-18,18,323.6300048828125,1.03513269766598,2025-06-29 12:49:55.256830,11.492226642486841,-0.9539131061044284,10.996086893895571,0.46777335751315974,0.9639131061044299,0.4961397485912702,1,0.9949552319468995,0.42179710996067366,0.009771461505222576,-0.4522887545976094,0.5565840240478517,0.0,0.0,ATM,6,6,0.16355404640633842,0.3000000000000007,12.1,-0.1399999999999988,0.28118740906089923,0
TSLA250718C00337500,2025-06-27 19:53:30+00:00,337.5,10.8,11.05,11.4,-2.4499998,-18.490564,337.0,789,0.5581098876953126,False,REGULAR,USD,TSLA,2025-07-18,18,323.6300048828125,1.0428575685440844,2025-06-29 12:49:55.256830,10.61461277122325,-0.9021224943787249,10.147877505621276,0.18538722877675085,0.6521224943787249,0.4667352656019741,0,0.002029344704916969,0.39869551081813503,0.009623655345113634,-0.44630616160835085,0.556730506958008,0.0,0.0,ATM,6,6,0.42658227848101266,0.34999999999999964,11.225000000000001,-0.4250000000000007,0.2774194957637087,0
TSLA250718C00340000,2025-06-27 19:59:46+00:00,340.0,10.3,10.25,10.45,-1.6999998,-14.166665,5278.0,34411,0.5573164385986329,False,REGULAR,USD,TSLA,2025-07-18,18,323.6300048828125,1.0505824394221888,2025-06-29 12:49:55.256830,9.74319508179505,-0.9454801721226875,9.304519827877312,0.5568049182049499,0.9954801721226882,0.4386752539177383,1,0.9975291802644063,0.37566059872895663,0.009472459989016075,-0.43744453958024937,0.5571943695068361,0.0,0.0,ITM,6,6,0.1533767290480065,0.1999999999999993,10.35,-0.049999999999998934,0.2726728094905306,0
TSLA250718C00342500,2025-06-27 19:59:11+00:00,342.5,9.52,9.45,9.65,-1.9799995,-17.217388,301.0,472,0.5573164385986329,False,REGULAR,USD,TSLA,2025-07-18,18,323.6300048828125,1.0583073103002931,2025-06-29 12:49:55.256830,8.947417265162883,-0.9103956294801243,8.539604370519875,0.5725827348371162,0.9803956294801246,0.4078128946430084,1,0.9943250210790284,0.35342435125152605,0.009280154858656737,-0.4279979812332509,0.5575239560546876,0.0,0.0,ITM,6,6,0.6363636363636364,0.20000000000000107,9.55,-0.030000000000001137,0.26713714291233154,0
TSLA250718C00345000,2025-06-27 19:59:58+00:00,345.0,8.8,8.75,9.0,-1.8000002,-16.981134,691.0,3291,0.5600629931640625,False,REGULAR,USD,TSLA,2025-07-18,18,323.6300048828125,1.0660321811783973,2025-06-29 12:49:55.256830,8.275103164425232,-0.8597693385597713,7.890230661440229,0.5248968355747685,0.909769338559772,0.38487250298500353,1,0.9809764405463341,0.332829189707578,0.00902793169068144,-0.4199122469636147,0.5579878186035157,0.0,0.0,ITM,6,6,0.20990279465370595,0.25,8.875,-0.07499999999999929,0.26115740324797243,0
TSLA250718C00350000,2025-06-27 19:59:57+00:00,350.0,7.51,7.5,7.6,-1.4499998,-16.183033,8369.0,20524,0.561527822265625,False,REGULAR,USD,TSLA,2025-07-18,18,323.6300048828125,1.081481922934606,2025-06-29 12:49:55.256830,6.966761097817695,-0.8718491899313552,6.628150810068645,0.5432389021823045,0.881849189931355,0.33861028774905044,1,0.969941198704794,0.2925156485561144,0.008516343484739371,-0.397288353114087,0.5588667160644532,0.0,0.0,ITM,6,6,0.40774665042630936,0.09999999999999964,7.55,-0.040000000000000036,0.2470026705454096,0
TSLA250718C00355000,2025-06-27 19:59:58+00:00,355.0,6.38,6.4,6.5,-1.4200001,-18.205128,2183.0,4115,0.5652509295654298,False,REGULAR,USD,TSLA,2025-07-18,18,323.6300048828125,1.0969316646908147,2025-06-29 12:49:55.256830,5.888145911964585,-0.8112471000581198,5.5887528999418805,0.4918540880354145,0.7912471000581194,0.29939301202270485,0,0.09243369887698498,0.256352381090789,0.007926350244662171,-0.37391273123879437,0.5602949244384766,0.0,0.0,ITM,6,6,0.5303692905733722,0.09999999999999964,6.45,-0.07000000000000028,0.23141512698025646,0
TSLA250718C00360000,2025-06-27 19:59:30+00:00,360.0,5.5,5.45,5.55,-1.0500002,-16.030537,3001.0,12680,0.5690961059570312,False,REGULAR,USD,TSLA,2025-07-18,18,323.6300048828125,1.1123814064470234,2025-06-29 12:49:55.256830,4.9645332595769105,-0.7443392488782399,4.70566075112176,0.5354667404230895,0.7943392488782397,0.2588725084551502,1,0.9802091291490573,0.223619310694482,0.007307230220737297,-0.34877969191100017,0.5626508579101563,0.0,0.0,ITM,6,6,0.23665326078384985,0.09999999999999964,5.5,0.0,0.21479076488660787,0
TSLA250718C00365000,2025-06-27 19:59:40+00:00,365.0,4.7,4.65,4.75,-1.0,-17.54386,1295.0,3812,0.5738568005371094,False,REGULAR,USD,TSLA,2025-07-18,18,323.6300048828125,1.127831148203232,2025-06-29 12:49:55.256830,4.193333090878241,-0.6752736888534527,3.9747263111465476,0.5066669091217593,0.7252736888534526,0.2186067797316933,1,0.9893061250100175,0.19464499754382653,0.006677707493255126,-0.32356185775808416,0.5659589302978516,0.0,0.0,ITM,6,6,0.3396275898242853,0.09999999999999964,4.7,0.0,0.19792840475875,0
TSLA250718C00370000,2025-06-27 19:59:54+00:00,370.0,4.01,4.0,4.05,-0.9899998,-19.799995,1439.0,9139,0.5792278405761719,False,REGULAR,USD,TSLA,2025-07-18,18,323.6300048828125,1.1432808899594409,2025-06-29 12:49:55.256830,3.5477806859728958,-0.6387510718442515,3.3612489281557485,0.46221931402710403,0.6487510718442513,0.18653175781714726,1,0.9729238465033669,0.16915500688553442,0.006059489317464412,-0.298695097602434,0.5697918997802736,0.0,0.0,ITM,6,6,0.1574398249452954,0.04999999999999982,4.025,-0.015000000000000568,0.18128532622953628,0
TSLA250718C00375000,2025-06-27 19:59:57+00:00,375.0,3.45,3.4,3.5,-0.74999976,-17.857138,1152.0,8378,0.584843018798828,False,REGULAR,USD,TSLA,2025-07-18,18,323.6300048828125,1.1587306317156494,2025-06-29 12:49:55.256830,3.003636511435147,-0.5559360754464939,2.844063924553506,0.4463634885648533,0.6059360754464942,0.1595725868816409,1,0.9178519891157486,0.14676066213455374,0.0054667857978772955,-0.2743730613389532,0.574454939086914,0.0,0.0,ITM,6,6,0.13748657357679914,0.10000000000000009,3.45,0.0,0.16513858837317816,0
TSLA250718C00380000,2025-06-27 19:59:44+00:00,380.0,2.96,2.93,3.0,-0.63999987,-17.777775,1919.0,9269,0.590946473388672,False,REGULAR,USD,TSLA,2025-07-18,18,323.6300048828125,1.174180373471858,2025-06-29 12:49:55.256830,2.5498306890735662,-0.5199623011083343,2.410037698891666,0.4101693109264337,0.5499623011083341,0.1397929901819004,1,0.9569058858026409,0.12731802806223352,0.004909463717014481,-0.2512780548066758,0.5795940478515625,0.0,0.0,ITM,6,6,0.2070118662351672,0.06999999999999984,2.965,-0.004999999999999893,0.1498509153767265,0
TSLA250718C00385000,2025-06-27 19:57:26+00:00,385.0,2.53,2.53,2.66,-0.56999993,-18.387096,678.0,5409,0.5999795861816408,False,REGULAR,USD,TSLA,2025-07-18,18,323.6300048828125,1.1896301152280666,2025-06-29 12:49:55.256830,2.205486910477447,-0.4514197482361846,2.0785802517638152,0.324513089522553,0.4514197482361846,0.1269066587136316,0,0.08789973500514695,0.11158722880912142,0.004405781090535229,-0.23219157232427387,0.5857707438964844,0.0,0.0,ITM,6,6,0.12532347504621072,0.13000000000000034,2.5949999999999998,-0.06499999999999995,0.13653267178732378,0
TSLA250718C00390000,2025-06-27 19:59:43+00:00,390.0,2.21,2.19,2.3,-0.53999996,-19.636362,742.0,6692,0.6066933862304689,False,REGULAR,USD,TSLA,2025-07-18,18,323.6300048828125,1.205079856984275,2025-06-29 12:49:55.256830,1.8841549184877486,-0.41968857712851904,1.770311422871481,0.32584508151225133,0.43968857712851905,0.11384349561626772,1,0.9009991164844303,0.09698208772305289,0.003935691182949671,-0.21188383265316554,0.5923380610351564,0.0,0.0,ITM,6,6,0.11086209472583296,0.10999999999999988,2.245,-0.03500000000000014,0.12332964308007313,0
TSLA250718C00395000,2025-06-27 19:56:53+00:00,395.0,1.89,1.91,1.95,-0.45999992,-19.574465,1930.0,2293,0.6123085644531252,False,REGULAR,USD,TSLA,2025-07-18,18,323.6300048828125,1.2205295987404838,2025-06-29 12:49:55.256830,1.5997301383377724,-0.4133158710871747,1.4966841289128252,0.29026986166222746,0.3933158710871747,0.10304600942494724,0,0.028977723831806655,0.0838743112690774,0.003500910789676827,-0.1918192337823478,0.598954205810547,0.0,0.0,ITM,6,6,0.8413251961639059,0.040000000000000036,1.93,-0.040000000000000036,0.11072063769522013,0
TSLA250718C00400000,2025-06-27 19:59:56+00:00,400.0,1.67,1.67,1.7,-0.34000003,-16.915424,12068.0,27621,0.6198768481445314,False,REGULAR,USD,TSLA,2025-07-18,18,323.6300048828125,1.2359793404966926,2025-06-29 12:49:55.256830,1.3788075871201677,-0.38527344054284685,1.284726559457153,0.2911924128798322,0.38527344054284685,0.09408102766301463,0,0.03423336204934592,0.0732036030979031,0.003119173178813287,-0.1750154916166859,0.6059609716796877,0.0,0.0,ITM,6,6,0.43689812468322353,0.030000000000000027,1.685,-0.015000000000000124,0.09986702305192406,0
TSLA250718C00405000,2025-06-27 19:56:20+00:00,405.0,1.47,1.47,1.5,-0.30999994,-17.415728,1690.0,9420,0.6285437536621095,False,REGULAR,USD,TSLA,2025-07-18,18,323.6300048828125,1.2514290822529013,2025-06-29 12:49:55.256830,1.2011138817927716,-0.35654033179057176,1.1134596682094282,0.2688861182072284,0.35654033179057176,0.08765421358334335,0,0.05319691193718606,0.06433080490407447,0.0027844175010132417,-0.16051399105502318,0.6134804277343752,0.0,0.0,ITM,6,6,0.1793864770194247,0.030000000000000027,1.4849999999999999,-0.014999999999999902,0.09039555381035258,0
TSLA250718C00410000,2025-06-27 19:53:32+00:00,410.0,1.26,1.29,1.33,-0.26999998,-17.647058,661.0,6897,0.6369665209960937,False,REGULAR,USD,TSLA,2025-07-18,18,323.6300048828125,1.26687882400911,2025-06-29 12:49:55.256830,1.047603580445088,-0.3236428499941537,0.9663571500058463,0.21239641955491195,0.2936428499941537,0.08124643043924173,0,0.2463659567324921,0.05657458195469872,0.0024847663287162745,-0.14700628934098964,0.6208778146972657,0.0,0.0,ITM,6,6,0.09582487677587706,0.040000000000000036,1.31,-0.050000000000000044,0.08174841855418373,0
TSLA250718C00415000,2025-06-27 19:56:23+00:00,415.0,1.16,1.14,1.18,-0.22000003,-15.942031,699.0,3092,0.6452672192382812,False,REGULAR,USD,TSLA,2025-07-18,18,323.6300048828125,1.2823285657653185,2025-06-29 12:49:55.256830,0.9156311886099697,-0.29733761459918595,0.842662385400814,0.2443688113900302,0.31733761459918597,0.07296880320915577,1,0.9376001914029521,0.04982262750734761,0.00221768389039018,-0.134564335934447,0.6285925812988282,0.0,0.0,ITM,6,6,0.2259941804073715,0.040000000000000036,1.16,0.0,0.07391225367141482,0
TSLA250718C00420000,2025-06-27 19:59:22+00:00,420.0,1.04,1.01,1.05,-0.13,-11.111112,877.0,10526,0.6538120556640626,False,REGULAR,USD,TSLA,2025-07-18,18,323.6300048828125,1.2977783075215272,2025-06-29 12:49:55.256830,0.8043941388465843,-0.27020267477072224,0.7397973252292778,0.23560586115341575,0.30020267477072227,0.06459681361730651,1,0.9395945034851191,0.04403603777038049,0.001982348281169913,-0.12342159628606597,0.6368932795410156,0.0,0.0,ITM,6,6,0.08330958487698299,0.040000000000000036,1.03,0.010000000000000009,0.0669437571565782,0
TSLA250718C00425000,2025-06-27 19:56:54+00:00,425.0,0.91,0.9,0.94,-0.12999994,-12.499994,199.0,3326,0.6626010302734376,False,REGULAR,USD,TSLA,2025-07-18,18,323.6300048828125,1.313228049277736,2025-06-29 12:49:55.256830,0.7104643638188683,-0.24718794129920085,0.6528120587007992,0.19953563618113168,0.25718794129920086,0.05765230511806918,1,0.96701099388266,0.03907513326151165,0.0017755013020155578,-0.11347569734480316,0.6454381159667969,0.0,0.0,ITM,6,6,0.0598136459272618,0.039999999999999925,0.9199999999999999,-0.009999999999999898,0.06076455225752395,0
TSLA250718C00430000,2025-06-27 19:57:22+00:00,430.0,0.82,0.82,0.9,-0.100000024,-10.869568,622.0,4872,0.6765169067382814,False,REGULAR,USD,TSLA,2025-07-18,18,323.6300048828125,1.3286777910339445,2025-06-29 12:49:55.256830,0.6583431466780745,-0.21583225200195022,0.6041677479980497,0.16165685332192548,0.21583225200195022,0.054175398680024744,0,0.03107963897159186,0.03592398181999579,0.0016235773931246012,-0.10811416271473395,0.6550327465820314,0.0,0.0,ITM,6,6,0.12764210958341884,0.08000000000000007,0.86,-0.040000000000000036,0.056732098753501055,0
TSLA250718C00435000,2025-06-27 19:26:38+00:00,435.0,0.63,0.73,0.76,-0.24000001,-27.586206,102.0,5288,0.6806672558593752,False,REGULAR,USD,TSLA,2025-07-18,18,323.6300048828125,1.3441275327901532,2025-06-29 12:49:55.256830,0.5623836543682117,-0.21515468921524938,0.5148453107847506,0.06761634563178831,0.1151546892152494,0.047538343583461096,0,0.0030271420746769435,0.031113954477763977,0.0014335678812065242,-0.09659570089058632,0.6637728935546876,0.0,0.0,ITM,6,6,0.019285309132161088,0.030000000000000027,0.745,-0.11499999999999999,0.05039997503537703,0
TSLA250718C00440000,2025-06-27 19:56:38+00:00,440.0,0.66,0.66,0.69,-0.06999999,-9.58904,193.0,6523,0.6899445068359377,False,REGULAR,USD,TSLA,2025-07-18,18,323.6300048828125,1.359577274546362,2025-06-29 12:49:55.256830,0.5041180053877117,-0.19923797086690426,0.4607620291330958,0.15588199461228835,0.19923797086690426,0.0433559762546159,0,0.026314198865395332,0.02792905370355645,0.0012930206767391322,-0.08947883478684032,0.6727083510742189,0.0,0.0,ITM,6,6,0.02958307786633967,0.029999999999999916,0.675,-0.015000000000000013,0.04607834066288163,0
TSLA250718C00445000,2025-06-27 19:57:55+00:00,445.0,0.61,0.59,0.62,-0.099999964,-14.084503,56.0,3840,0.6977569287109376,False,REGULAR,USD,TSLA,2025-07-18,18,323.6300048828125,1.3750270163025706,2025-06-29 12:49:55.256830,0.44734742736379474,-0.18332529162666328,0.4066747083733367,0.16265257263620525,0.2033252916266633,0.040672718990458046,1,0.8922746868665942,0.024885313417068587,0.0011609960787089977,-0.08214063377272544,0.6814973256835939,0.0,0.0,ITM,6,6,0.014579536579015881,0.030000000000000027,0.605,0.0050000000000000044,0.04184196875514586,0
TSLA250718C00450000,2025-06-27 19:59:40+00:00,450.0,0.55,0.54,0.57,-0.029999971,-5.172409,1631.0,21485,0.7077665942382813,False,REGULAR,USD,TSLA,2025-07-18,18,323.6300048828125,1.3904767580587791,2025-06-29 12:49:55.256830,0.4065814050061256,-0.17276607005391825,0.3672339299460818,0.14341859499387444,0.18276607005391826,0.039347475060043824,1,0.4497932852969847,0.022585156117442204,0.0010549410138742652,-0.07676543228912831,0.6905304384765627,0.0,0.0,ITM,6,6,0.07590989481522852,0.029999999999999916,0.5549999999999999,-0.004999999999999893,0.03856518667549369,0
TSLA250718C00455000,2025-06-27 19:53:30+00:00,455.0,0.48,0.49,0.52,-0.030000001,-5.8823533,289.0,3708,0.7163114306640624,False,REGULAR,USD,TSLA,2025-07-18,18,323.6300048828125,1.405926499814988,2025-06-29 12:49:55.256830,0.3657026745338232,-0.1621007546585289,0.3278992453414711,0.11429732546617677,0.1521007546585289,0.037803429192352134,0,0.0612389602608572,0.020341366847932696,0.0009541142240131389,-0.07109077804745793,0.6984893432617187,0.0,0.0,ITM,6,6,0.07791857643569695,0.030000000000000027,0.505,-0.025000000000000022,0.03530038582531227,0
TSLA250718C00460000,2025-06-27 19:55:00+00:00,460.0,0.46,0.44,0.47,0.02000001,4.545457,996.0,5141,0.7236355761718749,False,REGULAR,USD,TSLA,2025-07-18,18,323.6300048828125,1.4213762415711966,2025-06-29 12:49:55.256830,0.32606117220856934,-0.15039286658135992,0.2896071334186401,0.13393882779143068,0.17039286658135994,0.036454038789929255,1,0.9462004458974539,0.01820025304203983,0.0008592671687066885,-0.06531911411317491,0.7070830073242187,0.0,0.0,ITM,6,6,0.19369894982497082,0.02999999999999997,0.45499999999999996,0.00500000000000006,0.032116286876907665,0
TSLA250718C00465000,2025-06-27 19:57:49+00:00,465.0,0.42,0.4,0.43,0.0,0.0,120.0,3372,0.7319362744140624,False,REGULAR,USD,TSLA,2025-07-18,18,323.6300048828125,1.436825983327405,2025-06-29 12:49:55.256830,0.2943944115593977,-0.14094281140135795,0.2590571885986421,0.12560558844060227,0.1609428114013579,0.03533722296075564,1,0.8966694859498396,0.016447009803491893,0.0007791101459011959,-0.06057409763278595,0.7154813608398436,0.0,0.0,ITM,6,6,0.03557663800770827,0.02999999999999997,0.41500000000000004,0.004999999999999949,0.029454342413655264,0
TSLA250718C00470000,2025-06-27 19:52:16+00:00,470.0,0.34,0.37,0.39,-0.03999999,-10.526314,135.0,7166,0.7407252490234374,False,REGULAR,USD,TSLA,2025-07-18,18,323.6300048828125,1.4522757250836138,2025-06-29 12:49:55.256830,0.2679512116877705,-0.1367018242527261,0.2332981757472739,0.07204878831222955,0.10670182425272612,0.03465303594049657,0,0.006517787610846616,0.014960265077284882,0.0007097644986390882,-0.056499690486212346,0.7240750249023437,0.0,0.0,ITM,6,6,0.018836333193804938,0.020000000000000018,0.38,-0.03999999999999998,0.02715492587689964,0
TSLA250718C00475000,2025-06-27 19:41:51+00:00,475.0,0.33,0.34,0.36,-0.00999999,-2.9411738,314.0,7474,0.7495142236328125,False,REGULAR,USD,TSLA,2025-07-18,18,323.6300048828125,1.4677254668398223,2025-06-29 12:49:55.256830,0.2446610756539922,-0.12949329755478023,0.2105067024452198,0.08533892434600782,0.11949329755478022,0.034154373208772404,0,0.023361871643147764,0.013645905774571684,0.0006480295463281279,-0.0528025581897515,0.7324245507812499,0.0,0.0,ITM,6,6,0.0420066889632107,0.019999999999999962,0.35,-0.019999999999999962,0.025087182360051207,0
TSLA250718C00480000,2025-06-27 19:28:49+00:00,480.0,0.27,0.31,0.33,-0.060000002,-18.181818,1195.0,4946,0.7568383691406251,False,REGULAR,USD,TSLA,2025-07-18,18,323.6300048828125,1.483175208596031,2025-06-29 12:49:55.256830,0.22071112790708813,-0.12366129796427669,0.1863387020357233,0.049288872092911884,0.08366129796427671,0.034372425871364826,0,0.005791093224219658,0.012331460995592344,0.000587948621189877,-0.0488357240453881,0.7405299384765625,0.0,0.0,ITM,6,6,0.2415605417424702,0.020000000000000018,0.32,-0.04999999999999999,0.022983688006082085,0
TSLA250718C00485000,2025-06-27 19:29:37+00:00,485.0,0.25,0.27,0.3,-0.050000012,-16.66667,34.0,2021,0.7617211328125001,False,REGULAR,USD,TSLA,2025-07-18,18,323.6300048828125,1.4986249503522395,2025-06-29 12:49:55.256830,0.1945410801626819,-0.10988471194561994,0.16011528805438008,0.0554589198373181,0.08988471194561992,0.03442579210830182,0,0.0059159124879145765,0.010940662216729239,0.0005265309885515785,-0.04429031673458116,0.7481470498046875,0.0,0.0,ITM,6,6,0.016815034619188922,0.02999999999999997,0.28500000000000003,-0.03500000000000003,0.020715582092006756,0
TSLA250718C00490000,2025-06-27 19:58:53+00:00,490.0,0.26,0.26,0.28,0.0,0.0,69.0,3611,0.772463212890625,False,REGULAR,USD,TSLA,2025-07-18,18,323.6300048828125,1.5140746921084485,2025-06-29 12:49:55.256830,0.18297336094930872,-0.1113700364359845,0.1486299635640155,0.07702663905069129,0.1113700364359845,0.03434339738529321,0,0.06257928881942539,0.010225635560344429,0.0004895203236944045,-0.042336663012197726,0.7562524375,0.0,0.0,ITM,6,6,0.01910299003322259,0.020000000000000018,0.27,-0.010000000000000009,0.019531056380902415,0
TSLA250718C00495000,2025-06-27 19:57:24+00:00,495.0,0.24,0.23,0.25,0.00999999,4.3478217,22.0,723,0.7763694238281251,False,REGULAR,USD,TSLA,2025-07-18,18,323.6300048828125,1.5295244338646572,2025-06-29 12:49:55.256830,0.1603470819234909,-0.10287940817720775,0.12712059182279226,0.0796529180765091,0.11287940817720774,0.03322649010069864,1,0.9004126498787122,0.009031554823182969,0.00043696438207349266,-0.03816674938621561,0.7633812724609376,0.0,0.0,ITM,6,6,0.03038674033149171,0.01999999999999999,0.24,0.0,0.017522322178498605,0
TSLA250718C00500000,2025-06-27 19:59:49+00:00,500.0,0.22,0.21,0.23,0.0,0.0,2690.0,18484,0.7841818457031251,False,REGULAR,USD,TSLA,2025-07-18,18,323.6300048828125,1.5449741756208657,2025-06-29 12:49:55.256830,0.14694555863524217,-0.095732312207855,0.114267687792145,0.07305444136475783,0.105732312207855,0.03267787084309717,1,0.9467859254045656,0.008270510048623387,0.00040046771377453427,-0.03567914053330167,0.770314796875,0.0,0.0,ITM,6,6,0.14552339734920205,0.020000000000000018,0.22,0.0,0.016220397487066097,0
TSLA250718C00505000,2025-06-27 19:42:30+00:00,505.0,0.18,0.19,0.21,0.0,0.0,34.0,2817,0.790041162109375,False,REGULAR,USD,TSLA,2025-07-18,18,323.6300048828125,1.5604239173770744,2025-06-29 12:49:55.256830,0.1321152963115595,-0.08996174417033434,0.10003825582966566,0.0478847036884405,0.07996174417033433,0.03207704048189383,0,0.0211488442266759,0.007458306096896057,0.0003629478080295822,-0.03281516608709098,0.77695535546875,0.0,0.0,ITM,6,6,0.0120652945351313,0.01999999999999999,0.2,-0.020000000000000018,0.014810546951653607,0
TSLA250718C00510000,2025-06-27 19:44:34+00:00,510.0,0.17,0.18,0.2,-0.019999996,-10.526314,39.0,4139,0.799806689453125,False,REGULAR,USD,TSLA,2025-07-18,18,323.6300048828125,1.5758736591332831,2025-06-29 12:49:55.256830,0.1244141055511565,-0.08694413549016376,0.09305586450983623,0.045585894448843506,0.07694413549016378,0.031358241041320276,0,0.01916251578949262,0.006985876019080084,0.00033841217273121313,-0.03135189491219531,0.7845724667968751,0.0,0.0,ITM,6,6,0.009420289855072464,0.020000000000000018,0.19,-0.01999999999999999,0.013980033389804357,0
TSLA250718C00515000,2025-06-27 19:30:30+00:00,515.0,0.16,0.16,0.18,-0.02000001,-11.111116,42.0,552,0.8037129003906249,False,REGULAR,USD,TSLA,2025-07-18,18,323.6300048828125,1.5913234008894916,2025-06-29 12:49:55.256830,0.1099302425466604,-0.07838544193513208,0.08161455806486792,0.05006975745333961,0.07838544193513208,0.028315684481792475,0,0.027067810882520846,0.00621247803292855,0.00030358090717832526,-0.02839562453519329,0.7908224042968751,0.0,0.0,ITM,6,6,0.0759493670886076,0.01999999999999999,0.16999999999999998,-0.009999999999999981,0.012602380670405094,0
TSLA250718C00520000,2025-06-27 19:15:31+00:00,520.0,0.12,0.15,0.17,-0.030000009,-20.000004,96.0,4155,0.8125018749999999,False,REGULAR,USD,TSLA,2025-07-18,18,323.6300048828125,1.6067731426457004,2025-06-29 12:49:55.256830,0.1029354104919129,-0.07392068065631195,0.07607931934368804,0.01706458950808709,0.04392068065631195,0.02685609114822486,0,0.0016498452135544225,0.005794702341985573,0.00028232490394938375,-0.026983486497971276,0.7980488945312499,0.0,0.0,ITM,6,6,0.023099133782483156,0.020000000000000018,0.16,-0.04000000000000001,0.011848155929324864,0
TSLA250718C00530000,2025-06-27 19:15:25+00:00,530.0,0.1,0.12,0.14,-0.050000004,-33.333336,93.0,1658,0.8203142968749999,False,REGULAR,USD,TSLA,2025-07-18,18,323.6300048828125,1.6376726261581176,2025-06-29 12:49:55.256830,0.08110205103031354,-0.061415161426961726,0.05858483857303827,0.018897948969686468,0.041415161426961736,0.022517212457275268,0,0.0008267405788942149,0.004617877290924409,0.00022848523050171624,-0.02225299854065282,0.805275384765625,0.0,0.0,ITM,6,6,0.05605786618444846,0.020000000000000018,0.13,-0.03,0.009680897303042642,0
TSLA250718C00540000,2025-06-27 17:19:17+00:00,540.0,0.08,0.1,0.12,-0.020000003,-20.000004,109.0,928,0.8320329296874999,False,REGULAR,USD,TSLA,2025-07-18,18,323.6300048828125,1.668572109670535,2025-06-29 12:49:55.256830,0.06742087453468715,-0.05336255083358366,0.046637449166416343,0.012579125465312854,0.03336255083358366,0.020783425368270804,0,0.007840973943457279,0.0038480646357247888,0.00019136641041912097,-0.01916870426182056,0.81367373828125,0.0,0.0,ITM,6,6,0.11733046286329386,0.01999999999999999,0.11,-0.03,0.008224006136291692,0
TSLA250718C00550000,2025-06-27 19:43:54+00:00,550.0,0.09,0.08,0.11,0.0,0.0,36.0,3734,0.8457046679687499,False,REGULAR,USD,TSLA,2025-07-18,18,323.6300048828125,1.6994715931829525,2025-06-29 12:49:55.256830,0.0578976581285382,-0.04177876976743857,0.03822123023256143,0.0321023418714618,0.051778769767438566,0.01967642789597677,1,0.9652941339315683,0.0032965698628099407,0.00016386158570060158,-0.016952922401401605,0.8228533339843749,0.0,0.0,ITM,6,6,0.00963855421686747,0.03,0.095,-0.0050000000000000044,0.007157693231275988,0
TSLA250718C00560000,2025-06-27 19:51:07+00:00,560.0,0.07,0.07,0.09,-0.009999998,-12.499998,6.0,1817,0.8554701953125,False,REGULAR,USD,TSLA,2025-07-18,18,323.6300048828125,1.7303710766953695,2025-06-29 12:49:55.256830,0.04775363128379806,-0.040432347169022845,0.02956765283097716,0.022246368716201947,0.040432347169022845,0.0181859784528209,0,0.01120179908036918,0.002731339307285998,0.0001367392409792623,-0.014472007060880872,0.8332047929687498,0.0,0.0,ITM,6,6,0.0033003300330033004,0.01999999999999999,0.08,-0.009999999999999995,0.006041923864585221,0
TSLA250718C00570000,2025-06-27 18:17:13+00:00,570.0,0.05,0.05,0.08,-0.009999998,-16.666664,38.0,1195,0.86132951171875,False,REGULAR,USD,TSLA,2025-07-18,18,323.6300048828125,1.761270560207787,2025-06-29 12:49:55.256830,0.037698316741177296,-0.02713606833307515,0.022863931666924853,0.012301683258822707,0.02713606833307515,0.014834385074252443,0,0.026214677627276323,0.002180877662226446,0.00011079165012663681,-0.011884414176691026,0.8429703203125,0.0,0.0,ITM,6,6,0.03177257525083612,0.03,0.065,-0.015,0.004928940308448826,0
TSLA250718C00580000,2025-06-27 18:18:42+00:00,580.0,0.04,0.04,0.06,-0.02,-33.333336,15.0,2449,0.8632826171875,False,REGULAR,USD,TSLA,2025-07-18,18,323.6300048828125,1.7921700437202042,2025-06-29 12:49:55.256830,0.02834603702075167,-0.023197720101098274,0.016802279898901727,0.011653962979248332,0.023197720101098274,0.011543757121849942,0,0.01989537312357028,0.0016700127806260493,8.673657763555863e-05,-0.0093444926153378,0.851563984375,0.0,0.0,ITM,6,6,0.006122448979591836,0.019999999999999997,0.05,-0.010000000000000002,0.0038675192016467534,0
TSLA250718C00590000,2025-06-27 19:33:54+00:00,590.0,0.03,0.03,0.05,-0.020000001,-40.000004,5.0,1972,0.867188828125,False,REGULAR,USD,TSLA,2025-07-18,18,323.6300048828125,1.8230695272326216,2025-06-29 12:49:55.256830,0.021925529656831866,-0.017827256915318827,0.012172743084681173,0.008074470343168133,0.017827256915318827,0.009752786572150693,0,0.0033047212269451003,0.0013094250057091854,6.915912058701717e-05,-0.00751698291605031,0.8585951640625,0.0,0.0,ITM,6,6,0.002534211860111505,0.020000000000000004,0.04,-0.010000000000000002,0.0030977069970154142,0
TSLA250718C00600000,2025-06-27 19:58:01+00:00,600.0,0.04,0.03,0.05,-0.010000002,-20.000004,331.0,9101,0.8906260937499999,False,REGULAR,USD,TSLA,2025-07-18,18,323.6300048828125,1.8539690107450388,2025-06-29 12:49:55.256830,0.022436698207386085,-0.017633343828882597,0.012366656171117403,0.017563301792613915,0.0276333438288826,0.010070042036268682,1,0.9669430443565128,0.0013066178868367335,6.720717645027843e-05,-0.007703439054601098,0.86757944921875,0.0,0.0,ITM,6,6,0.036365633926609534,0.020000000000000004,0.04,0.0,0.0030916353554942227,0
TSLA250718C00610000,2025-06-27 19:40:10+00:00,610.0,0.03,0.02,0.04,0.0,0.0,52.0,743,0.8906260937499999,False,REGULAR,USD,TSLA,2025-07-18,18,323.6300048828125,1.8848684942574565,2025-06-29 12:49:55.256830,0.016653274102263416,-0.011672691333800672,0.008327308666199329,0.013346725897736583,0.02167269133380067,0.008325965436064087,1,0.9642528842687805,0.0009891013784971339,5.20777866324195e-05,-0.005968338078402675,0.87461062890625,0.0,0.0,ITM,6,6,0.06989247311827956,0.02,0.03,0.0,0.002395659732971947,0
TSLA250718C00620000,2025-06-27 16:41:13+00:00,620.0,0.03,0.02,0.03,-0.01,-25.0,54.0,1763,0.8945323046874999,False,REGULAR,USD,TSLA,2025-07-18,18,323.6300048828125,1.9157679777698733,2025-06-29 12:49:55.256830,0.01308606631621001,-0.013483358037519533,0.006516641962480468,0.01691393368378999,0.023483358037519532,0.006569424353729542,1,0.9750530549300838,0.0007862316210861263,4.1985825085976916e-05,-0.004853312038074532,0.8812511874999999,0.0,0.0,ITM,6,6,0.030612244897959183,0.009999999999999998,0.025,0.0049999999999999975,0.0019398847165742479,0
TSLA250718C00630000,2025-06-27 18:22:06+00:00,630.0,0.02,0.02,0.03,-0.02,-50.0,7.0,1447,0.914063359375,False,REGULAR,USD,TSLA,2025-07-18,18,323.6300048828125,1.946667461282291,2025-06-29 12:49:55.256830,0.013019418385501469,-0.01353209463155746,0.006467905368442541,0.0069805816144985315,0.01353209463155746,0.006551513017058928,0,0.03335245731302648,0.0007675642310160456,4.018947973867533e-05,-0.004849944090629446,0.8914073359374999,0.0,0.0,ITM,6,6,0.004834254143646409,0.009999999999999998,0.025,-0.005000000000000001,0.0018974305328079402,0
TSLA250718C00640000,2025-06-27 19:58:58+00:00,640.0,0.01,0.01,0.03,-0.01,-50.0,25.0,1000,0.9179695703125,False,REGULAR,USD,TSLA,2025-07-18,18,323.6300048828125,1.977566944794708,2025-06-29 12:49:55.256830,0.01035909944405683,-0.005041315098902424,0.004958684901097576,-0.0003590994440568294,0.005041315098902424,0.005400414542959253,0,0.0035319898488382043,0.000617077215713711,3.272289054212369e-05,-0.003982180482846916,0.901563484375,0.0,0.0,ITM,6,6,0.024975024975024976,0.019999999999999997,0.02,-0.01,0.0015515191663320834,0
TSLA250718C00650000,2025-06-27 19:34:27+00:00,650.0,0.03,0.01,0.03,0.02,200.0,149.0,2916,0.937500625,False,REGULAR,USD,TSLA,2025-07-18,18,323.6300048828125,2.0084664283071256,2025-06-29 12:49:55.256830,0.010455980142396598,-0.0049574743298678664,0.005042525670132134,0.0195440198576034,0.024957474329867866,0.005413454472264464,1,0.999399138158687,0.0006109100547435016,3.174531060830582e-05,-0.004028760041720201,0.910938390625,0.0,0.0,ITM,6,6,0.051079876585533084,0.019999999999999997,0.02,0.009999999999999998,0.0015371928186169663,0
TSLA250718C00660000,2025-06-27 19:10:33+00:00,660.0,0.02,0.0,0.02,0.0,0.0,6.0,952,0.9062509375,False,REGULAR,USD,TSLA,2025-07-18,18,323.6300048828125,2.039365911819542,2025-06-29 12:49:55.256830,0.0048211530538522646,0.00232221678455335,0.00232221678455335,0.015178846946147736,0.01767778321544665,0.0024989362692989145,1,0.9996995552241804,0.00030383714271860473,1.718458385391333e-05,-0.002037742536819771,0.9140633593749999,0.0,0.0,ITM,6,6,0.0062959076600209865,0.02,0.01,0.01,0.0008043863434050949,0
TSLA250718C00670000,2025-06-27 14:02:09+00:00,670.0,0.01,0.01,0.02,-0.01,-50.0,10.0,559,0.95312546875,False,REGULAR,USD,TSLA,2025-07-18,18,323.6300048828125,2.07026539533196,2025-06-29 12:49:55.256830,0.007661141038543873,-0.006076180127388429,0.003923819872611571,0.0023388589614561275,0.006076180127388429,0.003737321165932302,0,0.0028395285513842477,0.00044934150054995453,2.3500123694007204e-05,-0.003081857025221502,0.9257819921875001,0.0,0.0,ITM,6,6,0.017857142857142856,0.01,0.015,-0.004999999999999999,0.0011569042674185403,0
TSLA250718C00680000,2025-06-26 14:30:46+00:00,680.0,0.02,0.0,0.02,0.0,0.0,8.0,930,0.937500625,False,REGULAR,USD,TSLA,2025-07-18,18,323.6300048828125,2.101164878844377,2025-06-29 12:49:55.256830,0.004563323389362509,0.0020499138179873783,0.0020499138179873783,0.015436676610637492,0.01795008618201262,0.0025134095713751302,1,0.9996995552241804,0.0002798127174730468,1.53854704745135e-05,-0.0019518998784291705,0.9304694453125,0.0,0.0,ITM,6,6,0.008592910848549946,0.02,0.01,0.01,0.0007450056172478474,0
TSLA250718C00690000,2025-06-27 15:02:28+00:00,690.0,0.02,0.0,0.02,-0.01,-33.333336,1.0,861,0.95312546875,False,REGULAR,USD,TSLA,2025-07-18,18,323.6300048828125,2.1320643623567945,2025-06-29 12:49:55.256830,0.004475265607319867,0.001928745304515067,0.001928745304515067,0.015524734392680133,0.018071254695484932,0.0025465203028048004,1,0.9997012886509815,0.00027065981006888136,1.4671606550721601e-05,-0.0019236706475772045,0.937500625,0.0,0.0,ITM,6,6,0.001160092807424594,0.02,0.01,0.01,0.0007222789313549061,0
TSLA250718C00700000,2025-06-27 19:10:50+00:00,700.0,0.02,0.01,0.02,0.01,100.0,10.0,4662,1.000005,False,REGULAR,USD,TSLA,2025-07-18,18,323.6300048828125,2.162963845869212,2025-06-29 12:49:55.256830,0.007111450074703443,-0.0063782054680174855,0.0036217945319825147,0.012888549925296557,0.016378205468017486,0.0034896555427209285,1,0.998263112749334,0.00040132199530527933,2.0169559249608987e-05,-0.002910663817890949,0.9500015000000002,0.0,0.0,ITM,6,6,0.002144542140253056,0.01,0.015,0.005000000000000001,0.0010417794340201211,0
TSLA250718C00710000,2025-06-26 17:37:01+00:00,710.0,0.02,0.0,0.02,0.0,0.0,41.0,1658,0.98437515625,False,REGULAR,USD,TSLA,2025-07-18,18,323.6300048828125,2.193863329381629,2025-06-29 12:49:55.256830,0.004366128028374147,0.0017168965344621283,0.0017168965344621283,0.015633871971625853,0.01828310346553787,0.002649231493912019,1,0.9997179496169397,0.00025686891529772834,1.3530117540178116e-05,-0.001891827589159427,0.96562634375,0.0,0.0,ITM,6,6,0.02471368294153104,0.02,0.01,0.01,0.0006879223413712452,0
TSLA250718C00720000,2025-06-26 15:20:34+00:00,720.0,0.01,0.01,0.02,0.0,0.0,12.0,1681,1.0312548437500002,False,REGULAR,USD,TSLA,2025-07-18,18,323.6300048828125,2.224762812894047,2025-06-29 12:49:55.256830,0.006922417784076276,-0.006527678078532441,0.0034723219214675594,0.003077582215923724,0.006527678078532441,0.003450095862608717,0,0.0033246398554620904,0.0003806610292566063,1.8621943324376146e-05,-0.0028573231172968182,0.9812522187500001,0.0,0.0,ITM,6,6,0.007134363852556481,0.01,0.015,-0.004999999999999999,0.0009919007124080071,0
TSLA250718C00730000,2025-06-27 13:30:03+00:00,730.0,0.02,0.0,0.02,0.0,0.0,1.0,783,1.015629921875,False,REGULAR,USD,TSLA,2025-07-18,18,323.6300048828125,2.255662296406464,2025-06-29 12:49:55.256830,0.004333045671102917,0.001546706115048614,0.001546706115048614,0.015666954328897083,0.018453293884951386,0.002786339556054303,1,0.9997010977168279,0.0002479775149886214,1.2690054280789543e-05,-0.0018884586522100193,0.9968780781250001,0.0,0.0,ITM,6,6,0.0012755102040816326,0.02,0.01,0.01,0.0006656963370633836,0
TSLA250718C00740000,2025-06-27 19:08:02+00:00,740.0,0.01,0.01,0.02,-0.01,-50.0,8.0,502,1.0625046875000002,False,REGULAR,USD,TSLA,2025-07-18,18,323.6300048828125,2.2865617799188813,2025-06-29 12:49:55.256830,0.006844504580266059,-0.006634492414696556,0.003365507585303444,0.0031554954197339415,0.006634492414696556,0.0034789969949626147,0,0.0015601305507590383,0.00036672821530697047,1.7459061048083354e-05,-0.0028431765259353124,1.0187539218750001,0.0,0.0,ITM,6,6,0.015904572564612324,0.01,0.015,-0.004999999999999999,0.0009581399276682005,0
TSLA250718C00750000,2025-06-27 15:15:17+00:00,750.0,0.01,0.01,0.02,0.0,0.0,350.0,2074,1.078129609375,False,REGULAR,USD,TSLA,2025-07-18,18,323.6300048828125,2.3174612634312988,2025-06-29 12:49:55.256830,0.006841697634090788,-0.006671626581998064,0.003328373418001936,0.0031583023659092126,0.006671626581998064,0.0035133242160888516,0,0.0047891521573665136,0.00036184989763611986,1.6993319260287045e-05,-0.0028490721138747384,1.0343788437500003,0.0,0.0,ITM,6,6,0.1686746987951807,0.01,0.015,-0.004999999999999999,0.0009462946624780532,0
TSLA250718C00760000,2025-06-26 13:55:47+00:00,760.0,0.01,0.01,0.02,0.0,0.0,2.0,827,1.09375453125,False,REGULAR,USD,TSLA,2025-07-18,18,323.6300048828125,2.348360746943716,2025-06-29 12:49:55.256830,0.006860836163546588,-0.006697762834113774,0.0033022371658862266,0.003139163836453412,0.006697762834113774,0.0035585989976603615,0,0.002534578414939402,0.00035818680056612926,1.6592964797511596e-05,-0.002862929359853146,1.0562547187500002,0.0,0.0,ITM,6,6,0.0024154589371980675,0.01,0.015,-0.004999999999999999,0.0009373915995917797,0
TSLA250718C00770000,2025-06-27 17:12:12+00:00,770.0,0.01,0.0,0.02,-0.01,-50.0,434.0,3549,1.078129609375,False,REGULAR,USD,TSLA,2025-07-18,18,323.6300048828125,2.379260230456133,2025-06-29 12:49:55.256830,0.004452408897774804,0.0013332988499054315,0.0013332988499054315,0.005547591102225196,0.00866670115009457,0.003119110047869372,1,0.9997018992591691,0.0002411845964367591,1.1648735862028068e-05,-0.0019527364320261306,1.065629671875,0.0,0.0,ITM,6,6,0.12225352112676056,0.02,0.01,0.0,0.0006486747175176443,0
TSLA250718C00780000,2025-06-27 17:11:55+00:00,780.0,0.01,0.0,0.02,0.0,0.0,105.0,781,1.09375453125,False,REGULAR,USD,TSLA,2025-07-18,18,323.6300048828125,2.4101597139685507,2025-06-29 12:49:55.256830,0.004516632815669039,0.0013071625977897228,0.0013071625977897228,0.005483367184330961,0.008692837402210277,0.003209470217879316,1,0.9997008679683572,0.0002413492864528567,1.1489639402755978e-05,-0.0019821441903956722,1.0812545937500002,0.0,0.0,ITM,6,6,0.13427109974424553,0.02,0.01,0.0,0.0006490878266732271,0
TSLA250718C00790000,2025-06-24 14:52:15+00:00,790.0,0.02,0.0,0.02,0.0,0.0,3.0,906,1.109379453125,False,REGULAR,USD,TSLA,2025-07-18,18,323.6300048828125,2.441059197480968,2025-06-29 12:49:55.256830,0.004593755221488124,0.0012921374395515992,0.0012921374395515992,0.015406244778511876,0.0187078625604484,0.0033016177819365253,1,0.999747670358046,0.00024215740221510427,1.1363185914236267e-05,-0.002016587235122887,1.0906295468749998,0.0,0.0,ITM,6,6,0.0033076074972436605,0.02,0.01,0.01,0.000651114595255868,0
TSLA250718C00800000,2025-06-27 18:24:05+00:00,800.0,0.01,0.0,0.02,0.0,0.0,105.0,4377,1.125004375,False,REGULAR,USD,TSLA,2025-07-18,18,323.6300048828125,2.471958680993385,2025-06-29 12:49:55.256830,0.004683564524558759,0.001288337556301261,0.001288337556301261,0.0053164354754412415,0.00871166244369874,0.003395226968257498,1,0.9997463752951249,0.00024357290641200096,1.1266439478905074e-05,-0.0020559879636231,1.1000045000000003,0.0,0.0,ITM,6,6,0.023983554134307902,0.02,0.01,0.0,0.0006546634572901387,0
TSLA250718C00810000,2025-06-26 19:53:04+00:00,810.0,0.01,0.0,0.02,0.0,0.0,20.0,346,1.140629296875,False,REGULAR,USD,TSLA,2025-07-18,18,323.6300048828125,2.5028581645058026,2025-06-29 12:49:55.256830,0.004785947129605339,0.0012958781384832714,0.0012958781384832714,0.005214052870394661,0.008704121861516728,0.003490068991122068,1,0.9997008679683572,0.0002455661901526557,1.1196885872093684e-05,-0.0021003018345411486,1.109379453125,0.0,0.0,ITM,6,6,0.05763688760806916,0.02,0.01,0.0,0.0006596582129880617,0
TSLA250718C00820000,2025-06-26 16:00:04+00:00,820.0,0.01,0.0,0.02,0.0,0.0,101.0,1413,1.15625421875,False,REGULAR,USD,TSLA,2025-07-18,18,323.6300048828125,2.53375764801822,2025-06-29 12:49:55.256830,0.004900875946944952,0.0013148753928170548,0.0013148753928170548,0.005099124053055048,0.008685124607182945,0.003586000554127897,1,0.9997000277761705,0.00024811313276776185,1.115236673324989e-05,-0.0021495135006678323,1.125004375,0.0,0.0,ITM,6,6,0.07142857142857142,0.02,0.01,0.0,0.00066603579897245,0
TSLA250718C00830000,2025-06-27 14:52:09+00:00,830.0,0.01,0.0,0.02,-0.01,-50.0,33.0,289,1.171879140625,False,REGULAR,USD,TSLA,2025-07-18,18,323.6300048828125,2.564657131530637,2025-06-29 12:49:55.256830,0.005028400996863552,0.0013454465492621422,0.0013454465492621422,0.004971599003136448,0.008654553450737857,0.0036829544476014104,1,0.9996267650420918,0.00025119432534042793,1.1131025238112314e-05,-0.0022036335966046936,1.1406292968750003,0.0,0.0,ITM,6,6,0.11379310344827587,0.02,0.01,0.0,0.0006737444358771236,0
TSLA250718C00840000,2025-06-27 14:52:10+00:00,840.0,0.01,0.0,0.02,-0.02,-66.66667,25.0,830,1.171879140625,False,REGULAR,USD,TSLA,2025-07-18,18,323.6300048828125,2.5955566150430545,2025-06-29 12:49:55.256830,0.0041891635375425895,0.00034790926521389,0.00034790926521389,0.005810836462457411,0.00965209073478611,0.0038412542723286996,1,0.9996267650420918,0.00021134246805842082,9.474006667411792e-06,-0.0018754934376386493,1.153129234375,0.0,0.0,ITM,6,6,0.030084235860409144,0.02,0.01,0.0,0.0005734475613060378,0
TSLA250718C00850000,2025-06-27 14:52:07+00:00,850.0,0.01,0.0,0.02,0.0,0.0,32.0,1295,1.1875040625,False,REGULAR,USD,TSLA,2025-07-18,18,323.6300048828125,2.626456098555472,2025-06-29 12:49:55.256830,0.004326372084121913,0.00039017258395932094,0.00039017258395932094,0.0056736279158780874,0.009609827416040679,0.0039361995001625915,1,0.9997243615136163,0.0002153331139290644,9.514083938891855e-06,-0.0019338701430382315,1.165629171875,0.0,0.0,ITM,6,6,0.024691358024691357,0.02,0.01,0.0,0.0005835516252614788,0
TSLA250718C00860000,2025-06-26 15:06:31+00:00,860.0,0.01,0.0,0.02,0.0,0.0,1.0,1607,1.203128984375,False,REGULAR,USD,TSLA,2025-07-18,18,323.6300048828125,2.657355582067889,2025-06-29 12:49:55.256830,0.0044749251728548045,0.00044424736243716485,0.00044424736243716485,0.005525074827145196,0.009555752637562835,0.00403067781041764,1,0.999732106418661,0.00021975319306299432,9.570352468792017e-06,-0.0019967202401921028,1.178129109375,0.0,0.0,ITM,6,6,0.0006218905472636816,0.02,0.01,0.0,0.0005947265439639241,0
TSLA250718C00870000,2025-06-23 16:39:51+00:00,870.0,0.02,0.0,0.02,0.0,0.0,1.0,1069,1.21875390625,False,REGULAR,USD,TSLA,2025-07-18,18,323.6300048828125,2.6882550655803064,2025-06-29 12:49:55.256830,0.004635140448679395,0.0005102539423599276,0.0005102539423599276,0.015364859551320605,0.019489746057640072,0.004124886506319468,1,0.9997821306149022,0.0002246003479711303,9.642020973675408e-06,-0.0020641470951170745,1.1906290468749998,0.0,0.0,ITM,6,6,0.0009345794392523365,0.02,0.01,0.01,0.0006069617073883754,0
TSLA250718C00880000,2025-06-27 19:14:04+00:00,880.0,0.01,0.0,0.02,-0.01,-50.0,64.0,1232,1.234378828125,False,REGULAR,USD,TSLA,2025-07-18,18,323.6300048828125,2.719154549092724,2025-06-29 12:49:55.256830,0.004807377785692721,0.0005883137167817271,0.0005883137167817271,0.005192622214307279,0.009411686283218272,0.004219064068910994,1,0.9996560765584758,0.0002298741360781809,9.728409939360412e-06,-0.0021362679863293015,1.203128984375,0.0,0.0,ITM,6,6,0.05190592051905921,0.02,0.01,0.0,0.0006202510771564851,0
TSLA250718C00890000,2025-06-11 15:04:02+00:00,890.0,0.05,0.0,0.02,0.0,0.0,1.0,906,1.25000375,False,REGULAR,USD,TSLA,2025-07-18,18,323.6300048828125,2.7500540326051413,2025-06-29 12:49:55.256830,0.004992037367375302,0.0006785491371828317,0.0006785491371828317,0.0450079626326247,0.04932145086281717,0.00431348823019247,1,0.9997937696349772,0.00023557582449565122,9.828936570858062e-06,-0.0022132132802042907,1.21875390625,0.0,0.0,ITM,6,6,0.0011025358324145535,0.02,0.01,0.04,0.0006345926658598855,0
TSLA250718C00900000,2025-06-27 14:51:53+00:00,900.0,0.01,0.0,0.02,0.0,0.0,17.0,1246,1.25000375,False,REGULAR,USD,TSLA,2025-07-18,18,323.6300048828125,2.7809535161175583,2025-06-29 12:49:55.256830,0.004253076837417873,0.0,0.0,0.005746923162582128,0.01,0.004253076837417873,1,0.9997630629895472,0.00020243069326319135,8.531592926117559e-06,-0.001921006278018494,1.23125384375,0.0,0.0,ITM,6,6,0.0136327185244587,0.02,0.01,0.0,0.0005508313396861849,0
TSLA250718C00910000,2025-06-25 16:01:23+00:00,910.0,0.01,0.0,0.02,0.0,0.0,1.0,488,1.2656286718749998,False,REGULAR,USD,TSLA,2025-07-18,18,323.6300048828125,2.811852999629976,2025-06-29 12:49:55.256830,0.004439050042333095,0.0,0.0,0.005560949957666905,0.01,0.004439050042333095,1,0.9997428672458026,0.00020849077405952823,8.66164805952461e-06,-0.0019992525212661413,1.2437537812500001,0.0,0.0,ITM,6,6,0.002044989775051125,0.02,0.01,0.0,0.0005662184786943043,0
TSLA250718C00920000,2025-06-24 14:14:45+00:00,920.0,0.01,0.0,0.01,0.0,0.0,209.0,596,1.21875390625,False,REGULAR,USD,TSLA,2025-07-18,18,323.6300048828125,2.842752483142393,2025-06-29 12:49:55.256830,0.002001478386236471,0.0,0.0,0.00799852161376353,0.01,0.002001478386236471,1,0.9997428672458026,0.00010127278046069568,4.5733455082882845e-06,-0.0009788477342840623,1.2437537812500001,0.0,0.0,ITM,6,6,0.3500837520938023,0.01,0.005,0.005,0.0002878904335269767,0
TSLA250718C00930000,2025-06-18 14:26:42+00:00,930.0,0.02,0.0,0.02,0.0,0.0,1.0,328,1.2968785156249998,False,REGULAR,USD,TSLA,2025-07-18,18,323.6300048828125,2.87365196665481,2025-06-29 12:49:55.256830,0.004848331197625219,2.601253083202589e-05,2.601253083202589e-05,0.015151668802374781,0.019973987469167974,0.0048223186667931935,1,0.9997821306149022,0.00022179820245031603,8.955624134955966e-06,-0.002170240362073002,1.25625371875,0.0,0.0,ITM,6,6,0.00303951367781155,0.02,0.01,0.01,0.0005998910104944569,0
TSLA250718C00940000,2025-06-25 14:00:10+00:00,940.0,0.05,0.0,0.02,0.0,0.0,8.0,175,1.2968785156249998,False,REGULAR,USD,TSLA,2025-07-18,18,323.6300048828125,2.904551450167228,2025-06-29 12:49:55.256830,0.004180198597092719,0.0,0.0,0.045819801402907284,0.05,0.004180198597092719,1,0.9998227274773056,0.00019274314834548108,7.854938593295707e-06,-0.0019034386056575269,1.265628671875,0.0,0.0,ITM,6,6,0.045454545454545456,0.02,0.01,0.04,0.000526161770424417,0
TSLA250718C00950000,2025-06-23 16:44:36+00:00,950.0,0.01,0.0,0.02,0.0,0.0,15.0,957,1.3125034374999998,False,REGULAR,USD,TSLA,2025-07-18,18,323.6300048828125,2.935450933679645,2025-06-29 12:49:55.256830,0.004389523019252405,0.0,0.0,0.005610476980747596,0.01,0.004389523019252405,1,0.9997428672458026,0.00019974285670110818,8.024496837957812e-06,-0.0019915766903920505,1.2781286093749997,0.0,0.0,ITM,6,6,0.015657620041753653,0.02,0.01,0.0,0.0005439956914115741,0
TSLA250718C00960000,2025-06-27 16:46:29+00:00,960.0,0.01,0.0,0.01,0.0,0.0,122.0,33969,1.2812535937499998,False,REGULAR,USD,TSLA,2025-07-18,18,323.6300048828125,2.966350417192062,2025-06-29 12:49:55.256830,0.0025297259843308564,0.0,0.0,0.007470274015669144,0.01,0.0025297259843308564,1,0.9997352714674239,0.00012099038123959716,5.140954936243235e-06,-0.00121586269529925,1.2812535937499998,0.0,0.0,ITM,6,6,0.003591404180158964,0.01,0.005,0.005,0.0003402170650832784,0
TSLA250725C00050000,2025-06-25 14:12:44+00:00,50.0,272.95,273.15,274.75,0.0,0.0,2.0,1,2.7148469628906247,True,REGULAR,USD,TSLA,2025-07-25,25,323.6300048828125,0.1544974175620865,2025-06-29 12:49:55.407025,273.9135294826332,-5.080723282080385,268.0692767179196,-0.9635294826331915,4.880723282080396,5.844252764713588,0,0.03153924931914567,0.9985986372743298,1.994395723379645e-05,-0.027838357431113618,1.5804722050781248,0.0,0.0,OTM,6,6,1.0,1.6000000000000227,273.95,-1.0,0.0038841982769307693,0
TSLA250725C00060000,2025-06-23 16:42:46+00:00,60.0,290.92,263.2,264.8,0.0,0.0,1.0,1,2.5273474316406244,True,REGULAR,USD,TSLA,2025-07-25,25,323.6300048828125,0.1853969010745038,2025-06-29 12:49:55.407025,263.9844188832551,-4.572607294545435,258.62739270545455,26.935581116744913,32.29260729454546,5.357026177800549,1,0.9990503863196428,0.9980352544354635,2.914417069045753e-05,-0.03479244354876812,1.8265659882812497,0.0,0.0,OTM,6,6,0.5,1.6000000000000227,264.0,26.920000000000016,0.005283982292951007,0
TSLA250725C00070000,2025-06-23 16:42:46+00:00,70.0,280.75,253.25,254.85,0.0,0.0,2.0,17,2.3593791015624994,True,REGULAR,USD,TSLA,2025-07-25,25,323.6300048828125,0.2162963845869212,2025-06-29 12:49:55.407025,254.05644046161677,-4.125042974285975,249.12495702571402,26.693559538383226,31.625042974285975,4.931483435902749,1,0.9990503863196428,0.9973961535084896,4.0291916399735695e-05,-0.04159534044757888,2.0390661054687493,0.0,0.0,OTM,6,6,0.1111111111111111,1.5999999999999943,254.05,26.69999999999999,0.0068196228343121446,0
TSLA250725C00110000,2025-06-18 13:32:27+00:00,110.0,205.35,213.55,215.1,0.0,0.0,1.0,2,1.8544929150390623,True,REGULAR,USD,TSLA,2025-07-25,25,323.6300048828125,0.3398943186365905,2025-06-29 12:49:55.407025,214.40592909275915,-2.857897222792161,210.69210277720785,-9.055929092759158,-5.342102777207856,3.7138263155513016,0,0.000125362602077657,0.9933035312510574,0.00011930040795192093,-0.07353166174716602,2.1474640009765618,0.0,0.0,OTM,6,6,0.3333333333333333,1.549999999999983,214.325,-8.974999999999994,0.015871274792882945,0
TSLA250725C00115000,2025-06-20 14:01:30+00:00,115.0,210.45,208.6,210.15,0.0,0.0,5.0,5,1.8066415917968748,True,REGULAR,USD,TSLA,2025-07-25,25,323.6300048828125,0.3553440603927991,2025-06-29 12:49:55.407025,209.46382453940032,-2.740577812541318,205.85942218745868,0.986175460599668,4.590577812541312,3.604402351941644,1,0.9990503863196428,0.9924910558870732,0.00013548056099869438,-0.0787510602259235,2.252541600585937,0.0,0.0,OTM,6,6,0.8333333333333334,1.5500000000000114,209.375,1.0749999999999886,0.017558753995770032,0
TSLA250725C00130000,2025-06-23 13:33:34+00:00,130.0,205.32,193.7,195.2,0.0,0.0,1.0,1,1.6357440087890622,True,REGULAR,USD,TSLA,2025-07-25,25,323.6300048828125,0.4016932856614251,2025-06-29 12:49:55.407025,194.57464495695956,-2.340340379734158,191.35965962026583,10.745355043040433,13.960340379734163,3.2149853366937293,1,0.9991839196469108,0.990678066958759,0.00018092391628306523,-0.08672020292300779,2.0367210097656248,0.0,0.0,OTM,6,6,0.5,1.5,194.45,10.870000000000005,0.021230294665941965,0
TSLA250725C00140000,2025-06-18 18:20:32+00:00,140.0,185.07,183.8,185.3,0.0,0.0,3.0,4,1.5468772656249998,True,REGULAR,USD,TSLA,2025-07-25,25,323.6300048828125,0.4325927691738424,2025-06-29 12:49:55.407025,184.68974581279414,-2.1307368114528344,181.66926318854718,0.3802541872058498,3.4007368114528163,3.0204826242469665,1,0.994776649032255,0.9887183040828644,0.00022595571855554616,-0.09610561257858959,1.8406269765624999,0.0,0.0,OTM,6,6,0.6,1.5,184.55,0.5199999999999818,0.02507401593610632,0
TSLA250725C00145000,2025-06-24 18:54:44+00:00,145.0,198.43,178.85,180.4,0.0,0.0,2.0,9,1.5107446337890624,True,REGULAR,USD,TSLA,2025-07-25,25,323.6300048828125,0.448042510930051,2025-06-29 12:49:55.407025,179.76875807558082,-2.026057002001494,176.8239429979985,18.661241924419187,21.606057002001506,2.9448150775823194,1,0.9991839196469108,0.9873559653111311,0.0002554058655913711,-0.1027814015988393,1.6709000830078125,0.0,0.0,OTM,6,6,0.2,1.5500000000000114,179.625,18.805000000000007,0.02768003475145968,0
TSLA250725C00150000,2025-06-23 15:50:13+00:00,150.0,205.07,173.9,175.4,0.0,0.0,1.0,5,1.4594753588867184,True,REGULAR,USD,TSLA,2025-07-25,25,323.6300048828125,0.4634922526862597,2025-06-29 12:49:55.407025,174.80529567462793,-1.927228899378349,171.97277110062166,30.264704325372065,33.09722889937834,2.8325245740062712,1,0.9990451796932275,0.9865561900932497,0.00027877318006845164,-0.10498694717347568,1.5918965717773434,0.0,0.0,OTM,6,6,0.16666666666666666,1.5,174.65,30.419999999999987,0.029187201744783287,0
TSLA250725C00165000,2025-06-23 19:55:38+00:00,165.0,185.22,159.05,160.55,0.0,0.0,9.0,8,1.3320345898437496,True,REGULAR,USD,TSLA,2025-07-25,25,323.6300048828125,0.5098414779548857,2025-06-29 12:49:55.407025,159.98077238077795,-1.6312948618338794,157.41870513816613,25.23922761922205,27.801294861833867,2.5620672426118176,1,0.9992166364824043,0.9828503796588464,0.0003764976760236073,-0.11750208946244892,1.4969751713867185,0.0,0.0,OTM,6,6,1.0,1.5,159.8,25.419999999999987,0.035976797872396014,0
TSLA250725C00170000,2025-06-26 19:33:40+00:00,170.0,158.7,154.15,155.5,0.0,0.0,15.0,23,1.28515982421875,True,REGULAR,USD,TSLA,2025-07-25,25,323.6300048828125,0.5252912197110944,2025-06-29 12:49:55.407025,155.01937858402928,-1.5931888276709572,152.55681117232905,3.6806214159707054,6.14318882767094,2.4625674117002347,1,0.9992166364824043,0.9818024284432096,0.0004104901151125685,-0.11956345508118378,1.4268583344726562,0.0,0.0,OTM,6,6,0.625,1.3499999999999943,154.825,3.875,0.037844654761306634,0
TSLA250725C00180000,2025-06-25 19:45:46+00:00,180.0,149.23,144.25,145.6,0.0,0.0,1.0,26,1.2041055419921871,True,REGULAR,USD,TSLA,2025-07-25,25,323.6300048828125,0.5561907032235117,2025-06-29 12:49:55.407025,145.1380867229238,-1.4073132393304775,142.84268676066952,4.091913277076202,6.387313239330467,2.2953999622542653,1,0.999505324037475,0.9788233893091381,0.000498313112434074,-0.12717091525406066,1.3583039897460936,0.0,0.0,OTM,6,6,0.037037037037037035,1.3499999999999943,144.925,4.304999999999978,0.04304389608344869,0
TSLA250725C00190000,2025-06-24 16:48:54+00:00,190.0,154.5,134.7,135.45,0.0,0.0,1.0,2589,1.1328168359375002,True,REGULAR,USD,TSLA,2025-07-25,25,323.6300048828125,0.5870901867359289,2025-06-29 12:49:55.407025,135.29794233227844,-1.5537680698817269,133.14623193011826,19.20205766772156,21.35376806988174,2.1517104021601767,1,0.999612244229296,0.9747774643556655,0.0006136796498252681,-0.13766963304287602,1.282718430175781,0.0,0.0,OTM,6,6,0.0003861003861003861,0.75,135.075,19.42500000000001,0.04987077538054787,0
TSLA250725C00195000,2025-06-23 13:34:04+00:00,195.0,139.8,129.55,130.75,0.0,0.0,1.0,3,1.0971724829101563,True,REGULAR,USD,TSLA,2025-07-25,25,323.6300048828125,0.6025399284921377,2025-06-29 12:49:55.407025,130.3793367815764,-1.2500639225733323,128.29993607742668,9.420663218423613,11.500063922573332,2.0794007041497196,1,0.9997541377141115,0.9725571308181876,0.0006799155049251537,-0.14268618039100392,1.2102578549804686,0.0,0.0,OTM,6,6,0.25,1.1999999999999886,130.15,9.650000000000006,0.053514879982002946,0
TSLA250725C00200000,2025-06-27 19:10:21+00:00,200.0,121.0,124.65,125.75,-7.0,-5.46875,37.0,2649,1.0576218994140625,True,REGULAR,USD,TSLA,2025-07-25,25,323.6300048828125,0.6179896702483463,2025-06-29 12:49:55.407025,125.43930678995625,-1.2087087677282966,123.44129123227171,-4.439306789956248,-2.441291232271709,1.998015557684539,0,0.000193852406015245,0.9705914687930881,0.0007471334057363702,-0.14574966044367968,1.1553753168945313,0.0,0.0,OTM,6,6,0.013962264150943397,1.0999999999999943,125.2,-4.200000000000003,0.05668567123109595,0
TSLA250725C00205000,2025-06-25 15:14:36+00:00,205.0,122.8,119.75,120.9,0.0,0.0,1.0,7,1.0288134497070316,True,REGULAR,USD,TSLA,2025-07-25,25,323.6300048828125,0.633439412004555,2025-06-29 12:49:55.407025,120.56260947973254,-1.126769394304631,118.62323060569537,2.2373905202674536,4.176769394304628,1.9393788740371747,1,0.999740932424728,0.967343960858058,0.0008375973333654963,-0.15356858484124025,1.1041060419921875,0.0,0.0,OTM,6,6,0.125,1.1500000000000057,120.325,2.4749999999999943,0.06181823810303897,0
TSLA250725C00210000,2025-06-27 18:00:50+00:00,210.0,114.67,114.85,115.9,-20.580002,-15.216267,1.0,14,0.9895020581054688,True,REGULAR,USD,TSLA,2025-07-25,25,323.6300048828125,0.6488891537607636,2025-06-29 12:49:55.407025,115.62345190544812,-1.0853621004669947,113.764637899533,-0.9534519054481194,0.905362100467002,1.8588140059151215,0,0.0044607428835381786,0.9650682020266151,0.0009205066568744605,-0.15625629215101927,1.0611853452148439,0.0,0.0,OTM,6,6,0.06666666666666667,1.0500000000000114,115.375,-0.7049999999999983,0.06534138552566397,0
TSLA250725C00215000,2025-06-27 19:40:27+00:00,215.0,109.58,109.95,111.1,4.300003,4.0843496,5.0,6,0.962646857910156,True,REGULAR,USD,TSLA,2025-07-25,25,323.6300048828125,0.6643388955169722,2025-06-29 12:49:55.407025,110.76952859596852,-0.9844281111414119,108.96557188885859,-1.1895285959685253,0.6144281111414074,1.8039567071099327,0,0.0006463863983231324,0.9610363443291134,0.0010345753658930477,-0.1649848395051913,1.027151349609375,0.0,0.0,OTM,6,6,0.7142857142857143,1.1499999999999915,110.525,-0.9450000000000074,0.07144532805032433,0
TSLA250725C00220000,2025-06-26 13:32:20+00:00,220.0,112.4,105.05,106.15,0.0,0.0,1.0,19,0.9262702685546876,True,REGULAR,USD,TSLA,2025-07-25,25,323.6300048828125,0.679788637273181,2025-06-29 12:49:55.407025,105.85273039010247,-0.9267493572059635,104.12325064279403,6.5472696098975405,8.276749357205972,1.7294797473084316,1,0.999885745042273,0.9579636824399704,0.0011435494346859656,-0.1687372855985085,0.9929709067382813,0.0,0.0,OTM,6,6,0.05,1.1000000000000085,105.6,6.800000000000011,0.07598666282085137,0
TSLA250725C00225000,2025-06-27 19:50:00+00:00,225.0,99.95,100.2,101.35,-2.4000015,-2.3448966,6.0,12,0.900269552001953,True,REGULAR,USD,TSLA,2025-07-25,25,323.6300048828125,0.6952383790293896,2025-06-29 12:49:55.407025,101.02110728776401,-0.8543941833190161,99.34560581668099,-1.0711072877640078,0.6043941833190161,1.6755014710830238,0,0.0015832798247168624,0.9530464390431816,0.0012862663139566878,-0.1779849273405631,0.9615004372558594,0.0,0.0,OTM,6,6,0.46153846153846156,1.1499999999999915,100.775,-0.8250000000000028,0.08307075582801669,0
TSLA250725C00230000,2025-06-26 13:35:16+00:00,230.0,101.5,95.35,96.4,0.0,0.0,6.0,8,0.8657239990234374,True,REGULAR,USD,TSLA,2025-07-25,25,323.6300048828125,0.7106881207855983,2025-06-29 12:49:55.407025,96.12619582469259,-0.8274275035095258,94.52257249649047,5.373804175307413,6.9774275035095314,1.6036233282021186,1,0.999899340220747,0.9490544545563734,0.0014277078051530324,-0.18242916550687155,0.9288825471191405,0.0,0.0,OTM,6,6,0.6666666666666666,1.0500000000000114,95.875,5.625,0.08866730213606962,0
TSLA250725C00235000,2025-06-27 19:23:02+00:00,235.0,87.92,90.5,91.65,-2.9300003,-3.2250967,5.0,16,0.8400894897460938,True,REGULAR,USD,TSLA,2025-07-25,25,323.6300048828125,0.7261378625418069,2025-06-29 12:49:55.407025,91.31927851537782,-0.7280877565617203,89.77191224343828,-3.399278515377816,-1.851912243438278,1.5473662719395378,0,0.0002629647063910254,0.9430654518105706,0.0016066176590991404,-0.19198087857283808,0.8990000334472656,0.0,0.0,OTM,6,6,0.29411764705882354,1.1500000000000057,91.075,-3.155000000000001,0.09682394895335596,0
TSLA250725C00240000,2025-06-25 16:49:10+00:00,240.0,88.75,85.75,86.8,0.0,0.0,5.0,31,0.8129901513671874,True,REGULAR,USD,TSLA,2025-07-25,25,323.6300048828125,0.7415876042980155,2025-06-29 12:49:55.407025,86.51346902337716,-0.7237660360081719,85.02623396399183,2.236530976622845,3.723766036008172,1.487235059385327,1,0.9999031146625902,0.9366915554975342,0.0018040115042916515,-0.20074929281180956,0.8690686921386718,0.0,0.0,OTM,6,6,0.15625,1.0499999999999972,86.275,2.4749999999999943,0.1052129726236056,0
TSLA250725C00245000,2025-06-25 15:33:13+00:00,245.0,83.5,81.0,82.1,0.0,0.0,4.0,6,0.7902853002929688,True,REGULAR,USD,TSLA,2025-07-25,25,323.6300048828125,0.7570373460542242,2025-06-29 12:49:55.407025,81.77394767975966,-0.6599686973584227,80.34003130264158,1.726052320240342,3.1599686973584227,1.4339163771180807,1,0.9999458554276079,0.9286412909658499,0.0020357855663034772,-0.21238830637441825,0.841871698486328,0.0,0.0,OTM,6,6,0.5714285714285714,1.0999999999999943,81.55,1.9500000000000028,0.1154145701965736,0
TSLA250725C00250000,2025-06-27 18:40:32+00:00,250.0,71.85,76.3,77.35,-7.1500015,-9.050634,7.0,42,0.7656273437500001,True,REGULAR,USD,TSLA,2025-07-25,25,323.6300048828125,0.7724870878104328,2025-06-29 12:49:55.407025,77.03673490143231,-0.6415715965569291,75.65842840344307,-5.186734901432317,-3.8084284034430738,1.378306497989243,0,0.000584958118347858,0.9200740973043243,0.0022909638164936193,-0.22291263407618506,0.8149432568359375,0.0,0.0,OTM,6,6,0.16279069767441862,1.0499999999999972,76.82499999999999,-4.974999999999994,0.1258288911017785,0
TSLA250725C00255000,2025-06-27 19:43:16+00:00,255.0,70.95,71.65,72.75,-4.550003,-6.026494,7.0,39,0.7457300817871093,True,REGULAR,USD,TSLA,2025-07-25,25,323.6300048828125,0.7879368295666416,2025-06-29 12:49:55.407025,72.39096125229739,-0.5909419626649282,71.05905803733508,-1.4409612522973845,-0.10905803733507469,1.3319032149623098,0,0.00021218274355987317,0.9092794231210235,0.0025862994938330975,-0.2367502786370192,0.7909444733886719,0.0,0.0,OTM,6,6,0.175,1.0999999999999943,72.2,-1.25,0.13835828843499148,0
TSLA250725C00260000,2025-06-27 19:30:34+00:00,260.0,65.24,67.15,68.2,-6.260002,-8.755248,6.0,39,0.7291286853027343,True,REGULAR,USD,TSLA,2025-07-25,25,323.6300048828125,0.8033865713228502,2025-06-29 12:49:55.407025,67.83682819139878,-0.6080439638092372,66.54195603619077,-2.596828191398785,-1.3019560361907736,1.2948721552080116,0,0.00013463782968346788,0.8962740267390845,0.0029185058414502086,-0.25305116021742596,0.7687523125,0.0,0.0,OTM,6,6,0.15,1.0499999999999972,67.67500000000001,-2.4350000000000165,0.1526544452082669,0
TSLA250725C00265000,2025-06-27 19:55:00+00:00,265.0,63.5,62.75,63.65,-4.300003,-6.342187,6.0,80,0.7121610815429689,True,REGULAR,USD,TSLA,2025-07-25,25,323.6300048828125,0.8188363130790588,2025-06-29 12:49:55.407025,63.33304900374674,-0.6766526326653874,62.07334736733461,0.16695099625326293,1.4266526326653874,1.2597016364121245,1,0.9992870697698716,0.8817823135337775,0.0032815520240993628,-0.2692030698517782,0.7485864985351564,0.0,0.0,OTM,6,6,0.07407407407407407,0.8999999999999986,63.2,0.29999999999999716,0.16764948899560175,0
TSLA250725C00270000,2025-06-27 19:31:09+00:00,270.0,56.53,58.5,59.15,-4.420002,-7.251849,67.0,131,0.6969024450683594,True,REGULAR,USD,TSLA,2025-07-25,25,323.6300048828125,0.8342860548352675,2025-06-29 12:49:55.407025,58.9228884416321,-0.8006498014008372,57.69935019859916,-2.3928884416320955,-1.1693501985991617,1.2235382430329338,0,0.00010950633500047272,0.8650609286161163,0.0036772063313920424,-0.28651296363702944,0.7299099274902343,0.0,0.0,OTM,6,6,0.5075757575757576,0.6499999999999986,58.825,-2.2950000000000017,0.18383774797197905,0
TSLA250725C00275000,2025-06-27 18:47:43+00:00,275.0,51.0,54.35,54.95,-7.669998,-13.073118,19.0,201,0.6872589868164063,True,REGULAR,USD,TSLA,2025-07-25,25,323.6300048828125,0.8497357965914761,2025-06-29 12:49:55.407025,54.70130647802975,-0.8403783086388472,53.509621691361154,-3.7013064780297498,-2.509621691361154,1.1916847866685956,0,0.000638066153568976,0.8447722614134785,0.004097602904600501,-0.30763838151708894,0.7142362561035156,0.0,0.0,OTM,6,6,0.09405940594059406,0.6000000000000014,54.650000000000006,-3.6500000000000057,0.20202029469096197,0
TSLA250725C00280000,2025-06-27 19:06:52+00:00,280.0,47.11,50.25,50.85,-6.209999,-11.64666,58.0,135,0.6763948376464846,True,REGULAR,USD,TSLA,2025-07-25,25,323.6300048828125,0.8651855383476849,2025-06-29 12:49:55.407025,50.55710396712817,-0.845246550830133,49.40475344916987,-3.4471039671281716,-2.2947534491698676,1.152350517958304,0,0.00022793001401089994,0.8227520748485333,0.004536046207732586,-0.32729999978005364,0.7003692072753906,0.0,0.0,OTM,6,6,0.4264705882352941,0.6000000000000014,50.55,-3.4399999999999977,0.2201012241955538,0
TSLA250725C00285000,2025-06-27 19:08:24+00:00,285.0,43.5,46.35,47.0,-6.029999,-12.1744375,38.0,67,0.6699251757812501,True,REGULAR,USD,TSLA,2025-07-25,25,323.6300048828125,0.8806352801038935,2025-06-29 12:49:55.407025,46.62726007428668,-0.8392142521404651,45.510785747859536,-3.1272600742866814,-2.0107857478595363,1.116474326427145,0,0.00024769018615508533,0.7973499494902705,0.0049731000143487395,-0.3491859732999936,0.6885285053710939,0.0,0.0,OTM,6,6,0.5588235294117647,0.6499999999999986,46.675,-3.174999999999997,0.23900016243342329,0
TSLA250725C00290000,2025-06-27 19:54:17+00:00,290.0,42.2,42.5,43.1,-3.9199982,-8.499563,64.0,85,0.6585727502441407,True,REGULAR,USD,TSLA,2025-07-25,25,323.6300048828125,0.8960850218601021,2025-06-29 12:49:55.407025,42.70734581798379,-0.8752839562320673,41.62471604376793,-0.50734581798379,0.5752839562320702,1.0826297742158602,0,0.0005571711637536506,0.7711488752929422,0.005428446392155127,-0.36613546605765757,0.6778108391113282,0.0,0.0,OTM,6,6,0.7441860465116279,0.6000000000000014,42.8,-0.5999999999999943,0.2564625842371575,0
TSLA250725C00295000,2025-06-27 18:48:56+00:00,295.0,36.25,38.95,39.5,-5.8499985,-13.895483,35.0,673,0.6532017102050782,True,REGULAR,USD,TSLA,2025-07-25,25,323.6300048828125,0.9115347636163108,2025-06-29 12:49:55.407025,39.07899911735862,-0.9294722709392644,38.02052772906074,-2.82899911735862,-1.7705277290607384,1.0584713882978818,0,0.00021517311734037725,0.741292240157652,0.005847855257898312,-0.3854962461161196,0.669070692138672,0.0,0.0,OTM,6,6,0.05192878338278932,0.5499999999999972,39.225,-2.9750000000000014,0.27402401898756534,0
TSLA250725C00300000,2025-06-27 19:47:58+00:00,300.0,35.26,35.55,36.2,-2.9400024,-7.696341,97.0,511,0.6500889483642578,True,REGULAR,USD,TSLA,2025-07-25,25,323.6300048828125,0.9269845053725194,2025-06-29 12:49:55.407025,35.67355320198533,-0.9128855653312726,34.637114434668725,-0.4135532019853301,0.6228855653312735,1.0364387673166036,0,0.0006815670213774993,0.7091252579589824,0.006225571564976826,-0.40403559805938155,0.6616366844482423,0.0,0.0,OTM,6,6,0.189453125,0.6500000000000057,35.875,-0.615000000000002,0.29033321056299344,0
TSLA250725C00305000,2025-06-27 19:36:27+00:00,305.0,31.22,32.1,33.1,-3.4100018,-9.846958,91.0,416,0.644107562866211,True,REGULAR,USD,TSLA,2025-07-25,25,323.6300048828125,0.942434247128728,2025-06-29 12:49:55.407025,32.35208676807383,-0.7531467857175329,31.34685321428247,-1.1320867680738331,-0.12685321428246965,1.0052335537913635,0,0.0001513544604801811,0.6759193242205006,0.006589668943323291,-0.41777655765756294,0.6551792294921875,0.0,0.0,OTM,6,6,0.2182254196642686,1.0,32.6,-1.3800000000000026,0.3044855583590904,0
TSLA250725C00310000,2025-06-27 19:38:54+00:00,310.0,28.8,29.45,30.0,-4.0,-12.195122,86.0,322,0.6451451501464844,True,REGULAR,USD,TSLA,2025-07-25,25,323.6300048828125,0.9578839888849368,2025-06-29 12:49:55.407025,29.42230904588405,-1.0168145418501986,28.4331854581498,-0.6223090458840481,0.3668145418502,0.9891235877342481,0,0.00044078688828440364,0.640407924657296,0.006843974844558329,-0.43305440524382904,0.6502232243652345,0.0,0.0,ATM,6,6,0.26625386996904027,0.5500000000000007,29.725,-0.9250000000000007,0.31674556682880106,0
TSLA250725C00315000,2025-06-27 19:50:12+00:00,315.0,25.6,26.6,27.3,-3.7999992,-12.925167,54.0,333,0.6437413555908205,True,REGULAR,USD,TSLA,2025-07-25,25,323.6300048828125,0.9733337306411456,2025-06-29 12:49:55.407025,26.601470332247658,-0.961520119298001,25.638479880702,-1.0014703322476564,-0.038479880701999036,0.9629904515456573,0,0.00016630160791147172,0.6044929316562273,0.007064441564934629,-0.44318008337528997,0.6472569454345705,0.0,0.0,ATM,6,6,0.16167664670658682,0.6999999999999993,26.950000000000003,-1.3500000000000014,0.3262375531277519,0
TSLA250725C00320000,2025-06-27 19:58:26+00:00,320.0,24.0,24.0,24.35,-2.42,-9.159727,776.0,734,0.637271693725586,True,REGULAR,USD,TSLA,2025-07-25,25,323.6300048828125,0.988783472397354,2025-06-29 12:49:55.407025,23.79596392543482,-1.1151282165409242,22.884871783459076,0.20403607456518102,1.1151282165409242,0.9110921419757432,0,0.041246810564472186,0.5681072450110142,0.0072831964014235095,-0.4462973810713111,0.6440709421386719,0.0,0.0,ATM,6,6,1.05578231292517,0.3500000000000014,24.175,-0.1750000000000007,0.33295945630630486,0
TSLA250725C00325000,2025-06-27 19:59:59+00:00,325.0,21.67,21.6,21.8,-2.2299995,-9.330543,1991.0,982,0.6343420355224609,False,REGULAR,USD,TSLA,2025-07-25,25,323.6300048828125,1.0042332141535628,2025-06-29 12:49:55.407025,21.288911969661342,-1.1632540478073459,20.436745952192656,0.3810880303386597,1.2332540478073462,0.8521660174686865,1,0.9755259116904487,0.5311618928411095,0.007402639914919771,-0.4480058517643604,0.6409215595703126,0.0,0.0,ATM,6,6,2.0254323499491353,0.1999999999999993,21.700000000000003,-0.030000000000001137,0.3368641695472548,0
TSLA250725C00330000,2025-06-27 19:59:25+00:00,330.0,19.45,19.4,19.75,-2.0,-9.324009,3221.0,1770,0.6364172100830079,False,REGULAR,USD,TSLA,2025-07-25,25,323.6300048828125,1.019682955909771,2025-06-29 12:49:55.407025,19.132910177020364,-1.0689098341637617,18.331090165836237,0.3170898229796357,1.1189098341637624,0.8018200111841267,1,0.986408409595868,0.49473951484938467,0.007400448494397501,-0.44935992151790094,0.639383489013672,0.0,0.0,ATM,6,6,1.818746470920384,0.3500000000000014,19.575,-0.125,0.33786613172665925,0
TSLA250725C00335000,2025-06-27 19:59:58+00:00,335.0,17.47,17.45,17.8,-2.0300007,-10.410259,776.0,528,0.6386144537353515,False,REGULAR,USD,TSLA,2025-07-25,25,323.6300048828125,1.03513269766598,2025-06-29 12:49:55.407025,17.15869173162551,-1.0289014800911502,16.42109851990885,0.3113082683744892,1.0489014800911498,0.7375932117166606,1,0.9774132524431082,0.4591630291765174,0.007336951927058263,-0.44731240428349295,0.6380773497314454,0.0,0.0,ATM,6,6,1.4669187145557656,0.3500000000000014,17.625,-0.15500000000000114,0.3361236887284711,0
TSLA250725C00340000,2025-06-27 19:59:18+00:00,340.0,15.65,15.55,15.9,-2.0500011,-11.581926,581.0,2896,0.6375158319091796,False,REGULAR,USD,TSLA,2025-07-25,25,323.6300048828125,1.0505824394221888,2025-06-29 12:49:55.407025,15.24488849371518,-0.9736203423309426,14.576379657669058,0.40511150628482007,1.0736203423309423,0.6685088360461222,1,0.9872776680517549,0.42394855985118596,0.0072536785486377285,-0.4396817667820417,0.6368322449951173,0.0,0.0,ITM,6,6,0.20055229547808076,0.34999999999999964,15.725000000000001,-0.07500000000000107,0.3317370541881904,0
TSLA250725C00345000,2025-06-27 19:59:56+00:00,345.0,13.99,13.9,14.3,-1.71,-10.89172,230.0,1007,0.6398351446533204,False,REGULAR,USD,TSLA,2025-07-25,25,323.6300048828125,1.0660321811783973,2025-06-29 12:49:55.407025,13.607631833595647,-0.9091013449332355,12.990898655066765,0.382368166404353,0.9991013449332353,0.6167331785288823,1,0.9824881544106427,0.39062792613975117,0.00708314101874985,-0.43149521248651146,0.6373449351806639,0.0,0.0,ITM,6,6,0.22817460317460317,0.40000000000000036,14.100000000000001,-0.11000000000000121,0.3251162546846282,0
TSLA250725C00350000,2025-06-27 19:59:45+00:00,350.0,12.49,12.45,12.6,-1.5600004,-11.103206,1211.0,3380,0.6392247991943358,False,REGULAR,USD,TSLA,2025-07-25,25,323.6300048828125,1.081481922934606,2025-06-29 12:49:55.407025,12.029893040508867,-0.9778685676680965,11.472131432331903,0.46010695949113334,1.0178685676680974,0.5577616081769641,1,0.9918425961962226,0.3578852905624051,0.006895955430588192,-0.4184926797750445,0.6383214879150391,0.0,0.0,ITM,6,6,0.3581780538302277,0.15000000000000036,12.524999999999999,-0.034999999999998366,0.3162224980437525,0
TSLA250725C00355000,2025-06-27 19:56:00+00:00,355.0,11.05,11.05,11.25,-1.5500002,-12.301589,369.0,1058,0.6403844555664062,False,REGULAR,USD,TSLA,2025-07-25,25,323.6300048828125,1.0969316646908147,2025-06-29 12:49:55.407025,10.654797846895733,-0.9044154925692052,10.145584507430796,0.3952021531042682,0.9044154925692052,0.509213339464937,0,0.0845336262991426,0.32715229618163955,0.006653580504776133,-0.40452593313820456,0.6391149370117187,0.0,0.0,ITM,6,6,0.34844192634560905,0.1999999999999993,11.15,-0.09999999999999964,0.305661613467207,0
TSLA250725C00360000,2025-06-27 19:59:29+00:00,360.0,9.95,9.9,10.05,-1.4000006,-12.334806,662.0,1146,0.6438023901367188,False,REGULAR,USD,TSLA,2025-07-25,25,323.6300048828125,1.1123814064470234,2025-06-29 12:49:55.407025,9.48163543114515,-0.885764108805768,9.014235891194232,0.4683645688548488,0.9357641088057669,0.4673995399509181,1,0.9917396708524471,0.29891288942799565,0.00636584034037651,-0.3905135882509524,0.6401525242919921,0.0,0.0,ITM,6,6,0.5771578029642546,0.15000000000000036,9.975000000000001,-0.02500000000000213,0.29400385874968327,0
TSLA250725C00365000,2025-06-27 19:59:04+00:00,365.0,8.9,8.8,8.95,-1.3000002,-12.7451,491.0,881,0.6458775646972656,False,REGULAR,USD,TSLA,2025-07-25,25,323.6300048828125,1.127831148203232,2025-06-29 12:49:55.407025,8.390810729043935,-0.8372020880483868,7.962797911951614,0.5091892709560657,0.9372020880483865,0.42801281709232075,1,0.9940892221700015,0.27196079521813477,0.006066076782033089,-0.373971221834426,0.6418248708496094,0.0,0.0,ITM,6,6,0.5566893424036281,0.14999999999999858,8.875,0.025000000000000355,0.2810624359935505,0
TSLA250725C00370000,2025-06-27 19:57:15+00:00,370.0,7.9,7.85,8.0,-1.5999999,-16.842104,747.0,1195,0.6492954992675781,False,REGULAR,USD,TSLA,2025-07-25,25,323.6300048828125,1.1432808899594409,2025-06-29 12:49:55.407025,7.449496305750273,-0.7871805543324228,7.062819445667577,0.45050369424972736,0.8371805543324236,0.3866768600826962,1,0.9535764745834571,0.24734336327809653,0.005745608314447189,-0.35747752499034274,0.643716941772461,0.0,0.0,ITM,6,6,0.6245819397993311,0.15000000000000036,7.925,-0.024999999999999467,0.26762280143101114,0
TSLA250725C00375000,2025-06-27 19:59:41+00:00,375.0,7.1,7.0,7.25,-1.3499999,-15.976331,529.0,844,0.6547275738525393,False,REGULAR,USD,TSLA,2025-07-25,25,323.6300048828125,1.1587306317156494,2025-06-29 12:49:55.407025,6.6596198765256815,-0.6912377042792857,6.308762295720714,0.4403801234743181,0.7912377042792853,0.3508575808049672,1,0.9825215176126773,0.2253858558258891,0.005413562142767785,-0.3420297804103396,0.6468174967041016,0.0,0.0,ITM,6,6,0.6260355029585799,0.25,7.125,-0.025000000000000355,0.25426610004893035,0
TSLA250725C00380000,2025-06-27 19:59:45+00:00,380.0,6.3,6.25,6.35,-0.9499998,-13.103446,631.0,948,0.6558872302246095,False,REGULAR,USD,TSLA,2025-07-25,25,323.6300048828125,1.174180373471858,2025-06-29 12:49:55.407025,5.852590205352151,-0.7044142570315053,5.545585742968495,0.44740979464784925,0.7544142570315051,0.30700446238365586,1,0.9967203795499415,0.20336691539245205,0.005090261726052436,-0.3223902297074158,0.6499180516357422,0.0,0.0,ITM,6,6,0.6649104320337197,0.09999999999999964,6.3,0.0,0.23950467351072105,0
TSLA250725C00385000,2025-06-27 19:57:06+00:00,385.0,5.6,5.55,5.7,-0.9300003,-14.241965,169.0,478,0.6597324066162109,False,REGULAR,USD,TSLA,2025-07-25,25,323.6300048828125,1.1896301152280666,2025-06-29 12:49:55.407025,5.194834570290716,-0.6301553663010386,4.919844633698961,0.4051654297092835,0.6801553663010385,0.27498993659175497,1,0.9903725309856201,0.18418623863037337,0.004763934664492432,-0.30494645999346154,0.6531040549316407,0.0,0.0,ITM,6,6,0.35281837160751567,0.15000000000000036,5.625,-0.025000000000000355,0.2254645764339643,0
TSLA250725C00390000,2025-06-27 19:59:29+00:00,390.0,5.0,4.95,5.1,-0.8000002,-13.793106,438.0,1869,0.663638617553711,False,REGULAR,USD,TSLA,2025-07-25,25,323.6300048828125,1.205079856984275,2025-06-29 12:49:55.407025,4.611333835930317,-0.582665998385762,4.367334001614238,0.3886661640696829,0.6326659983857619,0.24399983431607897,1,0.9916999346284476,0.16664572189577104,0.004444692942699021,-0.2876096446503019,0.6566562655029298,0.0,0.0,ITM,6,6,0.23422459893048128,0.14999999999999947,5.025,-0.025000000000000355,0.21160119561549554,0
TSLA250725C00395000,2025-06-27 19:58:22+00:00,395.0,4.55,4.45,4.55,-0.6999998,-13.333329,1139.0,636,0.668094139404297,False,REGULAR,USD,TSLA,2025-07-25,25,323.6300048828125,1.2205295987404838,2025-06-29 12:49:55.407025,4.104015450486138,-0.5677636960043562,3.882236303995644,0.4459845495138621,0.6677636960043558,0.22177914649049368,1,0.9956891965918742,0.15086079402250535,0.004136160798546164,-0.2710048440797097,0.6604159935302736,0.0,0.0,ITM,6,6,1.7880690737833596,0.09999999999999964,4.5,0.04999999999999982,0.19823474662581483,0
TSLA250725C00400000,2025-06-27 19:59:53+00:00,400.0,4.0,4.0,4.1,-0.6500001,-13.978497,3033.0,2584,0.6734651794433595,False,REGULAR,USD,TSLA,2025-07-25,25,323.6300048828125,1.2359793404966926,2025-06-29 12:49:55.407025,3.6706687669966627,-0.53238713987832,3.46761286012168,0.32933123300333733,0.53238713987832,0.20305590687498265,0,0.07756796040277845,0.13687237109212463,0.0038424221126238047,-0.255605445346727,0.6641635146484376,0.0,0.0,ITM,6,6,1.1733075435203095,0.09999999999999964,4.05,-0.04999999999999982,0.18563716304296224,0
TSLA250725C00405000,2025-06-27 19:58:08+00:00,405.0,3.65,3.6,3.7,-0.6500001,-15.116281,163.0,303,0.6789582885742189,False,REGULAR,USD,TSLA,2025-07-25,25,323.6300048828125,1.2514290822529013,2025-06-29 12:49:55.407025,3.2880007815698846,-0.5012343767854048,3.0987656232145953,0.3619992184301153,0.5512343767854047,0.18923515835528937,1,0.9827218872426968,0.12422888917691027,0.003564218654382315,-0.24079264239547268,0.6687777263183594,0.0,0.0,ITM,6,6,0.5361842105263158,0.10000000000000009,3.6500000000000004,-4.440892098500626e-16,0.17360096586006155,0
TSLA250725C00410000,2025-06-27 19:57:28+00:00,410.0,3.24,3.2,3.35,-0.54999995,-14.511873,226.0,425,0.6833527758789064,False,REGULAR,USD,TSLA,2025-07-25,25,323.6300048828125,1.26687882400911,2025-06-29 12:49:55.407025,2.930382919118955,-0.44503403650458484,2.7549659634954153,0.3096170808810452,0.4850340365045849,0.17541695562353965,1,0.9764039904381725,0.1123463795744965,0.003298269323794112,-0.22555808209501066,0.6735018001708986,0.0,0.0,ITM,6,6,0.5305164319248826,0.1499999999999999,3.2750000000000004,-0.03500000000000014,0.16168725286773253,0
TSLA250725C00415000,2025-06-27 19:56:23+00:00,415.0,2.93,2.92,2.99,-0.66999984,-18.611107,126.0,303,0.6887238159179689,False,REGULAR,USD,TSLA,2025-07-25,25,323.6300048828125,1.2823285657653185,2025-06-29 12:49:55.407025,2.6278930182379234,-0.45362463515840856,2.4663753648415914,0.30210698176207673,0.4636246351584088,0.16151765339633206,1,0.9305961249480527,0.10194906751331617,0.0030511734889240244,-0.2118096472054919,0.6785188398437502,0.0,0.0,ITM,6,6,0.4144736842105263,0.07000000000000028,2.955,-0.02499999999999991,0.15074978695523433,0
TSLA250725C00420000,2025-06-27 19:57:42+00:00,420.0,2.69,2.64,2.71,-0.46000004,-14.603175,116.0,667,0.694461063232422,False,REGULAR,USD,TSLA,2025-07-25,25,323.6300048828125,1.2977783075215272,2025-06-29 12:49:55.407025,2.3643874304202335,-0.4279369062140552,2.212063093785945,0.3256125695797665,0.47793690621405505,0.15232433663428857,1,0.9956500226396836,0.09268075540458515,0.0028215695322476937,-0.19902152596903536,0.6837922246093752,0.0,0.0,ITM,6,6,0.17365269461077845,0.06999999999999984,2.675,0.015000000000000124,0.1405669953506401,0
TSLA250725C00425000,2025-06-27 19:52:25+00:00,425.0,2.27,2.4,2.46,-0.56999993,-20.07042,80.0,1016,0.7004424487304688,False,REGULAR,USD,TSLA,2025-07-25,25,323.6300048828125,1.313228049277736,2025-06-29 12:49:55.407025,2.1333357788183918,-0.4098262801280854,1.9901737198719145,0.13666422118160826,0.2798262801280855,0.14316205894647727,0,0.01974452171771247,0.08439285445959505,0.0026088825738234326,-0.18709204211054403,0.689187678466797,0.0,0.0,ITM,6,6,0.07866273352999016,0.06000000000000005,2.4299999999999997,-0.1599999999999997,0.13109064288772354,0
TSLA250725C00430000,2025-06-27 19:39:23+00:00,430.0,2.09,2.18,2.24,-0.5,-19.305021,166.0,346,0.7065459033203125,False,REGULAR,USD,TSLA,2025-07-25,25,323.6300048828125,1.3286777910339445,2025-06-29 12:49:55.407025,1.9292148136149336,-0.38590891651126835,1.7940910834887318,0.16078518638506623,0.29590891651126805,0.13512373012620182,0,0.04343211230029392,0.07695002067001043,0.002412135115300875,-0.17591266941627226,0.6947052014160157,0.0,0.0,ITM,6,6,0.4783861671469741,0.06000000000000005,2.21,-0.1200000000000001,0.12226065481054044,0
TSLA250725C00435000,2025-06-27 19:56:23+00:00,435.0,2.02,1.98,2.05,-0.27999997,-12.173912,38.0,202,0.7126493579101563,False,REGULAR,USD,TSLA,2025-07-25,25,323.6300048828125,1.3441275327901532,2025-06-29 12:49:55.407025,1.7473799017943996,-0.3615479233831924,1.6184520766168076,0.2726200982056004,0.40154792338319245,0.12892782517759205,1,0.9699922009675503,0.0702309568153324,0.0022301004666321917,-0.16537325996592356,0.7005645178222657,0.0,0.0,ITM,6,6,0.18719211822660098,0.06999999999999984,2.0149999999999997,0.0050000000000003375,0.11401054731560262,0
TSLA250725C00440000,2025-06-27 19:58:14+00:00,440.0,1.84,1.74,1.96,-0.25999987,-12.380947,293.0,406,0.719729365234375,False,REGULAR,USD,TSLA,2025-07-25,25,323.6300048828125,1.359577274546362,2025-06-29 12:49:55.407025,1.5956461674965539,-0.26762219297556555,1.4723778070244344,0.24435383250344622,0.36762219297556564,0.12326836047211942,1,0.9662170338363065,0.06445642596402719,0.002066451506010109,-0.15622026527902252,0.7067656276855468,0.0,0.0,ITM,6,6,0.7199017199017199,0.21999999999999997,1.85,-0.010000000000000009,0.10669379042711145,0
TSLA250725C00445000,2025-06-27 19:29:35+00:00,445.0,1.54,1.65,1.71,-0.39,-20.207253,20.0,224,0.7248562670898437,False,REGULAR,USD,TSLA,2025-07-25,25,323.6300048828125,1.3750270163025706,2025-06-29 12:49:55.407025,1.4405302633956758,-0.3240788087787927,1.3259211912212072,0.09946973660432423,0.21407880877879282,0.11460907217446858,0,0.011250495466205232,0.058687122767246115,0.0019069439143922775,-0.14615727028989772,0.7128446684570313,0.0,0.0,ITM,6,6,0.08888888888888889,0.06000000000000005,1.68,-0.1399999999999999,0.0991595442516728,0
TSLA250725C00450000,2025-06-27 19:53:40+00:00,450.0,1.54,1.51,1.57,-0.29000008,-15.846999,118.0,1325,0.7309597216796875,False,REGULAR,USD,TSLA,2025-07-25,25,323.6300048828125,1.3904767580587791,2025-06-29 12:49:55.407025,1.3112245904868018,-0.30484964967441686,1.2051503503255832,0.2287754095131982,0.3348496496744169,0.10607424016121869,1,0.9719116755840169,0.05373913728199416,0.00176414535894032,-0.1374399249596511,0.718948123046875,0.0,0.0,ITM,6,6,0.0889894419306184,0.06000000000000005,1.54,0.0,0.09250655690857243,0
TSLA250725C00455000,2025-06-27 19:13:19+00:00,455.0,1.21,1.39,1.45,-0.31999993,-20.915028,31.0,230,0.7377955908203124,False,REGULAR,USD,TSLA,2025-07-25,25,323.6300048828125,1.405926499814988,2025-06-29 12:49:55.407025,1.2018897454114565,-0.28568656260162784,1.104313437398372,0.00811025458854342,0.1056865626016279,0.09757630801308448,0,0.0021753247602856822,0.04945472820382186,0.0016360665851562223,-0.12980338566612337,0.7251980605468751,0.0,0.0,ITM,6,6,0.1341991341991342,0.06000000000000005,1.42,-0.20999999999999996,0.08659279025614287,0
TSLA250725C00460000,2025-06-27 19:57:28+00:00,460.0,1.31,1.28,1.34,-0.13000011,-9.027785,59.0,316,0.7446314599609375,False,REGULAR,USD,TSLA,2025-07-25,25,323.6300048828125,1.4213762415711966,2025-06-29 12:49:55.407025,1.1038123653334928,-0.2655618467263341,1.014438153273666,0.20618763466650725,0.2955618467263341,0.08937421205982687,1,0.9921059319189568,0.045579503595421775,0.0015184639201927489,-0.12266807372270762,0.7315944809570312,0.0,0.0,ITM,6,6,0.1861198738170347,0.06000000000000005,1.31,0.0,0.08111301821600835,0
TSLA250725C00465000,2025-06-27 19:55:00+00:00,465.0,1.23,1.18,1.22,-0.13999999,-10.218977,34.0,318,0.7500025,False,REGULAR,USD,TSLA,2025-07-25,25,323.6300048828125,1.436825983327405,2025-06-29 12:49:55.407025,1.004606961982537,-0.25839734307321993,0.92160265692678,0.2253930380174629,0.30839734307322,0.08300430505575707,1,0.9965095826058864,0.04173527335070566,0.0014041148596519821,-0.11503163353086794,0.7376491079101563,0.0,0.0,ITM,6,6,0.10658307210031348,0.040000000000000036,1.2,0.030000000000000027,0.0755457522921539,0
TSLA250725C00470000,2025-06-27 19:59:57+00:00,470.0,1.12,1.08,1.23,-0.110000014,-8.94309,57.0,506,0.7619652709960938,False,REGULAR,USD,TSLA,2025-07-25,25,323.6300048828125,1.4522757250836138,2025-06-29 12:49:55.407025,0.9627961031175811,-0.19752946889849965,0.8824705311015004,0.15720389688241898,0.23752946889849968,0.0803255720160807,1,0.9761274888844531,0.039694110984449894,0.0013269591035738233,-0.11216357107068073,0.7450709086914062,0.0,0.0,ITM,6,6,0.11242603550295859,0.1499999999999999,1.155,-0.03499999999999992,0.07253329712014994,0
TSLA250725C00480000,2025-06-27 18:58:20+00:00,480.0,0.82,0.88,1.01,-0.18,-18.0,174.0,471,0.7683128637695313,False,REGULAR,USD,TSLA,2025-07-25,25,323.6300048828125,1.483175208596031,2025-06-29 12:49:55.407025,0.7777770193942573,-0.16925771096072606,0.710742289039274,0.0422229806057427,0.109257710960726,0.06703473035498331,0,0.009940354801445766,0.03267890884389389,0.0011222368772296804,-0.09638855542394127,0.752541537109375,0.0,0.0,ITM,6,6,0.3686440677966102,0.13,0.9450000000000001,-0.1250000000000001,0.06185393649148984,0
TSLA250725C00490000,2025-06-27 17:51:35+00:00,490.0,0.75,0.75,0.92,-0.26,-25.742573,29.0,248,0.7839377075195313,False,REGULAR,USD,TSLA,2025-07-25,25,323.6300048828125,1.5140746921084485,2025-06-29 12:49:55.407025,0.680268841547818,-0.13177231527658295,0.618227684723417,0.06973115845218203,0.13177231527658295,0.06204115682440092,0,0.009109760965732926,0.028551243062856266,0.0009834884858338309,-0.08789013901602478,0.7617699604492187,0.0,0.0,ITM,6,6,0.11646586345381527,0.17000000000000004,0.835,-0.08499999999999996,0.055308965839367036,0
TSLA250725C00500000,2025-06-27 19:54:40+00:00,500.0,0.7,0.69,0.74,-0.09000003,-11.392408,144.0,1554,0.7946797875976561,False,REGULAR,USD,TSLA,2025-07-25,25,323.6300048828125,1.5449741756208657,2025-06-29 12:49:55.407025,0.5759849594375765,-0.17209350034391158,0.5179064996560884,0.1240150405624234,0.18209350034391159,0.05807845978148818,1,0.47612367255379917,0.024353082996795887,0.0008494356475215308,-0.07796507429581404,0.7717796259765625,0.0,0.0,ITM,6,6,0.09260450160771704,0.050000000000000044,0.715,-0.015000000000000013,0.04842474623355308,0
TSLA250725C00510000,2025-06-27 19:22:36+00:00,510.0,0.53,0.56,0.7,-0.120000005,-18.46154,37.0,310,0.8081073876953124,False,REGULAR,USD,TSLA,2025-07-25,25,323.6300048828125,1.5758736591332831,2025-06-29 12:49:55.407025,0.5021797073470724,-0.11379858672779081,0.44620141327220925,0.027820292652927625,0.08379858672779078,0.055978294074863155,0,0.00250475951996598,0.021252061231321454,0.0007447392793855465,-0.07065114777518977,0.783400603515625,0.0,0.0,ITM,6,6,0.1189710610932476,0.1399999999999999,0.63,-0.09999999999999998,0.043173577889356614,0
TSLA250725C00520000,2025-06-27 18:52:15+00:00,520.0,0.47,0.51,0.56,-0.109999985,-18.965515,35.0,289,0.8164080859374999,False,REGULAR,USD,TSLA,2025-07-25,25,323.6300048828125,1.6067731426457004,2025-06-29 12:49:55.407025,0.4214623273307243,-0.14120024927044195,0.36879975072955806,0.04853767266927567,0.10120024927044191,0.052662576601166244,0,0.00241651758339964,0.018012487117975422,0.000640572170598834,-0.06199804178120201,0.7942891665039061,0.0,0.0,ITM,6,6,0.1206896551724138,0.050000000000000044,0.535,-0.06500000000000006,0.03751630588856486,0
TSLA250725C00530000,2025-06-27 18:03:12+00:00,530.0,0.42,0.45,0.49,-0.09,-17.647058,27.0,149,0.8281267187499999,False,REGULAR,USD,TSLA,2025-07-25,25,323.6300048828125,1.6376726261581176,2025-06-29 12:49:55.407025,0.3666838643666228,-0.13454915962955832,0.3154508403704417,0.05331613563337717,0.1045491596295583,0.051233023996181126,0,0.002560770302032606,0.015705772581721376,0.0005616655853800939,-0.05591053394980216,0.8062519374999999,0.0,0.0,ITM,6,6,0.18,0.03999999999999998,0.47,-0.04999999999999999,0.033367165480138766,0
TSLA250725C00540000,2025-06-27 18:57:56+00:00,540.0,0.34,0.39,0.43,-0.109999985,-24.44444,24.0,165,0.8383805224609374,False,REGULAR,USD,TSLA,2025-07-25,25,323.6300048828125,1.668572109670535,2025-06-29 12:49:55.407025,0.3167108647327268,-0.1249794500954492,0.2650205499045508,0.02328913526727322,0.07497945009544921,0.05169031482817599,0,0.001141529566552585,0.01362123059106931,0.0004908191294026616,-0.050057444901500846,0.817140500488281,0.0,0.0,ITM,6,6,0.14457831325301204,0.03999999999999998,0.41000000000000003,-0.07,0.029519389036256744,0
TSLA250725C00550000,2025-06-27 19:54:46+00:00,550.0,0.36,0.33,0.38,-0.059999973,-14.285707,24.0,370,0.8471694970703124,False,REGULAR,USD,TSLA,2025-07-25,25,323.6300048828125,1.6994715931829525,2025-06-29 12:49:55.407025,0.2712825464523201,-0.1098492972187042,0.2201507027812958,0.0887174535476799,0.13984929721870418,0.051131843671024274,1,0.37249317384993913,0.011738224650410986,0.0004270433602462709,-0.044456348582898805,0.8276384423828125,0.0,0.0,ITM,6,6,0.0646900269541779,0.04999999999999999,0.355,0.0050000000000000044,0.025952965406292314,0
TSLA250725C00560000,2025-06-27 18:58:29+00:00,560.0,0.26,0.29,0.33,-0.09,-25.714287,42.0,661,0.8564467480468749,False,REGULAR,USD,TSLA,2025-07-25,25,323.6300048828125,1.7303710766953695,2025-06-29 12:49:55.407025,0.23464654035910337,-0.1051473588558623,0.18485264114413769,0.025353459640896636,0.07514735885586232,0.04979389921496569,0,0.003558820510036382,0.010196889679721838,0.0003737214607050289,-0.039749870631637284,0.837306314453125,0.0,0.0,ITM,6,6,0.0634441087613293,0.040000000000000036,0.31,-0.04999999999999999,0.022961121998058477,0
TSLA250725C00570000,2025-06-27 19:08:55+00:00,570.0,0.22,0.25,0.27,-0.18,-45.0,6.0,58,0.86132951171875,False,REGULAR,USD,TSLA,2025-07-25,25,323.6300048828125,1.761270560207787,2025-06-29 12:49:55.407025,0.19518712375769454,-0.1023725233715281,0.1476274766284719,0.024812876242305465,0.07237252337152811,0.04755964712922264,0,0.0033901836296471007,0.00858327942470975,0.00031961833694760467,-0.034374624280584486,0.8462905996093749,0.0,0.0,ITM,6,6,0.1016949152542373,0.020000000000000018,0.26,-0.04000000000000001,0.019749027698233328,0
TSLA250725C00580000,2025-06-27 19:16:22+00:00,580.0,0.2,0.21,0.26,-0.030000001,-13.043478,216.0,179,0.8730481445312499,False,REGULAR,USD,TSLA,2025-07-25,25,323.6300048828125,1.7921700437202042,2025-06-29 12:49:55.407025,0.17474615471921906,-0.07996735289585558,0.13003264710414442,0.02525384528078095,0.0699673528958556,0.044713507615074644,0,0.042365294542636704,0.007671000429668872,0.0002856778796729754,-0.03155733922459303,0.8552748847656251,0.0,0.0,ITM,6,6,1.2,0.05000000000000002,0.235,-0.034999999999999976,0.017892025616376917,0
TSLA250725C00590000,2025-06-27 19:58:56+00:00,590.0,0.22,0.18,0.23,-0.019999996,-8.333332,11.0,125,0.8808605664062499,False,REGULAR,USD,TSLA,2025-07-25,25,323.6300048828125,1.8230695272326216,2025-06-29 12:49:55.407025,0.1510827033014981,-0.06858927522464475,0.11141072477535524,0.06891729669850191,0.10858927522464476,0.03967197852614285,1,0.966639624034176,0.006665170591764559,0.0002501276205559016,-0.028120012126411038,0.8637708935546874,0.0,0.0,ITM,6,6,0.0873015873015873,0.05000000000000002,0.20500000000000002,0.014999999999999986,0.015805692330042174,0
TSLA250725C00600000,2025-06-27 17:34:52+00:00,600.0,0.15,0.16,0.18,-0.03999999,-21.052628,8.0,414,0.8828136718749999,False,REGULAR,USD,TSLA,2025-07-25,25,323.6300048828125,1.8539690107450388,2025-06-29 12:49:55.407025,0.12317975674858239,-0.07081815117953823,0.08918184882046178,0.026820243251417603,0.06081815117953822,0.033997907928120616,0,0.015099645821151704,0.005517656526696583,0.00021109581072379746,-0.023832109713721756,0.870899728515625,0.0,0.0,ITM,6,6,0.01927710843373494,0.01999999999999999,0.16999999999999998,-0.01999999999999999,0.013368829014983203,0
TSLA250725C00610000,2025-06-26 18:27:47+00:00,610.0,0.18,0.14,0.18,0.0,0.0,12.0,236,0.8974619628906249,False,REGULAR,USD,TSLA,2025-07-25,25,323.6300048828125,1.8848684942574565,2025-06-29 12:49:55.407025,0.11564579609483694,-0.0573923369775521,0.08260766302244792,0.06435420390516305,0.09739233697755208,0.03303813307238902,1,0.8488324416339246,0.005134054331762145,0.00019476154776635325,-0.02271837204534977,0.879102771484375,0.0,0.0,ITM,6,6,0.05063291139240506,0.03999999999999998,0.16,0.01999999999999999,0.012539030880805262,0
TSLA250725C00620000,2025-06-27 18:42:28+00:00,620.0,0.12,0.12,0.16,-0.050000004,-29.411766,10.0,405,0.90429783203125,False,REGULAR,USD,TSLA,2025-07-25,25,323.6300048828125,1.9157679777698733,2025-06-29 12:49:55.407025,0.1002279184924264,-0.0508997007924064,0.0691002992075936,0.01977208150757359,0.0508997007924064,0.031127619284832805,0,0.2522659818838639,0.004471970491905887,0.00017090109243842212,-0.020235824674631406,0.8876964355468748,0.0,0.0,ITM,6,6,0.024630541871921183,0.04000000000000001,0.14,-0.020000000000000018,0.011086667741959554,0
TSLA250725C00630000,2025-06-25 14:45:33+00:00,630.0,0.19,0.1,0.15,0.0,0.0,2.0,119,0.91211025390625,False,REGULAR,USD,TSLA,2025-07-25,25,323.6300048828125,1.946667461282291,2025-06-29 12:49:55.407025,0.08816439058496761,-0.04143135583541807,0.058568644164581934,0.10183560941503239,0.13143135583541807,0.029595746420385677,1,0.9844203049124056,0.003944417953207792,0.00015144270552368104,-0.01823943117628613,0.8955088574218749,0.0,0.0,ITM,6,6,0.016666666666666666,0.04999999999999999,0.125,0.065,0.009909241243144207,0
TSLA250725C00640000,2025-06-27 19:21:49+00:00,640.0,0.09,0.09,0.13,-0.029999994,-24.999996,38.0,420,0.918946123046875,False,REGULAR,USD,TSLA,2025-07-25,25,323.6300048828125,1.977566944794708,2025-06-29 12:49:55.407025,0.0770135378036243,-0.041416132943711784,0.04858386705628821,0.012986462196375698,0.041416132943711784,0.028429670747336086,0,0.005720966653297593,0.0034594042088519164,0.00013362618596242298,-0.01633279776448606,0.9031259687499998,0.0,0.0,ITM,6,6,0.09026128266033254,0.04000000000000001,0.11,-0.020000000000000004,0.008808994246530097,0
